{"type":"FeatureCollection","features":[{"type":"Feature","id":23,"geometry":{"type":"MultiPolygon","coordinates":[[[[-119.12491,54.09777],[-119.12491,54.10138],[-119.12491,54.105],[-119.12492,54.10861],[-119.12492,54.11222],[-119.12492,54.11584],[-119.12492,54.11945],[-119.12492,54.12306],[-119.13109,54.12306],[-119.13726,54.12306],[-119.14343,54.12306],[-119.14945,54.12306],[-119.14945,54.11945],[-119.14945,54.11583],[-119.14945,54.11222],[-119.14945,54.10861],[-119.14944,54.10499],[-119.14944,54.10138],[-119.14944,54.09777],[-119.14944,54.09424],[-119.14343,54.09424],[-119.13725,54.09424],[-119.13108,54.09424],[-119.12491,54.09425],[-119.12491,54.09777]]],[[[-119.07494,54.09776],[-119.07495,54.10137],[-119.07495,54.10499],[-119.07495,54.1086],[-119.07495,54.11221],[-119.07495,54.11583],[-119.07495,54.11944],[-119.07495,54.12305],[-119.08112,54.12306],[-119.08729,54.12306],[-119.09346,54.12306],[-119.09947,54.12306],[-119.09947,54.11945],[-119.09947,54.11583],[-119.09947,54.11222],[-119.09947,54.10861],[-119.09947,54.10499],[-119.09947,54.10138],[-119.09947,54.09777],[-119.09947,54.09424],[-119.09345,54.09424],[-119.08728,54.09424],[-119.08111,54.09424],[-119.07494,54.09423],[-119.07494,54.09776]]],[[[-119.09993,54.09777],[-119.09993,54.10138],[-119.09993,54.10499],[-119.09993,54.10861],[-119.09993,54.11222],[-119.09993,54.11583],[-119.09993,54.11945],[-119.09993,54.12306],[-119.1061,54.12306],[-119.11227,54.12306],[-119.11542,54.12306],[-119.11844,54.12306],[-119.12446,54.12306],[-119.12446,54.11945],[-119.12446,54.11584],[-119.12446,54.11222],[-119.12445,54.10861],[-119.12445,54.105],[-119.12445,54.10138],[-119.12445,54.09777],[-119.12445,54.09425],[-119.11844,54.09424],[-119.11227,54.09424],[-119.1061,54.09424],[-119.09993,54.09424],[-119.09993,54.09777]]],[[[-119.12492,54.12686],[-119.12492,54.13047],[-119.12492,54.13409],[-119.12492,54.1377],[-119.13109,54.1377],[-119.13726,54.1377],[-119.14343,54.1377],[-119.14945,54.1377],[-119.14945,54.13408],[-119.14945,54.13047],[-119.14945,54.12686],[-119.14945,54.12333],[-119.14343,54.12333],[-119.13726,54.12333],[-119.13109,54.12333],[-119.12492,54.12334],[-119.12492,54.12686]]],[[[-119.09994,54.12686],[-119.09994,54.13047],[-119.09994,54.13408],[-119.09994,54.1377],[-119.10611,54.1377],[-119.11228,54.1377],[-119.11845,54.1377],[-119.12446,54.1377],[-119.12446,54.13409],[-119.12446,54.13047],[-119.12446,54.12686],[-119.12446,54.12334],[-119.11844,54.12333],[-119.11227,54.12333],[-119.1061,54.12333],[-119.09993,54.12333],[-119.09994,54.12686]]]]},"properties":{"OBJECTID":23,"BusinessKey":"A13 110415403","AgreementType":"A13","AgreementNumber":" 110415403","TractIdentifier":"00","MineralType":"COAL","AgreementGroup":"APP","Status":"ACTIVE","LicenceVintage":"","DesRepName":"PEACE RIVER COAL INC.","PartyName":"PEACE RIVER COAL INC.(100.0000000%)","Zone":"COAL","OriginalArea":2048,"AgreementArea":2048,"TermDate":"2011/11/09","ContinuationDate":"","CurrentExpiryText":"","SHAPE.STArea()":20566875.253344886,"SHAPE.STLength()":41683.23638185786}},{"type":"Feature","id":46,"geometry":{"type":"MultiPolygon","coordinates":[[[[-119.72508,54.24314],[-119.72508,54.24675],[-119.72508,54.25037],[-119.72508,54.25398],[-119.72508,54.25759],[-119.72508,54.26121],[-119.72508,54.26482],[-119.72508,54.26843],[-119.73125,54.26843],[-119.73742,54.26843],[-119.74359,54.26843],[-119.74961,54.26843],[-119.74961,54.26482],[-119.74961,54.2612],[-119.74961,54.25759],[-119.74961,54.25398],[-119.74961,54.25036],[-119.74961,54.24675],[-119.74961,54.24314],[-119.74961,54.23952],[-119.74359,54.23952],[-119.73742,54.23952],[-119.73125,54.23952],[-119.72508,54.23952],[-119.72508,54.24314]]],[[[-119.67508,54.25758],[-119.67508,54.2612],[-119.67508,54.26481],[-119.67508,54.26842],[-119.68125,54.26843],[-119.68743,54.26843],[-119.6936,54.26843],[-119.69962,54.26843],[-119.69962,54.26482],[-119.69962,54.2612],[-119.69962,54.25759],[-119.69962,54.25398],[-119.6936,54.25397],[-119.68743,54.25397],[-119.68125,54.25397],[-119.67508,54.25397],[-119.67508,54.25758]]],[[[-119.70008,54.25759],[-119.70008,54.2612],[-119.70008,54.26482],[-119.70008,54.26843],[-119.70626,54.26843],[-119.71243,54.26843],[-119.7186,54.26843],[-119.72462,54.26843],[-119.72462,54.26482],[-119.72462,54.26121],[-119.72462,54.25759],[-119.72462,54.25398],[-119.7186,54.25398],[-119.71243,54.25398],[-119.70626,54.25398],[-119.70008,54.25398],[-119.70008,54.25759]]],[[[-119.65008,54.25757],[-119.65008,54.26118],[-119.65008,54.2648],[-119.65008,54.26841],[-119.65625,54.26841],[-119.66243,54.26842],[-119.6686,54.26842],[-119.67461,54.26842],[-119.67461,54.26481],[-119.67461,54.2612],[-119.67461,54.25758],[-119.67461,54.25397],[-119.6686,54.25397],[-119.66242,54.25396],[-119.65625,54.25396],[-119.65008,54.25395],[-119.65008,54.25757]]],[[[-119.67508,54.27222],[-119.67508,54.27583],[-119.67508,54.27945],[-119.67508,54.28306],[-119.68125,54.28306],[-119.68743,54.28306],[-119.6936,54.28307],[-119.69962,54.28307],[-119.69962,54.27945],[-119.69962,54.27584],[-119.69962,54.27223],[-119.69962,54.2687],[-119.6936,54.2687],[-119.68743,54.2687],[-119.68125,54.2687],[-119.67508,54.26869],[-119.67508,54.27222]]],[[[-119.70008,54.27223],[-119.70008,54.27584],[-119.70008,54.27945],[-119.70008,54.28307],[-119.70626,54.28307],[-119.71243,54.28307],[-119.71492,54.28307],[-119.7186,54.28307],[-119.72462,54.28307],[-119.72462,54.27946],[-119.72462,54.27584],[-119.72462,54.27223],[-119.72462,54.26871],[-119.7186,54.26871],[-119.71243,54.2687],[-119.70626,54.2687],[-119.70008,54.2687],[-119.70008,54.27223]]],[[[-119.65008,54.27221],[-119.65008,54.27582],[-119.65008,54.27943],[-119.65008,54.28305],[-119.65625,54.28305],[-119.66243,54.28305],[-119.6686,54.28306],[-119.67462,54.28306],[-119.67461,54.27945],[-119.67461,54.27583],[-119.67461,54.27222],[-119.67461,54.26869],[-119.6686,54.26869],[-119.66243,54.26869],[-119.65625,54.26869],[-119.65008,54.26868],[-119.65008,54.27221]]],[[[-119.72508,54.27223],[-119.72508,54.27584],[-119.72508,54.27946],[-119.72508,54.28307],[-119.73125,54.28307],[-119.73742,54.28307],[-119.74359,54.28307],[-119.74961,54.28307],[-119.74961,54.27945],[-119.74961,54.27584],[-119.74961,54.27223],[-119.74961,54.2687],[-119.74359,54.2687],[-119.73742,54.2687],[-119.73125,54.26871],[-119.72508,54.26871],[-119.72508,54.27223]]]]},"properties":{"OBJECTID":46,"BusinessKey":"A13 110415901","AgreementType":"A13","AgreementNumber":" 110415901","TractIdentifier":"00","MineralType":"COAL","AgreementGroup":"APP","Status":"ACTIVE","LicenceVintage":"","DesRepName":"PEACE RIVER COAL INC.","PartyName":"PEACE RIVER COAL INC.(100.0000000%)","Zone":"COAL","OriginalArea":2304,"AgreementArea":2304,"TermDate":"2011/11/09","ContinuationDate":"","CurrentExpiryText":"","SHAPE.STArea()":23100950.488687906,"SHAPE.STLength()":54477.524366257647}},{"type":"Feature","id":29,"geometry":{"type":"MultiPolygon","coordinates":[[[[-119.47511,54.15587],[-119.47511,54.15949],[-119.47511,54.1631],[-119.47511,54.16671],[-119.47511,54.17033],[-119.47511,54.17394],[-119.47511,54.17755],[-119.47511,54.18117],[-119.4813,54.18116],[-119.48748,54.18116],[-119.49366,54.18116],[-119.49969,54.18115],[-119.49969,54.17754],[-119.49969,54.17393],[-119.49969,54.17031],[-119.49969,54.1667],[-119.49968,54.16309],[-119.49968,54.15947],[-119.49968,54.15586],[-119.49968,54.15234],[-119.49366,54.15234],[-119.48747,54.15235],[-119.48129,54.15235],[-119.47511,54.15235],[-119.47511,54.15587]]],[[[-119.45008,54.15588],[-119.45008,54.1595],[-119.45008,54.16311],[-119.45008,54.16672],[-119.45008,54.17034],[-119.45008,54.17395],[-119.45008,54.17756],[-119.45008,54.18118],[-119.45626,54.18117],[-119.46244,54.18117],[-119.46862,54.18117],[-119.47465,54.18117],[-119.47465,54.17755],[-119.47465,54.17394],[-119.47465,54.17033],[-119.47465,54.16671],[-119.47465,54.1631],[-119.47465,54.15949],[-119.47465,54.15587],[-119.47465,54.15235],[-119.46862,54.15235],[-119.46244,54.15236],[-119.45626,54.15236],[-119.45008,54.15236],[-119.45008,54.15588]]],[[[-119.47511,54.18496],[-119.47511,54.18858],[-119.47511,54.19219],[-119.47511,54.1958],[-119.47512,54.19942],[-119.47512,54.20303],[-119.47512,54.20664],[-119.47512,54.21026],[-119.4813,54.21025],[-119.48748,54.21025],[-119.49366,54.21025],[-119.49969,54.21024],[-119.49969,54.20663],[-119.49969,54.20301],[-119.49969,54.1994],[-119.49969,54.19579],[-119.49969,54.19217],[-119.49969,54.18856],[-119.49969,54.18495],[-119.49969,54.18143],[-119.49366,54.18143],[-119.48748,54.18143],[-119.4813,54.18144],[-119.47511,54.18144],[-119.47511,54.18496]]],[[[-119.45008,54.18497],[-119.45008,54.18858],[-119.45008,54.1922],[-119.45008,54.19581],[-119.45008,54.19942],[-119.45008,54.20304],[-119.45008,54.20528],[-119.45008,54.20665],[-119.45008,54.21026],[-119.45626,54.21026],[-119.46244,54.21026],[-119.46863,54.21026],[-119.47465,54.21026],[-119.47465,54.20664],[-119.47465,54.20303],[-119.47465,54.19942],[-119.47465,54.1958],[-119.47465,54.19219],[-119.47465,54.18858],[-119.47465,54.18496],[-119.47465,54.18144],[-119.46862,54.18144],[-119.46244,54.18144],[-119.45626,54.18145],[-119.45008,54.18145],[-119.45008,54.18497]]],[[[-119.42505,54.19943],[-119.42505,54.20305],[-119.42505,54.20666],[-119.42505,54.21027],[-119.43123,54.21027],[-119.43741,54.21027],[-119.44359,54.21027],[-119.44962,54.21026],[-119.44962,54.20665],[-119.44962,54.20304],[-119.44962,54.19942],[-119.44962,54.19581],[-119.44359,54.19581],[-119.43741,54.19582],[-119.43123,54.19582],[-119.42505,54.19582],[-119.42505,54.19943]]]]},"properties":{"OBJECTID":29,"BusinessKey":"A13 110415504","AgreementType":"A13","AgreementNumber":" 110415504","TractIdentifier":"00","MineralType":"COAL","AgreementGroup":"APP","Status":"ACTIVE","LicenceVintage":"","DesRepName":"PEACE RIVER COAL INC.","PartyName":"PEACE RIVER COAL INC.(100.0000000%)","Zone":"COAL","OriginalArea":2304,"AgreementArea":2304,"TermDate":"2011/11/09","ContinuationDate":"","CurrentExpiryText":"","SHAPE.STArea()":23175135.882297955,"SHAPE.STLength()":44930.432713921058}},{"type":"Feature","id":315,"geometry":{"type":"MultiPolygon","coordinates":[[[[-119.34991,54.06864],[-119.34991,54.07224],[-119.34991,54.07585],[-119.34991,54.07947],[-119.34991,54.08308],[-119.34991,54.08669],[-119.3561,54.08669],[-119.36228,54.08669],[-119.36846,54.08668],[-119.37449,54.08668],[-119.37449,54.08307],[-119.37449,54.07945],[-119.37449,54.07584],[-119.37449,54.07222],[-119.37449,54.06863],[-119.37449,54.06503],[-119.36946,54.06504],[-119.36846,54.06504],[-119.36335,54.06504],[-119.36289,54.06504],[-119.36228,54.06504],[-119.35692,54.06504],[-119.35609,54.06504],[-119.3508,54.06504],[-119.34991,54.06504],[-119.34991,54.06864]]],[[[-119.37495,54.07584],[-119.37495,54.07945],[-119.37495,54.08307],[-119.37495,54.08668],[-119.37495,54.09029],[-119.37495,54.09391],[-119.38114,54.09391],[-119.38732,54.09391],[-119.3935,54.09391],[-119.39953,54.09391],[-119.39953,54.0903],[-119.39953,54.08668],[-119.39953,54.08307],[-119.39953,54.07946],[-119.39953,54.07584],[-119.3935,54.07584],[-119.38732,54.07584],[-119.38732,54.07223],[-119.38113,54.07223],[-119.37495,54.07222],[-119.37495,54.07584]]],[[[-119.31379,54.04674],[-119.31379,54.05035],[-119.31379,54.05397],[-119.31379,54.05758],[-119.31379,54.06118],[-119.31379,54.06478],[-119.31842,54.06478],[-119.31991,54.06478],[-119.32444,54.06478],[-119.3249,54.06478],[-119.32603,54.06478],[-119.33108,54.06477],[-119.33214,54.06477],[-119.33725,54.06477],[-119.33811,54.06477],[-119.33811,54.06117],[-119.33811,54.05757],[-119.33811,54.05395],[-119.33811,54.05034],[-119.33214,54.05034],[-119.33214,54.04673],[-119.32602,54.04673],[-119.32602,54.04312],[-119.31991,54.04312],[-119.31379,54.04312],[-119.31379,54.04674]]],[[[-119.28901,54.03952],[-119.28901,54.04313],[-119.28901,54.04675],[-119.28901,54.05036],[-119.28901,54.05397],[-119.28901,54.05759],[-119.29513,54.05759],[-119.30125,54.05758],[-119.30737,54.05758],[-119.31333,54.05758],[-119.31333,54.05397],[-119.31333,54.05035],[-119.31333,54.04836],[-119.31333,54.04674],[-119.31333,54.04312],[-119.30736,54.04313],[-119.30125,54.04313],[-119.29513,54.04313],[-119.29513,54.03952],[-119.29513,54.036],[-119.28901,54.036],[-119.28901,54.03952]]],[[[-119.3249,54.06865],[-119.3249,54.07225],[-119.3249,54.07587],[-119.3249,54.07948],[-119.33108,54.07948],[-119.33725,54.07948],[-119.34343,54.07947],[-119.34945,54.07947],[-119.34945,54.07585],[-119.34945,54.07224],[-119.34945,54.06864],[-119.34945,54.06504],[-119.34469,54.06504],[-119.34343,54.06504],[-119.33857,54.06504],[-119.33811,54.06504],[-119.33725,54.06504],[-119.33214,54.06505],[-119.33108,54.06505],[-119.32603,54.06505],[-119.3249,54.06505],[-119.3249,54.06865]]],[[[-119.42503,54.09771],[-119.42504,54.10132],[-119.42504,54.10493],[-119.42504,54.10855],[-119.43122,54.10855],[-119.4374,54.10855],[-119.44358,54.10855],[-119.44961,54.10855],[-119.44961,54.10493],[-119.44961,54.10132],[-119.44961,54.0977],[-119.44961,54.09418],[-119.44358,54.09418],[-119.4374,54.09418],[-119.43122,54.09418],[-119.42503,54.09418],[-119.42503,54.09771]]],[[[-119.39999,54.08307],[-119.39999,54.08668],[-119.39999,54.0903],[-119.39999,54.09391],[-119.40618,54.09391],[-119.41236,54.09391],[-119.41854,54.09391],[-119.42457,54.09391],[-119.42457,54.0903],[-119.42457,54.08669],[-119.41854,54.08669],[-119.41236,54.08669],[-119.41236,54.08307],[-119.41236,54.07946],[-119.40618,54.07946],[-119.39999,54.07946],[-119.39999,54.08307]]],[[[-119.33857,54.05756],[-119.33857,54.06117],[-119.33857,54.06477],[-119.34343,54.06477],[-119.34469,54.06477],[-119.34945,54.06477],[-119.34991,54.06477],[-119.3508,54.06477],[-119.35609,54.06477],[-119.35692,54.06477],[-119.36228,54.06476],[-119.36289,54.06476],[-119.36289,54.06117],[-119.36289,54.05757],[-119.35692,54.05757],[-119.3508,54.05757],[-119.34469,54.05757],[-119.34469,54.05395],[-119.33857,54.05395],[-119.33857,54.05756]]],[[[-119.42503,54.0903],[-119.42503,54.09391],[-119.43122,54.09391],[-119.4374,54.09391],[-119.44358,54.09391],[-119.44961,54.09391],[-119.44961,54.0903],[-119.44961,54.08668],[-119.44358,54.08668],[-119.4374,54.08668],[-119.43122,54.08669],[-119.42503,54.08669],[-119.42503,54.0903]]],[[[-119.4,54.09771],[-119.4,54.10132],[-119.40618,54.10132],[-119.41236,54.10132],[-119.41855,54.10132],[-119.42457,54.10132],[-119.42457,54.09771],[-119.42457,54.09418],[-119.41854,54.09418],[-119.41236,54.09418],[-119.40618,54.09418],[-119.4,54.09418],[-119.4,54.09771]]],[[[-119.31224,54.06866],[-119.31224,54.07226],[-119.31842,54.07226],[-119.32444,54.07225],[-119.32444,54.06865],[-119.32444,54.06505],[-119.31991,54.06505],[-119.31842,54.06505],[-119.31379,54.06506],[-119.31333,54.06506],[-119.31224,54.06506],[-119.31224,54.06866]]],[[[-119.27647,54.03952],[-119.28259,54.03952],[-119.28259,54.04314],[-119.28855,54.04313],[-119.28855,54.03952],[-119.28855,54.036],[-119.28259,54.036],[-119.27647,54.036],[-119.27647,54.03952]]]]},"properties":{"OBJECTID":315,"BusinessKey":"0131319020124","AgreementType":"013","AgreementNumber":"1319020124","TractIdentifier":"00","MineralType":"COAL","AgreementGroup":"LEASE","Status":"ACTIVE","LicenceVintage":"RENEWAL","DesRepName":"CST CANADA COAL LIMITED","PartyName":"CST CANADA COAL LIMITED(100.0000000%)","Zone":"COAL","OriginalArea":2576,"AgreementArea":2576,"TermDate":"2019/02/02","ContinuationDate":"","CurrentExpiryText":"2034/02/02","SHAPE.STArea()":25903705.42457255,"SHAPE.STLength()":72960.381540253671}},{"type":"Feature","id":75,"geometry":{"type":"MultiPolygon","coordinates":[[[[-119.14038,54.03951],[-119.14038,54.04312],[-119.14038,54.04673],[-119.14038,54.05035],[-119.14038,54.05396],[-119.14038,54.05758],[-119.1465,54.05757],[-119.1465,54.06118],[-119.15261,54.06118],[-119.15261,54.06479],[-119.15607,54.06479],[-119.15873,54.06479],[-119.16224,54.06479],[-119.16469,54.06479],[-119.16469,54.06118],[-119.16469,54.05757],[-119.16469,54.05395],[-119.16469,54.05034],[-119.16469,54.04673],[-119.15873,54.04673],[-119.15261,54.04673],[-119.15261,54.04312],[-119.15261,54.0395],[-119.15261,54.03598],[-119.14649,54.03598],[-119.14038,54.03598],[-119.14038,54.03951]]],[[[-119.16515,54.05034],[-119.16515,54.05395],[-119.16515,54.05757],[-119.16515,54.06118],[-119.16515,54.06479],[-119.16841,54.06479],[-119.17127,54.06479],[-119.17443,54.06478],[-119.17489,54.06478],[-119.17739,54.06478],[-119.18106,54.06478],[-119.1835,54.06478],[-119.18723,54.06478],[-119.18946,54.06477],[-119.18946,54.06116],[-119.18946,54.05755],[-119.1835,54.05756],[-119.1835,54.05394],[-119.17738,54.05395],[-119.17738,54.05033],[-119.17127,54.05034],[-119.17126,54.04672],[-119.16515,54.04673],[-119.16515,54.05034]]],[[[-119.20826,54.04674],[-119.21422,54.04674],[-119.21422,54.04313],[-119.21422,54.03952],[-119.21422,54.03599],[-119.20826,54.03599],[-119.20214,54.03599],[-119.19603,54.03598],[-119.18992,54.03596],[-119.18992,54.03949],[-119.18992,54.0431],[-119.18992,54.04671],[-119.19603,54.04672],[-119.19603,54.05034],[-119.20214,54.05035],[-119.20826,54.05035],[-119.20826,54.04674]]],[[[-119.09082,54.04312],[-119.09082,54.04673],[-119.09082,54.05035],[-119.09694,54.05035],[-119.10306,54.05035],[-119.10918,54.05035],[-119.11515,54.05035],[-119.11515,54.04674],[-119.10918,54.04674],[-119.10918,54.04312],[-119.10306,54.04312],[-119.10306,54.03951],[-119.09694,54.03951],[-119.09082,54.03951],[-119.09082,54.04312]]],[[[-119.15872,54.03571],[-119.15872,54.03209],[-119.15872,54.02848],[-119.15872,54.02487],[-119.15872,54.02125],[-119.15261,54.02126],[-119.15261,54.02487],[-119.15261,54.02848],[-119.15261,54.0321],[-119.14649,54.0321],[-119.14038,54.0321],[-119.14038,54.03571],[-119.14649,54.03571],[-119.15261,54.03571],[-119.15872,54.03571]]],[[[-119.17738,54.03949],[-119.17738,54.04311],[-119.1835,54.0431],[-119.1835,54.04672],[-119.18946,54.04671],[-119.18946,54.0431],[-119.18946,54.03949],[-119.18946,54.03596],[-119.18349,54.03597],[-119.17738,54.03597],[-119.17126,54.03597],[-119.17126,54.0395],[-119.17738,54.03949]]],[[[-119.22692,54.04313],[-119.22692,54.03952],[-119.22692,54.036],[-119.2208,54.03599],[-119.21468,54.03599],[-119.21468,54.03952],[-119.21468,54.04313],[-119.21469,54.04674],[-119.2208,54.04675],[-119.2208,54.04313],[-119.22692,54.04313]]],[[[-119.18349,54.02847],[-119.17738,54.02847],[-119.17126,54.02848],[-119.17126,54.03209],[-119.17126,54.0357],[-119.17738,54.0357],[-119.18349,54.0357],[-119.18349,54.03208],[-119.18349,54.02847]]],[[[-119.13396,54.05035],[-119.13992,54.05035],[-119.13992,54.04673],[-119.13396,54.04674],[-119.12784,54.04674],[-119.12173,54.04674],[-119.11561,54.04674],[-119.11561,54.05035],[-119.12173,54.05035],[-119.12784,54.05035],[-119.13396,54.05035]]],[[[-119.20214,54.0321],[-119.20214,54.03572],[-119.20826,54.03572],[-119.21422,54.03572],[-119.21422,54.03211],[-119.21422,54.02849],[-119.20826,54.02849],[-119.20214,54.02848],[-119.20214,54.0321]]],[[[-119.18992,54.03208],[-119.18992,54.03569],[-119.19603,54.0357],[-119.19603,54.03209],[-119.19603,54.02847],[-119.18992,54.02846],[-119.18992,54.03208]]],[[[-119.18946,54.02846],[-119.18946,54.02485],[-119.18945,54.02124],[-119.18349,54.02124],[-119.18349,54.02485],[-119.18349,54.02847],[-119.18946,54.02846]]]]},"properties":{"OBJECTID":75,"BusinessKey":"0131312010595","AgreementType":"013","AgreementNumber":"1312010595","TractIdentifier":"00","MineralType":"COAL","AgreementGroup":"LEASE","Status":"ACTIVE","LicenceVintage":"PRIMARY","DesRepName":"CST CANADA COAL LIMITED","PartyName":"CST CANADA COAL LIMITED(100.0000000%)","Zone":"COAL","OriginalArea":1488,"AgreementArea":1488,"TermDate":"2012/01/26","ContinuationDate":"","CurrentExpiryText":"2027/01/26","SHAPE.STArea()":14867654.037808631,"SHAPE.STLength()":58383.30895115796}},{"type":"Feature","id":464,"geometry":{"type":"MultiPolygon","coordinates":[[[[-119.18989,53.89406],[-119.18989,53.89768],[-119.18989,53.90129],[-119.18989,53.9049],[-119.18989,53.90852],[-119.18989,53.91213],[-119.18989,53.91574],[-119.18989,53.91935],[-119.19601,53.91936],[-119.20213,53.91937],[-119.20824,53.91937],[-119.21421,53.91937],[-119.21421,53.91576],[-119.21421,53.91215],[-119.21421,53.90853],[-119.21421,53.90492],[-119.21421,53.9013],[-119.21421,53.89769],[-119.21421,53.89408],[-119.21421,53.89055],[-119.20824,53.89055],[-119.20212,53.89055],[-119.19601,53.89054],[-119.18989,53.89054],[-119.18989,53.89406]]],[[[-119.21467,53.89408],[-119.21467,53.89769],[-119.21467,53.9013],[-119.21467,53.90492],[-119.21467,53.90853],[-119.21467,53.91215],[-119.21467,53.91576],[-119.21467,53.91937],[-119.22078,53.91938],[-119.2269,53.91938],[-119.23302,53.91938],[-119.23898,53.91938],[-119.23898,53.91577],[-119.23898,53.91215],[-119.23898,53.90854],[-119.23898,53.90493],[-119.23898,53.90131],[-119.23898,53.8977],[-119.23302,53.8977],[-119.2269,53.8977],[-119.2269,53.89408],[-119.2269,53.89056],[-119.22078,53.89056],[-119.21466,53.89055],[-119.21467,53.89408]]],[[[-119.23944,53.90131],[-119.23944,53.90493],[-119.23944,53.90854],[-119.23944,53.91215],[-119.23944,53.91577],[-119.23944,53.91938],[-119.24556,53.91938],[-119.25167,53.91938],[-119.25779,53.91938],[-119.26018,53.91938],[-119.26376,53.91938],[-119.26376,53.91577],[-119.26376,53.91215],[-119.26376,53.90854],[-119.26376,53.90493],[-119.25779,53.90493],[-119.25167,53.90493],[-119.25167,53.90131],[-119.25167,53.8977],[-119.24556,53.8977],[-119.23944,53.8977],[-119.23944,53.90131]]],[[[-119.23944,53.92317],[-119.23944,53.92679],[-119.23944,53.9304],[-119.23944,53.93401],[-119.24556,53.93402],[-119.25168,53.93402],[-119.25779,53.93402],[-119.26376,53.93401],[-119.26376,53.9304],[-119.26376,53.92679],[-119.26376,53.92318],[-119.26376,53.91965],[-119.25779,53.91965],[-119.25167,53.91965],[-119.24556,53.91965],[-119.24447,53.91965],[-119.23944,53.91965],[-119.23944,53.92317]]],[[[-119.21467,53.92317],[-119.21467,53.92678],[-119.21467,53.93039],[-119.21467,53.93401],[-119.22078,53.93401],[-119.2269,53.93401],[-119.23302,53.93401],[-119.23898,53.93401],[-119.23898,53.9304],[-119.23898,53.92679],[-119.23898,53.92317],[-119.23898,53.91965],[-119.23302,53.91965],[-119.2269,53.91965],[-119.22078,53.91965],[-119.21467,53.91964],[-119.21467,53.92317]]],[[[-119.18989,53.92315],[-119.18989,53.92676],[-119.18989,53.93037],[-119.18989,53.93399],[-119.19601,53.93399],[-119.20213,53.934],[-119.20824,53.934],[-119.21421,53.93401],[-119.21421,53.93039],[-119.21421,53.92678],[-119.21421,53.92317],[-119.21421,53.91964],[-119.20824,53.91964],[-119.20213,53.91964],[-119.19601,53.91963],[-119.18989,53.91963],[-119.18989,53.92315]]],[[[-119.26422,53.91577],[-119.26422,53.91938],[-119.27033,53.91938],[-119.27645,53.91938],[-119.27645,53.91577],[-119.27645,53.91215],[-119.27033,53.91215],[-119.26422,53.91215],[-119.26422,53.91577]]]]},"properties":{"OBJECTID":464,"BusinessKey":"0131320110068","AgreementType":"013","AgreementNumber":"1320110068","TractIdentifier":"00","MineralType":"COAL","AgreementGroup":"LEASE","Status":"ACTIVE","LicenceVintage":"PRIMARY","DesRepName":"HORN RIDGE RESOURCES LTD.","PartyName":"HORN RIDGE RESOURCES LTD.(100.0000000%)","Zone":"COAL","OriginalArea":2112,"AgreementArea":2112,"TermDate":"2020/11/06","ContinuationDate":"","CurrentExpiryText":"2035/11/06","SHAPE.STArea()":21152570.366526105,"SHAPE.STLength()":49644.680504481192}},{"type":"Feature","id":109,"geometry":{"type":"MultiPolygon","coordinates":[[[[-118.92495,54.18506],[-118.92495,54.18867],[-118.92495,54.19229],[-118.92495,54.1959],[-118.92495,54.19952],[-118.92495,54.20313],[-118.92495,54.20675],[-118.92495,54.21036],[-118.93112,54.21036],[-118.9373,54.21036],[-118.94347,54.21036],[-118.94949,54.21036],[-118.94949,54.20675],[-118.94949,54.20313],[-118.94949,54.19952],[-118.94949,54.1959],[-118.94949,54.19229],[-118.94949,54.18868],[-118.94949,54.18506],[-118.94949,54.18154],[-118.94347,54.18154],[-118.93729,54.18154],[-118.93112,54.18154],[-118.92495,54.18153],[-118.92495,54.18506]]],[[[-118.92495,54.17042],[-118.92495,54.17403],[-118.92495,54.17765],[-118.92495,54.18126],[-118.93112,54.18126],[-118.93729,54.18127],[-118.94347,54.18127],[-118.94949,54.18127],[-118.94949,54.17765],[-118.94949,54.17404],[-118.94949,54.17042],[-118.94949,54.16681],[-118.94347,54.16681],[-118.93729,54.16681],[-118.93112,54.16681],[-118.92494,54.16681],[-118.92495,54.17042]]],[[[-118.94995,54.17042],[-118.94995,54.17404],[-118.94995,54.17765],[-118.94995,54.18127],[-118.95526,54.18127],[-118.95612,54.18127],[-118.9623,54.18127],[-118.96847,54.18127],[-118.97449,54.18127],[-118.97449,54.17765],[-118.97449,54.17404],[-118.97449,54.17042],[-118.97449,54.16681],[-118.96847,54.16681],[-118.9623,54.16681],[-118.95612,54.16681],[-118.94995,54.16681],[-118.94995,54.17042]]],[[[-118.89994,54.17045],[-118.89994,54.17406],[-118.89994,54.17767],[-118.89994,54.18128],[-118.90612,54.18128],[-118.91229,54.18127],[-118.91847,54.18127],[-118.92449,54.18126],[-118.92448,54.17765],[-118.92448,54.17403],[-118.92448,54.17042],[-118.92448,54.16681],[-118.91846,54.16681],[-118.91229,54.16682],[-118.90612,54.16683],[-118.89994,54.16683],[-118.89994,54.17045]]],[[[-118.89995,54.18508],[-118.89995,54.18869],[-118.89995,54.1923],[-118.89995,54.19591],[-118.90612,54.19591],[-118.91229,54.19591],[-118.91847,54.19591],[-118.92449,54.1959],[-118.92449,54.19229],[-118.92449,54.18867],[-118.92449,54.18506],[-118.92449,54.18153],[-118.91847,54.18154],[-118.91229,54.18155],[-118.90612,54.18155],[-118.89994,54.18155],[-118.89995,54.18508]]]]},"properties":{"OBJECTID":109,"BusinessKey":"A13 120187309","AgreementType":"A13","AgreementNumber":" 120187309","TractIdentifier":"00","MineralType":"COAL","AgreementGroup":"APP","Status":"ACTIVE","LicenceVintage":"","DesRepName":"PEACE RIVER COAL INC.","PartyName":"PEACE RIVER COAL INC.(100.0000000%)","Zone":"COAL","OriginalArea":1536,"AgreementArea":1536,"TermDate":"2012/06/22","ContinuationDate":"","CurrentExpiryText":"","SHAPE.STArea()":15435911.25957535,"SHAPE.STLength()":35291.498361002567}},{"type":"Feature","id":458,"geometry":{"type":"MultiPolygon","coordinates":[[[[-119.38811,53.92135],[-119.38811,53.92316],[-119.38811,53.92677],[-119.38811,53.93038],[-119.38811,53.934],[-119.38811,53.93761],[-119.38811,53.94122],[-119.39423,53.94122],[-119.40034,53.94122],[-119.40035,53.94484],[-119.40035,53.94845],[-119.40646,53.94845],[-119.41243,53.94845],[-119.41243,53.94484],[-119.41243,53.94122],[-119.41243,53.93761],[-119.41243,53.93399],[-119.41243,53.93038],[-119.41243,53.92677],[-119.41243,53.92315],[-119.41243,53.91963],[-119.40646,53.91963],[-119.40034,53.91963],[-119.39422,53.91963],[-119.38811,53.91963],[-119.38811,53.92135]]],[[[-119.36333,53.92315],[-119.36333,53.92677],[-119.36945,53.92677],[-119.37556,53.92677],[-119.37556,53.93038],[-119.37556,53.93399],[-119.3814,53.934],[-119.38168,53.934],[-119.38765,53.934],[-119.38765,53.93038],[-119.38765,53.92677],[-119.38765,53.92316],[-119.38765,53.91963],[-119.38168,53.91963],[-119.37556,53.91963],[-119.36944,53.91963],[-119.36333,53.91963],[-119.36333,53.92315]]],[[[-119.41289,53.93761],[-119.41289,53.94122],[-119.41289,53.94483],[-119.41289,53.94845],[-119.41901,53.94845],[-119.42511,53.94845],[-119.42512,53.94841],[-119.42843,53.94155],[-119.42866,53.94122],[-119.43386,53.93399],[-119.43124,53.93399],[-119.42512,53.93399],[-119.419,53.93399],[-119.41289,53.93399],[-119.41289,53.93761]]],[[[-119.35078,53.92315],[-119.35078,53.92676],[-119.3569,53.92676],[-119.36287,53.92677],[-119.36287,53.92315],[-119.36287,53.91963],[-119.3569,53.91963],[-119.35078,53.91963],[-119.35078,53.92315]]],[[[-119.41289,53.95224],[-119.41289,53.95586],[-119.41901,53.95586],[-119.42389,53.95586],[-119.42347,53.95185],[-119.42497,53.94872],[-119.41901,53.94872],[-119.41289,53.94872],[-119.41289,53.95224]]]]},"properties":{"OBJECTID":458,"BusinessKey":"0131320110062","AgreementType":"013","AgreementNumber":"1320110062","TractIdentifier":"00","MineralType":"COAL","AgreementGroup":"LEASE","Status":"ACTIVE","LicenceVintage":"PRIMARY","DesRepName":"HORN RIDGE RESOURCES LTD.","PartyName":"HORN RIDGE RESOURCES LTD.(100.0000000%)","Zone":"COAL","OriginalArea":929.89999999999998,"AgreementArea":929.89999999999998,"TermDate":"2020/11/06","ContinuationDate":"","CurrentExpiryText":"2035/11/06","SHAPE.STArea()":9302435.8281197157,"SHAPE.STLength()":27804.388184885906}},{"type":"Feature","id":3,"geometry":{"type":"Polygon","coordinates":[[[-119.56246,54.15949],[-119.56863,54.15949],[-119.57464,54.15949],[-119.57464,54.15588],[-119.57464,54.15236],[-119.56863,54.15236],[-119.56246,54.15236],[-119.56246,54.15588],[-119.56246,54.15949]]]},"properties":{"OBJECTID":3,"BusinessKey":"A13 825000001","AgreementType":"A13","AgreementNumber":" 825000001","TractIdentifier":"00","MineralType":"COAL","AgreementGroup":"APP","Status":"ACTIVE","LicenceVintage":"","DesRepName":"MANCAL COAL INC","PartyName":"MANCAL COAL INC(100.0000000%)","Zone":"COAL","OriginalArea":64,"AgreementArea":64,"TermDate":"1982/03/16","ContinuationDate":"","CurrentExpiryText":"","SHAPE.STArea()":632763.08184402494,"SHAPE.STLength()":3181.8574612707876}},{"type":"Feature","id":52,"geometry":{"type":"MultiPolygon","coordinates":[[[[-119.82508,54.24312],[-119.82508,54.24674],[-119.82508,54.25035],[-119.82508,54.25396],[-119.82508,54.25758],[-119.82508,54.26119],[-119.82508,54.2648],[-119.82508,54.26842],[-119.83126,54.26842],[-119.83743,54.26842],[-119.84361,54.26842],[-119.84963,54.26842],[-119.84963,54.26481],[-119.84963,54.2612],[-119.84963,54.25758],[-119.84963,54.25397],[-119.84963,54.25036],[-119.84963,54.24674],[-119.84963,54.24313],[-119.84963,54.23951],[-119.84361,54.23951],[-119.83743,54.23951],[-119.83126,54.23951],[-119.82508,54.23951],[-119.82508,54.24312]]],[[[-119.8501,54.24313],[-119.8501,54.24674],[-119.8501,54.25036],[-119.8501,54.25397],[-119.8501,54.25758],[-119.8501,54.2612],[-119.8501,54.26481],[-119.8501,54.26842],[-119.85627,54.26843],[-119.86245,54.26843],[-119.86863,54.26843],[-119.87465,54.26843],[-119.87465,54.26482],[-119.87465,54.2612],[-119.87465,54.25759],[-119.87465,54.25398],[-119.87465,54.25036],[-119.87465,54.24675],[-119.87465,54.24314],[-119.87465,54.23952],[-119.86863,54.23952],[-119.86245,54.23952],[-119.85627,54.23952],[-119.8501,54.23951],[-119.8501,54.24313]]],[[[-119.87511,54.24314],[-119.87511,54.24675],[-119.87511,54.25036],[-119.87511,54.25398],[-119.88129,54.25398],[-119.88747,54.25398],[-119.89364,54.25398],[-119.89967,54.25398],[-119.89967,54.25037],[-119.89967,54.24675],[-119.89967,54.24314],[-119.89967,54.23952],[-119.89365,54.23952],[-119.88747,54.23952],[-119.88129,54.23952],[-119.87511,54.23952],[-119.87511,54.24314]]],[[[-119.80006,54.25757],[-119.80006,54.26119],[-119.80006,54.2648],[-119.80006,54.26841],[-119.80624,54.26841],[-119.81242,54.26842],[-119.81859,54.26842],[-119.82462,54.26842],[-119.82462,54.2648],[-119.82462,54.26119],[-119.82462,54.25758],[-119.82462,54.25396],[-119.81859,54.25396],[-119.81242,54.25396],[-119.80642,54.25396],[-119.80624,54.25396],[-119.80006,54.25396],[-119.80006,54.25757]]],[[[-119.80006,54.27221],[-119.80006,54.27582],[-119.80006,54.27943],[-119.80006,54.28305],[-119.80624,54.28305],[-119.81242,54.28305],[-119.81859,54.28305],[-119.82462,54.28305],[-119.82462,54.27944],[-119.82462,54.27583],[-119.82462,54.27221],[-119.82462,54.26869],[-119.81859,54.26869],[-119.81242,54.26869],[-119.80624,54.26869],[-119.80317,54.26868],[-119.80006,54.26868],[-119.80006,54.27221]]],[[[-119.82508,54.27944],[-119.82508,54.28305],[-119.83126,54.28305],[-119.83743,54.28306],[-119.83743,54.27944],[-119.83743,54.27583],[-119.84361,54.27583],[-119.84963,54.27583],[-119.84963,54.27222],[-119.84963,54.26869],[-119.84361,54.26869],[-119.83743,54.26869],[-119.83126,54.26869],[-119.82508,54.26869],[-119.82508,54.27221],[-119.82508,54.27583],[-119.82508,54.27944]]],[[[-119.8501,54.27222],[-119.8501,54.27583],[-119.85627,54.27583],[-119.86245,54.27583],[-119.86245,54.27945],[-119.86245,54.28306],[-119.86863,54.28306],[-119.87465,54.28306],[-119.87465,54.27945],[-119.87465,54.27584],[-119.87465,54.27222],[-119.87465,54.2687],[-119.86863,54.2687],[-119.86245,54.2687],[-119.85627,54.2687],[-119.8501,54.26869],[-119.8501,54.27222]]]]},"properties":{"OBJECTID":52,"BusinessKey":"A13 110416002","AgreementType":"A13","AgreementNumber":" 110416002","TractIdentifier":"00","MineralType":"COAL","AgreementGroup":"APP","Status":"ACTIVE","LicenceVintage":"","DesRepName":"PEACE RIVER COAL INC.","PartyName":"PEACE RIVER COAL INC.(100.0000000%)","Zone":"COAL","OriginalArea":2176,"AgreementArea":2176,"TermDate":"2011/11/09","ContinuationDate":"","CurrentExpiryText":"","SHAPE.STArea()":21852661.538823884,"SHAPE.STLength()":51321.230375618332}},{"type":"Feature","id":78,"geometry":{"type":"Polygon","coordinates":[[[-119.33856,54.02486],[-119.34468,54.02486],[-119.34468,54.02848],[-119.3508,54.02848],[-119.3508,54.03209],[-119.35692,54.0321],[-119.36288,54.0321],[-119.36288,54.02848],[-119.36288,54.02487],[-119.36288,54.02126],[-119.35692,54.02126],[-119.3508,54.02125],[-119.34468,54.02125],[-119.33856,54.02125],[-119.33856,54.02486]]]},"properties":{"OBJECTID":78,"BusinessKey":"0131312010598","AgreementType":"013","AgreementNumber":"1312010598","TractIdentifier":"00","MineralType":"COAL","AgreementGroup":"LEASE","Status":"ACTIVE","LicenceVintage":"PRIMARY","DesRepName":"CST CANADA COAL LIMITED","PartyName":"CST CANADA COAL LIMITED(100.0000000%)","Zone":"COAL","OriginalArea":144,"AgreementArea":144,"TermDate":"2012/01/26","ContinuationDate":"","CurrentExpiryText":"2027/01/26","SHAPE.STArea()":1439767.3116970351,"SHAPE.STLength()":5601.7440200582023}},{"type":"Feature","id":32,"geometry":{"type":"MultiPolygon","coordinates":[[[[-119.47511,54.14124],[-119.47511,54.14485],[-119.47511,54.14847],[-119.47511,54.15208],[-119.48129,54.15208],[-119.48747,54.15207],[-119.49366,54.15207],[-119.49968,54.15207],[-119.49968,54.14845],[-119.49968,54.14484],[-119.49968,54.14123],[-119.49968,54.13761],[-119.49365,54.13762],[-119.48747,54.13762],[-119.48129,54.13762],[-119.47511,54.13763],[-119.47511,54.14124]]],[[[-119.50014,54.14123],[-119.50014,54.14484],[-119.50015,54.14845],[-119.50015,54.15207],[-119.50631,54.15207],[-119.51248,54.15207],[-119.51865,54.15208],[-119.52467,54.15208],[-119.52467,54.14846],[-119.52467,54.14485],[-119.52467,54.14124],[-119.52467,54.13762],[-119.51865,54.13762],[-119.51248,54.13762],[-119.50631,54.13762],[-119.50014,54.13761],[-119.50014,54.14123]]]]},"properties":{"OBJECTID":32,"BusinessKey":"A13 110415602","AgreementType":"A13","AgreementNumber":" 110415602","TractIdentifier":"00","MineralType":"COAL","AgreementGroup":"APP","Status":"ACTIVE","LicenceVintage":"","DesRepName":"PEACE RIVER COAL INC.","PartyName":"PEACE RIVER COAL INC.(100.0000000%)","Zone":"COAL","OriginalArea":512,"AgreementArea":512,"TermDate":"2011/11/09","ContinuationDate":"","CurrentExpiryText":"","SHAPE.STArea()":5164546.3042230951,"SHAPE.STLength()":12855.579493936481}},{"type":"Feature","id":467,"geometry":{"type":"MultiPolygon","coordinates":[[[[-119.36333,53.95224],[-119.36333,53.95585],[-119.36333,53.95947],[-119.36333,53.96308],[-119.36333,53.96669],[-119.36333,53.97031],[-119.36333,53.97353],[-119.36333,53.97392],[-119.36333,53.97753],[-119.36945,53.97754],[-119.37557,53.97754],[-119.38169,53.97754],[-119.38765,53.97754],[-119.38765,53.97419],[-119.38765,53.97392],[-119.38765,53.97031],[-119.38765,53.9667],[-119.38765,53.96308],[-119.38765,53.95947],[-119.38765,53.95586],[-119.38765,53.95224],[-119.38765,53.94872],[-119.38168,53.94872],[-119.37557,53.94872],[-119.36945,53.94872],[-119.36333,53.94872],[-119.36333,53.95224]]],[[[-119.33855,53.95223],[-119.33855,53.95585],[-119.33855,53.95946],[-119.33855,53.96307],[-119.33855,53.96669],[-119.33856,53.9703],[-119.33856,53.97391],[-119.33856,53.97752],[-119.34467,53.97753],[-119.35079,53.97753],[-119.35691,53.97753],[-119.36288,53.97753],[-119.36287,53.97392],[-119.36287,53.97031],[-119.36287,53.96669],[-119.36287,53.96308],[-119.36287,53.95947],[-119.36287,53.95585],[-119.36287,53.95224],[-119.36287,53.94872],[-119.35691,53.94872],[-119.35079,53.94871],[-119.34467,53.94871],[-119.33855,53.94871],[-119.33855,53.95223]]],[[[-119.38811,53.9667],[-119.38811,53.97031],[-119.38811,53.97392],[-119.38811,53.97754],[-119.39423,53.97754],[-119.40035,53.97754],[-119.40647,53.97754],[-119.41243,53.97754],[-119.41243,53.97392],[-119.41243,53.97031],[-119.41243,53.9667],[-119.41243,53.96308],[-119.40647,53.96308],[-119.40035,53.96308],[-119.39423,53.96308],[-119.38811,53.96308],[-119.38811,53.9667]]],[[[-119.33855,53.94482],[-119.33855,53.94844],[-119.34467,53.94844],[-119.35079,53.94844],[-119.35691,53.94844],[-119.36287,53.94845],[-119.36287,53.94483],[-119.36287,53.94122],[-119.3569,53.94122],[-119.35079,53.94122],[-119.34467,53.94121],[-119.33855,53.94121],[-119.33855,53.94482]]]]},"properties":{"OBJECTID":467,"BusinessKey":"0131320110071","AgreementType":"013","AgreementNumber":"1320110071","TractIdentifier":"00","MineralType":"COAL","AgreementGroup":"LEASE","Status":"ACTIVE","LicenceVintage":"PRIMARY","DesRepName":"HORN RIDGE RESOURCES LTD.","PartyName":"HORN RIDGE RESOURCES LTD.(100.0000000%)","Zone":"COAL","OriginalArea":1408,"AgreementArea":1408,"TermDate":"2020/11/06","ContinuationDate":"","CurrentExpiryText":"2035/11/06","SHAPE.STArea()":14096578.328246269,"SHAPE.STLength()":30432.172734244268}},{"type":"Feature","id":321,"geometry":{"type":"MultiPolygon","coordinates":[[[[-119.11559,53.95225],[-119.11559,53.95586],[-119.11559,53.95947],[-119.11559,53.96308],[-119.11559,53.9667],[-119.1156,53.97031],[-119.1156,53.97392],[-119.1156,53.97753],[-119.12171,53.97753],[-119.12783,53.97754],[-119.13394,53.97754],[-119.1399,53.97754],[-119.1399,53.97392],[-119.1399,53.97031],[-119.1399,53.9667],[-119.1399,53.96308],[-119.1399,53.96144],[-119.1399,53.95947],[-119.1399,53.95586],[-119.1399,53.95224],[-119.1399,53.94872],[-119.13394,53.94872],[-119.12782,53.94872],[-119.1217,53.94872],[-119.11559,53.94872],[-119.11559,53.95225]]],[[[-119.0908,53.95224],[-119.0908,53.95585],[-119.0908,53.95947],[-119.0908,53.96308],[-119.09692,53.96308],[-119.10304,53.96308],[-119.10916,53.96308],[-119.11513,53.96308],[-119.11513,53.95947],[-119.11513,53.95586],[-119.11513,53.95225],[-119.11513,53.94872],[-119.10916,53.94872],[-119.10304,53.94872],[-119.09692,53.94872],[-119.0908,53.94872],[-119.0908,53.95224]]]]},"properties":{"OBJECTID":321,"BusinessKey":"0131319090198","AgreementType":"013","AgreementNumber":"1319090198","TractIdentifier":"00","MineralType":"COAL","AgreementGroup":"LEASE","Status":"ACTIVE","LicenceVintage":"RENEWAL","DesRepName":"SUMMIT COAL INC.","PartyName":"SUMMIT COAL INC.(100.0000000%)","Zone":"COAL","OriginalArea":768,"AgreementArea":768,"TermDate":"2019/09/26","ContinuationDate":"","CurrentExpiryText":"2034/09/26","SHAPE.STArea()":7670263.3449956346,"SHAPE.STLength()":15996.639432727352}},{"type":"Feature","id":272,"geometry":{"type":"MultiPolygon","coordinates":[[[[-119.16514,54.02486],[-119.17126,54.02486],[-119.17126,54.02125],[-119.17738,54.02124],[-119.18349,54.02124],[-119.18945,54.02124],[-119.18945,54.01843],[-119.18945,54.01762],[-119.18945,54.01401],[-119.18945,54.0104],[-119.18945,54.00687],[-119.18349,54.00688],[-119.17737,54.00688],[-119.17126,54.00688],[-119.16514,54.00689],[-119.16514,54.01041],[-119.16514,54.01402],[-119.16514,54.01764],[-119.16514,54.02125],[-119.16514,54.02486]]],[[[-119.14037,54.01042],[-119.14037,54.01403],[-119.14649,54.01403],[-119.1526,54.01403],[-119.15261,54.01764],[-119.15261,54.02126],[-119.15872,54.02125],[-119.16468,54.02125],[-119.16468,54.01764],[-119.16468,54.01402],[-119.16468,54.01041],[-119.16468,54.00689],[-119.15872,54.00689],[-119.1526,54.00689],[-119.14649,54.00689],[-119.14037,54.00689],[-119.14037,54.01042]]],[[[-119.12784,54.01042],[-119.13395,54.01042],[-119.13991,54.01042],[-119.13991,54.00845],[-119.13991,54.00689],[-119.13395,54.00689],[-119.12784,54.0069],[-119.12784,54.01042]]]]},"properties":{"OBJECTID":272,"BusinessKey":"0131315090181","AgreementType":"013","AgreementNumber":"1315090181","TractIdentifier":"00","MineralType":"COAL","AgreementGroup":"LEASE","Status":"ACTIVE","LicenceVintage":"RENEWAL","DesRepName":"CST CANADA COAL LIMITED","PartyName":"CST CANADA COAL LIMITED(100.0000000%)","Zone":"COAL","OriginalArea":496,"AgreementArea":496,"TermDate":"2015/09/06","ContinuationDate":"","CurrentExpiryText":"2030/09/06","SHAPE.STArea()":4923432.7733866395,"SHAPE.STLength()":15943.515776981751}},{"type":"Feature","id":26,"geometry":{"type":"MultiPolygon","coordinates":[[[[-119.29991,54.15592],[-119.29991,54.15953],[-119.29991,54.16312],[-119.29991,54.16315],[-119.29991,54.16676],[-119.29992,54.17037],[-119.29992,54.17399],[-119.29992,54.1776],[-119.29992,54.18122],[-119.30609,54.18121],[-119.31227,54.18121],[-119.31844,54.18121],[-119.32446,54.18121],[-119.32446,54.17759],[-119.32446,54.17398],[-119.32446,54.17036],[-119.32446,54.16675],[-119.32446,54.16314],[-119.32446,54.15952],[-119.32446,54.15591],[-119.32446,54.15239],[-119.31844,54.15239],[-119.31226,54.15239],[-119.30609,54.15239],[-119.29991,54.1524],[-119.29991,54.15592]]],[[[-119.32492,54.15591],[-119.32492,54.15952],[-119.32492,54.16314],[-119.32492,54.16675],[-119.32492,54.17036],[-119.32492,54.17398],[-119.32492,54.17759],[-119.32492,54.18121],[-119.3311,54.1812],[-119.33727,54.1812],[-119.34345,54.18119],[-119.34947,54.18119],[-119.34947,54.17758],[-119.34947,54.17396],[-119.34947,54.17035],[-119.34947,54.16674],[-119.34947,54.16312],[-119.34947,54.15951],[-119.34947,54.1559],[-119.34946,54.15237],[-119.34344,54.15238],[-119.33727,54.15238],[-119.33109,54.15238],[-119.32492,54.15239],[-119.32492,54.15591]]],[[[-119.2749,54.14129],[-119.2749,54.1449],[-119.2749,54.14852],[-119.2749,54.15213],[-119.28108,54.15213],[-119.28725,54.15213],[-119.29343,54.15213],[-119.29945,54.15213],[-119.29945,54.14851],[-119.29945,54.1449],[-119.29945,54.14128],[-119.29945,54.13767],[-119.29343,54.13767],[-119.28725,54.13767],[-119.28108,54.13767],[-119.2749,54.13767],[-119.2749,54.14129]]],[[[-119.2499,54.14129],[-119.2499,54.1449],[-119.2499,54.14851],[-119.2499,54.15213],[-119.25607,54.15213],[-119.26225,54.15213],[-119.26842,54.15213],[-119.27444,54.15213],[-119.27444,54.14852],[-119.27444,54.1449],[-119.27444,54.14129],[-119.27444,54.13767],[-119.26842,54.13767],[-119.26224,54.13767],[-119.25607,54.13767],[-119.2499,54.13767],[-119.2499,54.14129]]],[[[-119.27491,54.15592],[-119.27491,54.15954],[-119.27491,54.16315],[-119.27491,54.16676],[-119.28108,54.16676],[-119.28726,54.16676],[-119.29343,54.16676],[-119.29945,54.16676],[-119.29945,54.16315],[-119.29945,54.15953],[-119.29945,54.15592],[-119.29945,54.15481],[-119.29945,54.1524],[-119.29343,54.1524],[-119.28725,54.1524],[-119.28108,54.1524],[-119.2749,54.1524],[-119.27491,54.15592]]],[[[-119.2499,54.15592],[-119.2499,54.15954],[-119.2499,54.16315],[-119.2499,54.16676],[-119.25608,54.16676],[-119.26225,54.16676],[-119.26843,54.16676],[-119.27445,54.16676],[-119.27445,54.16315],[-119.27444,54.15954],[-119.27444,54.15592],[-119.27444,54.1524],[-119.26842,54.1524],[-119.26225,54.1524],[-119.25607,54.1524],[-119.2499,54.1524],[-119.2499,54.15592]]],[[[-119.32493,54.185],[-119.32493,54.18861],[-119.32493,54.19223],[-119.32493,54.19584],[-119.3311,54.19584],[-119.33728,54.19583],[-119.34345,54.19583],[-119.34947,54.19582],[-119.34947,54.19221],[-119.34947,54.1886],[-119.34947,54.18498],[-119.34947,54.18146],[-119.34345,54.18147],[-119.33727,54.18147],[-119.3311,54.18147],[-119.32492,54.18148],[-119.32493,54.185]]]]},"properties":{"OBJECTID":26,"BusinessKey":"A13 110415501","AgreementType":"A13","AgreementNumber":" 110415501","TractIdentifier":"00","MineralType":"COAL","AgreementGroup":"APP","Status":"ACTIVE","LicenceVintage":"","DesRepName":"PEACE RIVER COAL INC.","PartyName":"PEACE RIVER COAL INC.(100.0000000%)","Zone":"COAL","OriginalArea":2304,"AgreementArea":2304,"TermDate":"2011/11/09","ContinuationDate":"","CurrentExpiryText":"","SHAPE.STArea()":23142254.063819993,"SHAPE.STLength()":51313.94710121963}},{"type":"Feature","id":178,"geometry":{"type":"Polygon","coordinates":[[[-119.46245,54.0395],[-119.46245,54.04311],[-119.46245,54.04673],[-119.46245,54.05034],[-119.46245,54.05396],[-119.46245,54.05757],[-119.46245,54.06116],[-119.46245,54.06476],[-119.46857,54.06476],[-119.47469,54.06475],[-119.4751,54.06475],[-119.48081,54.06475],[-119.48128,54.06475],[-119.48677,54.06475],[-119.48677,54.06115],[-119.48677,54.05756],[-119.48677,54.05394],[-119.48677,54.05033],[-119.48677,54.04672],[-119.48677,54.0431],[-119.48677,54.03949],[-119.48677,54.03596],[-119.4808,54.03597],[-119.47469,54.03597],[-119.46857,54.03597],[-119.46245,54.03598],[-119.46245,54.0395]]]},"properties":{"OBJECTID":178,"BusinessKey":"A13 130072103","AgreementType":"A13","AgreementNumber":" 130072103","TractIdentifier":"00","MineralType":"COAL","AgreementGroup":"APP","Status":"ACTIVE","LicenceVintage":"","DesRepName":"PEACE RIVER COAL INC.","PartyName":"PEACE RIVER COAL INC.(100.0000000%)","Zone":"COAL","OriginalArea":512,"AgreementArea":512,"TermDate":"2013/03/28","ContinuationDate":"","CurrentExpiryText":"","SHAPE.STArea()":5104547.3210260002,"SHAPE.STLength()":9594.8337653022209}},{"type":"Feature","id":35,"geometry":{"type":"MultiPolygon","coordinates":[[[[-119.5751,54.12679],[-119.5751,54.1304],[-119.5751,54.13402],[-119.5751,54.13763],[-119.5751,54.14124],[-119.5751,54.14486],[-119.5751,54.14847],[-119.5751,54.15208],[-119.58127,54.15208],[-119.58744,54.15208],[-119.59362,54.15208],[-119.59963,54.15208],[-119.59963,54.14847],[-119.59963,54.14485],[-119.59963,54.14124],[-119.59963,54.13763],[-119.59963,54.13401],[-119.59963,54.1304],[-119.59963,54.12679],[-119.59963,54.12326],[-119.59361,54.12326],[-119.58744,54.12326],[-119.58127,54.12327],[-119.5751,54.12327],[-119.5751,54.12679]]],[[[-119.55011,54.12679],[-119.55011,54.1304],[-119.55011,54.13402],[-119.55012,54.13763],[-119.55012,54.14124],[-119.55012,54.14486],[-119.55012,54.14847],[-119.55012,54.15208],[-119.55629,54.15208],[-119.56246,54.15208],[-119.56863,54.15208],[-119.57464,54.15208],[-119.57464,54.14847],[-119.57464,54.14486],[-119.57464,54.14124],[-119.57464,54.13763],[-119.57464,54.13402],[-119.57464,54.1304],[-119.57464,54.12679],[-119.57464,54.12327],[-119.56862,54.12327],[-119.56245,54.12327],[-119.55628,54.12327],[-119.55011,54.12327],[-119.55011,54.12679]]],[[[-119.5751,54.11215],[-119.5751,54.11577],[-119.5751,54.11938],[-119.5751,54.123],[-119.58127,54.12299],[-119.58744,54.12299],[-119.59361,54.12299],[-119.59963,54.12299],[-119.59963,54.11938],[-119.59963,54.11576],[-119.59963,54.11215],[-119.59963,54.10854],[-119.59361,54.10854],[-119.58744,54.10854],[-119.58127,54.10854],[-119.5751,54.10854],[-119.5751,54.11215]]],[[[-119.55011,54.11215],[-119.55011,54.11577],[-119.55011,54.11938],[-119.55011,54.123],[-119.55628,54.123],[-119.56245,54.123],[-119.56862,54.123],[-119.57464,54.123],[-119.57464,54.11938],[-119.57464,54.11577],[-119.57464,54.11215],[-119.57464,54.10854],[-119.56862,54.10854],[-119.56245,54.10854],[-119.55628,54.10854],[-119.55011,54.10854],[-119.55011,54.11215]]],[[[-119.52513,54.15587],[-119.52513,54.15949],[-119.52513,54.1631],[-119.52513,54.16671],[-119.5313,54.16671],[-119.53747,54.16672],[-119.54364,54.16672],[-119.54966,54.16672],[-119.54966,54.16311],[-119.54966,54.16194],[-119.54966,54.15949],[-119.54966,54.15588],[-119.54966,54.15235],[-119.54364,54.15235],[-119.53747,54.15235],[-119.5313,54.15235],[-119.52513,54.15235],[-119.52513,54.15587]]],[[[-119.50015,54.15586],[-119.50015,54.15947],[-119.50015,54.16309],[-119.50015,54.1667],[-119.50632,54.1667],[-119.51249,54.16671],[-119.51865,54.16671],[-119.52467,54.16671],[-119.52467,54.1631],[-119.52467,54.15949],[-119.52467,54.15587],[-119.52467,54.15235],[-119.51865,54.15235],[-119.51248,54.15234],[-119.50631,54.15234],[-119.50015,54.15234],[-119.50015,54.15586]]],[[[-119.55012,54.15588],[-119.55012,54.15949],[-119.55012,54.16311],[-119.55012,54.16672],[-119.55629,54.16672],[-119.56246,54.16672],[-119.56863,54.16672],[-119.57464,54.16672],[-119.57464,54.16311],[-119.57464,54.15949],[-119.56863,54.15949],[-119.56246,54.15949],[-119.56246,54.15588],[-119.56246,54.15236],[-119.55629,54.15236],[-119.55012,54.15235],[-119.55012,54.15588]]],[[[-119.60009,54.11938],[-119.60009,54.12299],[-119.60626,54.12299],[-119.61243,54.12299],[-119.61243,54.11937],[-119.61243,54.11576],[-119.60626,54.11576],[-119.60009,54.11576],[-119.60009,54.11938]]]]},"properties":{"OBJECTID":35,"BusinessKey":"A13 110415605","AgreementType":"A13","AgreementNumber":" 110415605","TractIdentifier":"00","MineralType":"COAL","AgreementGroup":"APP","Status":"ACTIVE","LicenceVintage":"","DesRepName":"PEACE RIVER COAL INC.","PartyName":"PEACE RIVER COAL INC.(100.0000000%)","Zone":"COAL","OriginalArea":2304,"AgreementArea":2304,"TermDate":"2011/11/09","ContinuationDate":"","CurrentExpiryText":"","SHAPE.STArea()":23158984.773141995,"SHAPE.STLength()":54537.208516450526}},{"type":"Feature","id":461,"geometry":{"type":"MultiPolygon","coordinates":[[[[-119.28899,53.86499],[-119.28899,53.8686],[-119.28899,53.87222],[-119.28899,53.87583],[-119.29511,53.87583],[-119.30123,53.87583],[-119.30734,53.87582],[-119.31331,53.87582],[-119.31331,53.87221],[-119.31331,53.86859],[-119.31331,53.86498],[-119.31331,53.86146],[-119.30734,53.86146],[-119.30122,53.86146],[-119.29511,53.86147],[-119.28899,53.86147],[-119.28899,53.86499]]],[[[-119.31377,53.87944],[-119.31377,53.88305],[-119.31988,53.88305],[-119.326,53.88304],[-119.326,53.88666],[-119.326,53.89027],[-119.33212,53.89026],[-119.33809,53.89026],[-119.33809,53.88665],[-119.33808,53.88303],[-119.33808,53.87942],[-119.33808,53.87581],[-119.33212,53.87581],[-119.326,53.87581],[-119.31988,53.87582],[-119.31377,53.87582],[-119.31377,53.87944]]],[[[-119.27645,53.85036],[-119.27645,53.85397],[-119.27645,53.85759],[-119.27645,53.8612],[-119.28257,53.8612],[-119.28853,53.8612],[-119.28853,53.85758],[-119.28853,53.85397],[-119.28853,53.85036],[-119.28853,53.84674],[-119.28257,53.84675],[-119.27645,53.84675],[-119.27645,53.85036]]]]},"properties":{"OBJECTID":461,"BusinessKey":"0131320110065","AgreementType":"013","AgreementNumber":"1320110065","TractIdentifier":"00","MineralType":"COAL","AgreementGroup":"LEASE","Status":"ACTIVE","LicenceVintage":"PRIMARY","DesRepName":"HORN RIDGE RESOURCES LTD.","PartyName":"HORN RIDGE RESOURCES LTD.(100.0000000%)","Zone":"COAL","OriginalArea":576,"AgreementArea":576,"TermDate":"2020/11/06","ContinuationDate":"","CurrentExpiryText":"2035/11/06","SHAPE.STArea()":5764003.6556041846,"SHAPE.STLength()":17623.472130147205}},{"type":"Feature","id":106,"geometry":{"type":"MultiPolygon","coordinates":[[[[-119.07496,54.1704],[-119.07496,54.17401],[-119.07496,54.17762],[-119.07496,54.18124],[-119.08113,54.18124],[-119.0873,54.18124],[-119.09347,54.18124],[-119.09948,54.18124],[-119.09948,54.17763],[-119.09948,54.17402],[-119.09948,54.1704],[-119.09948,54.16679],[-119.09347,54.16679],[-119.0873,54.16679],[-119.08113,54.16678],[-119.07496,54.16678],[-119.07496,54.1704]]],[[[-119.04998,54.17039],[-119.04998,54.17401],[-119.04998,54.17762],[-119.04998,54.18123],[-119.05615,54.18124],[-119.06232,54.18124],[-119.06849,54.18124],[-119.0745,54.18124],[-119.0745,54.17762],[-119.0745,54.17401],[-119.0745,54.1704],[-119.0745,54.16678],[-119.06848,54.16678],[-119.06231,54.16678],[-119.05615,54.16678],[-119.04998,54.16678],[-119.04998,54.17039]]],[[[-119.07496,54.18503],[-119.07496,54.18865],[-119.07496,54.19226],[-119.07496,54.19587],[-119.08113,54.19588],[-119.0873,54.19588],[-119.09347,54.19588],[-119.09949,54.19588],[-119.09949,54.19227],[-119.09949,54.18865],[-119.09948,54.18504],[-119.09948,54.18151],[-119.09347,54.18151],[-119.0873,54.18151],[-119.08113,54.18151],[-119.07496,54.18151],[-119.07496,54.18503]]],[[[-119.04998,54.18503],[-119.04998,54.18864],[-119.04998,54.19225],[-119.04998,54.19587],[-119.05615,54.19587],[-119.06232,54.19587],[-119.06849,54.19587],[-119.0745,54.19587],[-119.0745,54.19226],[-119.0745,54.18865],[-119.0745,54.18503],[-119.0745,54.18151],[-119.06849,54.18151],[-119.06232,54.18151],[-119.05615,54.18151],[-119.04998,54.1815],[-119.04998,54.18503]]]]},"properties":{"OBJECTID":106,"BusinessKey":"A13 120187306","AgreementType":"A13","AgreementNumber":" 120187306","TractIdentifier":"00","MineralType":"COAL","AgreementGroup":"APP","Status":"ACTIVE","LicenceVintage":"","DesRepName":"PEACE RIVER COAL INC.","PartyName":"PEACE RIVER COAL INC.(100.0000000%)","Zone":"COAL","OriginalArea":1024,"AgreementArea":1024,"TermDate":"2012/06/22","ContinuationDate":"","CurrentExpiryText":"","SHAPE.STArea()":10272973.62798194,"SHAPE.STLength()":25641.196206118475}},{"type":"Feature","id":86,"geometry":{"type":"Polygon","coordinates":[[[-119.2999,54.12304],[-119.30608,54.12303],[-119.31225,54.12303],[-119.31843,54.12303],[-119.32445,54.12303],[-119.32445,54.11941],[-119.31843,54.11942],[-119.31225,54.11942],[-119.30608,54.11942],[-119.2999,54.11942],[-119.2999,54.12304]]]},"properties":{"OBJECTID":86,"BusinessKey":"0131312050631","AgreementType":"013","AgreementNumber":"1312050631","TractIdentifier":"00","MineralType":"COAL","AgreementGroup":"LEASE","Status":"ACTIVE","LicenceVintage":"PRIMARY","DesRepName":"CST CANADA COAL LIMITED","PartyName":"CST CANADA COAL LIMITED(100.0000000%)","Zone":"COAL","OriginalArea":64,"AgreementArea":64,"TermDate":"2012/05/03","ContinuationDate":"","CurrentExpiryText":"2027/05/03","SHAPE.STArea()":645774.80698424997,"SHAPE.STLength()":4015.0730667272383}},{"type":"Feature","id":112,"geometry":{"type":"MultiPolygon","coordinates":[[[[-118.92493,54.12687],[-118.92494,54.13048],[-118.92494,54.1341],[-118.92494,54.13771],[-118.92494,54.14133],[-118.92494,54.14494],[-118.92494,54.14855],[-118.92494,54.15217],[-118.93111,54.15217],[-118.93729,54.15217],[-118.94346,54.15217],[-118.94948,54.15217],[-118.94948,54.14856],[-118.94948,54.14495],[-118.94948,54.14133],[-118.94948,54.13772],[-118.94948,54.1341],[-118.94948,54.13049],[-118.94948,54.12688],[-118.94948,54.12335],[-118.94346,54.12335],[-118.93728,54.12335],[-118.93111,54.12335],[-118.92493,54.12335],[-118.92493,54.12687]]],[[[-118.89993,54.1269],[-118.89993,54.13052],[-118.89993,54.13413],[-118.89994,54.13775],[-118.89994,54.14136],[-118.89994,54.14497],[-118.89994,54.14859],[-118.89994,54.1522],[-118.90611,54.15219],[-118.91229,54.15219],[-118.91846,54.15218],[-118.92448,54.15217],[-118.92448,54.14855],[-118.92448,54.14494],[-118.92448,54.14133],[-118.92448,54.13771],[-118.92447,54.1341],[-118.92447,54.13048],[-118.92447,54.12687],[-118.92447,54.12335],[-118.91845,54.12336],[-118.91228,54.12336],[-118.9061,54.12337],[-118.89993,54.12338],[-118.89993,54.1269]]],[[[-118.92494,54.15596],[-118.92494,54.15958],[-118.92494,54.16319],[-118.92494,54.16681],[-118.93112,54.16681],[-118.93729,54.16681],[-118.94347,54.16681],[-118.94949,54.16681],[-118.94948,54.1632],[-118.94948,54.15958],[-118.94948,54.15597],[-118.94948,54.15244],[-118.94346,54.15244],[-118.93729,54.15244],[-118.93112,54.15244],[-118.92494,54.15244],[-118.92494,54.15596]]],[[[-118.89994,54.15599],[-118.89994,54.15961],[-118.89994,54.16322],[-118.89994,54.16683],[-118.90612,54.16683],[-118.91229,54.16682],[-118.91846,54.16681],[-118.92448,54.16681],[-118.92448,54.16319],[-118.92448,54.15958],[-118.92448,54.15596],[-118.92448,54.15244],[-118.91846,54.15245],[-118.91229,54.15246],[-118.90611,54.15246],[-118.89994,54.15247],[-118.89994,54.15599]]]]},"properties":{"OBJECTID":112,"BusinessKey":"A13 120187402","AgreementType":"A13","AgreementNumber":" 120187402","TractIdentifier":"00","MineralType":"COAL","AgreementGroup":"APP","Status":"ACTIVE","LicenceVintage":"","DesRepName":"PEACE RIVER COAL INC.","PartyName":"PEACE RIVER COAL INC.(100.0000000%)","Zone":"COAL","OriginalArea":1536,"AgreementArea":1536,"TermDate":"2012/06/22","ContinuationDate":"","CurrentExpiryText":"","SHAPE.STArea()":15417690.364274696,"SHAPE.STLength()":32056.085565457481}},{"type":"Feature","id":43,"geometry":{"type":"MultiPolygon","coordinates":[[[[-119.6001,54.21406],[-119.6001,54.21767],[-119.6001,54.22128],[-119.6001,54.2249],[-119.6001,54.22851],[-119.6001,54.23212],[-119.6001,54.23574],[-119.6001,54.23935],[-119.60627,54.23935],[-119.61244,54.23935],[-119.61861,54.23935],[-119.62463,54.23935],[-119.62463,54.23573],[-119.62463,54.23212],[-119.62463,54.2285],[-119.62463,54.22489],[-119.62463,54.22128],[-119.62463,54.21766],[-119.62463,54.21405],[-119.62463,54.21053],[-119.61861,54.21053],[-119.61244,54.21053],[-119.60627,54.21053],[-119.6001,54.21053],[-119.6001,54.21406]]],[[[-119.62509,54.21405],[-119.62509,54.21766],[-119.62509,54.22128],[-119.62509,54.22489],[-119.62509,54.2285],[-119.62509,54.23212],[-119.62509,54.23573],[-119.62509,54.23935],[-119.63126,54.23934],[-119.63743,54.23933],[-119.6436,54.23932],[-119.64962,54.23932],[-119.64962,54.2357],[-119.64962,54.23209],[-119.64962,54.22848],[-119.64962,54.22486],[-119.64962,54.22125],[-119.64962,54.21764],[-119.64962,54.21402],[-119.64962,54.2105],[-119.6436,54.21051],[-119.63743,54.21051],[-119.63126,54.21052],[-119.62509,54.21053],[-119.62509,54.21405]]],[[[-119.57511,54.21406],[-119.57511,54.21767],[-119.57511,54.22129],[-119.57511,54.2249],[-119.57511,54.22851],[-119.57511,54.23213],[-119.57511,54.23574],[-119.57511,54.23935],[-119.58128,54.23935],[-119.58745,54.23935],[-119.59362,54.23935],[-119.59964,54.23935],[-119.59964,54.23574],[-119.59964,54.23212],[-119.59964,54.22851],[-119.59964,54.2249],[-119.59964,54.22128],[-119.59964,54.21767],[-119.59964,54.21406],[-119.59964,54.21053],[-119.59362,54.21053],[-119.58745,54.21053],[-119.58128,54.21054],[-119.57511,54.21054],[-119.57511,54.21406]]],[[[-119.57511,54.19942],[-119.57511,54.20304],[-119.57511,54.20665],[-119.57511,54.21026],[-119.58105,54.21026],[-119.58128,54.21026],[-119.58745,54.21026],[-119.59362,54.21026],[-119.59964,54.21026],[-119.59964,54.20665],[-119.59964,54.20303],[-119.59963,54.19942],[-119.59963,54.19581],[-119.59362,54.19581],[-119.58745,54.19581],[-119.58128,54.19581],[-119.57511,54.19581],[-119.57511,54.19942]]],[[[-119.65008,54.22848],[-119.65008,54.23209],[-119.65008,54.2357],[-119.65008,54.23932],[-119.65625,54.23932],[-119.66242,54.23932],[-119.66859,54.23933],[-119.67069,54.23933],[-119.67461,54.23933],[-119.67461,54.23572],[-119.67461,54.2321],[-119.67461,54.22849],[-119.67461,54.22488],[-119.66859,54.22487],[-119.66242,54.22487],[-119.65625,54.22487],[-119.65008,54.22486],[-119.65008,54.22848]]],[[[-119.65008,54.24311],[-119.65008,54.24673],[-119.65008,54.25034],[-119.65008,54.25395],[-119.65625,54.25396],[-119.66242,54.25396],[-119.6686,54.25397],[-119.67461,54.25397],[-119.67461,54.25259],[-119.67461,54.25035],[-119.67461,54.24674],[-119.67461,54.24313],[-119.67461,54.23951],[-119.66859,54.23951],[-119.66242,54.23951],[-119.65625,54.2395],[-119.65008,54.2395],[-119.65008,54.24311]]]]},"properties":{"OBJECTID":43,"BusinessKey":"A13 110415803","AgreementType":"A13","AgreementNumber":" 110415803","TractIdentifier":"00","MineralType":"COAL","AgreementGroup":"APP","Status":"ACTIVE","LicenceVintage":"","DesRepName":"PEACE RIVER COAL INC.","PartyName":"PEACE RIVER COAL INC.(100.0000000%)","Zone":"COAL","OriginalArea":2304,"AgreementArea":2304,"TermDate":"2011/11/09","ContinuationDate":"","CurrentExpiryText":"","SHAPE.STArea()":23131035.290498797,"SHAPE.STLength()":48112.418324979903}},{"type":"Feature","id":447,"geometry":{"type":"MultiPolygon","coordinates":[[[[-118.96671,53.86501],[-118.96671,53.86862],[-118.96671,53.87224],[-118.96671,53.87585],[-118.96671,53.87947],[-118.96671,53.88308],[-118.96671,53.8867],[-118.96671,53.89031],[-118.97284,53.89031],[-118.97898,53.89031],[-118.98511,53.89031],[-118.99109,53.89031],[-118.99109,53.88669],[-118.99109,53.88308],[-118.99109,53.87946],[-118.99109,53.87585],[-118.99109,53.87224],[-118.99109,53.86862],[-118.99109,53.86501],[-118.99109,53.86148],[-118.98511,53.86149],[-118.97897,53.86149],[-118.97284,53.86149],[-118.96671,53.86149],[-118.96671,53.86501]]],[[[-118.94789,53.86317],[-118.94188,53.86533],[-118.94188,53.86862],[-118.94188,53.87224],[-118.94188,53.87585],[-118.94188,53.87946],[-118.94188,53.88308],[-118.94801,53.88308],[-118.95414,53.88308],[-118.96027,53.88308],[-118.96625,53.88308],[-118.96625,53.87947],[-118.96625,53.87585],[-118.96625,53.87224],[-118.96625,53.86862],[-118.96625,53.86501],[-118.96625,53.86149],[-118.96027,53.86149],[-118.95414,53.86149],[-118.95121,53.86149],[-118.94789,53.86317]]],[[[-118.99155,53.86501],[-118.99155,53.86862],[-118.99155,53.87224],[-118.99155,53.87585],[-118.99155,53.87946],[-118.99155,53.88308],[-118.99155,53.88669],[-118.99155,53.89031],[-118.99768,53.89031],[-119.00381,53.8903],[-119.00826,53.8903],[-119.00993,53.8903],[-119.01591,53.8903],[-119.01591,53.88669],[-119.01591,53.88307],[-119.00994,53.88307],[-119.00381,53.88308],[-119.00381,53.87946],[-119.00381,53.87585],[-119.00381,53.87223],[-119.00381,53.86862],[-119.00381,53.86501],[-119.0038,53.86148],[-118.99768,53.86148],[-118.99155,53.86148],[-118.99155,53.86501]]],[[[-118.9791,53.84676],[-118.97897,53.84684],[-118.97247,53.85068],[-118.96671,53.85361],[-118.96671,53.85399],[-118.96671,53.85722],[-118.96671,53.8576],[-118.96671,53.86122],[-118.97284,53.86122],[-118.97897,53.86122],[-118.98511,53.86121],[-118.99109,53.86121],[-118.99109,53.8576],[-118.99109,53.85399],[-118.99109,53.85037],[-118.99109,53.84676],[-118.99108,53.84314],[-118.99108,53.83967],[-118.9791,53.84676]]],[[[-118.91705,53.87946],[-118.91705,53.88307],[-118.91705,53.88668],[-118.91705,53.8903],[-118.92318,53.8903],[-118.92932,53.8903],[-118.92932,53.88669],[-118.92931,53.88308],[-118.92931,53.87946],[-118.92931,53.87585],[-118.93545,53.87585],[-118.94142,53.87585],[-118.94142,53.87224],[-118.94142,53.86862],[-118.94142,53.86549],[-118.93427,53.86806],[-118.9327,53.86862],[-118.92931,53.86983],[-118.91915,53.87348],[-118.91705,53.87467],[-118.91705,53.87584],[-118.91705,53.87946]]],[[[-118.91499,53.87584],[-118.91448,53.87613],[-118.90448,53.88181],[-118.90228,53.88306],[-118.89222,53.88877],[-118.89222,53.89029],[-118.89835,53.89029],[-118.90448,53.89029],[-118.91062,53.8903],[-118.91659,53.8903],[-118.91659,53.88668],[-118.91659,53.88307],[-118.91659,53.87946],[-118.91659,53.87584],[-118.91659,53.87493],[-118.91499,53.87584]]],[[[-118.91705,53.89409],[-118.91705,53.89771],[-118.92318,53.89771],[-118.92932,53.89771],[-118.92932,53.8941],[-118.92932,53.89048],[-118.92318,53.89048],[-118.91705,53.89048],[-118.91705,53.89409]]],[[[-118.97898,53.8941],[-118.97898,53.89772],[-118.98511,53.89772],[-118.99109,53.89772],[-118.99109,53.8941],[-118.99109,53.89049],[-118.98511,53.89049],[-118.97898,53.89049],[-118.97898,53.8941]]],[[[-118.95414,53.86],[-118.95175,53.86121],[-118.95414,53.86122],[-118.96027,53.86122],[-118.96625,53.86122],[-118.96625,53.8576],[-118.96625,53.85399],[-118.96625,53.85384],[-118.96597,53.85399],[-118.9653,53.85432],[-118.9653,53.85432],[-118.95414,53.86]]],[[[-118.91062,53.89409],[-118.91659,53.89409],[-118.91659,53.89048],[-118.91062,53.89048],[-118.91062,53.89409]]]]},"properties":{"OBJECTID":447,"BusinessKey":"0131320110051","AgreementType":"013","AgreementNumber":"1320110051","TractIdentifier":"00","MineralType":"COAL","AgreementGroup":"LEASE","Status":"ACTIVE","LicenceVintage":"PRIMARY","DesRepName":"MANCAL COAL INC","PartyName":"MANCAL COAL INC(100.0000000%)","Zone":"COAL","OriginalArea":2026.5,"AgreementArea":2026.5,"TermDate":"2020/11/06","ContinuationDate":"","CurrentExpiryText":"2035/11/06","SHAPE.STArea()":20358067.613147039,"SHAPE.STLength()":58808.082990364011}},{"type":"Feature","id":490,"geometry":{"type":"MultiPolygon","coordinates":[[[[-119.21468,54.02488],[-119.21468,54.02849],[-119.21468,54.03211],[-119.21468,54.03572],[-119.2208,54.03572],[-119.22692,54.03573],[-119.23303,54.03573],[-119.239,54.03573],[-119.239,54.03211],[-119.239,54.0285],[-119.239,54.02489],[-119.239,54.02127],[-119.23303,54.02127],[-119.22692,54.02127],[-119.2208,54.02127],[-119.21468,54.02127],[-119.21468,54.02488]]],[[[-119.23946,54.0285],[-119.23946,54.03211],[-119.23946,54.03573],[-119.24558,54.03573],[-119.25169,54.03573],[-119.25169,54.03212],[-119.25169,54.0285],[-119.25169,54.02489],[-119.24557,54.02489],[-119.23946,54.02489],[-119.23946,54.0285]]],[[[-119.20214,54.02487],[-119.20214,54.02848],[-119.20826,54.02849],[-119.21422,54.02849],[-119.21422,54.02488],[-119.21422,54.02127],[-119.20826,54.02127],[-119.20214,54.02126],[-119.20214,54.02487]]]]},"properties":{"OBJECTID":490,"BusinessKey":"0131321020118","AgreementType":"013","AgreementNumber":"1321020118","TractIdentifier":"00","MineralType":"COAL","AgreementGroup":"LEASE","Status":"ACTIVE","LicenceVintage":"RENEWAL","DesRepName":"CST CANADA COAL LIMITED","PartyName":"CST CANADA COAL LIMITED(100.0000000%)","Zone":"COAL","OriginalArea":416,"AgreementArea":416,"TermDate":"2021/02/17","ContinuationDate":"","CurrentExpiryText":"2036/02/17","SHAPE.STArea()":4168422.16121097,"SHAPE.STLength()":13614.123553223335}},{"type":"Feature","id":499,"geometry":{"type":"MultiPolygon","coordinates":[[[[-119.21467,53.95226],[-119.21467,53.95587],[-119.21467,53.95948],[-119.21467,53.9631],[-119.21467,53.96671],[-119.21467,53.97032],[-119.21467,53.97393],[-119.21467,53.97755],[-119.22079,53.97755],[-119.22691,53.97755],[-119.22886,53.97755],[-119.23302,53.97755],[-119.23899,53.97755],[-119.23899,53.97394],[-119.23899,53.97033],[-119.23899,53.96671],[-119.23899,53.9631],[-119.23898,53.95949],[-119.23898,53.95587],[-119.23302,53.95587],[-119.23302,53.95226],[-119.2269,53.95226],[-119.2269,53.94874],[-119.22078,53.94873],[-119.21467,53.94873],[-119.21467,53.95226]]],[[[-119.18989,53.95223],[-119.1899,53.95584],[-119.1899,53.95945],[-119.1899,53.96307],[-119.19601,53.96308],[-119.20213,53.96309],[-119.20213,53.9667],[-119.20213,53.97031],[-119.20825,53.97031],[-119.21421,53.97032],[-119.21421,53.96671],[-119.21421,53.96309],[-119.21421,53.95948],[-119.21421,53.95587],[-119.21421,53.95226],[-119.21421,53.94873],[-119.20824,53.94873],[-119.20213,53.94873],[-119.19601,53.94872],[-119.18989,53.94871],[-119.18989,53.95223]]],[[[-119.23945,53.96671],[-119.23945,53.97033],[-119.23945,53.97394],[-119.23945,53.97755],[-119.24557,53.97755],[-119.24739,53.97755],[-119.25168,53.97755],[-119.2578,53.97755],[-119.26377,53.97755],[-119.26377,53.97394],[-119.26377,53.97033],[-119.26376,53.96671],[-119.26376,53.9631],[-119.2578,53.9631],[-119.25168,53.9631],[-119.24556,53.9631],[-119.23944,53.9631],[-119.23945,53.96671]]],[[[-119.18989,53.94482],[-119.18989,53.94844],[-119.19601,53.94845],[-119.20213,53.94846],[-119.20824,53.94846],[-119.21421,53.94846],[-119.21421,53.94485],[-119.21421,53.94123],[-119.20824,53.94123],[-119.20213,53.94122],[-119.19601,53.94122],[-119.18989,53.94121],[-119.18989,53.94482]]],[[[-119.17736,53.9376],[-119.17736,53.94121],[-119.17736,53.94483],[-119.17736,53.94844],[-119.18347,53.94844],[-119.18943,53.94844],[-119.18943,53.94482],[-119.18943,53.94121],[-119.18943,53.9376],[-119.18943,53.93399],[-119.18347,53.93399],[-119.17736,53.93399],[-119.17736,53.9376]]],[[[-119.17736,53.95223],[-119.17736,53.95585],[-119.18347,53.95584],[-119.18944,53.95584],[-119.18944,53.95223],[-119.18943,53.94871],[-119.18347,53.94871],[-119.17736,53.94871],[-119.17736,53.95223]]]]},"properties":{"OBJECTID":499,"BusinessKey":"0131321080151","AgreementType":"013","AgreementNumber":"1321080151","TractIdentifier":"00","MineralType":"COAL","AgreementGroup":"LEASE","Status":"ACTIVE","LicenceVintage":"RENEWAL","DesRepName":"CST CANADA COAL LIMITED","PartyName":"CST CANADA COAL LIMITED(100.0000000%)","Zone":"COAL","OriginalArea":1360,"AgreementArea":1360,"TermDate":"2021/08/04","ContinuationDate":"","CurrentExpiryText":"2036/08/04","SHAPE.STArea()":13598806.65732035,"SHAPE.STLength()":36794.362991508853}},{"type":"Feature","id":313,"geometry":{"type":"MultiPolygon","coordinates":[[[[-119.28901,54.01404],[-119.28901,54.01766],[-119.28901,54.02127],[-119.28901,54.02488],[-119.29513,54.02488],[-119.29513,54.0285],[-119.30125,54.02849],[-119.30125,54.03211],[-119.30736,54.03211],[-119.31333,54.0321],[-119.31333,54.02849],[-119.31333,54.02488],[-119.31333,54.02126],[-119.31333,54.01765],[-119.31333,54.01404],[-119.30736,54.01404],[-119.30124,54.01404],[-119.30124,54.01043],[-119.29513,54.01043],[-119.28901,54.01043],[-119.28901,54.01404]]],[[[-119.31379,54.0321],[-119.31379,54.03572],[-119.31991,54.03571],[-119.32602,54.03571],[-119.32602,54.0321],[-119.32602,54.02848],[-119.33214,54.02848],[-119.3381,54.02848],[-119.3381,54.02486],[-119.3381,54.02125],[-119.33214,54.02125],[-119.32602,54.02126],[-119.32602,54.01764],[-119.3199,54.01765],[-119.31379,54.01765],[-119.31379,54.02126],[-119.31379,54.02488],[-119.31379,54.02849],[-119.31379,54.0321]]],[[[-119.27647,54.01043],[-119.27647,54.01405],[-119.28258,54.01405],[-119.28258,54.01766],[-119.28259,54.02127],[-119.28855,54.02127],[-119.28855,54.01766],[-119.28855,54.01404],[-119.28855,54.01043],[-119.28855,54.00691],[-119.28258,54.00691],[-119.27647,54.00691],[-119.27035,54.00691],[-119.26423,54.00691],[-119.26423,54.01043],[-119.27035,54.01043],[-119.27647,54.01043]]],[[[-119.26423,53.99941],[-119.26423,54.00001],[-119.26423,54.00303],[-119.26423,54.00664],[-119.27035,54.00664],[-119.27647,54.00664],[-119.27647,54.00329],[-119.27647,54.00303],[-119.27646,54.00001],[-119.27646,53.99941],[-119.27035,53.99941],[-119.27035,53.9958],[-119.26423,53.9958],[-119.26423,53.99941]]],[[[-119.32602,54.0395],[-119.32602,54.04312],[-119.32602,54.04673],[-119.33214,54.04673],[-119.33214,54.05034],[-119.33811,54.05034],[-119.33811,54.04672],[-119.33811,54.04311],[-119.33811,54.0395],[-119.33214,54.0395],[-119.32602,54.0395]]],[[[-119.25781,53.99941],[-119.25781,54.00303],[-119.25781,54.00664],[-119.26377,54.00664],[-119.26377,54.00303],[-119.26377,54.00001],[-119.26377,53.99941],[-119.26377,53.9958],[-119.2578,53.9958],[-119.25781,53.99941]]],[[[-119.34468,54.02486],[-119.33856,54.02486],[-119.33856,54.02848],[-119.34468,54.02848],[-119.34468,54.02486]]],[[[-119.32602,54.03598],[-119.31991,54.03598],[-119.31991,54.03951],[-119.32602,54.0395],[-119.32602,54.03598]]],[[[-119.26377,54.00691],[-119.25781,54.00691],[-119.25781,54.01043],[-119.26377,54.01043],[-119.26377,54.00691]]]]},"properties":{"OBJECTID":313,"BusinessKey":"0131319020122","AgreementType":"013","AgreementNumber":"1319020122","TractIdentifier":"00","MineralType":"COAL","AgreementGroup":"LEASE","Status":"ACTIVE","LicenceVintage":"RENEWAL","DesRepName":"CST CANADA COAL LIMITED","PartyName":"CST CANADA COAL LIMITED(100.0000000%)","Zone":"COAL","OriginalArea":912,"AgreementArea":912,"TermDate":"2019/02/02","ContinuationDate":"","CurrentExpiryText":"2034/02/02","SHAPE.STArea()":9098844.2789889406,"SHAPE.STLength()":37583.5875322211}},{"type":"Feature","id":27,"geometry":{"type":"MultiPolygon","coordinates":[[[[-119.34992,54.12681],[-119.34992,54.13042],[-119.34992,54.13403],[-119.34992,54.13765],[-119.34992,54.14126],[-119.34993,54.14487],[-119.34993,54.14849],[-119.34993,54.1521],[-119.35611,54.1521],[-119.36229,54.15209],[-119.36847,54.15209],[-119.3745,54.15208],[-119.3745,54.14847],[-119.3745,54.14486],[-119.3745,54.14124],[-119.3745,54.13763],[-119.3745,54.13402],[-119.3745,54.1304],[-119.3745,54.12679],[-119.3745,54.12327],[-119.36847,54.12327],[-119.36229,54.12328],[-119.3561,54.12328],[-119.34992,54.12328],[-119.34992,54.12681]]],[[[-119.32491,54.12682],[-119.32491,54.13043],[-119.32492,54.13405],[-119.32492,54.13766],[-119.32492,54.14128],[-119.32492,54.14489],[-119.32492,54.1485],[-119.32492,54.15212],[-119.33109,54.15211],[-119.33727,54.15211],[-119.34344,54.15211],[-119.34946,54.1521],[-119.34946,54.14849],[-119.34946,54.14487],[-119.34946,54.14126],[-119.34946,54.13765],[-119.34946,54.13403],[-119.34946,54.13042],[-119.34946,54.12681],[-119.34946,54.12328],[-119.34344,54.12329],[-119.33726,54.12329],[-119.33109,54.12329],[-119.32491,54.1233],[-119.32491,54.12682]]],[[[-119.29991,54.12683],[-119.29991,54.13044],[-119.29991,54.13406],[-119.29991,54.13767],[-119.29991,54.14128],[-119.29991,54.1449],[-119.29991,54.14851],[-119.29991,54.15213],[-119.30609,54.15212],[-119.31226,54.15212],[-119.31844,54.15212],[-119.32446,54.15212],[-119.32446,54.1485],[-119.32446,54.14489],[-119.32446,54.14128],[-119.32445,54.13766],[-119.32445,54.13405],[-119.32445,54.13043],[-119.32445,54.12682],[-119.32445,54.1233],[-119.31843,54.1233],[-119.31226,54.1233],[-119.30608,54.1233],[-119.2999,54.12331],[-119.29991,54.12683]]],[[[-119.27489,54.1122],[-119.2749,54.11581],[-119.2749,54.11943],[-119.2749,54.12304],[-119.28107,54.12304],[-119.28725,54.12304],[-119.29342,54.12304],[-119.29944,54.12304],[-119.29944,54.12131],[-119.29944,54.11942],[-119.29944,54.11581],[-119.29944,54.11219],[-119.29944,54.10858],[-119.29342,54.10858],[-119.28724,54.10858],[-119.28107,54.10858],[-119.27489,54.10859],[-119.27489,54.1122]]],[[[-119.2749,54.12683],[-119.2749,54.13045],[-119.2749,54.13406],[-119.2749,54.13767],[-119.28108,54.13767],[-119.28725,54.13767],[-119.29343,54.13767],[-119.29945,54.13767],[-119.29945,54.13406],[-119.29945,54.13044],[-119.29944,54.12683],[-119.29944,54.12331],[-119.29342,54.12331],[-119.28725,54.12331],[-119.28107,54.12331],[-119.2749,54.12331],[-119.2749,54.12683]]]]},"properties":{"OBJECTID":27,"BusinessKey":"A13 110415502","AgreementType":"A13","AgreementNumber":" 110415502","TractIdentifier":"00","MineralType":"COAL","AgreementGroup":"APP","Status":"ACTIVE","LicenceVintage":"","DesRepName":"PEACE RIVER COAL INC.","PartyName":"PEACE RIVER COAL INC.(100.0000000%)","Zone":"COAL","OriginalArea":2048,"AgreementArea":2048,"TermDate":"2011/11/09","ContinuationDate":"","CurrentExpiryText":"","SHAPE.STArea()":20600479.826429505,"SHAPE.STLength()":41718.62651732767}},{"type":"Feature","id":21,"geometry":{"type":"MultiPolygon","coordinates":[[[[-119.17814,54.06902],[-119.17489,54.07144],[-119.17489,54.07228],[-119.17489,54.0759],[-119.17489,54.07951],[-119.17489,54.08312],[-119.17489,54.08674],[-119.17489,54.09035],[-119.17489,54.09396],[-119.18107,54.09396],[-119.18724,54.09396],[-119.19341,54.09395],[-119.19943,54.09395],[-119.19942,54.09034],[-119.19942,54.08672],[-119.19942,54.08311],[-119.19942,54.0795],[-119.19942,54.07725],[-119.19942,54.07588],[-119.19942,54.07227],[-119.19942,54.06866],[-119.19942,54.06505],[-119.19604,54.06505],[-119.19341,54.06505],[-119.18993,54.06505],[-119.18946,54.06505],[-119.18723,54.06505],[-119.1835,54.06506],[-119.18162,54.06506],[-119.17814,54.06902]]],[[[-119.11226,54.0734],[-119.10106,54.0763],[-119.09993,54.07686],[-119.09993,54.07952],[-119.09993,54.08313],[-119.09993,54.08674],[-119.09993,54.09036],[-119.09993,54.09397],[-119.1061,54.09397],[-119.11227,54.09397],[-119.11844,54.09397],[-119.12445,54.09397],[-119.12445,54.09036],[-119.12445,54.08675],[-119.12445,54.08313],[-119.12445,54.07952],[-119.12445,54.07591],[-119.12445,54.07393],[-119.11241,54.07337],[-119.11226,54.0734]]],[[[-119.12491,54.07591],[-119.12491,54.07952],[-119.12491,54.08313],[-119.12491,54.08675],[-119.12491,54.09036],[-119.12491,54.09397],[-119.13108,54.09397],[-119.13725,54.09397],[-119.14343,54.09397],[-119.14944,54.09397],[-119.14944,54.09036],[-119.14944,54.08674],[-119.14944,54.08313],[-119.14944,54.07952],[-119.14944,54.0759],[-119.14944,54.07511],[-119.13725,54.07454],[-119.12491,54.07396],[-119.12491,54.07591]]],[[[-119.1499,54.0759],[-119.1499,54.07952],[-119.1499,54.08313],[-119.1499,54.08674],[-119.1499,54.09036],[-119.1499,54.09397],[-119.15607,54.09397],[-119.16224,54.09397],[-119.16842,54.09397],[-119.17443,54.09396],[-119.17443,54.09035],[-119.17443,54.08674],[-119.17443,54.08312],[-119.17443,54.07951],[-119.17443,54.0759],[-119.17443,54.07228],[-119.17376,54.07228],[-119.16996,54.0751],[-119.16224,54.07537],[-119.15805,54.07552],[-119.1499,54.07513],[-119.1499,54.0759]]],[[[-119.1749,54.09776],[-119.1749,54.10137],[-119.1749,54.10427],[-119.1749,54.10498],[-119.1749,54.1086],[-119.18107,54.1086],[-119.18724,54.10859],[-119.19341,54.10859],[-119.19943,54.10858],[-119.19943,54.10497],[-119.19943,54.10136],[-119.19943,54.09774],[-119.19943,54.09422],[-119.19341,54.09422],[-119.18724,54.09423],[-119.18107,54.09423],[-119.17489,54.09423],[-119.1749,54.09776]]],[[[-119.1499,54.09777],[-119.1499,54.10138],[-119.14991,54.10499],[-119.14991,54.10861],[-119.15608,54.10861],[-119.16225,54.1086],[-119.16842,54.1086],[-119.17444,54.1086],[-119.17444,54.10499],[-119.17443,54.10137],[-119.17443,54.09776],[-119.17443,54.09423],[-119.16842,54.09424],[-119.16225,54.09424],[-119.15607,54.09424],[-119.1499,54.09424],[-119.1499,54.09777]]],[[[-119.09453,54.07951],[-119.08728,54.08309],[-119.0841,54.08465],[-119.07712,54.08674],[-119.07494,54.08739],[-119.07494,54.09035],[-119.07494,54.09396],[-119.08111,54.09397],[-119.08728,54.09397],[-119.09345,54.09397],[-119.09947,54.09397],[-119.09947,54.09036],[-119.09947,54.08674],[-119.09947,54.08313],[-119.09947,54.07952],[-119.09947,54.07709],[-119.09453,54.07951]]]]},"properties":{"OBJECTID":21,"BusinessKey":"A13 110415401","AgreementType":"A13","AgreementNumber":" 110415401","TractIdentifier":"00","MineralType":"COAL","AgreementGroup":"APP","Status":"ACTIVE","LicenceVintage":"","DesRepName":"PEACE RIVER COAL INC.","PartyName":"PEACE RIVER COAL INC.(100.0000000%)","Zone":"COAL","OriginalArea":2194.3699999999999,"AgreementArea":2194.3699999999999,"TermDate":"2011/11/09","ContinuationDate":"","CurrentExpiryText":"","SHAPE.STArea()":22498974.368822198,"SHAPE.STLength()":51210.456197906962}},{"type":"Feature","id":319,"geometry":{"type":"MultiPolygon","coordinates":[[[[-119.06601,53.92315],[-119.06601,53.92676],[-119.06601,53.93038],[-119.06601,53.93399],[-119.06601,53.9376],[-119.06601,53.94122],[-119.07213,53.94122],[-119.07825,53.94122],[-119.07825,53.94484],[-119.07825,53.94845],[-119.08437,53.94845],[-119.09034,53.94845],[-119.09034,53.94484],[-119.09034,53.94122],[-119.09034,53.93761],[-119.09034,53.934],[-119.09034,53.93038],[-119.09034,53.92677],[-119.09034,53.92316],[-119.09034,53.92302],[-119.09034,53.91963],[-119.08437,53.91963],[-119.07825,53.91963],[-119.07213,53.91963],[-119.06601,53.91963],[-119.06601,53.92315]]],[[[-119.06602,53.90852],[-119.06601,53.91213],[-119.06601,53.91574],[-119.06601,53.91936],[-119.07213,53.91936],[-119.07825,53.91936],[-119.0801,53.91936],[-119.08437,53.91936],[-119.09034,53.91936],[-119.09034,53.91575],[-119.09034,53.91214],[-119.09034,53.90852],[-119.09034,53.90491],[-119.08437,53.90491],[-119.07826,53.90491],[-119.07214,53.9049],[-119.06602,53.9049],[-119.06602,53.90852]]],[[[-119.0908,53.90852],[-119.0908,53.91214],[-119.0908,53.91575],[-119.0908,53.91936],[-119.09692,53.91936],[-119.10304,53.91936],[-119.10916,53.91936],[-119.11513,53.91936],[-119.11513,53.91575],[-119.11513,53.91492],[-119.11513,53.91214],[-119.10916,53.91214],[-119.10304,53.91214],[-119.10304,53.90852],[-119.10304,53.90491],[-119.09692,53.90491],[-119.0908,53.90491],[-119.0908,53.90852]]],[[[-119.0412,53.92317],[-119.0412,53.92679],[-119.04733,53.92678],[-119.05345,53.92678],[-119.05345,53.93039],[-119.05345,53.934],[-119.05958,53.934],[-119.06555,53.93399],[-119.06555,53.93038],[-119.06555,53.92677],[-119.06555,53.92315],[-119.06555,53.91963],[-119.05958,53.91963],[-119.05345,53.91964],[-119.04733,53.91965],[-119.0412,53.91965],[-119.0412,53.92317]]],[[[-119.0412,53.91577],[-119.0412,53.91938],[-119.04733,53.91937],[-119.05345,53.91937],[-119.05958,53.91936],[-119.06555,53.91936],[-119.06555,53.91574],[-119.06556,53.91213],[-119.05958,53.91214],[-119.05346,53.91214],[-119.04733,53.91215],[-119.0412,53.91215],[-119.0412,53.91577]]]]},"properties":{"OBJECTID":319,"BusinessKey":"0131319090196","AgreementType":"013","AgreementNumber":"1319090196","TractIdentifier":"00","MineralType":"COAL","AgreementGroup":"LEASE","Status":"ACTIVE","LicenceVintage":"RENEWAL","DesRepName":"SUMMIT COAL INC.","PartyName":"SUMMIT COAL INC.(100.0000000%)","Zone":"COAL","OriginalArea":1216,"AgreementArea":1216,"TermDate":"2019/09/26","ContinuationDate":"","CurrentExpiryText":"2034/09/26","SHAPE.STArea()":12182281.597517485,"SHAPE.STLength()":33648.817994610159}},{"type":"Feature","id":468,"geometry":{"type":"MultiPolygon","coordinates":[[[[-119.33856,54.00001],[-119.33856,54.003],[-119.33856,54.00661],[-119.34468,54.00662],[-119.34868,54.00662],[-119.3508,54.00598],[-119.3508,54.0051],[-119.3508,54.003],[-119.3508,54.00001],[-119.3508,53.99939],[-119.35691,53.99939],[-119.36063,53.99939],[-119.36288,53.99939],[-119.36288,53.99578],[-119.36288,53.99217],[-119.36288,53.98855],[-119.36288,53.98494],[-119.36288,53.98133],[-119.36288,53.9778],[-119.35691,53.9778],[-119.35079,53.9778],[-119.34467,53.9778],[-119.33856,53.9778],[-119.33856,53.98132],[-119.33856,53.98493],[-119.33856,53.98855],[-119.33856,53.99216],[-119.33856,53.99577],[-119.33856,53.99939],[-119.33856,54.00001]]],[[[-119.36334,53.98133],[-119.36334,53.98494],[-119.36334,53.98855],[-119.36334,53.99217],[-119.36334,53.99578],[-119.36334,53.99939],[-119.36946,53.9994],[-119.37279,53.9994],[-119.37557,53.99856],[-119.38393,53.99606],[-119.38397,53.99605],[-119.38398,53.99604],[-119.38766,53.99475],[-119.38766,53.99217],[-119.38765,53.98856],[-119.38765,53.98495],[-119.38765,53.98133],[-119.38765,53.97781],[-119.38169,53.97781],[-119.37557,53.97781],[-119.36945,53.97781],[-119.36334,53.9778],[-119.36334,53.98133]]],[[[-119.38812,53.99458],[-119.39423,53.99243],[-119.39423,53.99217],[-119.39495,53.99217],[-119.39622,53.99172],[-119.39775,53.99119],[-119.39902,53.99074],[-119.40035,53.99027],[-119.41243,53.986],[-119.41243,53.98495],[-119.41243,53.98133],[-119.41243,53.97781],[-119.40647,53.97781],[-119.40035,53.97781],[-119.39423,53.97781],[-119.38811,53.97781],[-119.38811,53.98133],[-119.38811,53.98495],[-119.38811,53.98856],[-119.38812,53.99217],[-119.38812,53.99458]]]]},"properties":{"OBJECTID":468,"BusinessKey":"0131320110072","AgreementType":"013","AgreementNumber":"1320110072","TractIdentifier":"00","MineralType":"COAL","AgreementGroup":"LEASE","Status":"ACTIVE","LicenceVintage":"PRIMARY","DesRepName":"HORN RIDGE RESOURCES LTD.","PartyName":"HORN RIDGE RESOURCES LTD.(100.0000000%)","Zone":"COAL","OriginalArea":1028.0999999999999,"AgreementArea":1028.0999999999999,"TermDate":"2020/11/06","ContinuationDate":"","CurrentExpiryText":"2035/11/06","SHAPE.STArea()":10282850.275320616,"SHAPE.STLength()":23418.230160317493}},{"type":"Feature","id":107,"geometry":{"type":"MultiPolygon","coordinates":[[[[-118.99996,54.18505],[-118.99996,54.18867],[-118.99996,54.19228],[-118.99996,54.19589],[-118.99996,54.19951],[-118.99996,54.20312],[-118.99996,54.20673],[-118.99996,54.21035],[-119.00613,54.21034],[-119.01231,54.21034],[-119.01849,54.21034],[-119.02451,54.21034],[-119.02451,54.20672],[-119.02451,54.20311],[-119.02451,54.1995],[-119.02451,54.19588],[-119.02451,54.19227],[-119.02451,54.18866],[-119.02451,54.18504],[-119.02451,54.18152],[-119.01848,54.18152],[-119.01231,54.18153],[-119.00613,54.18153],[-118.99996,54.18153],[-118.99996,54.18505]]],[[[-118.94995,54.18506],[-118.94995,54.18868],[-118.94995,54.19158],[-118.94995,54.19229],[-118.94995,54.1959],[-118.94995,54.19952],[-118.94995,54.20313],[-118.94995,54.20675],[-118.94995,54.21036],[-118.95613,54.21036],[-118.9623,54.21036],[-118.96848,54.21036],[-118.9745,54.21036],[-118.97449,54.20674],[-118.97449,54.20313],[-118.97449,54.19952],[-118.97449,54.1959],[-118.97449,54.19229],[-118.97449,54.18867],[-118.97449,54.18506],[-118.97449,54.18154],[-118.96847,54.18154],[-118.9623,54.18154],[-118.95612,54.18154],[-118.94995,54.18154],[-118.94995,54.18506]]],[[[-118.97495,54.18506],[-118.97495,54.18867],[-118.97495,54.19088],[-118.97495,54.19229],[-118.97496,54.1959],[-118.97496,54.19952],[-118.97496,54.20313],[-118.97496,54.20674],[-118.97496,54.21036],[-118.98113,54.21036],[-118.9873,54.21035],[-118.99348,54.21035],[-118.99949,54.21035],[-118.99949,54.20673],[-118.99949,54.20312],[-118.99949,54.19951],[-118.99949,54.19589],[-118.99949,54.19228],[-118.99949,54.18867],[-118.99949,54.18505],[-118.9995,54.18153],[-118.99348,54.18153],[-118.9873,54.18153],[-118.98113,54.18154],[-118.97495,54.18154],[-118.97495,54.18506]]],[[[-119.02497,54.17041],[-119.02497,54.17402],[-119.02497,54.17764],[-119.02497,54.18125],[-119.03114,54.18125],[-119.03732,54.18124],[-119.0435,54.18124],[-119.04952,54.18123],[-119.04952,54.17762],[-119.04952,54.17401],[-119.04952,54.17039],[-119.04951,54.16678],[-119.04349,54.16679],[-119.03732,54.16679],[-119.03114,54.16679],[-119.02497,54.1668],[-119.02497,54.17041]]],[[[-119.02497,54.18504],[-119.02497,54.18866],[-119.02497,54.19227],[-119.02497,54.19588],[-119.03114,54.19588],[-119.03732,54.19588],[-119.0435,54.19587],[-119.04952,54.19587],[-119.04952,54.19225],[-119.04952,54.18864],[-119.04952,54.18503],[-119.04952,54.18151],[-119.0435,54.18151],[-119.03732,54.18151],[-119.03114,54.18152],[-119.02497,54.18152],[-119.02497,54.18504]]]]},"properties":{"OBJECTID":107,"BusinessKey":"A13 120187307","AgreementType":"A13","AgreementNumber":" 120187307","TractIdentifier":"00","MineralType":"COAL","AgreementGroup":"APP","Status":"ACTIVE","LicenceVintage":"","DesRepName":"PEACE RIVER COAL INC.","PartyName":"PEACE RIVER COAL INC.(100.0000000%)","Zone":"COAL","OriginalArea":2048,"AgreementArea":2048,"TermDate":"2012/06/22","ContinuationDate":"","CurrentExpiryText":"","SHAPE.STArea()":20558165.653671049,"SHAPE.STLength()":41685.945454854307}},{"type":"Feature","id":462,"geometry":{"type":"MultiPolygon","coordinates":[[[[-119.21466,53.86499],[-119.21466,53.8686],[-119.21466,53.87222],[-119.21466,53.87583],[-119.21466,53.87944],[-119.21466,53.88306],[-119.21466,53.88667],[-119.21466,53.89028],[-119.22078,53.89029],[-119.2269,53.89029],[-119.23302,53.89029],[-119.23898,53.89029],[-119.23898,53.88668],[-119.23898,53.88306],[-119.23898,53.87945],[-119.23898,53.87584],[-119.23898,53.87222],[-119.23898,53.86861],[-119.23302,53.86861],[-119.2269,53.86861],[-119.2269,53.86499],[-119.2269,53.86147],[-119.22078,53.86147],[-119.21466,53.86147],[-119.21466,53.86499]]],[[[-119.23944,53.87945],[-119.23944,53.88306],[-119.23944,53.88668],[-119.23944,53.89029],[-119.24556,53.89029],[-119.25167,53.89029],[-119.25779,53.89029],[-119.26376,53.89029],[-119.26376,53.88668],[-119.26376,53.88306],[-119.26376,53.87945],[-119.26376,53.87584],[-119.25779,53.87584],[-119.25167,53.87584],[-119.24556,53.87584],[-119.23944,53.87584],[-119.23944,53.87945]]],[[[-119.26421,53.89409],[-119.26421,53.8977],[-119.26422,53.90131],[-119.26422,53.90493],[-119.27033,53.90493],[-119.27645,53.90492],[-119.28257,53.90492],[-119.28853,53.90492],[-119.28853,53.90131],[-119.28853,53.89769],[-119.28257,53.8977],[-119.27645,53.8977],[-119.27645,53.89408],[-119.27645,53.89056],[-119.27033,53.89056],[-119.26421,53.89056],[-119.26421,53.89409]]],[[[-119.23944,53.89408],[-119.23944,53.8977],[-119.24556,53.8977],[-119.25167,53.8977],[-119.25167,53.90131],[-119.25167,53.90493],[-119.25779,53.90493],[-119.26376,53.90493],[-119.26376,53.90131],[-119.26376,53.8977],[-119.26376,53.89409],[-119.26376,53.89056],[-119.25779,53.89056],[-119.25167,53.89056],[-119.24556,53.89056],[-119.23944,53.89056],[-119.23944,53.89408]]],[[[-119.21466,53.85036],[-119.21466,53.85397],[-119.21466,53.85758],[-119.21466,53.8612],[-119.22078,53.8612],[-119.2269,53.8612],[-119.2269,53.85759],[-119.2269,53.85397],[-119.2269,53.85036],[-119.2269,53.84675],[-119.22078,53.84674],[-119.21466,53.84674],[-119.21466,53.85036]]],[[[-119.2269,53.89408],[-119.2269,53.8977],[-119.23302,53.8977],[-119.23898,53.8977],[-119.23898,53.89408],[-119.23898,53.89056],[-119.23302,53.89056],[-119.2269,53.89056],[-119.2269,53.89408]]]]},"properties":{"OBJECTID":462,"BusinessKey":"0131320110066","AgreementType":"013","AgreementNumber":"1320110066","TractIdentifier":"00","MineralType":"COAL","AgreementGroup":"LEASE","Status":"ACTIVE","LicenceVintage":"PRIMARY","DesRepName":"HORN RIDGE RESOURCES LTD.","PartyName":"HORN RIDGE RESOURCES LTD.(100.0000000%)","Zone":"COAL","OriginalArea":1280,"AgreementArea":1280,"TermDate":"2020/11/06","ContinuationDate":"","CurrentExpiryText":"2035/11/06","SHAPE.STArea()":12834202.003206145,"SHAPE.STLength()":36828.683604378275}},{"type":"Feature","id":81,"geometry":{"type":"MultiPolygon","coordinates":[[[[-119.11558,53.90852],[-119.11558,53.91214],[-119.11558,53.91575],[-119.11558,53.91936],[-119.1217,53.91936],[-119.12782,53.91936],[-119.13394,53.91936],[-119.1399,53.91936],[-119.1399,53.91575],[-119.1399,53.91213],[-119.1399,53.90852],[-119.1399,53.90491],[-119.13394,53.90491],[-119.12782,53.90491],[-119.1217,53.90491],[-119.11558,53.90491],[-119.11558,53.90852]]],[[[-119.14036,53.92316],[-119.14036,53.92677],[-119.14036,53.93038],[-119.14036,53.934],[-119.14648,53.93399],[-119.15259,53.93399],[-119.15871,53.93399],[-119.16468,53.93399],[-119.16468,53.93037],[-119.16468,53.92676],[-119.16468,53.92315],[-119.16468,53.91962],[-119.15872,53.91963],[-119.1526,53.91963],[-119.14648,53.91963],[-119.14036,53.91963],[-119.14036,53.92316]]],[[[-119.14036,53.90852],[-119.14036,53.91213],[-119.14036,53.91575],[-119.14036,53.91936],[-119.14648,53.91936],[-119.1526,53.91936],[-119.1526,53.91574],[-119.1526,53.91213],[-119.1526,53.90852],[-119.1526,53.9049],[-119.14648,53.9049],[-119.14036,53.90491],[-119.14036,53.90852]]],[[[-119.10304,53.90852],[-119.10304,53.91214],[-119.10916,53.91214],[-119.11513,53.91214],[-119.11513,53.90852],[-119.11513,53.90491],[-119.10916,53.90491],[-119.10304,53.90491],[-119.10304,53.90852]]],[[[-119.12782,53.92316],[-119.12782,53.92677],[-119.13394,53.92677],[-119.1399,53.92677],[-119.1399,53.92316],[-119.1399,53.91963],[-119.13394,53.91963],[-119.12782,53.91963],[-119.12782,53.92316]]]]},"properties":{"OBJECTID":81,"BusinessKey":"0131312050625","AgreementType":"013","AgreementNumber":"1312050625","TractIdentifier":"00","MineralType":"COAL","AgreementGroup":"LEASE","Status":"ACTIVE","LicenceVintage":"PRIMARY","DesRepName":"SUMMIT COAL INC.","PartyName":"SUMMIT COAL INC.(100.0000000%)","Zone":"COAL","OriginalArea":768,"AgreementArea":768,"TermDate":"2012/05/03","ContinuationDate":"","CurrentExpiryText":"2027/05/03","SHAPE.STArea()":7690122.1565974597,"SHAPE.STLength()":24008.935846349348}},{"type":"Feature","id":87,"geometry":{"type":"MultiPolygon","coordinates":[[[[-119.4751,54.0977],[-119.4751,54.10131],[-119.47511,54.10492],[-119.47511,54.10854],[-119.47511,54.11215],[-119.47511,54.113],[-119.47511,54.11576],[-119.47511,54.11938],[-119.47511,54.12299],[-119.48129,54.12299],[-119.48747,54.12298],[-119.49365,54.12298],[-119.49968,54.12298],[-119.49968,54.11936],[-119.49968,54.11575],[-119.49968,54.11214],[-119.49968,54.10852],[-119.49968,54.10491],[-119.49968,54.1013],[-119.49968,54.09768],[-119.49968,54.09416],[-119.49365,54.09416],[-119.48747,54.09417],[-119.48129,54.09417],[-119.4751,54.09417],[-119.4751,54.0977]]],[[[-119.45007,54.0977],[-119.45007,54.10132],[-119.45007,54.10493],[-119.45007,54.10854],[-119.45007,54.11216],[-119.45007,54.11577],[-119.45007,54.11939],[-119.45007,54.123],[-119.45625,54.123],[-119.46244,54.123],[-119.46862,54.12299],[-119.47465,54.12299],[-119.47465,54.11938],[-119.47465,54.11576],[-119.47464,54.11215],[-119.47464,54.10854],[-119.47464,54.10492],[-119.47464,54.10131],[-119.47464,54.0977],[-119.47464,54.09417],[-119.46861,54.09418],[-119.46243,54.09418],[-119.45625,54.09418],[-119.45007,54.09418],[-119.45007,54.0977]]],[[[-119.45007,54.12679],[-119.45007,54.13041],[-119.45007,54.13402],[-119.45007,54.13763],[-119.45008,54.14125],[-119.45008,54.14486],[-119.45008,54.14848],[-119.45008,54.15209],[-119.45626,54.15209],[-119.46244,54.15209],[-119.46862,54.15208],[-119.47465,54.15208],[-119.47465,54.14847],[-119.47465,54.14485],[-119.47465,54.14124],[-119.47465,54.13763],[-119.47465,54.13401],[-119.47465,54.1304],[-119.47465,54.12679],[-119.47465,54.12326],[-119.46862,54.12326],[-119.46244,54.12327],[-119.45625,54.12327],[-119.45007,54.12327],[-119.45007,54.12679]]],[[[-119.47511,54.12679],[-119.47511,54.1304],[-119.47511,54.13401],[-119.47511,54.13763],[-119.48129,54.13762],[-119.48747,54.13762],[-119.49365,54.13762],[-119.49968,54.13761],[-119.49968,54.134],[-119.49968,54.13039],[-119.49968,54.12677],[-119.49968,54.12325],[-119.49365,54.12325],[-119.48747,54.12326],[-119.48129,54.12326],[-119.47511,54.12326],[-119.47511,54.12679]]]]},"properties":{"OBJECTID":87,"BusinessKey":"0131312050632","AgreementType":"013","AgreementNumber":"1312050632","TractIdentifier":"00","MineralType":"COAL","AgreementGroup":"LEASE","Status":"ACTIVE","LicenceVintage":"PRIMARY","DesRepName":"SUMMIT COAL INC.","PartyName":"SUMMIT COAL INC.(100.0000000%)","Zone":"COAL","OriginalArea":1792,"AgreementArea":1792,"TermDate":"2012/05/03","ContinuationDate":"","CurrentExpiryText":"2027/05/03","SHAPE.STArea()":18040014.5475845,"SHAPE.STLength()":35306.387922525748}},{"type":"Feature","id":38,"geometry":{"type":"MultiPolygon","coordinates":[[[[-119.6001,54.18497],[-119.6001,54.18858],[-119.6001,54.19219],[-119.6001,54.19581],[-119.6001,54.19942],[-119.6001,54.20303],[-119.6001,54.20665],[-119.6001,54.21026],[-119.60627,54.21026],[-119.61244,54.21026],[-119.61861,54.21026],[-119.62463,54.21025],[-119.62463,54.20664],[-119.62463,54.20303],[-119.62463,54.19941],[-119.62463,54.1958],[-119.62463,54.19218],[-119.62462,54.18857],[-119.62462,54.18496],[-119.62462,54.18143],[-119.61861,54.18144],[-119.61244,54.18144],[-119.60627,54.18144],[-119.6001,54.18144],[-119.6001,54.18497]]],[[[-119.62509,54.18496],[-119.62509,54.18857],[-119.62509,54.19218],[-119.62509,54.1958],[-119.62509,54.19941],[-119.62509,54.20303],[-119.62509,54.20664],[-119.62509,54.21025],[-119.63126,54.21025],[-119.63743,54.21024],[-119.6436,54.21024],[-119.64962,54.21023],[-119.64962,54.20662],[-119.64962,54.203],[-119.64962,54.19939],[-119.64962,54.19578],[-119.64962,54.19216],[-119.64962,54.18855],[-119.64961,54.18494],[-119.64961,54.18141],[-119.6436,54.18142],[-119.63743,54.18142],[-119.63126,54.18143],[-119.62509,54.18143],[-119.62509,54.18496]]],[[[-119.6001,54.17033],[-119.6001,54.17394],[-119.6001,54.17756],[-119.6001,54.18117],[-119.60627,54.18117],[-119.61244,54.18117],[-119.61861,54.18117],[-119.62462,54.18116],[-119.62462,54.17755],[-119.62462,54.17393],[-119.62462,54.17032],[-119.62462,54.16671],[-119.61861,54.16671],[-119.61244,54.16671],[-119.60627,54.16671],[-119.6001,54.16672],[-119.6001,54.17033]]],[[[-119.65008,54.19939],[-119.65008,54.203],[-119.65008,54.20662],[-119.65008,54.21023],[-119.65625,54.21023],[-119.66242,54.21024],[-119.66859,54.21024],[-119.67461,54.21024],[-119.67461,54.20663],[-119.67461,54.20302],[-119.67461,54.1994],[-119.67461,54.19579],[-119.6703,54.19579],[-119.66859,54.19579],[-119.66242,54.19578],[-119.65625,54.19578],[-119.65008,54.19578],[-119.65008,54.19939]]],[[[-119.62508,54.15587],[-119.62508,54.15948],[-119.62509,54.16309],[-119.62509,54.16671],[-119.63126,54.1667],[-119.63743,54.1667],[-119.6436,54.16669],[-119.64961,54.16669],[-119.64961,54.16308],[-119.64961,54.15946],[-119.64961,54.15585],[-119.64961,54.15233],[-119.6436,54.15233],[-119.63743,54.15234],[-119.63125,54.15234],[-119.62508,54.15234],[-119.62508,54.15587]]],[[[-119.65008,54.21402],[-119.65008,54.21764],[-119.65008,54.22125],[-119.65008,54.22486],[-119.65625,54.22487],[-119.66242,54.22487],[-119.66859,54.22487],[-119.67461,54.22488],[-119.67461,54.22126],[-119.67461,54.21765],[-119.67461,54.21404],[-119.67461,54.21051],[-119.66859,54.21051],[-119.66242,54.21051],[-119.65625,54.2105],[-119.65008,54.2105],[-119.65008,54.21402]]],[[[-119.62509,54.17755],[-119.62509,54.18116],[-119.63126,54.18116],[-119.63743,54.18115],[-119.6436,54.18115],[-119.64961,54.18114],[-119.64961,54.17988],[-119.64961,54.17753],[-119.64961,54.17392],[-119.6436,54.17392],[-119.63743,54.17393],[-119.63126,54.17393],[-119.62509,54.17393],[-119.62509,54.17755]]],[[[-119.60009,54.15587],[-119.60009,54.15949],[-119.60626,54.15949],[-119.61244,54.15948],[-119.61861,54.15948],[-119.62462,54.15948],[-119.62462,54.15587],[-119.62462,54.15234],[-119.61861,54.15234],[-119.61243,54.15235],[-119.60626,54.15235],[-119.60009,54.15235],[-119.60009,54.15587]]]]},"properties":{"OBJECTID":38,"BusinessKey":"A13 110415703","AgreementType":"A13","AgreementNumber":" 110415703","TractIdentifier":"00","MineralType":"COAL","AgreementGroup":"APP","Status":"ACTIVE","LicenceVintage":"","DesRepName":"PEACE RIVER COAL INC.","PartyName":"PEACE RIVER COAL INC.(100.0000000%)","Zone":"COAL","OriginalArea":2304,"AgreementArea":2304,"TermDate":"2011/11/09","ContinuationDate":"","CurrentExpiryText":"","SHAPE.STArea()":23119970.354119305,"SHAPE.STLength()":54499.360752824163}},{"type":"Feature","id":101,"geometry":{"type":"MultiPolygon","coordinates":[[[[-119.09996,54.24322],[-119.09996,54.24684],[-119.09996,54.25045],[-119.09996,54.25406],[-119.09996,54.25768],[-119.09996,54.26129],[-119.09996,54.2649],[-119.09996,54.26852],[-119.10613,54.26852],[-119.1123,54.26852],[-119.11847,54.26852],[-119.12448,54.26852],[-119.12448,54.26491],[-119.12448,54.26129],[-119.12448,54.25768],[-119.12448,54.25406],[-119.12448,54.25045],[-119.12448,54.24684],[-119.12448,54.24322],[-119.12448,54.23961],[-119.11846,54.23961],[-119.11229,54.23961],[-119.10612,54.23961],[-119.09996,54.23961],[-119.09996,54.24322]]],[[[-119.12494,54.24322],[-119.12494,54.24684],[-119.12494,54.25045],[-119.12494,54.25406],[-119.12494,54.25768],[-119.12494,54.26129],[-119.12494,54.26491],[-119.12495,54.26852],[-119.13112,54.26852],[-119.13729,54.26852],[-119.13728,54.2649],[-119.13728,54.26129],[-119.13728,54.25768],[-119.13728,54.25406],[-119.13728,54.25045],[-119.13728,54.24683],[-119.13728,54.24322],[-119.13728,54.23961],[-119.13111,54.23961],[-119.12494,54.23961],[-119.12494,54.24322]]],[[[-119.12494,54.22859],[-119.12494,54.2322],[-119.12494,54.23581],[-119.12494,54.23943],[-119.13111,54.23943],[-119.13728,54.23943],[-119.14345,54.23942],[-119.14947,54.23942],[-119.14947,54.23581],[-119.14947,54.23219],[-119.14947,54.22858],[-119.14947,54.22497],[-119.14345,54.22497],[-119.13902,54.22497],[-119.13728,54.22497],[-119.13111,54.22497],[-119.12494,54.22497],[-119.12494,54.22859]]],[[[-119.09995,54.22859],[-119.09995,54.2322],[-119.09995,54.23581],[-119.09996,54.23943],[-119.10612,54.23943],[-119.11229,54.23943],[-119.11846,54.23943],[-119.12448,54.23943],[-119.12448,54.23581],[-119.12448,54.2322],[-119.12448,54.22859],[-119.12448,54.22497],[-119.11846,54.22497],[-119.11229,54.22497],[-119.10612,54.22497],[-119.09995,54.22497],[-119.09995,54.22859]]],[[[-119.07497,54.22858],[-119.07497,54.23219],[-119.07497,54.23581],[-119.07497,54.23942],[-119.08114,54.23942],[-119.08731,54.23942],[-119.09348,54.23943],[-119.09949,54.23943],[-119.09949,54.23581],[-119.09949,54.2322],[-119.09949,54.22859],[-119.09949,54.22497],[-119.09348,54.22497],[-119.08731,54.22497],[-119.08114,54.22497],[-119.07497,54.22496],[-119.07497,54.22858]]]]},"properties":{"OBJECTID":101,"BusinessKey":"A13 120187301","AgreementType":"A13","AgreementNumber":" 120187301","TractIdentifier":"00","MineralType":"COAL","AgreementGroup":"APP","Status":"ACTIVE","LicenceVintage":"","DesRepName":"PEACE RIVER COAL INC.","PartyName":"PEACE RIVER COAL INC.(100.0000000%)","Zone":"COAL","OriginalArea":1536,"AgreementArea":1536,"TermDate":"2012/06/22","ContinuationDate":"","CurrentExpiryText":"","SHAPE.STArea()":15453531.582651965,"SHAPE.STLength()":36929.823288613828}},{"type":"Feature","id":44,"geometry":{"type":"MultiPolygon","coordinates":[[[[-119.75007,54.24314],[-119.75007,54.24675],[-119.75007,54.25036],[-119.75007,54.25398],[-119.75007,54.25759],[-119.75007,54.2612],[-119.75007,54.26482],[-119.75007,54.26843],[-119.75625,54.26843],[-119.76242,54.26843],[-119.76859,54.26843],[-119.77461,54.26842],[-119.77461,54.26481],[-119.77461,54.2612],[-119.77461,54.25758],[-119.77461,54.25397],[-119.77461,54.25036],[-119.77461,54.24674],[-119.77461,54.24313],[-119.77461,54.23952],[-119.76859,54.23952],[-119.76241,54.23952],[-119.75624,54.23952],[-119.75007,54.23952],[-119.75007,54.24314]]],[[[-119.77507,54.24313],[-119.77507,54.24674],[-119.77507,54.25036],[-119.77507,54.25397],[-119.77507,54.25758],[-119.77507,54.2612],[-119.77507,54.26481],[-119.77507,54.26842],[-119.78124,54.26842],[-119.78741,54.26842],[-119.79358,54.26842],[-119.7996,54.26841],[-119.7996,54.2648],[-119.7996,54.26119],[-119.7996,54.25757],[-119.7996,54.25396],[-119.7996,54.25035],[-119.7996,54.24673],[-119.7996,54.24312],[-119.7996,54.23951],[-119.79358,54.23951],[-119.78741,54.23951],[-119.78124,54.23951],[-119.77507,54.23952],[-119.77507,54.24313]]],[[[-119.80006,54.24312],[-119.80006,54.24673],[-119.80006,54.25035],[-119.80006,54.25396],[-119.80624,54.25396],[-119.80642,54.25396],[-119.81242,54.25396],[-119.81859,54.25396],[-119.82462,54.25396],[-119.82462,54.25035],[-119.82462,54.24674],[-119.82462,54.24312],[-119.82462,54.23951],[-119.81859,54.23951],[-119.81242,54.23951],[-119.80624,54.23951],[-119.80006,54.23951],[-119.80006,54.24312]]],[[[-119.77507,54.22849],[-119.77507,54.23211],[-119.77507,54.23572],[-119.77507,54.23934],[-119.78124,54.23933],[-119.78741,54.23933],[-119.79358,54.23933],[-119.7996,54.23933],[-119.7996,54.23571],[-119.7996,54.2321],[-119.7996,54.22848],[-119.7996,54.22487],[-119.79358,54.22487],[-119.78741,54.22488],[-119.78124,54.22488],[-119.77507,54.22488],[-119.77507,54.22849]]],[[[-119.75007,54.2285],[-119.75007,54.23211],[-119.75007,54.23518],[-119.75007,54.23573],[-119.75007,54.23934],[-119.75624,54.23934],[-119.76241,54.23934],[-119.76859,54.23934],[-119.77461,54.23934],[-119.7746,54.23572],[-119.7746,54.23211],[-119.7746,54.22849],[-119.7746,54.22488],[-119.76859,54.22488],[-119.76242,54.22488],[-119.75624,54.22489],[-119.75007,54.22489],[-119.75007,54.2285]]],[[[-119.75007,54.27223],[-119.75007,54.27584],[-119.75007,54.27945],[-119.75007,54.28307],[-119.75625,54.28307],[-119.76242,54.28306],[-119.76859,54.28306],[-119.77461,54.28306],[-119.77461,54.27945],[-119.77461,54.27583],[-119.77461,54.27222],[-119.77461,54.2687],[-119.76859,54.2687],[-119.76242,54.2687],[-119.75625,54.2687],[-119.75007,54.2687],[-119.75007,54.27223]]],[[[-119.77507,54.27222],[-119.77507,54.27583],[-119.77507,54.27945],[-119.77507,54.28306],[-119.78124,54.28306],[-119.78741,54.28305],[-119.79358,54.28305],[-119.7996,54.28305],[-119.7996,54.27943],[-119.7996,54.27582],[-119.7996,54.27221],[-119.7996,54.26868],[-119.79358,54.26869],[-119.78741,54.26869],[-119.78124,54.26869],[-119.77507,54.2687],[-119.77507,54.27222]]]]},"properties":{"OBJECTID":44,"BusinessKey":"A13 110415804","AgreementType":"A13","AgreementNumber":" 110415804","TractIdentifier":"00","MineralType":"COAL","AgreementGroup":"APP","Status":"ACTIVE","LicenceVintage":"","DesRepName":"PEACE RIVER COAL INC.","PartyName":"PEACE RIVER COAL INC.(100.0000000%)","Zone":"COAL","OriginalArea":2304,"AgreementArea":2304,"TermDate":"2011/11/09","ContinuationDate":"","CurrentExpiryText":"","SHAPE.STArea()":23139740.397918735,"SHAPE.STLength()":51326.905882644918}},{"type":"Feature","id":1,"geometry":{"type":"MultiPolygon","coordinates":[[[[-118.94187,53.80682],[-118.94188,53.81043],[-118.94188,53.81405],[-118.94188,53.81766],[-118.94188,53.82128],[-118.94188,53.82489],[-118.94188,53.82851],[-118.94188,53.83212],[-118.94801,53.83212],[-118.95414,53.83212],[-118.96027,53.83212],[-118.96625,53.83212],[-118.96625,53.82851],[-118.96625,53.82489],[-118.96625,53.82128],[-118.96625,53.81767],[-118.96625,53.81405],[-118.96625,53.81044],[-118.96625,53.80682],[-118.96625,53.8033],[-118.96027,53.8033],[-118.95414,53.8033],[-118.948,53.8033],[-118.94187,53.8033],[-118.94187,53.80682]]],[[[-118.91704,53.80681],[-118.91705,53.81043],[-118.91705,53.81404],[-118.91705,53.81766],[-118.91705,53.82127],[-118.91705,53.82488],[-118.91705,53.8285],[-118.91705,53.83211],[-118.92318,53.83211],[-118.92931,53.83212],[-118.93544,53.83212],[-118.94142,53.83212],[-118.94142,53.82851],[-118.94142,53.82489],[-118.94142,53.82128],[-118.94142,53.81766],[-118.94142,53.81405],[-118.94142,53.81043],[-118.94142,53.80682],[-118.94142,53.8033],[-118.93544,53.80329],[-118.92931,53.80329],[-118.92318,53.80329],[-118.91704,53.80329],[-118.91704,53.80681]]],[[[-118.89222,53.8068],[-118.89222,53.81041],[-118.89222,53.81403],[-118.89222,53.81764],[-118.89222,53.82125],[-118.89222,53.82487],[-118.89222,53.82848],[-118.89222,53.8321],[-118.89835,53.8321],[-118.90448,53.83211],[-118.91061,53.83211],[-118.91659,53.83211],[-118.91659,53.8285],[-118.91659,53.82488],[-118.91659,53.82127],[-118.91659,53.81765],[-118.91659,53.81404],[-118.91659,53.81043],[-118.91659,53.80681],[-118.91659,53.80329],[-118.91061,53.80329],[-118.90448,53.80328],[-118.89835,53.80328],[-118.89222,53.80327],[-118.89222,53.8068]]],[[[-118.91705,53.83591],[-118.91705,53.83952],[-118.91705,53.84314],[-118.91705,53.84675],[-118.91705,53.85036],[-118.91705,53.85398],[-118.91705,53.85759],[-118.91705,53.86121],[-118.92318,53.86121],[-118.92931,53.86121],[-118.93544,53.86121],[-118.94142,53.86121],[-118.94142,53.8576],[-118.94142,53.85398],[-118.94142,53.85037],[-118.94142,53.84676],[-118.94142,53.84314],[-118.94142,53.83953],[-118.94142,53.83591],[-118.94142,53.83239],[-118.93544,53.83239],[-118.92931,53.83239],[-118.92318,53.83239],[-118.91705,53.83238],[-118.91705,53.83591]]],[[[-118.89222,53.83589],[-118.89222,53.83951],[-118.89222,53.84312],[-118.89222,53.84674],[-118.89222,53.85035],[-118.89222,53.85396],[-118.89222,53.85758],[-118.89222,53.86119],[-118.89835,53.8612],[-118.90448,53.8612],[-118.91061,53.8612],[-118.91659,53.86121],[-118.91659,53.85759],[-118.91659,53.85398],[-118.91659,53.85036],[-118.91659,53.84675],[-118.91659,53.84313],[-118.91659,53.83952],[-118.91659,53.83591],[-118.91659,53.83238],[-118.91061,53.83238],[-118.90448,53.83238],[-118.89835,53.83237],[-118.89222,53.83237],[-118.89222,53.83589]]],[[[-119.60009,54.12679],[-119.60009,54.1304],[-119.60009,54.13401],[-119.60009,54.13763],[-119.60009,54.14124],[-119.60009,54.14485],[-119.60009,54.14847],[-119.60009,54.15208],[-119.60626,54.15208],[-119.61243,54.15208],[-119.61861,54.15207],[-119.62462,54.15207],[-119.62462,54.14846],[-119.62462,54.14484],[-119.62462,54.14123],[-119.62462,54.13762],[-119.62462,54.134],[-119.62462,54.13039],[-119.62462,54.12678],[-119.62462,54.12325],[-119.6186,54.12326],[-119.61243,54.12326],[-119.60626,54.12326],[-119.60009,54.12326],[-119.60009,54.12679]]],[[[-118.79313,53.77773],[-118.79313,53.78134],[-118.79313,53.78496],[-118.79313,53.78857],[-118.79313,53.78996],[-118.79313,53.79219],[-118.79313,53.7958],[-118.79313,53.79941],[-118.79313,53.80303],[-118.79925,53.80303],[-118.80537,53.80303],[-118.81148,53.80303],[-118.81745,53.80303],[-118.81745,53.79941],[-118.81745,53.7958],[-118.81745,53.79219],[-118.81745,53.78857],[-118.81745,53.78496],[-118.81745,53.78134],[-118.81745,53.77773],[-118.81745,53.77421],[-118.81148,53.77421],[-118.80536,53.77421],[-118.79925,53.77421],[-118.79313,53.77421],[-118.79313,53.77773]]],[[[-118.74358,53.77771],[-118.74358,53.78132],[-118.74358,53.78494],[-118.74358,53.78855],[-118.74358,53.79216],[-118.74358,53.79578],[-118.74358,53.79939],[-118.74358,53.80301],[-118.7497,53.80301],[-118.75582,53.80301],[-118.7612,53.80302],[-118.76193,53.80302],[-118.7679,53.80302],[-118.7679,53.79941],[-118.7679,53.79579],[-118.7679,53.79218],[-118.7679,53.78856],[-118.7679,53.78495],[-118.76789,53.78134],[-118.76789,53.77772],[-118.76789,53.7742],[-118.76193,53.7742],[-118.75581,53.77419],[-118.74969,53.77419],[-118.74358,53.77418],[-118.74358,53.77771]]],[[[-118.66925,53.77774],[-118.66925,53.78135],[-118.66925,53.78496],[-118.66925,53.78858],[-118.66925,53.79219],[-118.66925,53.79581],[-118.66926,53.79942],[-118.66926,53.80303],[-118.67537,53.80303],[-118.68149,53.80303],[-118.68761,53.80303],[-118.69357,53.80303],[-118.69357,53.79942],[-118.69357,53.7958],[-118.69357,53.79219],[-118.69357,53.78857],[-118.69357,53.78496],[-118.69357,53.78135],[-118.69357,53.77773],[-118.69357,53.77421],[-118.6876,53.77421],[-118.68149,53.77421],[-118.67537,53.77421],[-118.66925,53.77421],[-118.66925,53.77774]]],[[[-118.86744,53.77772],[-118.86744,53.78133],[-118.86744,53.78495],[-118.86744,53.78856],[-118.86744,53.79124],[-118.86744,53.79217],[-118.86745,53.79579],[-118.86745,53.7994],[-118.86745,53.80302],[-118.87356,53.80301],[-118.87968,53.80301],[-118.88579,53.80301],[-118.89176,53.803],[-118.89176,53.79939],[-118.89176,53.79578],[-118.89176,53.79216],[-118.89176,53.78855],[-118.89176,53.78493],[-118.89175,53.78132],[-118.89175,53.7777],[-118.89175,53.77418],[-118.88579,53.77418],[-118.87967,53.77419],[-118.87356,53.77419],[-118.86744,53.77419],[-118.86744,53.77772]]],[[[-118.84267,53.77773],[-118.84267,53.78134],[-118.84267,53.78495],[-118.84268,53.78857],[-118.84268,53.79218],[-118.84268,53.7958],[-118.84268,53.79941],[-118.84268,53.80302],[-118.84879,53.80302],[-118.85491,53.80302],[-118.86102,53.80302],[-118.86699,53.80302],[-118.86699,53.7994],[-118.86699,53.79579],[-118.86699,53.79217],[-118.86699,53.78856],[-118.86699,53.78671],[-118.86699,53.78495],[-118.86699,53.78133],[-118.86699,53.77772],[-118.86698,53.77419],[-118.86102,53.7742],[-118.85491,53.7742],[-118.84879,53.7742],[-118.84267,53.7742],[-118.84267,53.77773]]],[[[-118.8179,53.77773],[-118.8179,53.78134],[-118.8179,53.78496],[-118.81791,53.78857],[-118.81791,53.79219],[-118.81791,53.7958],[-118.81791,53.79941],[-118.81791,53.80303],[-118.82402,53.80303],[-118.83014,53.80303],[-118.83626,53.80303],[-118.84222,53.80302],[-118.84222,53.79941],[-118.84222,53.7958],[-118.84222,53.79218],[-118.84222,53.78857],[-118.84222,53.78495],[-118.84222,53.78134],[-118.84222,53.77773],[-118.84222,53.7742],[-118.83625,53.7742],[-118.83014,53.77421],[-118.82402,53.77421],[-118.8179,53.77421],[-118.8179,53.77773]]],[[[-118.74358,53.8068],[-118.74358,53.81042],[-118.74358,53.81403],[-118.74358,53.81764],[-118.74358,53.82126],[-118.74358,53.82487],[-118.74358,53.82849],[-118.74358,53.8321],[-118.7497,53.8321],[-118.75582,53.83211],[-118.76194,53.83211],[-118.7679,53.83211],[-118.7679,53.8285],[-118.7679,53.82489],[-118.7679,53.82127],[-118.7679,53.81766],[-118.7679,53.81404],[-118.7679,53.81043],[-118.7679,53.80682],[-118.7679,53.80329],[-118.76193,53.80329],[-118.75582,53.80329],[-118.7497,53.80328],[-118.74358,53.80328],[-118.74358,53.8068]]],[[[-118.76836,53.80682],[-118.76836,53.81043],[-118.76836,53.81404],[-118.76836,53.81766],[-118.76836,53.82127],[-118.76836,53.82489],[-118.76836,53.8285],[-118.76836,53.83211],[-118.77448,53.83212],[-118.7806,53.83212],[-118.78671,53.83212],[-118.79268,53.83212],[-118.79268,53.82851],[-118.79268,53.82489],[-118.79268,53.82128],[-118.79268,53.81766],[-118.79268,53.81405],[-118.79267,53.81044],[-118.79267,53.80682],[-118.79267,53.8033],[-118.78671,53.8033],[-118.78059,53.8033],[-118.77447,53.80329],[-118.76836,53.80329],[-118.76836,53.80682]]],[[[-118.86745,53.80681],[-118.86745,53.81043],[-118.86745,53.81404],[-118.86745,53.81765],[-118.86745,53.82127],[-118.86745,53.82488],[-118.86745,53.8285],[-118.86745,53.83211],[-118.87356,53.83211],[-118.87968,53.8321],[-118.8858,53.8321],[-118.89176,53.8321],[-118.89176,53.82848],[-118.89176,53.82487],[-118.89176,53.82126],[-118.89176,53.81764],[-118.89176,53.81403],[-118.89176,53.81041],[-118.89176,53.8068],[-118.89176,53.80327],[-118.88579,53.80328],[-118.87968,53.80328],[-118.87356,53.80328],[-118.86745,53.80329],[-118.86745,53.80681]]],[[[-118.86745,53.83591],[-118.86745,53.83952],[-118.86745,53.84313],[-118.86745,53.84675],[-118.86745,53.85036],[-118.86745,53.85398],[-118.86745,53.85759],[-118.86745,53.8612],[-118.87356,53.8612],[-118.87968,53.8612],[-118.8858,53.8612],[-118.89176,53.86119],[-118.89176,53.85758],[-118.89176,53.85396],[-118.89176,53.85035],[-118.89176,53.84674],[-118.89176,53.84312],[-118.89176,53.83951],[-118.89176,53.83589],[-118.89176,53.83237],[-118.8858,53.83237],[-118.87968,53.83238],[-118.87356,53.83238],[-118.86745,53.83238],[-118.86745,53.83591]]],[[[-118.84268,53.83591],[-118.84268,53.83953],[-118.84268,53.84314],[-118.84268,53.84675],[-118.84268,53.85037],[-118.84268,53.85398],[-118.84268,53.8576],[-118.84268,53.86121],[-118.84879,53.86121],[-118.85491,53.86121],[-118.86103,53.86121],[-118.86699,53.8612],[-118.86699,53.85759],[-118.86699,53.85398],[-118.86699,53.85036],[-118.86699,53.84675],[-118.86699,53.84313],[-118.86699,53.83952],[-118.86699,53.83591],[-118.86699,53.83238],[-118.86103,53.83238],[-118.85491,53.83239],[-118.84879,53.83239],[-118.84268,53.83239],[-118.84268,53.83591]]],[[[-118.81791,53.83592],[-118.81791,53.83953],[-118.81791,53.84314],[-118.81791,53.84676],[-118.81791,53.85037],[-118.81791,53.85399],[-118.81791,53.8576],[-118.81791,53.86121],[-118.82403,53.86121],[-118.83014,53.86121],[-118.83626,53.86121],[-118.84222,53.86121],[-118.84222,53.8576],[-118.84222,53.85398],[-118.84222,53.85037],[-118.84222,53.84675],[-118.84222,53.84314],[-118.84222,53.83953],[-118.84222,53.83591],[-118.84222,53.83239],[-118.83626,53.83239],[-118.83014,53.83239],[-118.82403,53.83239],[-118.81791,53.83239],[-118.81791,53.83592]]],[[[-118.86745,53.865],[-118.86745,53.86861],[-118.86745,53.87223],[-118.86745,53.87584],[-118.86745,53.87946],[-118.86745,53.88307],[-118.86745,53.88668],[-118.86745,53.8903],[-118.87356,53.8903],[-118.87968,53.89029],[-118.8858,53.89029],[-118.88899,53.89029],[-118.88901,53.89029],[-118.88903,53.89028],[-118.89045,53.88978],[-118.89045,53.88978],[-118.89048,53.88977],[-118.89175,53.88904],[-118.89176,53.88903],[-118.89176,53.88903],[-118.89176,53.88667],[-118.89176,53.88306],[-118.89176,53.87944],[-118.89176,53.87583],[-118.89176,53.87222],[-118.89176,53.8686],[-118.89176,53.86499],[-118.89176,53.86146],[-118.8858,53.86147],[-118.87968,53.86147],[-118.87356,53.86147],[-118.86745,53.86148],[-118.86745,53.865]]],[[[-118.94188,53.8576],[-118.94188,53.86112],[-118.94188,53.86121],[-118.94801,53.86121],[-118.95174,53.86121],[-118.95174,53.86121],[-118.95175,53.86121],[-118.95176,53.86121],[-118.95414,53.86],[-118.96526,53.85434],[-118.96527,53.85434],[-118.96527,53.85434],[-118.96531,53.85432],[-118.96597,53.85399],[-118.96597,53.85399],[-118.96625,53.85399],[-118.96625,53.85037],[-118.96625,53.84676],[-118.96625,53.84315],[-118.96625,53.83953],[-118.96625,53.83592],[-118.96625,53.83239],[-118.96027,53.83239],[-118.95414,53.83239],[-118.94801,53.83239],[-118.94188,53.83239],[-118.94188,53.83591],[-118.94188,53.83953],[-118.94188,53.84314],[-118.94188,53.84676],[-118.94188,53.85037],[-118.94188,53.85399],[-118.94188,53.8576]]],[[[-118.76835,53.77772],[-118.76835,53.78134],[-118.76835,53.78495],[-118.76835,53.78856],[-118.76835,53.79218],[-118.76835,53.79579],[-118.76836,53.79941],[-118.76836,53.80302],[-118.77447,53.80302],[-118.78059,53.80302],[-118.78671,53.80303],[-118.79267,53.80303],[-118.79267,53.79941],[-118.79267,53.7958],[-118.79267,53.79219],[-118.79267,53.78857],[-118.79267,53.78496],[-118.79267,53.78134],[-118.78671,53.78134],[-118.78059,53.78134],[-118.78059,53.77773],[-118.78059,53.7742],[-118.77447,53.7742],[-118.76835,53.7742],[-118.76835,53.77772]]],[[[-118.71881,53.80682],[-118.71881,53.81043],[-118.71881,53.81404],[-118.71881,53.81766],[-118.71881,53.82127],[-118.71881,53.82489],[-118.72493,53.82488],[-118.73104,53.82488],[-118.73104,53.82849],[-118.73716,53.82849],[-118.74313,53.82849],[-118.74312,53.82487],[-118.74312,53.82126],[-118.74312,53.81764],[-118.74312,53.81403],[-118.74312,53.81042],[-118.74312,53.8068],[-118.74312,53.80328],[-118.73716,53.80328],[-118.73104,53.80329],[-118.72492,53.80329],[-118.71881,53.80329],[-118.71881,53.80682]]],[[[-118.89222,53.86499],[-118.89222,53.8686],[-118.89222,53.87222],[-118.89222,53.87583],[-118.89222,53.87944],[-118.89222,53.88306],[-118.89222,53.88667],[-118.89222,53.88877],[-118.89224,53.88877],[-118.90228,53.88306],[-118.90448,53.88181],[-118.91448,53.87613],[-118.91499,53.87584],[-118.91658,53.87494],[-118.91659,53.87493],[-118.91659,53.87493],[-118.91659,53.87223],[-118.91659,53.86861],[-118.91659,53.865],[-118.91659,53.86148],[-118.91061,53.86147],[-118.90448,53.86147],[-118.89835,53.86147],[-118.89222,53.86146],[-118.89222,53.86499]]],[[[-119.62508,54.134],[-119.62508,54.13762],[-119.62508,54.14123],[-119.62508,54.14484],[-119.62508,54.14846],[-119.62508,54.15207],[-119.63125,54.15207],[-119.63743,54.15206],[-119.6436,54.15206],[-119.64961,54.15206],[-119.64961,54.14844],[-119.64961,54.14483],[-119.64961,54.14122],[-119.64961,54.1376],[-119.64359,54.13761],[-119.63742,54.13761],[-119.63742,54.134],[-119.63742,54.13038],[-119.63125,54.13039],[-119.62508,54.13039],[-119.62508,54.134]]],[[[-118.69403,53.78496],[-118.69403,53.78857],[-118.69403,53.79219],[-118.69403,53.7958],[-118.69403,53.79942],[-118.69403,53.80303],[-118.70015,53.80303],[-118.70627,53.80303],[-118.71238,53.80302],[-118.71835,53.80302],[-118.71835,53.79941],[-118.71835,53.79579],[-118.71835,53.79218],[-118.71835,53.78856],[-118.71238,53.78857],[-118.70626,53.78857],[-118.70626,53.78496],[-118.70626,53.78134],[-118.70014,53.78134],[-118.69403,53.78135],[-118.69403,53.78496]]],[[[-118.79314,53.83591],[-118.79314,53.83953],[-118.79314,53.84314],[-118.79314,53.84676],[-118.79925,53.84676],[-118.79925,53.85037],[-118.80537,53.85037],[-118.81149,53.85037],[-118.81149,53.85399],[-118.81745,53.85399],[-118.81745,53.85037],[-118.81745,53.84676],[-118.81745,53.84314],[-118.81745,53.83953],[-118.81745,53.83592],[-118.81745,53.83239],[-118.81149,53.83239],[-118.80537,53.83239],[-118.79925,53.83239],[-118.79314,53.83239],[-118.79314,53.83591]]],[[[-118.84268,53.86501],[-118.84268,53.86862],[-118.84879,53.86862],[-118.85491,53.86862],[-118.85491,53.87223],[-118.85491,53.87585],[-118.85491,53.87946],[-118.85491,53.88307],[-118.85491,53.88669],[-118.85491,53.8903],[-118.86103,53.8903],[-118.86699,53.8903],[-118.86699,53.88668],[-118.86699,53.88307],[-118.86699,53.87946],[-118.86699,53.87584],[-118.86699,53.87223],[-118.86699,53.86861],[-118.86699,53.865],[-118.86699,53.86148],[-118.86103,53.86148],[-118.85491,53.86148],[-118.84879,53.86148],[-118.84268,53.86148],[-118.84268,53.86501]]],[[[-118.64447,53.7631],[-118.64448,53.76671],[-118.64448,53.77033],[-118.64448,53.77394],[-118.65059,53.77394],[-118.65671,53.77394],[-118.66283,53.77394],[-118.66879,53.77394],[-118.66879,53.77033],[-118.66879,53.76671],[-118.66879,53.7631],[-118.66879,53.75948],[-118.66283,53.75948],[-118.65671,53.75948],[-118.65059,53.75948],[-118.64447,53.75948],[-118.64447,53.7631]]],[[[-118.86744,53.76308],[-118.86744,53.7667],[-118.86744,53.77031],[-118.86744,53.77392],[-118.87356,53.77392],[-118.87967,53.77392],[-118.88579,53.77391],[-118.89175,53.77391],[-118.89175,53.7703],[-118.89175,53.76668],[-118.89175,53.76307],[-118.89175,53.75945],[-118.88579,53.75946],[-118.87967,53.75946],[-118.87356,53.75946],[-118.86744,53.75947],[-118.86744,53.76308]]],[[[-118.84267,53.76309],[-118.84267,53.7667],[-118.84267,53.77032],[-118.84267,53.77393],[-118.84879,53.77393],[-118.85491,53.77393],[-118.86102,53.77393],[-118.86698,53.77392],[-118.86698,53.77031],[-118.86698,53.7667],[-118.86698,53.76308],[-118.86698,53.75947],[-118.86102,53.75947],[-118.8549,53.75947],[-118.84879,53.75947],[-118.84267,53.75948],[-118.84267,53.76309]]],[[[-118.8179,53.76309],[-118.8179,53.76671],[-118.8179,53.77032],[-118.8179,53.77394],[-118.82402,53.77394],[-118.83014,53.77393],[-118.83625,53.77393],[-118.84222,53.77393],[-118.84222,53.77032],[-118.84221,53.7667],[-118.84221,53.76309],[-118.84221,53.75948],[-118.83625,53.75948],[-118.83013,53.75948],[-118.82402,53.75948],[-118.8179,53.75948],[-118.8179,53.76309]]],[[[-118.7188,53.79218],[-118.7188,53.79579],[-118.7188,53.79941],[-118.71881,53.80302],[-118.72492,53.80302],[-118.73104,53.80301],[-118.73716,53.80301],[-118.74312,53.80301],[-118.74312,53.79939],[-118.74312,53.79578],[-118.74312,53.79216],[-118.74312,53.78855],[-118.73716,53.78855],[-118.73104,53.78856],[-118.72492,53.78856],[-118.7188,53.78856],[-118.7188,53.79218]]],[[[-118.79313,53.82128],[-118.79313,53.82489],[-118.79314,53.82851],[-118.79314,53.83212],[-118.79925,53.83212],[-118.80537,53.83212],[-118.81149,53.83212],[-118.81745,53.83212],[-118.81745,53.82851],[-118.81745,53.82489],[-118.81745,53.82128],[-118.81745,53.81766],[-118.81149,53.81767],[-118.80537,53.81766],[-118.79925,53.81766],[-118.79313,53.81766],[-118.79313,53.82128]]],[[[-118.64448,53.77773],[-118.64448,53.78135],[-118.65059,53.78135],[-118.65671,53.78135],[-118.65671,53.78496],[-118.65671,53.78858],[-118.66228,53.78858],[-118.66283,53.78858],[-118.66283,53.79219],[-118.6688,53.79219],[-118.6688,53.78858],[-118.6688,53.78496],[-118.6688,53.78135],[-118.66879,53.77774],[-118.66879,53.77421],[-118.66283,53.77421],[-118.65671,53.77421],[-118.65059,53.77421],[-118.64448,53.77421],[-118.64448,53.77773]]],[[[-118.74357,53.76307],[-118.74357,53.76669],[-118.74358,53.7703],[-118.74358,53.77391],[-118.74969,53.77392],[-118.75581,53.77392],[-118.76193,53.77393],[-118.76789,53.77393],[-118.76789,53.77031],[-118.76789,53.7667],[-118.76193,53.7667],[-118.75581,53.76669],[-118.75581,53.76308],[-118.75581,53.75947],[-118.74969,53.75946],[-118.74357,53.75946],[-118.74357,53.76307]]],[[[-118.7188,53.76309],[-118.7188,53.7667],[-118.72492,53.7667],[-118.73103,53.76669],[-118.73104,53.77031],[-118.73104,53.77392],[-118.73715,53.77392],[-118.74312,53.77391],[-118.74312,53.77158],[-118.74312,53.7703],[-118.74312,53.76669],[-118.74312,53.76307],[-118.74312,53.75946],[-118.73715,53.75946],[-118.73103,53.75947],[-118.72492,53.75947],[-118.7188,53.75947],[-118.7188,53.76309]]],[[[-118.69403,53.80682],[-118.69403,53.81044],[-118.70015,53.81044],[-118.70432,53.81044],[-118.70627,53.81043],[-118.70627,53.81405],[-118.70627,53.81766],[-118.71238,53.81766],[-118.71835,53.81766],[-118.71835,53.81404],[-118.71835,53.81043],[-118.71835,53.80682],[-118.71835,53.80329],[-118.71238,53.80329],[-118.70627,53.8033],[-118.70015,53.8033],[-118.69618,53.8033],[-118.69403,53.8033],[-118.69403,53.80682]]],[[[-118.91705,53.87223],[-118.91705,53.87467],[-118.91707,53.87466],[-118.9191,53.8735],[-118.91915,53.87348],[-118.91921,53.87346],[-118.9293,53.86984],[-118.92931,53.86983],[-118.92931,53.86982],[-118.92931,53.86898],[-118.92931,53.86862],[-118.92992,53.86862],[-118.93268,53.86862],[-118.9327,53.86862],[-118.93272,53.86861],[-118.93427,53.86806],[-118.94139,53.86551],[-118.9414,53.8655],[-118.94142,53.86549],[-118.94142,53.86501],[-118.94142,53.86148],[-118.94127,53.86148],[-118.93544,53.86148],[-118.92931,53.86148],[-118.92318,53.86148],[-118.91705,53.86148],[-118.91705,53.865],[-118.91705,53.86861],[-118.91705,53.87223]]],[[[-118.96671,53.85037],[-118.96671,53.85361],[-118.96672,53.8536],[-118.97246,53.85069],[-118.97247,53.85068],[-118.97896,53.84684],[-118.97897,53.84683],[-118.97897,53.84676],[-118.9791,53.84676],[-118.97912,53.84675],[-118.99107,53.83968],[-118.99108,53.83967],[-118.99108,53.83966],[-118.99108,53.83965],[-118.99108,53.83954],[-118.99108,53.83953],[-118.99106,53.83953],[-118.9851,53.83953],[-118.97897,53.83953],[-118.97284,53.83953],[-118.96671,53.83953],[-118.96671,53.84315],[-118.96671,53.84676],[-118.96671,53.85037]]],[[[-118.96671,53.82128],[-118.96671,53.82489],[-118.96671,53.82851],[-118.96671,53.83212],[-118.97284,53.83212],[-118.97897,53.83212],[-118.97897,53.82851],[-118.97897,53.82489],[-118.97897,53.82128],[-118.97897,53.81766],[-118.97284,53.81767],[-118.96671,53.81767],[-118.96671,53.82128]]],[[[-119.43767,54.02487],[-119.43767,54.02849],[-119.43767,54.0321],[-119.43768,54.03571],[-119.44379,54.03571],[-119.44991,54.03571],[-119.44991,54.0321],[-119.44991,54.02848],[-119.44991,54.02487],[-119.44991,54.02126],[-119.44379,54.02126],[-119.43767,54.02126],[-119.43767,54.02487]]],[[[-118.80536,53.76309],[-118.80536,53.76671],[-118.80536,53.77032],[-118.80536,53.77394],[-118.81148,53.77394],[-118.81745,53.77394],[-118.81745,53.77032],[-118.81745,53.76671],[-118.81744,53.76309],[-118.81744,53.75948],[-118.81148,53.75948],[-118.80536,53.75948],[-118.80536,53.76309]]],[[[-118.63193,53.76309],[-118.63194,53.76671],[-118.63194,53.77032],[-118.63194,53.77394],[-118.63805,53.77394],[-118.64402,53.77394],[-118.64402,53.77033],[-118.64402,53.76671],[-118.64402,53.7631],[-118.64402,53.75948],[-118.63805,53.75948],[-118.63193,53.75948],[-118.63193,53.76309]]],[[[-118.76836,53.83591],[-118.76836,53.83952],[-118.77448,53.83952],[-118.7806,53.83953],[-118.78671,53.83953],[-118.79268,53.83953],[-118.79268,53.83591],[-118.79268,53.83239],[-118.78671,53.83239],[-118.7806,53.83239],[-118.77448,53.83239],[-118.76836,53.83238],[-118.76836,53.83591]]],[[[-119.42513,54.01765],[-119.42513,54.01403],[-119.41901,54.01403],[-119.4129,54.01404],[-119.4129,54.01765],[-119.4129,54.02126],[-119.41901,54.02126],[-119.42513,54.02126],[-119.42513,54.01765]]],[[[-119.40035,54.01765],[-119.40035,54.02126],[-119.40647,54.02126],[-119.41244,54.02126],[-119.41244,54.01765],[-119.41244,54.01404],[-119.40647,54.01404],[-119.40035,54.01404],[-119.40035,54.01765]]],[[[-119.42513,54.02126],[-119.42513,54.02488],[-119.42513,54.02849],[-119.43125,54.02849],[-119.43721,54.02849],[-119.43721,54.02487],[-119.43721,54.02126],[-119.43125,54.02126],[-119.42513,54.02126]]],[[[-118.63194,53.77773],[-118.63194,53.78135],[-118.63805,53.78135],[-118.64402,53.78135],[-118.64402,53.77773],[-118.64402,53.77421],[-118.63805,53.77421],[-118.63194,53.77421],[-118.63194,53.77773]]],[[[-118.75582,53.8359],[-118.75582,53.83952],[-118.76194,53.83952],[-118.7679,53.83952],[-118.7679,53.83591],[-118.7679,53.83238],[-118.76194,53.83238],[-118.75582,53.83238],[-118.75582,53.8359]]],[[[-119.37558,54.01042],[-119.37558,54.01403],[-119.38169,54.01403],[-119.38766,54.01403],[-119.38766,54.01042],[-119.38766,54.0069],[-119.38169,54.0069],[-119.37557,54.0069],[-119.37558,54.01042]]],[[[-119.36445,54.00139],[-119.36334,54.00172],[-119.36334,54.00301],[-119.36334,54.00662],[-119.36946,54.00662],[-119.37557,54.00662],[-119.37557,54.00301],[-119.37557,54.00001],[-119.37557,53.9994],[-119.37111,53.9994],[-119.36445,54.00139]]],[[[-118.86745,53.89049],[-118.86745,53.89409],[-118.86745,53.89769],[-118.86745,53.89771],[-118.86747,53.89771],[-118.86804,53.89771],[-118.86806,53.89771],[-118.86808,53.8977],[-118.87968,53.89359],[-118.88847,53.89048],[-118.88848,53.89048],[-118.8885,53.89047],[-118.8858,53.89047],[-118.87968,53.89047],[-118.87356,53.89048],[-118.86745,53.89048],[-118.86745,53.89048],[-118.86745,53.89049]]],[[[-119.3508,54.00548],[-119.3508,54.00662],[-119.35691,54.00662],[-119.36288,54.00662],[-119.36288,54.00301],[-119.36288,54.00186],[-119.3508,54.00548]]],[[[-118.67537,53.77033],[-118.66925,53.77033],[-118.66925,53.77394],[-118.67537,53.77394],[-118.67537,53.77033]]],[[[-118.69357,53.8033],[-118.68761,53.8033],[-118.68761,53.80683],[-118.69357,53.80682],[-118.69357,53.8033]]],[[[-118.84222,53.86148],[-118.83626,53.86148],[-118.83626,53.86501],[-118.84222,53.86501],[-118.84222,53.86148]]],[[[-118.94188,53.86501],[-118.94188,53.86533],[-118.9419,53.86532],[-118.94788,53.86318],[-118.94789,53.86317],[-118.9479,53.86317],[-118.95117,53.8615],[-118.95118,53.8615],[-118.9512,53.86149],[-118.95121,53.86149],[-118.94801,53.86149],[-118.94188,53.86148],[-118.94188,53.86501]]]]},"properties":{"OBJECTID":1,"BusinessKey":"A13 824800001","AgreementType":"A13","AgreementNumber":" 824800001","TractIdentifier":"00","MineralType":"COAL","AgreementGroup":"APP","Status":"ACTIVE","LicenceVintage":"","DesRepName":"MANCAL COAL INC","PartyName":"MANCAL COAL INC(100.0000000%)","Zone":"COAL","OriginalArea":16519.299999999999,"AgreementArea":16519.299999999999,"TermDate":"1982/03/16","ContinuationDate":"","CurrentExpiryText":"","SHAPE.STArea()":165947805.87506562,"SHAPE.STLength()":387149.41233124671}},{"type":"Feature","id":24,"geometry":{"type":"MultiPolygon","coordinates":[[[[-119.19989,54.12683],[-119.19989,54.13045],[-119.19989,54.13406],[-119.19989,54.13767],[-119.1999,54.14129],[-119.1999,54.1449],[-119.1999,54.14851],[-119.1999,54.15213],[-119.20607,54.15213],[-119.21224,54.15212],[-119.21842,54.15212],[-119.22444,54.15212],[-119.22443,54.14851],[-119.22443,54.14489],[-119.22443,54.14128],[-119.22443,54.13767],[-119.22443,54.13405],[-119.22443,54.13044],[-119.22443,54.12683],[-119.22443,54.1233],[-119.21841,54.12331],[-119.21223,54.12331],[-119.20606,54.12331],[-119.19989,54.12331],[-119.19989,54.12683]]],[[[-119.1749,54.12685],[-119.1749,54.13046],[-119.1749,54.13407],[-119.1749,54.13769],[-119.1749,54.1413],[-119.17491,54.14491],[-119.17491,54.14853],[-119.17491,54.15214],[-119.18108,54.15214],[-119.18725,54.15214],[-119.19342,54.15213],[-119.19944,54.15213],[-119.19943,54.14851],[-119.19943,54.1449],[-119.19943,54.14129],[-119.19943,54.13767],[-119.19943,54.13406],[-119.19943,54.13045],[-119.19943,54.12683],[-119.19943,54.12331],[-119.19341,54.12331],[-119.18724,54.12332],[-119.18107,54.12332],[-119.1749,54.12332],[-119.1749,54.12685]]],[[[-119.14991,54.12686],[-119.14991,54.13047],[-119.14991,54.13408],[-119.14991,54.1377],[-119.14991,54.14131],[-119.14991,54.14492],[-119.14992,54.14854],[-119.14992,54.15215],[-119.15609,54.15215],[-119.16226,54.15215],[-119.16843,54.15214],[-119.17445,54.15214],[-119.17444,54.14853],[-119.17444,54.14491],[-119.17444,54.1413],[-119.17444,54.13769],[-119.17444,54.13407],[-119.17444,54.13046],[-119.17444,54.12685],[-119.17444,54.12332],[-119.16842,54.12333],[-119.16225,54.12333],[-119.15608,54.12333],[-119.14991,54.12333],[-119.14991,54.12686]]],[[[-119.19989,54.1122],[-119.19989,54.11581],[-119.19989,54.11943],[-119.19989,54.12304],[-119.20606,54.12304],[-119.21223,54.12304],[-119.21841,54.12303],[-119.22443,54.12303],[-119.22443,54.11942],[-119.22443,54.11581],[-119.22442,54.11219],[-119.22442,54.10858],[-119.2184,54.10858],[-119.21223,54.10858],[-119.20606,54.10858],[-119.19989,54.10858],[-119.19989,54.1122]]],[[[-119.1749,54.11221],[-119.1749,54.11583],[-119.1749,54.11944],[-119.1749,54.12305],[-119.18107,54.12305],[-119.18724,54.12305],[-119.19341,54.12304],[-119.19943,54.12304],[-119.19943,54.11943],[-119.19943,54.11581],[-119.19943,54.1122],[-119.19943,54.10858],[-119.19341,54.10859],[-119.18724,54.10859],[-119.18107,54.1086],[-119.1749,54.1086],[-119.1749,54.11221]]],[[[-119.14991,54.11222],[-119.14991,54.11583],[-119.14991,54.11945],[-119.14991,54.12306],[-119.15393,54.12306],[-119.15608,54.12306],[-119.16225,54.12306],[-119.16842,54.12306],[-119.17444,54.12305],[-119.17444,54.11944],[-119.17444,54.11583],[-119.17444,54.11221],[-119.17444,54.1086],[-119.16842,54.1086],[-119.16225,54.1086],[-119.15608,54.10861],[-119.14991,54.10861],[-119.14991,54.11222]]]]},"properties":{"OBJECTID":24,"BusinessKey":"A13 110415404","AgreementType":"A13","AgreementNumber":" 110415404","TractIdentifier":"00","MineralType":"COAL","AgreementGroup":"APP","Status":"ACTIVE","LicenceVintage":"","DesRepName":"PEACE RIVER COAL INC.","PartyName":"PEACE RIVER COAL INC.(100.0000000%)","Zone":"COAL","OriginalArea":2304,"AgreementArea":2304,"TermDate":"2011/11/09","ContinuationDate":"","CurrentExpiryText":"","SHAPE.STArea()":23177601.027112119,"SHAPE.STLength()":48150.325320796219}},{"type":"Feature","id":47,"geometry":{"type":"MultiPolygon","coordinates":[[[[-119.72508,54.30132],[-119.72508,54.30493],[-119.72508,54.30855],[-119.72508,54.31216],[-119.72508,54.31577],[-119.72508,54.31939],[-119.72508,54.323],[-119.72508,54.32661],[-119.73125,54.32661],[-119.73742,54.32661],[-119.7436,54.32661],[-119.74961,54.32661],[-119.74961,54.323],[-119.74961,54.31938],[-119.74961,54.31577],[-119.74961,54.31216],[-119.74961,54.30854],[-119.74961,54.30493],[-119.74961,54.30131],[-119.74961,54.29779],[-119.74359,54.29779],[-119.73742,54.29779],[-119.73214,54.29779],[-119.73125,54.29779],[-119.72508,54.2978],[-119.72508,54.30132]]],[[[-119.75007,54.30131],[-119.75007,54.30493],[-119.75008,54.30854],[-119.75008,54.31216],[-119.75008,54.31577],[-119.75008,54.31938],[-119.75008,54.323],[-119.75008,54.32661],[-119.75625,54.32661],[-119.76242,54.3266],[-119.76859,54.3266],[-119.77461,54.3266],[-119.77461,54.32299],[-119.77461,54.31937],[-119.77461,54.31576],[-119.77461,54.31215],[-119.77461,54.30853],[-119.77461,54.30492],[-119.77461,54.30131],[-119.77461,54.29778],[-119.76859,54.29779],[-119.76242,54.29779],[-119.75625,54.29779],[-119.75007,54.29779],[-119.75007,54.30131]]],[[[-119.77507,54.30131],[-119.77507,54.30492],[-119.77507,54.30853],[-119.77507,54.31215],[-119.77507,54.31576],[-119.77507,54.31937],[-119.77507,54.32299],[-119.77507,54.3266],[-119.78124,54.3266],[-119.78741,54.32659],[-119.79358,54.32659],[-119.7996,54.32658],[-119.7996,54.32297],[-119.7996,54.31936],[-119.7996,54.31574],[-119.7996,54.31213],[-119.7996,54.30852],[-119.7996,54.30491],[-119.7996,54.30129],[-119.7996,54.29777],[-119.79358,54.29777],[-119.78741,54.29778],[-119.78124,54.29778],[-119.77507,54.29778],[-119.77507,54.30131]]],[[[-119.75007,54.28668],[-119.75007,54.29029],[-119.75007,54.29391],[-119.75007,54.29752],[-119.75625,54.29752],[-119.76242,54.29752],[-119.76859,54.29751],[-119.77461,54.29751],[-119.77461,54.2939],[-119.77461,54.29029],[-119.77461,54.28667],[-119.77461,54.28306],[-119.76859,54.28306],[-119.76242,54.28306],[-119.75625,54.28307],[-119.75007,54.28307],[-119.75007,54.28668]]],[[[-119.72508,54.28668],[-119.72508,54.2903],[-119.72508,54.29391],[-119.72508,54.29752],[-119.73125,54.29752],[-119.73742,54.29752],[-119.74359,54.29752],[-119.74961,54.29752],[-119.74961,54.29391],[-119.74961,54.29029],[-119.74961,54.28668],[-119.74961,54.28307],[-119.74359,54.28307],[-119.73742,54.28307],[-119.73125,54.28307],[-119.72508,54.28307],[-119.72508,54.28668]]],[[[-119.77507,54.28667],[-119.77507,54.29029],[-119.77507,54.2939],[-119.77507,54.29751],[-119.78124,54.29751],[-119.78741,54.29751],[-119.79358,54.2975],[-119.7996,54.2975],[-119.7996,54.29389],[-119.7996,54.29027],[-119.7996,54.28666],[-119.7996,54.28305],[-119.79358,54.28305],[-119.78741,54.28305],[-119.78124,54.28306],[-119.77507,54.28306],[-119.77507,54.28667]]]]},"properties":{"OBJECTID":47,"BusinessKey":"A13 110415902","AgreementType":"A13","AgreementNumber":" 110415902","TractIdentifier":"00","MineralType":"COAL","AgreementGroup":"APP","Status":"ACTIVE","LicenceVintage":"","DesRepName":"PEACE RIVER COAL INC.","PartyName":"PEACE RIVER COAL INC.(100.0000000%)","Zone":"COAL","OriginalArea":2304,"AgreementArea":2304,"TermDate":"2011/11/09","ContinuationDate":"","CurrentExpiryText":"","SHAPE.STArea()":23090304.225890525,"SHAPE.STLength()":48080.301776035114}},{"type":"Feature","id":287,"geometry":{"type":"MultiPolygon","coordinates":[[[[-119.33856,54.03209],[-119.33857,54.0357],[-119.34468,54.03571],[-119.3508,54.03571],[-119.35692,54.03571],[-119.35692,54.0321],[-119.3508,54.03209],[-119.3508,54.02848],[-119.34468,54.02848],[-119.33856,54.02848],[-119.33856,54.03209]]],[[[-119.32602,54.0321],[-119.32602,54.03571],[-119.33214,54.03571],[-119.3381,54.0357],[-119.3381,54.03209],[-119.3381,54.02848],[-119.33214,54.02848],[-119.32602,54.02848],[-119.32602,54.0321]]],[[[-119.33857,54.0395],[-119.34468,54.0395],[-119.3508,54.0395],[-119.35692,54.0395],[-119.35692,54.03598],[-119.3508,54.03598],[-119.34468,54.03598],[-119.33857,54.03597],[-119.33857,54.0395]]],[[[-119.32602,54.0395],[-119.33214,54.0395],[-119.33811,54.0395],[-119.3381,54.03597],[-119.33214,54.03598],[-119.32602,54.03598],[-119.32602,54.0395]]]]},"properties":{"OBJECTID":287,"BusinessKey":"0131318010236","AgreementType":"013","AgreementNumber":"1318010236","TractIdentifier":"00","MineralType":"COAL","AgreementGroup":"LEASE","Status":"ACTIVE","LicenceVintage":"RENEWAL","DesRepName":"CST CANADA COAL LIMITED","PartyName":"CST CANADA COAL LIMITED(100.0000000%)","Zone":"COAL","OriginalArea":224,"AgreementArea":224,"TermDate":"2018/01/31","ContinuationDate":"","CurrentExpiryText":"2033/01/31","SHAPE.STArea()":2225804.0461105551,"SHAPE.STLength()":12765.228794647843}},{"type":"Feature","id":456,"geometry":{"type":"MultiPolygon","coordinates":[[[[-119.26421,53.865],[-119.26421,53.86861],[-119.26421,53.87222],[-119.26421,53.87584],[-119.26421,53.87945],[-119.26421,53.88306],[-119.26421,53.88668],[-119.26421,53.89029],[-119.27033,53.89029],[-119.27645,53.89029],[-119.28257,53.89029],[-119.28853,53.89029],[-119.28853,53.88667],[-119.28853,53.88306],[-119.28853,53.87945],[-119.28853,53.87583],[-119.28853,53.87222],[-119.28853,53.86861],[-119.28853,53.86499],[-119.28853,53.86147],[-119.28257,53.86147],[-119.27645,53.86147],[-119.27033,53.86147],[-119.26421,53.86147],[-119.26421,53.865]]],[[[-119.23944,53.85036],[-119.23944,53.85398],[-119.23944,53.85759],[-119.23944,53.8612],[-119.24556,53.8612],[-119.25167,53.8612],[-119.25779,53.8612],[-119.26376,53.8612],[-119.26376,53.85759],[-119.26376,53.85398],[-119.26376,53.85036],[-119.26375,53.84675],[-119.25779,53.84675],[-119.25167,53.84675],[-119.24556,53.84675],[-119.23944,53.84675],[-119.23944,53.85036]]],[[[-119.28899,53.87945],[-119.28899,53.88306],[-119.28899,53.88667],[-119.28899,53.89029],[-119.29511,53.89028],[-119.30123,53.89028],[-119.30734,53.89028],[-119.31331,53.89028],[-119.31331,53.88666],[-119.31331,53.88305],[-119.31331,53.87944],[-119.31331,53.87582],[-119.30734,53.87582],[-119.30123,53.87583],[-119.29511,53.87583],[-119.28899,53.87583],[-119.28899,53.87945]]],[[[-119.23944,53.865],[-119.23944,53.86861],[-119.23944,53.87222],[-119.23944,53.87584],[-119.24556,53.87584],[-119.25167,53.87584],[-119.25779,53.87584],[-119.26376,53.87584],[-119.26376,53.87222],[-119.26376,53.86861],[-119.26376,53.865],[-119.26376,53.86147],[-119.25779,53.86147],[-119.25167,53.86147],[-119.24556,53.86147],[-119.23944,53.86147],[-119.23944,53.865]]],[[[-119.26421,53.85036],[-119.26421,53.85398],[-119.26421,53.85759],[-119.26421,53.8612],[-119.27033,53.8612],[-119.27645,53.8612],[-119.27645,53.85759],[-119.27645,53.85397],[-119.27645,53.85036],[-119.27645,53.84675],[-119.27033,53.84675],[-119.26421,53.84675],[-119.26421,53.85036]]],[[[-119.2269,53.85036],[-119.2269,53.85397],[-119.2269,53.85759],[-119.2269,53.8612],[-119.23302,53.8612],[-119.23306,53.8612],[-119.23898,53.8612],[-119.23898,53.85759],[-119.23898,53.85398],[-119.23898,53.85036],[-119.23898,53.84675],[-119.23302,53.84675],[-119.2269,53.84675],[-119.2269,53.85036]]],[[[-119.31377,53.88666],[-119.31377,53.89028],[-119.31989,53.89027],[-119.326,53.89027],[-119.326,53.88666],[-119.326,53.88304],[-119.31988,53.88305],[-119.31377,53.88305],[-119.31377,53.88666]]],[[[-119.2269,53.86499],[-119.2269,53.86861],[-119.23302,53.86861],[-119.23898,53.86861],[-119.23898,53.865],[-119.23898,53.86147],[-119.23302,53.86147],[-119.2269,53.86147],[-119.2269,53.86499]]]]},"properties":{"OBJECTID":456,"BusinessKey":"0131320110060","AgreementType":"013","AgreementNumber":"1320110060","TractIdentifier":"00","MineralType":"COAL","AgreementGroup":"LEASE","Status":"ACTIVE","LicenceVintage":"PRIMARY","DesRepName":"HORN RIDGE RESOURCES LTD.","PartyName":"HORN RIDGE RESOURCES LTD.(100.0000000%)","Zone":"COAL","OriginalArea":1664,"AgreementArea":1664,"TermDate":"2020/11/06","ContinuationDate":"","CurrentExpiryText":"2035/11/06","SHAPE.STArea()":16692246.644889126,"SHAPE.STLength()":44882.540163646496}},{"type":"Feature","id":30,"geometry":{"type":"MultiPolygon","coordinates":[[[[-119.34993,54.18498],[-119.34993,54.1886],[-119.34993,54.19221],[-119.34993,54.19582],[-119.34993,54.19944],[-119.34993,54.20305],[-119.34993,54.20667],[-119.34994,54.21028],[-119.35612,54.21028],[-119.3623,54.21028],[-119.36849,54.21028],[-119.37451,54.21027],[-119.37451,54.20666],[-119.37451,54.20305],[-119.37451,54.19943],[-119.37451,54.19582],[-119.37451,54.1922],[-119.37451,54.18859],[-119.37451,54.18497],[-119.37451,54.18145],[-119.36848,54.18145],[-119.3623,54.18146],[-119.35611,54.18146],[-119.34993,54.18146],[-119.34993,54.18498]]],[[[-119.37497,54.18497],[-119.37497,54.18859],[-119.37497,54.1922],[-119.37497,54.19582],[-119.37497,54.19943],[-119.37498,54.20305],[-119.37498,54.20666],[-119.37498,54.21027],[-119.38116,54.21028],[-119.38734,54.21028],[-119.39352,54.21028],[-119.39955,54.21028],[-119.39955,54.20666],[-119.39955,54.20545],[-119.39955,54.20305],[-119.39955,54.19943],[-119.39955,54.19582],[-119.39955,54.19221],[-119.39955,54.18859],[-119.39955,54.18498],[-119.39955,54.18145],[-119.39352,54.18145],[-119.38734,54.18145],[-119.38115,54.18145],[-119.37497,54.18145],[-119.37497,54.18497]]],[[[-119.40001,54.18498],[-119.40001,54.18859],[-119.40001,54.19221],[-119.40001,54.19582],[-119.40001,54.19943],[-119.40001,54.20305],[-119.40001,54.20666],[-119.40001,54.21028],[-119.40619,54.21028],[-119.41238,54.21028],[-119.41856,54.21027],[-119.42459,54.21027],[-119.42459,54.20666],[-119.42459,54.20305],[-119.42459,54.19943],[-119.42458,54.19582],[-119.42458,54.1922],[-119.42458,54.18859],[-119.42458,54.18498],[-119.42458,54.18145],[-119.41856,54.18145],[-119.41237,54.18145],[-119.40619,54.18145],[-119.40001,54.18145],[-119.40001,54.18498]]],[[[-119.42504,54.17034],[-119.42504,54.17396],[-119.42505,54.17757],[-119.42505,54.18118],[-119.42926,54.18118],[-119.43123,54.18118],[-119.43741,54.18118],[-119.44359,54.18118],[-119.44962,54.18118],[-119.44962,54.17756],[-119.44962,54.17395],[-119.44962,54.17034],[-119.44962,54.16672],[-119.44359,54.16672],[-119.43741,54.16673],[-119.43123,54.16673],[-119.42504,54.16673],[-119.42504,54.17034]]],[[[-119.42505,54.18498],[-119.42505,54.18859],[-119.42505,54.1922],[-119.42505,54.19582],[-119.43123,54.19582],[-119.43741,54.19582],[-119.44359,54.19581],[-119.44962,54.19581],[-119.44962,54.1922],[-119.44962,54.18858],[-119.44962,54.18497],[-119.44962,54.18145],[-119.44359,54.18145],[-119.43741,54.18145],[-119.43123,54.18145],[-119.42505,54.18145],[-119.42505,54.18498]]],[[[-119.40001,54.21407],[-119.40001,54.21768],[-119.40001,54.2213],[-119.40001,54.22491],[-119.4062,54.22491],[-119.41238,54.22491],[-119.41856,54.22491],[-119.42459,54.22491],[-119.42459,54.2213],[-119.42459,54.21768],[-119.42459,54.21407],[-119.42459,54.21054],[-119.41856,54.21055],[-119.41238,54.21055],[-119.40619,54.21055],[-119.40001,54.21055],[-119.40001,54.21407]]]]},"properties":{"OBJECTID":30,"BusinessKey":"A13 110415505","AgreementType":"A13","AgreementNumber":" 110415505","TractIdentifier":"00","MineralType":"COAL","AgreementGroup":"APP","Status":"ACTIVE","LicenceVintage":"","DesRepName":"PEACE RIVER COAL INC.","PartyName":"PEACE RIVER COAL INC.(100.0000000%)","Zone":"COAL","OriginalArea":2304,"AgreementArea":2304,"TermDate":"2011/11/09","ContinuationDate":"","CurrentExpiryText":"","SHAPE.STArea()":23156143.260948151,"SHAPE.STLength()":48119.054191967763}},{"type":"Feature","id":316,"geometry":{"type":"MultiPolygon","coordinates":[[[[-119.11561,54.01765],[-119.11561,54.02126],[-119.12172,54.02126],[-119.12784,54.02126],[-119.13395,54.02126],[-119.13992,54.02126],[-119.13991,54.01764],[-119.13395,54.01765],[-119.12784,54.01765],[-119.12784,54.01403],[-119.12172,54.01403],[-119.11561,54.01403],[-119.11561,54.01765]]],[[[-119.10306,54.01403],[-119.10306,54.01765],[-119.10306,54.01975],[-119.10306,54.02126],[-119.10918,54.02126],[-119.11515,54.02126],[-119.11515,54.01765],[-119.11515,54.01403],[-119.11515,54.01042],[-119.10918,54.01042],[-119.10306,54.01042],[-119.10306,54.01403]]]]},"properties":{"OBJECTID":316,"BusinessKey":"0131319090187","AgreementType":"013","AgreementNumber":"1319090187","TractIdentifier":"00","MineralType":"COAL","AgreementGroup":"LEASE","Status":"ACTIVE","LicenceVintage":"RENEWAL","DesRepName":"CST CANADA COAL LIMITED","PartyName":"CST CANADA COAL LIMITED(100.0000000%)","Zone":"COAL","OriginalArea":192,"AgreementArea":192,"TermDate":"2019/09/01","ContinuationDate":"","CurrentExpiryText":"2034/09/01","SHAPE.STArea()":1919887.0307266,"SHAPE.STLength()":8794.5183586278235}},{"type":"Feature","id":465,"geometry":{"type":"MultiPolygon","coordinates":[[[[-119.26422,53.92318],[-119.26422,53.92679],[-119.26422,53.9304],[-119.26422,53.93401],[-119.26422,53.93763],[-119.26422,53.94124],[-119.26422,53.94485],[-119.26422,53.94847],[-119.27034,53.94847],[-119.27646,53.94847],[-119.28257,53.94846],[-119.28854,53.94846],[-119.28854,53.94485],[-119.28854,53.94124],[-119.28854,53.93762],[-119.28854,53.93401],[-119.28854,53.9304],[-119.28853,53.92678],[-119.28853,53.92317],[-119.28853,53.91965],[-119.28257,53.91965],[-119.27645,53.91965],[-119.27033,53.91965],[-119.26422,53.91965],[-119.26422,53.92318]]],[[[-119.28899,53.9304],[-119.289,53.93401],[-119.289,53.93762],[-119.289,53.94124],[-119.289,53.94485],[-119.289,53.94846],[-119.29512,53.94846],[-119.30123,53.94846],[-119.30735,53.94846],[-119.31332,53.94845],[-119.31331,53.94484],[-119.31331,53.94123],[-119.31331,53.93761],[-119.31331,53.934],[-119.30735,53.934],[-119.30123,53.93401],[-119.30123,53.93039],[-119.30123,53.92678],[-119.29511,53.92678],[-119.28899,53.92678],[-119.28899,53.9304]]],[[[-119.23944,53.93763],[-119.23944,53.94124],[-119.23944,53.94485],[-119.23944,53.94847],[-119.24556,53.94847],[-119.25168,53.94847],[-119.2578,53.94847],[-119.26376,53.94847],[-119.26376,53.94485],[-119.26376,53.94124],[-119.26376,53.93763],[-119.26376,53.93401],[-119.25779,53.93402],[-119.25168,53.93402],[-119.24556,53.93402],[-119.23944,53.93401],[-119.23944,53.93763]]],[[[-119.21467,53.93762],[-119.21467,53.94123],[-119.21467,53.94485],[-119.21467,53.94846],[-119.22078,53.94846],[-119.2269,53.94847],[-119.23302,53.94847],[-119.23898,53.94847],[-119.23898,53.94485],[-119.23898,53.94124],[-119.23898,53.93763],[-119.23898,53.93401],[-119.23302,53.93401],[-119.2269,53.93401],[-119.22078,53.93401],[-119.21467,53.93401],[-119.21467,53.93762]]],[[[-119.31377,53.94484],[-119.31377,53.94845],[-119.31989,53.94845],[-119.32601,53.94845],[-119.33213,53.94844],[-119.33809,53.94844],[-119.33809,53.94483],[-119.33809,53.94121],[-119.33213,53.94122],[-119.32601,53.94122],[-119.32,53.94122],[-119.31989,53.94122],[-119.31377,53.94123],[-119.31377,53.94484]]],[[[-119.31378,53.95225],[-119.31378,53.95586],[-119.31989,53.95586],[-119.32601,53.95585],[-119.33213,53.95585],[-119.33809,53.95585],[-119.33809,53.95223],[-119.33809,53.94871],[-119.33213,53.94871],[-119.32601,53.94872],[-119.31989,53.94872],[-119.31377,53.94872],[-119.31378,53.95225]]],[[[-119.23944,53.95226],[-119.23944,53.95587],[-119.24556,53.95588],[-119.24953,53.95588],[-119.25168,53.95588],[-119.2578,53.95588],[-119.26376,53.95587],[-119.26376,53.95226],[-119.26376,53.94874],[-119.2578,53.94874],[-119.25168,53.94874],[-119.24556,53.94874],[-119.23944,53.94874],[-119.23944,53.95226]]],[[[-119.289,53.95226],[-119.289,53.95587],[-119.29512,53.95587],[-119.30123,53.95587],[-119.30735,53.95586],[-119.31332,53.95586],[-119.31332,53.95225],[-119.31332,53.94872],[-119.30735,53.94873],[-119.30123,53.94873],[-119.29512,53.94873],[-119.289,53.94873],[-119.289,53.95226]]],[[[-119.26422,53.95226],[-119.26422,53.95587],[-119.27034,53.95587],[-119.27646,53.95587],[-119.28258,53.95587],[-119.28854,53.95587],[-119.28854,53.95226],[-119.28854,53.94873],[-119.28257,53.94874],[-119.27646,53.94874],[-119.27034,53.94874],[-119.26422,53.94874],[-119.26422,53.95226]]]]},"properties":{"OBJECTID":465,"BusinessKey":"0131320110069","AgreementType":"013","AgreementNumber":"1320110069","TractIdentifier":"00","MineralType":"COAL","AgreementGroup":"LEASE","Status":"ACTIVE","LicenceVintage":"PRIMARY","DesRepName":"HORN RIDGE RESOURCES LTD.","PartyName":"HORN RIDGE RESOURCES LTD.(100.0000000%)","Zone":"COAL","OriginalArea":1984,"AgreementArea":1984,"TermDate":"2020/11/06","ContinuationDate":"","CurrentExpiryText":"2035/11/06","SHAPE.STArea()":19838526.748531211,"SHAPE.STLength()":54388.17619954703}},{"type":"Feature","id":84,"geometry":{"type":"Polygon","coordinates":[[[-119.22488,54.09394],[-119.23106,54.09395],[-119.23105,54.09033],[-119.22488,54.09033],[-119.22488,54.09394]]]},"properties":{"OBJECTID":84,"BusinessKey":"0131312050629","AgreementType":"013","AgreementNumber":"1312050629","TractIdentifier":"00","MineralType":"COAL","AgreementGroup":"LEASE","Status":"ACTIVE","LicenceVintage":"PRIMARY","DesRepName":"CST CANADA COAL LIMITED","PartyName":"CST CANADA COAL LIMITED(100.0000000%)","Zone":"COAL","OriginalArea":16,"AgreementArea":16,"TermDate":"2012/05/03","ContinuationDate":"","CurrentExpiryText":"2027/05/03","SHAPE.STArea()":162532.64821919499,"SHAPE.STLength()":1612.6176268047482}},{"type":"Feature","id":110,"geometry":{"type":"MultiPolygon","coordinates":[[[[-119.02496,54.12686],[-119.02496,54.13048],[-119.02496,54.13409],[-119.02496,54.13771],[-119.02496,54.14132],[-119.02496,54.14493],[-119.02496,54.14855],[-119.02496,54.15216],[-119.03114,54.15216],[-119.03732,54.15216],[-119.04349,54.15215],[-119.04951,54.15215],[-119.04951,54.14853],[-119.04951,54.14492],[-119.04951,54.14131],[-119.04951,54.13769],[-119.04951,54.13408],[-119.04951,54.13046],[-119.04951,54.12685],[-119.04951,54.12333],[-119.04348,54.12333],[-119.03731,54.12333],[-119.03113,54.12334],[-119.02496,54.12334],[-119.02496,54.12686]]],[[[-118.99995,54.12687],[-118.99995,54.13049],[-118.99995,54.1341],[-118.99995,54.13772],[-118.99995,54.14133],[-118.99995,54.14494],[-118.99996,54.14856],[-118.99996,54.15217],[-119.00613,54.15217],[-119.01231,54.15217],[-119.01848,54.15216],[-119.0245,54.15216],[-119.0245,54.14855],[-119.0245,54.14493],[-119.0245,54.14132],[-119.0245,54.13771],[-119.0245,54.13409],[-119.0245,54.13048],[-119.0245,54.12686],[-119.0245,54.12334],[-119.01848,54.12334],[-119.0123,54.12335],[-119.00612,54.12335],[-118.99995,54.12335],[-118.99995,54.12687]]],[[[-119.02496,54.11223],[-119.02496,54.11584],[-119.02496,54.11946],[-119.02496,54.12307],[-119.03113,54.12307],[-119.03731,54.12306],[-119.04348,54.12306],[-119.04951,54.12306],[-119.0495,54.11944],[-119.0495,54.11583],[-119.0495,54.11221],[-119.0495,54.1086],[-119.04348,54.1086],[-119.0373,54.10861],[-119.03113,54.10861],[-119.02495,54.10861],[-119.02496,54.11223]]],[[[-118.99995,54.11224],[-118.99995,54.11585],[-118.99995,54.11947],[-118.99995,54.12308],[-119.00612,54.12308],[-119.0123,54.12308],[-119.01848,54.12307],[-119.0245,54.12307],[-119.0245,54.11946],[-119.02449,54.11584],[-119.02449,54.11223],[-119.02449,54.10861],[-119.01847,54.10862],[-119.0123,54.10862],[-119.00612,54.10862],[-118.99995,54.10862],[-118.99995,54.11224]]]]},"properties":{"OBJECTID":110,"BusinessKey":"A13 120187310","AgreementType":"A13","AgreementNumber":" 120187310","TractIdentifier":"00","MineralType":"COAL","AgreementGroup":"APP","Status":"ACTIVE","LicenceVintage":"","DesRepName":"PEACE RIVER COAL INC.","PartyName":"PEACE RIVER COAL INC.(100.0000000%)","Zone":"COAL","OriginalArea":1536,"AgreementArea":1536,"TermDate":"2012/06/22","ContinuationDate":"","CurrentExpiryText":"","SHAPE.STArea()":15460598.323373925,"SHAPE.STLength()":32107.738052172339}},{"type":"Feature","id":41,"geometry":{"type":"MultiPolygon","coordinates":[[[[-119.62509,54.30132],[-119.62509,54.30493],[-119.62509,54.30854],[-119.62509,54.31216],[-119.62509,54.31577],[-119.62509,54.31938],[-119.6251,54.323],[-119.6251,54.32661],[-119.63127,54.32661],[-119.63744,54.3266],[-119.64361,54.3266],[-119.64962,54.3266],[-119.64962,54.32298],[-119.64962,54.31937],[-119.64962,54.31576],[-119.64962,54.31214],[-119.64962,54.30941],[-119.64962,54.30853],[-119.64962,54.30491],[-119.64962,54.3013],[-119.64962,54.29778],[-119.6436,54.29778],[-119.63743,54.29779],[-119.63126,54.29779],[-119.62509,54.29779],[-119.62509,54.30132]]],[[[-119.6001,54.30132],[-119.6001,54.30494],[-119.6001,54.30855],[-119.6001,54.31217],[-119.60011,54.31578],[-119.60011,54.31939],[-119.60011,54.32301],[-119.60011,54.32662],[-119.60628,54.32662],[-119.61245,54.32662],[-119.61862,54.32661],[-119.62463,54.32661],[-119.62463,54.323],[-119.62463,54.31938],[-119.62463,54.31577],[-119.62463,54.31216],[-119.62463,54.30854],[-119.62463,54.30493],[-119.62463,54.30132],[-119.62463,54.29779],[-119.61861,54.2978],[-119.61244,54.2978],[-119.60627,54.2978],[-119.6001,54.2978],[-119.6001,54.30132]]],[[[-119.62509,54.28668],[-119.62509,54.2903],[-119.62509,54.29391],[-119.62509,54.29752],[-119.63126,54.29752],[-119.63743,54.29751],[-119.6436,54.29751],[-119.64962,54.2975],[-119.64962,54.29389],[-119.64962,54.29028],[-119.64962,54.28666],[-119.64962,54.28305],[-119.6436,54.28305],[-119.63743,54.28306],[-119.63126,54.28306],[-119.62509,54.28307],[-119.62509,54.28668]]],[[[-119.6001,54.28669],[-119.6001,54.2903],[-119.6001,54.29392],[-119.6001,54.29753],[-119.60627,54.29753],[-119.61244,54.29753],[-119.61861,54.29753],[-119.62463,54.29752],[-119.62463,54.29391],[-119.62463,54.2903],[-119.62463,54.28668],[-119.62463,54.28307],[-119.61861,54.28307],[-119.61244,54.28307],[-119.60627,54.28308],[-119.6001,54.28308],[-119.6001,54.28669]]],[[[-119.57511,54.28669],[-119.57511,54.29031],[-119.57511,54.29392],[-119.57511,54.29753],[-119.58128,54.29753],[-119.58745,54.29753],[-119.59362,54.29753],[-119.59964,54.29753],[-119.59964,54.29392],[-119.59964,54.2903],[-119.59964,54.28669],[-119.59964,54.28308],[-119.59362,54.28308],[-119.58745,54.28308],[-119.58128,54.28308],[-119.57511,54.28308],[-119.57511,54.28669]]],[[[-119.57512,54.30133],[-119.57512,54.30494],[-119.57512,54.30855],[-119.57512,54.31217],[-119.58129,54.31217],[-119.58746,54.31217],[-119.59363,54.31217],[-119.59964,54.31217],[-119.59964,54.30855],[-119.59964,54.30494],[-119.59964,54.30132],[-119.59964,54.2978],[-119.59362,54.2978],[-119.58745,54.2978],[-119.58128,54.2978],[-119.57511,54.2978],[-119.57512,54.30133]]],[[[-119.6251,54.33041],[-119.6251,54.33402],[-119.6251,54.33763],[-119.6251,54.34125],[-119.63127,54.34124],[-119.63744,54.34124],[-119.64361,54.34124],[-119.6482,54.34123],[-119.64962,54.34123],[-119.64962,54.33762],[-119.64962,54.33401],[-119.64962,54.33039],[-119.64962,54.32687],[-119.64361,54.32687],[-119.63744,54.32688],[-119.63393,54.32688],[-119.63127,54.32688],[-119.6251,54.32688],[-119.6251,54.33041]]]]},"properties":{"OBJECTID":41,"BusinessKey":"A13 110415801","AgreementType":"A13","AgreementNumber":" 110415801","TractIdentifier":"00","MineralType":"COAL","AgreementGroup":"APP","Status":"ACTIVE","LicenceVintage":"","DesRepName":"PEACE RIVER COAL INC.","PartyName":"PEACE RIVER COAL INC.(100.0000000%)","Zone":"COAL","OriginalArea":2304,"AgreementArea":2304,"TermDate":"2011/11/09","ContinuationDate":"","CurrentExpiryText":"","SHAPE.STArea()":23067587.850295763,"SHAPE.STLength()":51247.630880779558}},{"type":"Feature","id":104,"geometry":{"type":"MultiPolygon","coordinates":[[[[-119.02497,54.1995],[-119.02497,54.20311],[-119.02497,54.20672],[-119.02497,54.21034],[-119.03115,54.21033],[-119.03732,54.21033],[-119.0435,54.21032],[-119.04952,54.21032],[-119.04952,54.20671],[-119.04952,54.20309],[-119.04952,54.19948],[-119.04952,54.19587],[-119.0435,54.19587],[-119.03732,54.19588],[-119.03114,54.19588],[-119.02497,54.19588],[-119.02497,54.1995]]],[[[-119.02497,54.21413],[-119.02497,54.21774],[-119.02497,54.22136],[-119.02497,54.22497],[-119.03115,54.22497],[-119.03732,54.22496],[-119.0435,54.22496],[-119.04952,54.22495],[-119.04952,54.22134],[-119.04952,54.21773],[-119.04952,54.21411],[-119.04952,54.21059],[-119.0435,54.2106],[-119.03732,54.2106],[-119.03115,54.2106],[-119.02497,54.21061],[-119.02497,54.21413]]],[[[-118.99996,54.21414],[-118.99996,54.21775],[-118.99996,54.22137],[-118.99996,54.22498],[-119.00613,54.22498],[-119.01231,54.22498],[-119.01849,54.22497],[-119.02068,54.22497],[-119.02451,54.22497],[-119.02451,54.22136],[-119.02451,54.21774],[-119.02451,54.21413],[-119.02451,54.21061],[-119.01849,54.21061],[-119.01231,54.21061],[-119.00613,54.21061],[-118.99996,54.21062],[-118.99996,54.21414]]],[[[-118.94995,54.21416],[-118.94995,54.21777],[-118.94995,54.22138],[-118.94995,54.225],[-118.95613,54.225],[-118.9623,54.225],[-118.96848,54.225],[-118.9745,54.22499],[-118.9745,54.22138],[-118.9745,54.21777],[-118.9745,54.21415],[-118.9745,54.21063],[-118.96848,54.21063],[-118.9623,54.21063],[-118.95613,54.21063],[-118.94995,54.21063],[-118.94995,54.21416]]],[[[-118.97496,54.21415],[-118.97496,54.21777],[-118.97496,54.22138],[-118.97496,54.22499],[-118.98113,54.22499],[-118.9873,54.22499],[-118.99348,54.22498],[-118.99949,54.22498],[-118.99949,54.22137],[-118.99949,54.21775],[-118.99949,54.21414],[-118.99949,54.21062],[-118.99348,54.21062],[-118.9873,54.21062],[-118.98113,54.21063],[-118.97496,54.21063],[-118.97496,54.21415]]],[[[-119.04999,54.22134],[-119.04999,54.22495],[-119.05615,54.22496],[-119.06232,54.22496],[-119.06849,54.22496],[-119.07451,54.22496],[-119.07451,54.22135],[-119.07451,54.21774],[-119.06849,54.21773],[-119.06232,54.21773],[-119.05615,54.21773],[-119.04998,54.21773],[-119.04999,54.22134]]]]},"properties":{"OBJECTID":104,"BusinessKey":"A13 120187304","AgreementType":"A13","AgreementNumber":" 120187304","TractIdentifier":"00","MineralType":"COAL","AgreementGroup":"APP","Status":"ACTIVE","LicenceVintage":"","DesRepName":"PEACE RIVER COAL INC.","PartyName":"PEACE RIVER COAL INC.(100.0000000%)","Zone":"COAL","OriginalArea":1408,"AgreementArea":1408,"TermDate":"2012/06/22","ContinuationDate":"","CurrentExpiryText":"","SHAPE.STArea()":14105083.67710555,"SHAPE.STLength()":36830.86407803739}},{"type":"Feature","id":451,"geometry":{"type":"MultiPolygon","coordinates":[[[[-119.3508,54.00001],[-119.3508,54.003],[-119.3508,54.0051],[-119.3508,54.00548],[-119.36288,54.00186],[-119.36288,54.00001],[-119.36288,53.99939],[-119.36063,53.99939],[-119.35691,53.99939],[-119.3508,53.99939],[-119.3508,54.00001]]],[[[-119.36334,54.00001],[-119.36334,54.00172],[-119.36445,54.00139],[-119.37111,53.9994],[-119.36946,53.9994],[-119.36334,53.99939],[-119.36334,54.00001]]]]},"properties":{"OBJECTID":451,"BusinessKey":"0131320110055","AgreementType":"013","AgreementNumber":"1320110055","TractIdentifier":"00","MineralType":"COAL","AgreementGroup":"LEASE","Status":"ACTIVE","LicenceVintage":"PRIMARY","DesRepName":"MANCAL COAL INC","PartyName":"MANCAL COAL INC(100.0000000%)","Zone":"COAL","OriginalArea":43.799999999999997,"AgreementArea":43.799999999999997,"TermDate":"2020/11/06","ContinuationDate":"","CurrentExpiryText":"2035/11/06","SHAPE.STArea()":443448.39769100002,"SHAPE.STLength()":3974.3139076182702}},{"type":"Feature","id":457,"geometry":{"type":"MultiPolygon","coordinates":[[[[-119.33854,53.89405],[-119.33854,53.89767],[-119.33854,53.90128],[-119.33855,53.9049],[-119.33855,53.90851],[-119.33855,53.91212],[-119.33855,53.91574],[-119.33855,53.91935],[-119.34466,53.91935],[-119.35078,53.91936],[-119.3569,53.91936],[-119.36287,53.91936],[-119.36287,53.91574],[-119.36287,53.91213],[-119.36287,53.90852],[-119.36287,53.9049],[-119.36286,53.90129],[-119.36286,53.89768],[-119.36286,53.89406],[-119.36286,53.89054],[-119.3569,53.89054],[-119.35078,53.89054],[-119.34466,53.89053],[-119.33854,53.89053],[-119.33854,53.89405]]],[[[-119.3881,53.90129],[-119.3881,53.90491],[-119.3881,53.90852],[-119.3881,53.91213],[-119.3881,53.91575],[-119.38811,53.91936],[-119.39422,53.91936],[-119.40034,53.91936],[-119.40646,53.91936],[-119.41243,53.91936],[-119.41242,53.91575],[-119.41242,53.91213],[-119.41242,53.90852],[-119.41242,53.90491],[-119.41242,53.90129],[-119.41242,53.89768],[-119.40646,53.89768],[-119.40034,53.89768],[-119.39422,53.89768],[-119.3881,53.89768],[-119.3881,53.90129]]],[[[-119.36332,53.90129],[-119.36332,53.9049],[-119.36332,53.90852],[-119.36332,53.91213],[-119.36333,53.91575],[-119.36333,53.91936],[-119.36944,53.91936],[-119.37556,53.91936],[-119.38168,53.91936],[-119.38765,53.91936],[-119.38765,53.91575],[-119.38765,53.91213],[-119.38764,53.90852],[-119.38764,53.90491],[-119.38764,53.90129],[-119.38764,53.89768],[-119.38168,53.89768],[-119.37556,53.89768],[-119.36944,53.89768],[-119.36332,53.89768],[-119.36332,53.90129]]],[[[-119.31377,53.89407],[-119.31377,53.89768],[-119.31377,53.9013],[-119.31377,53.90491],[-119.31989,53.90491],[-119.326,53.9049],[-119.326,53.90852],[-119.326,53.91213],[-119.33212,53.91213],[-119.33809,53.91212],[-119.33809,53.90851],[-119.33809,53.9049],[-119.33809,53.90128],[-119.33809,53.89767],[-119.33809,53.89405],[-119.33809,53.89053],[-119.33212,53.89054],[-119.326,53.89054],[-119.31989,53.89054],[-119.31377,53.89055],[-119.31377,53.89407]]],[[[-119.28899,53.89408],[-119.28899,53.89769],[-119.29511,53.89769],[-119.30123,53.89769],[-119.30123,53.9013],[-119.30123,53.90492],[-119.30734,53.90491],[-119.31331,53.90491],[-119.31331,53.9013],[-119.31331,53.89768],[-119.31331,53.89407],[-119.31331,53.89055],[-119.30734,53.89055],[-119.30123,53.89055],[-119.29511,53.89055],[-119.28899,53.89056],[-119.28899,53.89408]]]]},"properties":{"OBJECTID":457,"BusinessKey":"0131320110061","AgreementType":"013","AgreementNumber":"1320110061","TractIdentifier":"00","MineralType":"COAL","AgreementGroup":"LEASE","Status":"ACTIVE","LicenceVintage":"PRIMARY","DesRepName":"HORN RIDGE RESOURCES LTD.","PartyName":"HORN RIDGE RESOURCES LTD.(100.0000000%)","Zone":"COAL","OriginalArea":1792,"AgreementArea":1792,"TermDate":"2020/11/06","ContinuationDate":"","CurrentExpiryText":"2035/11/06","SHAPE.STArea()":17952419.906136069,"SHAPE.STLength()":40065.187088814273}},{"type":"Feature","id":73,"geometry":{"type":"MultiPolygon","coordinates":[[[[-119.04122,53.98135],[-119.04122,53.98496],[-119.04122,53.98858],[-119.04122,53.99219],[-119.04122,53.9958],[-119.04122,53.99942],[-119.04122,54.00001],[-119.04122,54.00303],[-119.04122,54.00665],[-119.04735,54.00664],[-119.05347,54.00663],[-119.05959,54.00662],[-119.06556,54.00661],[-119.06556,54.003],[-119.06556,54.00001],[-119.06556,53.99939],[-119.06556,53.99577],[-119.06556,53.99216],[-119.06556,53.98855],[-119.06556,53.98493],[-119.06556,53.98132],[-119.06555,53.97779],[-119.05959,53.9778],[-119.05346,53.97781],[-119.04734,53.97782],[-119.04122,53.97783],[-119.04122,53.98135]]],[[[-119.06602,53.98855],[-119.06602,53.99216],[-119.06602,53.99577],[-119.06602,53.99939],[-119.06602,54.00001],[-119.06602,54.003],[-119.06602,54.00661],[-119.07214,54.00662],[-119.07827,54.00662],[-119.08439,54.00662],[-119.09036,54.00662],[-119.09036,54.00301],[-119.09036,54.00001],[-119.09036,53.99939],[-119.09035,53.99774],[-119.09035,53.99578],[-119.09035,53.99217],[-119.09035,53.98855],[-119.09035,53.98494],[-119.09035,53.98132],[-119.09035,53.9778],[-119.08438,53.9778],[-119.07826,53.9778],[-119.07826,53.98132],[-119.07826,53.98494],[-119.07214,53.98493],[-119.06602,53.98493],[-119.06602,53.98855]]],[[[-118.99155,53.95951],[-118.99155,53.96312],[-118.99155,53.96674],[-118.99155,53.97035],[-118.99155,53.97396],[-118.99155,53.97758],[-118.99768,53.97758],[-119.00381,53.97758],[-119.00994,53.97757],[-119.01592,53.97757],[-119.01592,53.97396],[-119.01592,53.97035],[-119.01592,53.96673],[-119.01592,53.96312],[-119.00994,53.96312],[-119.00381,53.96312],[-119.00381,53.95951],[-119.00381,53.95589],[-118.99768,53.9559],[-118.99155,53.9559],[-118.99155,53.95951]]],[[[-119.01638,53.98137],[-119.01638,53.98498],[-119.01638,53.98859],[-119.01639,53.9922],[-119.02252,53.9922],[-119.02865,53.9922],[-119.03478,53.9922],[-119.04076,53.99219],[-119.04076,53.98858],[-119.04076,53.98496],[-119.04076,53.98135],[-119.04076,53.97783],[-119.03478,53.97783],[-119.02864,53.97784],[-119.02251,53.97784],[-119.01638,53.97784],[-119.01638,53.98137]]],[[[-119.07826,53.9703],[-119.07826,53.97391],[-119.07826,53.97753],[-119.08438,53.97753],[-119.09035,53.97753],[-119.09035,53.97392],[-119.09035,53.9703],[-119.09034,53.96669],[-119.08438,53.96669],[-119.07825,53.96669],[-119.07826,53.9703]]],[[[-119.06602,54.01402],[-119.07214,54.01402],[-119.07214,54.01041],[-119.07827,54.01041],[-119.07827,54.00689],[-119.07214,54.00689],[-119.06602,54.00689],[-119.06602,54.01041],[-119.06602,54.01402]]]]},"properties":{"OBJECTID":73,"BusinessKey":"0131312010593","AgreementType":"013","AgreementNumber":"1312010593","TractIdentifier":"00","MineralType":"COAL","AgreementGroup":"LEASE","Status":"ACTIVE","LicenceVintage":"PRIMARY","DesRepName":"CST CANADA COAL LIMITED","PartyName":"CST CANADA COAL LIMITED(100.0000000%)","Zone":"COAL","OriginalArea":1680,"AgreementArea":1680,"TermDate":"2012/01/26","ContinuationDate":"","CurrentExpiryText":"2027/01/26","SHAPE.STArea()":16813966.396600846,"SHAPE.STLength()":40832.034636653305}},{"type":"Feature","id":271,"geometry":{"type":"MultiPolygon","coordinates":[[[[-119.16513,53.96669],[-119.16513,53.9703],[-119.16513,53.97392],[-119.16513,53.97753],[-119.17125,53.97753],[-119.17736,53.97752],[-119.18348,53.97752],[-119.18944,53.97752],[-119.18944,53.9739],[-119.18944,53.97029],[-119.18944,53.96668],[-119.18348,53.96668],[-119.18348,53.96307],[-119.17736,53.96307],[-119.17125,53.96307],[-119.16513,53.96308],[-119.16513,53.96669]]],[[[-119.1899,53.98131],[-119.1899,53.98492],[-119.18991,53.98853],[-119.19602,53.98855],[-119.20214,53.98856],[-119.20825,53.98856],[-119.21422,53.98857],[-119.21421,53.98495],[-119.21421,53.98134],[-119.21421,53.97782],[-119.20825,53.97781],[-119.20213,53.97781],[-119.19602,53.9778],[-119.1899,53.97779],[-119.1899,53.98131]]],[[[-119.1899,53.97029],[-119.1899,53.9739],[-119.1899,53.97752],[-119.19602,53.97753],[-119.20213,53.97754],[-119.20825,53.97754],[-119.20825,53.97393],[-119.20213,53.97392],[-119.20213,53.97031],[-119.19601,53.9703],[-119.19601,53.96669],[-119.1899,53.96668],[-119.1899,53.97029]]],[[[-119.17125,53.98132],[-119.17736,53.98132],[-119.17737,53.98493],[-119.18348,53.98493],[-119.18944,53.98492],[-119.18944,53.98131],[-119.18944,53.97779],[-119.18348,53.97779],[-119.17736,53.97779],[-119.17125,53.9778],[-119.17125,53.98132]]]]},"properties":{"OBJECTID":271,"BusinessKey":"0131315090180","AgreementType":"013","AgreementNumber":"1315090180","TractIdentifier":"00","MineralType":"COAL","AgreementGroup":"LEASE","Status":"ACTIVE","LicenceVintage":"RENEWAL","DesRepName":"CST CANADA COAL LIMITED","PartyName":"CST CANADA COAL LIMITED(100.0000000%)","Zone":"COAL","OriginalArea":608,"AgreementArea":608,"TermDate":"2015/09/06","ContinuationDate":"","CurrentExpiryText":"2030/09/06","SHAPE.STArea()":6072615.4557751399,"SHAPE.STLength()":20788.51198110652}},{"type":"Feature","id":25,"geometry":{"type":"MultiPolygon","coordinates":[[[[-119.22488,54.09774],[-119.22488,54.10135],[-119.22488,54.10496],[-119.22489,54.10858],[-119.22489,54.11219],[-119.22489,54.11581],[-119.22489,54.11942],[-119.22489,54.12303],[-119.23106,54.12303],[-119.23724,54.12304],[-119.24341,54.12304],[-119.24943,54.12304],[-119.24943,54.11943],[-119.24943,54.11581],[-119.24943,54.1122],[-119.24943,54.10858],[-119.24943,54.10497],[-119.24943,54.10136],[-119.24943,54.09774],[-119.24942,54.09422],[-119.2434,54.09422],[-119.23723,54.09422],[-119.23106,54.09422],[-119.22488,54.09421],[-119.22488,54.09774]]],[[[-119.22489,54.12683],[-119.22489,54.13044],[-119.22489,54.13405],[-119.22489,54.13767],[-119.22489,54.14128],[-119.2249,54.14489],[-119.2249,54.14851],[-119.2249,54.15212],[-119.23107,54.15212],[-119.23724,54.15213],[-119.24342,54.15213],[-119.24944,54.15213],[-119.24944,54.14851],[-119.24944,54.1449],[-119.24944,54.14129],[-119.24944,54.13767],[-119.24943,54.13406],[-119.24943,54.13045],[-119.24943,54.12683],[-119.24943,54.12331],[-119.24341,54.12331],[-119.23724,54.12331],[-119.23106,54.12331],[-119.22489,54.1233],[-119.22489,54.12683]]],[[[-119.19988,54.08311],[-119.19989,54.08672],[-119.19989,54.09034],[-119.19989,54.09395],[-119.20606,54.09395],[-119.21223,54.09395],[-119.2184,54.09394],[-119.22442,54.09394],[-119.22442,54.09033],[-119.22442,54.08672],[-119.22442,54.0831],[-119.22442,54.07949],[-119.2184,54.07949],[-119.21222,54.07949],[-119.20605,54.07949],[-119.19988,54.0795],[-119.19988,54.08311]]],[[[-119.24989,54.1122],[-119.24989,54.11581],[-119.24989,54.11943],[-119.24989,54.12304],[-119.25607,54.12304],[-119.26224,54.12304],[-119.26842,54.12304],[-119.27444,54.12304],[-119.27443,54.11943],[-119.27443,54.11581],[-119.27443,54.1122],[-119.27443,54.10859],[-119.26841,54.10859],[-119.26224,54.10859],[-119.25891,54.10859],[-119.25606,54.10859],[-119.24989,54.10858],[-119.24989,54.1122]]],[[[-119.19989,54.09774],[-119.19989,54.10136],[-119.19989,54.10497],[-119.19989,54.10858],[-119.20606,54.10858],[-119.21223,54.10858],[-119.2184,54.10858],[-119.22442,54.10858],[-119.22442,54.10496],[-119.22442,54.10135],[-119.22442,54.09774],[-119.22442,54.09421],[-119.2184,54.09422],[-119.21223,54.09422],[-119.20843,54.09422],[-119.20606,54.09422],[-119.19989,54.09422],[-119.19989,54.09774]]],[[[-119.24989,54.12683],[-119.24989,54.13045],[-119.2499,54.13406],[-119.2499,54.13767],[-119.25607,54.13767],[-119.26224,54.13767],[-119.26842,54.13767],[-119.27444,54.13767],[-119.27444,54.13406],[-119.27444,54.13045],[-119.27444,54.12683],[-119.27444,54.12331],[-119.26842,54.12331],[-119.26224,54.12331],[-119.25607,54.12331],[-119.24989,54.12331],[-119.24989,54.12683]]]]},"properties":{"OBJECTID":25,"BusinessKey":"A13 110415405","AgreementType":"A13","AgreementNumber":" 110415405","TractIdentifier":"00","MineralType":"COAL","AgreementGroup":"APP","Status":"ACTIVE","LicenceVintage":"","DesRepName":"PEACE RIVER COAL INC.","PartyName":"PEACE RIVER COAL INC.(100.0000000%)","Zone":"COAL","OriginalArea":2048,"AgreementArea":2048,"TermDate":"2011/11/09","ContinuationDate":"","CurrentExpiryText":"","SHAPE.STArea()":20596147.181743734,"SHAPE.STLength()":44925.501175697085}},{"type":"Feature","id":36,"geometry":{"type":"MultiPolygon","coordinates":[[[[-119.5751,54.15588],[-119.5751,54.15949],[-119.5751,54.16311],[-119.57511,54.16672],[-119.57511,54.17033],[-119.57511,54.17395],[-119.57511,54.17756],[-119.57511,54.18117],[-119.58128,54.18117],[-119.58745,54.18117],[-119.59362,54.18117],[-119.59963,54.18117],[-119.59963,54.17756],[-119.59963,54.17394],[-119.59963,54.17033],[-119.59963,54.16672],[-119.59963,54.1631],[-119.59963,54.15949],[-119.59963,54.15587],[-119.59963,54.15235],[-119.59362,54.15235],[-119.58744,54.15235],[-119.58127,54.15235],[-119.5751,54.15236],[-119.5751,54.15588]]],[[[-119.55012,54.17033],[-119.55012,54.17395],[-119.55012,54.17756],[-119.55012,54.18117],[-119.55629,54.18117],[-119.56246,54.18117],[-119.56863,54.18117],[-119.57464,54.18117],[-119.57464,54.17756],[-119.57464,54.17395],[-119.57464,54.17033],[-119.57464,54.16672],[-119.56863,54.16672],[-119.56246,54.16672],[-119.55629,54.16672],[-119.55012,54.16672],[-119.55012,54.17033]]],[[[-119.52513,54.16882],[-119.52513,54.17033],[-119.52513,54.17394],[-119.52513,54.17755],[-119.52513,54.18117],[-119.5313,54.18117],[-119.53747,54.18117],[-119.54364,54.18117],[-119.54966,54.18117],[-119.54966,54.17756],[-119.54966,54.17395],[-119.54966,54.17033],[-119.54966,54.16672],[-119.54364,54.16672],[-119.53747,54.16672],[-119.5313,54.16671],[-119.52513,54.16671],[-119.52513,54.16882]]],[[[-119.50015,54.17031],[-119.50015,54.17393],[-119.50015,54.17754],[-119.50015,54.18115],[-119.50632,54.18116],[-119.51249,54.18116],[-119.51866,54.18116],[-119.52467,54.18117],[-119.52467,54.17755],[-119.52467,54.17394],[-119.52467,54.17033],[-119.52467,54.16671],[-119.51865,54.16671],[-119.51249,54.16671],[-119.50632,54.1667],[-119.50015,54.1667],[-119.50015,54.17031]]],[[[-119.57511,54.18497],[-119.57511,54.18858],[-119.57511,54.1902],[-119.57511,54.1922],[-119.57511,54.19581],[-119.58128,54.19581],[-119.58745,54.19581],[-119.59362,54.19581],[-119.59963,54.19581],[-119.59963,54.1932],[-119.59963,54.19219],[-119.59963,54.18858],[-119.59963,54.18497],[-119.59963,54.18144],[-119.59362,54.18144],[-119.58745,54.18144],[-119.58128,54.18145],[-119.57511,54.18145],[-119.57511,54.18497]]],[[[-119.55012,54.18497],[-119.55012,54.18858],[-119.55012,54.19219],[-119.55012,54.19581],[-119.55629,54.19581],[-119.56246,54.19581],[-119.56863,54.19581],[-119.57465,54.19581],[-119.57464,54.1922],[-119.57464,54.18858],[-119.57464,54.18497],[-119.57464,54.18145],[-119.56863,54.18145],[-119.56246,54.18145],[-119.55629,54.18144],[-119.55012,54.18144],[-119.55012,54.18497]]],[[[-119.52513,54.18496],[-119.52513,54.18857],[-119.52513,54.19219],[-119.52513,54.1958],[-119.52595,54.1958],[-119.5313,54.1958],[-119.53747,54.1958],[-119.54364,54.19581],[-119.54966,54.19581],[-119.54966,54.19219],[-119.54966,54.18858],[-119.54966,54.18497],[-119.54966,54.18144],[-119.54364,54.18144],[-119.53747,54.18144],[-119.5313,54.18144],[-119.52513,54.18144],[-119.52513,54.18496]]],[[[-119.50015,54.18495],[-119.50015,54.18856],[-119.50015,54.19217],[-119.50015,54.19579],[-119.50632,54.19579],[-119.51249,54.19579],[-119.51866,54.1958],[-119.52467,54.1958],[-119.52467,54.19219],[-119.52467,54.18857],[-119.52467,54.18496],[-119.52467,54.18144],[-119.51866,54.18143],[-119.51249,54.18143],[-119.50632,54.18143],[-119.50015,54.18142],[-119.50015,54.18495]]]]},"properties":{"OBJECTID":36,"BusinessKey":"A13 110415701","AgreementType":"A13","AgreementNumber":" 110415701","TractIdentifier":"00","MineralType":"COAL","AgreementGroup":"APP","Status":"ACTIVE","LicenceVintage":"","DesRepName":"PEACE RIVER COAL INC.","PartyName":"PEACE RIVER COAL INC.(100.0000000%)","Zone":"COAL","OriginalArea":2304,"AgreementArea":2304,"TermDate":"2011/11/09","ContinuationDate":"","CurrentExpiryText":"","SHAPE.STArea()":23119863.089077089,"SHAPE.STLength()":54494.759027950335}},{"type":"Feature","id":179,"geometry":{"type":"MultiPolygon","coordinates":[[[[-119.56156,54.0395],[-119.56156,54.04311],[-119.56156,54.04673],[-119.56156,54.05034],[-119.56156,54.05395],[-119.56156,54.05757],[-119.56156,54.06116],[-119.56156,54.06476],[-119.56245,54.06476],[-119.56767,54.06476],[-119.56862,54.06476],[-119.57379,54.06476],[-119.57463,54.06476],[-119.57509,54.06476],[-119.57991,54.06476],[-119.58126,54.06476],[-119.58587,54.06476],[-119.58587,54.06116],[-119.58587,54.05756],[-119.58587,54.05395],[-119.58587,54.05034],[-119.58587,54.04672],[-119.58587,54.04311],[-119.58587,54.0395],[-119.58587,54.03597],[-119.57991,54.03598],[-119.57379,54.03598],[-119.56767,54.03598],[-119.56156,54.03598],[-119.56156,54.0395]]],[[[-119.53678,54.0395],[-119.53678,54.04311],[-119.53678,54.04673],[-119.53678,54.05034],[-119.53678,54.05395],[-119.53678,54.05757],[-119.53678,54.06116],[-119.53678,54.06476],[-119.53746,54.06476],[-119.5429,54.06476],[-119.54363,54.06476],[-119.54902,54.06476],[-119.54965,54.06476],[-119.55011,54.06476],[-119.55513,54.06476],[-119.55628,54.06476],[-119.5611,54.06476],[-119.5611,54.06116],[-119.5611,54.05757],[-119.5611,54.05395],[-119.5611,54.05034],[-119.5611,54.04673],[-119.5611,54.04311],[-119.5611,54.0395],[-119.56109,54.03598],[-119.55513,54.03598],[-119.54901,54.03598],[-119.5429,54.03598],[-119.53678,54.03598],[-119.53678,54.0395]]],[[[-119.55011,54.06863],[-119.55011,54.07222],[-119.55011,54.07584],[-119.55011,54.07945],[-119.55628,54.07945],[-119.56245,54.07945],[-119.56862,54.07945],[-119.57463,54.07945],[-119.57463,54.07584],[-119.57463,54.07223],[-119.57463,54.06863],[-119.57463,54.06503],[-119.57379,54.06503],[-119.56862,54.06503],[-119.56767,54.06503],[-119.56245,54.06503],[-119.56156,54.06503],[-119.5611,54.06503],[-119.55628,54.06503],[-119.55513,54.06503],[-119.55011,54.06503],[-119.55011,54.06863]]],[[[-119.57509,54.06863],[-119.57509,54.07223],[-119.57509,54.07584],[-119.57509,54.07945],[-119.58126,54.07945],[-119.58744,54.07945],[-119.58743,54.07584],[-119.58743,54.07222],[-119.58743,54.06863],[-119.58743,54.06503],[-119.58633,54.06503],[-119.58587,54.06503],[-119.58126,54.06503],[-119.57991,54.06503],[-119.57509,54.06503],[-119.57509,54.06863]]]]},"properties":{"OBJECTID":179,"BusinessKey":"A13 130072104","AgreementType":"A13","AgreementNumber":" 130072104","TractIdentifier":"00","MineralType":"COAL","AgreementGroup":"APP","Status":"ACTIVE","LicenceVintage":"","DesRepName":"PEACE RIVER COAL INC.","PartyName":"PEACE RIVER COAL INC.(100.0000000%)","Zone":"COAL","OriginalArea":1408,"AgreementArea":1408,"TermDate":"2013/03/28","ContinuationDate":"","CurrentExpiryText":"","SHAPE.STArea()":14086974.222528474,"SHAPE.STLength()":30442.003707505857}},{"type":"Feature","id":105,"geometry":{"type":"MultiPolygon","coordinates":[[[[-119.12493,54.1704],[-119.12493,54.17402],[-119.12493,54.17763],[-119.12493,54.18124],[-119.1311,54.18124],[-119.13727,54.18124],[-119.14344,54.18124],[-119.14946,54.18124],[-119.14946,54.17763],[-119.14946,54.17401],[-119.14946,54.1704],[-119.14946,54.16679],[-119.14344,54.16679],[-119.13727,54.16679],[-119.1311,54.16679],[-119.12493,54.16679],[-119.12493,54.1704]]],[[[-119.09994,54.1704],[-119.09995,54.17402],[-119.09995,54.17763],[-119.09995,54.18124],[-119.10612,54.18124],[-119.11228,54.18124],[-119.11845,54.18125],[-119.12447,54.18124],[-119.12447,54.17763],[-119.12447,54.17402],[-119.12447,54.1704],[-119.12447,54.16679],[-119.11845,54.16679],[-119.11228,54.16679],[-119.10611,54.16679],[-119.09994,54.16679],[-119.09994,54.1704]]],[[[-119.12493,54.18504],[-119.12493,54.18865],[-119.12493,54.19227],[-119.12493,54.19588],[-119.1311,54.19588],[-119.13727,54.19588],[-119.14345,54.19588],[-119.14946,54.19588],[-119.14946,54.19226],[-119.14946,54.18865],[-119.14946,54.18599],[-119.14946,54.18503],[-119.14946,54.18151],[-119.14344,54.18151],[-119.13727,54.18151],[-119.1311,54.18152],[-119.12493,54.18152],[-119.12493,54.18504]]],[[[-119.14992,54.18503],[-119.14992,54.18865],[-119.14992,54.19226],[-119.14992,54.19588],[-119.15609,54.19587],[-119.16226,54.19587],[-119.16843,54.19587],[-119.17445,54.19587],[-119.17445,54.19225],[-119.17445,54.18864],[-119.17445,54.18503],[-119.17445,54.1815],[-119.16843,54.1815],[-119.16226,54.18151],[-119.15609,54.18151],[-119.14992,54.18151],[-119.14992,54.18503]]],[[[-119.17491,54.18503],[-119.17491,54.18864],[-119.17491,54.19225],[-119.17491,54.19587],[-119.18108,54.19586],[-119.18725,54.19586],[-119.19342,54.19586],[-119.19944,54.19585],[-119.19944,54.19224],[-119.19944,54.18862],[-119.19944,54.18501],[-119.19944,54.18149],[-119.19342,54.18149],[-119.18725,54.1815],[-119.18108,54.1815],[-119.17491,54.1815],[-119.17491,54.18503]]],[[[-119.09995,54.18504],[-119.09995,54.18865],[-119.09995,54.19227],[-119.09995,54.19588],[-119.10612,54.19588],[-119.11229,54.19588],[-119.11846,54.19588],[-119.12447,54.19588],[-119.12447,54.19227],[-119.12447,54.18865],[-119.12447,54.18504],[-119.12447,54.18152],[-119.11845,54.18152],[-119.11228,54.18152],[-119.10612,54.18152],[-119.09995,54.18151],[-119.09995,54.18504]]]]},"properties":{"OBJECTID":105,"BusinessKey":"A13 120187305","AgreementType":"A13","AgreementNumber":" 120187305","TractIdentifier":"00","MineralType":"COAL","AgreementGroup":"APP","Status":"ACTIVE","LicenceVintage":"","DesRepName":"PEACE RIVER COAL INC.","PartyName":"PEACE RIVER COAL INC.(100.0000000%)","Zone":"COAL","OriginalArea":1536,"AgreementArea":1536,"TermDate":"2012/06/22","ContinuationDate":"","CurrentExpiryText":"","SHAPE.STArea()":15396738.806593824,"SHAPE.STLength()":38445.8963887426}},{"type":"Feature","id":460,"geometry":{"type":"MultiPolygon","coordinates":[[[[-119.36333,53.93038],[-119.36333,53.93399],[-119.36333,53.93761],[-119.36333,53.94122],[-119.36333,53.94483],[-119.36333,53.94845],[-119.36945,53.94845],[-119.37557,53.94845],[-119.38168,53.94845],[-119.38765,53.94845],[-119.38765,53.94484],[-119.38765,53.94122],[-119.38765,53.93761],[-119.38765,53.934],[-119.38168,53.934],[-119.3814,53.934],[-119.37556,53.93399],[-119.37556,53.93038],[-119.37556,53.92677],[-119.36945,53.92677],[-119.36333,53.92677],[-119.36333,53.93038]]],[[[-119.33855,53.92314],[-119.33855,53.92676],[-119.33855,53.93037],[-119.33855,53.93398],[-119.33855,53.9376],[-119.33855,53.94121],[-119.34467,53.94121],[-119.35079,53.94122],[-119.3569,53.94122],[-119.36287,53.94122],[-119.36287,53.93761],[-119.36287,53.93399],[-119.36287,53.93038],[-119.36287,53.92677],[-119.3569,53.92676],[-119.35078,53.92676],[-119.35078,53.92315],[-119.35078,53.91963],[-119.34466,53.91962],[-119.33855,53.91962],[-119.33855,53.92314]]],[[[-119.31377,53.93761],[-119.31377,53.94123],[-119.31989,53.94122],[-119.32,53.94122],[-119.32601,53.94122],[-119.33213,53.94122],[-119.33809,53.94121],[-119.33809,53.9376],[-119.33809,53.93399],[-119.33809,53.93037],[-119.33809,53.92676],[-119.33809,53.92315],[-119.33809,53.91962],[-119.33212,53.91963],[-119.326,53.91963],[-119.32601,53.92315],[-119.32601,53.92677],[-119.32601,53.93038],[-119.32601,53.93399],[-119.31989,53.934],[-119.31377,53.934],[-119.31377,53.93761]]],[[[-119.38811,53.95224],[-119.38811,53.95586],[-119.38811,53.95947],[-119.38811,53.96308],[-119.39423,53.96308],[-119.40035,53.96308],[-119.40647,53.96308],[-119.41243,53.96308],[-119.41243,53.95947],[-119.41243,53.95586],[-119.41243,53.95224],[-119.41243,53.94872],[-119.40646,53.94872],[-119.40035,53.94872],[-119.39423,53.94872],[-119.38811,53.94872],[-119.38811,53.95224]]],[[[-119.41289,53.95947],[-119.41289,53.96308],[-119.41289,53.9667],[-119.41289,53.97031],[-119.41289,53.97392],[-119.41289,53.97754],[-119.41901,53.97754],[-119.42513,53.97754],[-119.43124,53.97754],[-119.43721,53.97753],[-119.43721,53.97443],[-119.43177,53.97297],[-119.42914,53.97031],[-119.42513,53.96623],[-119.42498,53.96608],[-119.42466,53.96308],[-119.42389,53.95586],[-119.41901,53.95586],[-119.41289,53.95586],[-119.41289,53.95947]]],[[[-119.31377,53.90853],[-119.31377,53.91214],[-119.31377,53.91575],[-119.31377,53.91937],[-119.31989,53.91936],[-119.326,53.91936],[-119.33212,53.91936],[-119.33809,53.91935],[-119.33809,53.91574],[-119.33809,53.91212],[-119.33212,53.91213],[-119.326,53.91213],[-119.326,53.90852],[-119.326,53.9049],[-119.31989,53.90491],[-119.31377,53.90491],[-119.31377,53.90853]]],[[[-119.30123,53.9013],[-119.30123,53.89769],[-119.29511,53.89769],[-119.28899,53.89769],[-119.28899,53.90131],[-119.28899,53.90492],[-119.29511,53.90492],[-119.30123,53.90492],[-119.30123,53.9013]]],[[[-119.38811,53.94484],[-119.38811,53.94845],[-119.39423,53.94845],[-119.40035,53.94845],[-119.40035,53.94484],[-119.40034,53.94122],[-119.39423,53.94122],[-119.38811,53.94122],[-119.38811,53.94484]]],[[[-119.30123,53.90492],[-119.30123,53.90853],[-119.30123,53.91214],[-119.30735,53.91214],[-119.31331,53.91214],[-119.31331,53.90853],[-119.31331,53.90803],[-119.31331,53.90491],[-119.30734,53.90491],[-119.30123,53.90492]]],[[[-119.27645,53.89408],[-119.27645,53.8977],[-119.28257,53.8977],[-119.28853,53.89769],[-119.28853,53.89408],[-119.28853,53.89056],[-119.28257,53.89056],[-119.27645,53.89056],[-119.27645,53.89408]]],[[[-119.41289,53.98133],[-119.41289,53.98495],[-119.41395,53.98495],[-119.42051,53.98263],[-119.42513,53.98125],[-119.43671,53.9778],[-119.43124,53.97781],[-119.42513,53.97781],[-119.41901,53.97781],[-119.41289,53.97781],[-119.41289,53.98133]]],[[[-119.4429,53.97596],[-119.43767,53.97456],[-119.43767,53.97752],[-119.4429,53.97596]]]]},"properties":{"OBJECTID":460,"BusinessKey":"0131320110064","AgreementType":"013","AgreementNumber":"1320110064","TractIdentifier":"00","MineralType":"COAL","AgreementGroup":"LEASE","Status":"ACTIVE","LicenceVintage":"PRIMARY","DesRepName":"HORN RIDGE RESOURCES LTD.","PartyName":"HORN RIDGE RESOURCES LTD.(100.0000000%)","Zone":"COAL","OriginalArea":1909.5999999999999,"AgreementArea":1909.5999999999999,"TermDate":"2020/11/06","ContinuationDate":"","CurrentExpiryText":"2035/11/06","SHAPE.STArea()":19138943.06731613,"SHAPE.STLength()":62352.670684143712}},{"type":"Feature","id":85,"geometry":{"type":"Polygon","coordinates":[[[-119.24989,54.10858],[-119.25606,54.10859],[-119.25606,54.10497],[-119.24989,54.10497],[-119.24989,54.10858]]]},"properties":{"OBJECTID":85,"BusinessKey":"0131312050630","AgreementType":"013","AgreementNumber":"1312050630","TractIdentifier":"00","MineralType":"COAL","AgreementGroup":"LEASE","Status":"ACTIVE","LicenceVintage":"PRIMARY","DesRepName":"CST CANADA COAL LIMITED","PartyName":"CST CANADA COAL LIMITED(100.0000000%)","Zone":"COAL","OriginalArea":16,"AgreementArea":16,"TermDate":"2012/05/03","ContinuationDate":"","CurrentExpiryText":"2027/05/03","SHAPE.STArea()":162478.69130485001,"SHAPE.STLength()":1612.3491819325791}},{"type":"Feature","id":42,"geometry":{"type":"MultiPolygon","coordinates":[[[[-119.67507,54.15586],[-119.67507,54.15948],[-119.67507,54.16309],[-119.67507,54.1667],[-119.67507,54.17032],[-119.67507,54.17393],[-119.67507,54.17754],[-119.67507,54.18116],[-119.68125,54.18116],[-119.68742,54.18116],[-119.6936,54.18116],[-119.69962,54.18116],[-119.69962,54.17755],[-119.69962,54.17394],[-119.69961,54.17032],[-119.69961,54.16671],[-119.69961,54.1631],[-119.69961,54.15948],[-119.69359,54.15948],[-119.68742,54.15948],[-119.68742,54.15587],[-119.68742,54.15234],[-119.68125,54.15234],[-119.67507,54.15234],[-119.67507,54.15586]]],[[[-119.65007,54.15585],[-119.65007,54.15946],[-119.65008,54.16308],[-119.65008,54.16669],[-119.65625,54.16669],[-119.66242,54.1667],[-119.66242,54.17031],[-119.66242,54.17392],[-119.66859,54.17393],[-119.67461,54.17393],[-119.67461,54.17032],[-119.67461,54.1667],[-119.67461,54.16309],[-119.67461,54.15948],[-119.67461,54.15586],[-119.67461,54.15234],[-119.66859,54.15234],[-119.66242,54.15233],[-119.65625,54.15233],[-119.65007,54.15233],[-119.65007,54.15585]]],[[[-119.67507,54.18495],[-119.67507,54.18856],[-119.67507,54.19218],[-119.67507,54.19579],[-119.68125,54.19579],[-119.68742,54.19579],[-119.6936,54.1958],[-119.69962,54.1958],[-119.69962,54.19218],[-119.69962,54.18857],[-119.69962,54.18496],[-119.69962,54.18143],[-119.6936,54.18143],[-119.68742,54.18143],[-119.68125,54.18143],[-119.67507,54.18143],[-119.67507,54.18495]]],[[[-119.70008,54.18496],[-119.70008,54.18857],[-119.70008,54.19218],[-119.70008,54.1958],[-119.70625,54.1958],[-119.71242,54.1958],[-119.7186,54.1958],[-119.72462,54.1958],[-119.72462,54.19219],[-119.72462,54.18857],[-119.72462,54.18496],[-119.72462,54.18144],[-119.7186,54.18144],[-119.71242,54.18144],[-119.70625,54.18143],[-119.70008,54.18143],[-119.70008,54.18496]]],[[[-119.75007,54.18495],[-119.75007,54.18857],[-119.75007,54.19218],[-119.75007,54.1958],[-119.75624,54.19579],[-119.76242,54.19579],[-119.76859,54.19579],[-119.7746,54.19579],[-119.7746,54.19217],[-119.7746,54.18856],[-119.7746,54.18495],[-119.7746,54.18142],[-119.76859,54.18143],[-119.76241,54.18143],[-119.75624,54.18143],[-119.75007,54.18143],[-119.75007,54.18495]]],[[[-119.72508,54.18496],[-119.72508,54.18857],[-119.72508,54.19219],[-119.72508,54.1958],[-119.73125,54.1958],[-119.73742,54.1958],[-119.74359,54.1958],[-119.74961,54.1958],[-119.74961,54.19218],[-119.74961,54.18857],[-119.74961,54.18495],[-119.74961,54.18143],[-119.74359,54.18143],[-119.73742,54.18143],[-119.73125,54.18143],[-119.72508,54.18144],[-119.72508,54.18496]]],[[[-119.65008,54.18494],[-119.65008,54.18855],[-119.65008,54.19216],[-119.65008,54.19578],[-119.65625,54.19578],[-119.66242,54.19578],[-119.66859,54.19579],[-119.6703,54.19579],[-119.67461,54.19579],[-119.67461,54.19218],[-119.67461,54.18856],[-119.67461,54.18495],[-119.67461,54.18143],[-119.66859,54.18142],[-119.66242,54.18142],[-119.65625,54.18142],[-119.65008,54.18141],[-119.65008,54.18494]]],[[[-119.70008,54.17032],[-119.70008,54.17394],[-119.70008,54.17755],[-119.70008,54.18116],[-119.70625,54.18116],[-119.71242,54.18116],[-119.7186,54.18116],[-119.72462,54.18116],[-119.72462,54.17755],[-119.72461,54.17394],[-119.7186,54.17394],[-119.71242,54.17394],[-119.71242,54.17032],[-119.71242,54.16671],[-119.70625,54.16671],[-119.70008,54.16671],[-119.70008,54.17032]]],[[[-119.65007,54.14844],[-119.65007,54.15206],[-119.65625,54.15206],[-119.66242,54.15206],[-119.66242,54.14845],[-119.66242,54.14484],[-119.65625,54.14483],[-119.65007,54.14483],[-119.65007,54.14844]]]]},"properties":{"OBJECTID":42,"BusinessKey":"A13 110415802","AgreementType":"A13","AgreementNumber":" 110415802","TractIdentifier":"00","MineralType":"COAL","AgreementGroup":"APP","Status":"ACTIVE","LicenceVintage":"","DesRepName":"PEACE RIVER COAL INC.","PartyName":"PEACE RIVER COAL INC.(100.0000000%)","Zone":"COAL","OriginalArea":2304,"AgreementArea":2304,"TermDate":"2011/11/09","ContinuationDate":"","CurrentExpiryText":"","SHAPE.STArea()":23118145.864016663,"SHAPE.STLength()":59302.969514849356}},{"type":"Feature","id":448,"geometry":{"type":"MultiPolygon","coordinates":[[[[-118.91705,53.90132],[-118.91705,53.90494],[-118.91705,53.90855],[-118.91705,53.90872],[-118.91705,53.91216],[-118.91705,53.91578],[-118.91705,53.91939],[-118.92319,53.91939],[-118.92932,53.9194],[-118.93545,53.9194],[-118.94142,53.9194],[-118.94142,53.91578],[-118.94142,53.91217],[-118.94142,53.90856],[-118.94142,53.90494],[-118.94142,53.90133],[-118.94142,53.89772],[-118.93545,53.89771],[-118.92932,53.89771],[-118.92318,53.89771],[-118.91705,53.89771],[-118.91705,53.90132]]],[[[-118.89222,53.89408],[-118.89222,53.89769],[-118.89222,53.90131],[-118.89222,53.90492],[-118.89836,53.90493],[-118.90449,53.90493],[-118.90449,53.90854],[-118.90449,53.91216],[-118.91062,53.91216],[-118.9166,53.91216],[-118.9166,53.90855],[-118.9166,53.90493],[-118.9166,53.90132],[-118.91659,53.89771],[-118.91659,53.89409],[-118.91062,53.89409],[-118.91062,53.89048],[-118.90448,53.89047],[-118.89835,53.89047],[-118.89222,53.89047],[-118.89222,53.89408]]],[[[-118.94188,53.90856],[-118.94188,53.91217],[-118.94188,53.91578],[-118.94188,53.9194],[-118.94801,53.9194],[-118.95414,53.9194],[-118.96028,53.9194],[-118.96625,53.9194],[-118.96625,53.91579],[-118.96625,53.91217],[-118.96625,53.90856],[-118.96625,53.90495],[-118.96027,53.90495],[-118.95414,53.90495],[-118.94801,53.90494],[-118.94188,53.90494],[-118.94188,53.90856]]],[[[-118.99155,53.90856],[-118.99155,53.91217],[-118.99155,53.91579],[-118.99155,53.9194],[-118.99768,53.9194],[-119.00381,53.9194],[-119.00994,53.91939],[-119.01591,53.91939],[-119.01591,53.91578],[-119.01591,53.91216],[-119.01591,53.90855],[-119.01591,53.90494],[-119.00994,53.90494],[-119.00381,53.90494],[-118.99768,53.90494],[-118.99155,53.90494],[-118.99155,53.90856]]],[[[-118.94188,53.92319],[-118.94188,53.92681],[-118.94189,53.93042],[-118.94189,53.93403],[-118.94802,53.93404],[-118.95415,53.93404],[-118.96028,53.93404],[-118.96625,53.93404],[-118.96625,53.93042],[-118.96625,53.92681],[-118.96625,53.9232],[-118.96625,53.91967],[-118.96028,53.91967],[-118.95414,53.91967],[-118.94801,53.91967],[-118.94188,53.91967],[-118.94188,53.92319]]],[[[-118.96671,53.9232],[-118.96671,53.92681],[-118.97285,53.92681],[-118.97898,53.92681],[-118.97898,53.93042],[-118.97898,53.93404],[-118.98511,53.93404],[-118.99109,53.93403],[-118.99109,53.93042],[-118.99109,53.92681],[-118.99109,53.92319],[-118.99109,53.91967],[-118.98511,53.91967],[-118.97898,53.91967],[-118.97284,53.91967],[-118.96671,53.91967],[-118.96671,53.9232]]],[[[-118.99155,53.92319],[-118.99155,53.92681],[-118.99155,53.93042],[-118.99155,53.93403],[-118.99768,53.93403],[-119.00381,53.93403],[-119.00381,53.93042],[-119.00381,53.9268],[-119.00381,53.92319],[-119.00381,53.91967],[-118.99768,53.91967],[-118.99155,53.91967],[-118.99155,53.92319]]],[[[-118.87968,53.89307],[-118.87929,53.89321],[-118.86767,53.89732],[-118.86745,53.8974],[-118.86745,53.89771],[-118.87357,53.8977],[-118.87968,53.8977],[-118.8858,53.8977],[-118.89177,53.89769],[-118.89176,53.89408],[-118.89176,53.89047],[-118.88702,53.89047],[-118.87968,53.89307]]],[[[-118.92932,53.92319],[-118.92932,53.9268],[-118.93545,53.92681],[-118.94143,53.92681],[-118.94143,53.92319],[-118.94142,53.91967],[-118.93545,53.91967],[-118.92932,53.91967],[-118.92932,53.92319]]],[[[-118.8917,53.88845],[-118.89,53.88942],[-118.88862,53.8899],[-118.88753,53.89029],[-118.89176,53.89029],[-118.89176,53.88841],[-118.8917,53.88845]]]]},"properties":{"OBJECTID":448,"BusinessKey":"0131320110052","AgreementType":"013","AgreementNumber":"1320110052","TractIdentifier":"00","MineralType":"COAL","AgreementGroup":"LEASE","Status":"ACTIVE","LicenceVintage":"PRIMARY","DesRepName":"MANCAL COAL INC","PartyName":"MANCAL COAL INC(100.0000000%)","Zone":"COAL","OriginalArea":1920.9000000000001,"AgreementArea":1920.9000000000001,"TermDate":"2020/11/06","ContinuationDate":"","CurrentExpiryText":"2035/11/06","SHAPE.STArea()":19285461.215629566,"SHAPE.STLength()":54776.665160411001}},{"type":"Feature","id":491,"geometry":{"type":"MultiPolygon","coordinates":[[[[-119.38812,54.03951],[-119.38812,54.04312],[-119.38812,54.04674],[-119.38812,54.05035],[-119.38812,54.05397],[-119.38812,54.05758],[-119.38812,54.06117],[-119.38812,54.06477],[-119.3935,54.06477],[-119.39424,54.06477],[-119.39953,54.06477],[-119.39999,54.06477],[-119.40036,54.06477],[-119.40617,54.06477],[-119.40648,54.06477],[-119.41236,54.06477],[-119.41244,54.06477],[-119.41244,54.06118],[-119.41244,54.05758],[-119.41244,54.05397],[-119.41244,54.05035],[-119.41244,54.04674],[-119.41244,54.04313],[-119.41244,54.03951],[-119.41244,54.03599],[-119.40647,54.03599],[-119.40036,54.03599],[-119.39424,54.03599],[-119.38812,54.03599],[-119.38812,54.03951]]],[[[-119.36334,54.03951],[-119.36334,54.04312],[-119.36334,54.04673],[-119.36334,54.05035],[-119.36335,54.05396],[-119.36335,54.05757],[-119.36335,54.06117],[-119.36335,54.06476],[-119.36846,54.06477],[-119.36946,54.06477],[-119.37449,54.06477],[-119.37495,54.06477],[-119.37558,54.06477],[-119.38113,54.06477],[-119.3817,54.06477],[-119.38732,54.06477],[-119.38766,54.06477],[-119.38766,54.06117],[-119.38766,54.05758],[-119.38766,54.05397],[-119.38766,54.05035],[-119.38766,54.04674],[-119.38766,54.04312],[-119.38766,54.03951],[-119.38766,54.03599],[-119.3817,54.03599],[-119.37558,54.03599],[-119.37258,54.03598],[-119.36946,54.03598],[-119.36334,54.03598],[-119.36334,54.03951]]],[[[-119.42503,54.06864],[-119.42503,54.07223],[-119.42503,54.07584],[-119.42503,54.07946],[-119.42503,54.08307],[-119.42503,54.08669],[-119.43122,54.08669],[-119.4374,54.08668],[-119.44358,54.08668],[-119.44961,54.08668],[-119.44961,54.08307],[-119.44961,54.07946],[-119.44961,54.07584],[-119.4496,54.07223],[-119.4496,54.06863],[-119.4496,54.06504],[-119.4438,54.06504],[-119.44358,54.06504],[-119.43768,54.06504],[-119.43739,54.06504],[-119.43722,54.06504],[-119.43121,54.06504],[-119.42514,54.06504],[-119.42503,54.06504],[-119.42503,54.06864]]],[[[-119.39999,54.06863],[-119.39999,54.07223],[-119.39999,54.07584],[-119.39999,54.07946],[-119.40618,54.07946],[-119.41236,54.07946],[-119.41236,54.08307],[-119.41236,54.08669],[-119.41854,54.08669],[-119.42457,54.08669],[-119.42457,54.08307],[-119.42457,54.07946],[-119.42457,54.07584],[-119.42457,54.07223],[-119.42457,54.06864],[-119.42457,54.06504],[-119.41902,54.06504],[-119.41854,54.06504],[-119.4129,54.06504],[-119.41244,54.06504],[-119.41236,54.06504],[-119.40648,54.06504],[-119.40617,54.06504],[-119.40036,54.06504],[-119.39999,54.06504],[-119.39999,54.06863]]],[[[-119.33857,54.04311],[-119.33857,54.04672],[-119.33857,54.05034],[-119.33857,54.05395],[-119.34469,54.05395],[-119.34469,54.05757],[-119.3508,54.05757],[-119.35692,54.05757],[-119.36289,54.05757],[-119.36288,54.05396],[-119.36288,54.05354],[-119.36288,54.05035],[-119.36288,54.04673],[-119.36288,54.04312],[-119.36288,54.03951],[-119.36288,54.03598],[-119.35692,54.03598],[-119.35692,54.0395],[-119.3508,54.0395],[-119.34468,54.0395],[-119.33857,54.0395],[-119.33857,54.04311]]],[[[-119.45007,54.08307],[-119.45007,54.08668],[-119.45007,54.0903],[-119.45007,54.09391],[-119.45625,54.09391],[-119.46243,54.09391],[-119.46861,54.0939],[-119.47464,54.0939],[-119.47464,54.09029],[-119.47464,54.08667],[-119.47464,54.08306],[-119.47464,54.07945],[-119.46861,54.07945],[-119.46243,54.07945],[-119.45625,54.07945],[-119.45007,54.07946],[-119.45007,54.08307]]],[[[-119.4129,54.05397],[-119.4129,54.05758],[-119.4129,54.06118],[-119.4129,54.06477],[-119.41854,54.06477],[-119.41902,54.06477],[-119.42457,54.06477],[-119.42503,54.06477],[-119.42514,54.06477],[-119.43125,54.06477],[-119.43722,54.06477],[-119.43722,54.06117],[-119.43722,54.05758],[-119.43722,54.05396],[-119.43722,54.05035],[-119.43125,54.05035],[-119.42514,54.05035],[-119.41902,54.05035],[-119.4129,54.05035],[-119.4129,54.05397]]],[[[-119.37495,54.06863],[-119.37495,54.07222],[-119.38113,54.07223],[-119.38732,54.07223],[-119.38732,54.07584],[-119.3935,54.07584],[-119.39953,54.07584],[-119.39953,54.07223],[-119.39953,54.06863],[-119.39953,54.06504],[-119.39424,54.06504],[-119.3935,54.06504],[-119.38812,54.06504],[-119.38766,54.06504],[-119.38732,54.06504],[-119.3817,54.06504],[-119.38113,54.06504],[-119.37558,54.06503],[-119.37495,54.06503],[-119.37495,54.06863]]],[[[-119.35692,54.03571],[-119.36288,54.03571],[-119.36288,54.0321],[-119.35692,54.0321],[-119.35692,54.03571]]]]},"properties":{"OBJECTID":491,"BusinessKey":"0131321020119","AgreementType":"013","AgreementNumber":"1321020119","TractIdentifier":"00","MineralType":"COAL","AgreementGroup":"LEASE","Status":"ACTIVE","LicenceVintage":"RENEWAL","DesRepName":"CST CANADA COAL LIMITED","PartyName":"CST CANADA COAL LIMITED(100.0000000%)","Zone":"COAL","OriginalArea":2736,"AgreementArea":2736,"TermDate":"2021/02/17","ContinuationDate":"","CurrentExpiryText":"2036/02/17","SHAPE.STArea()":27421039.205034114,"SHAPE.STLength()":63299.895357624759}},{"type":"Feature","id":500,"geometry":{"type":"MultiPolygon","coordinates":[[[[-119.28901,53.9958],[-119.28901,53.99941],[-119.28901,54.00001],[-119.28901,54.00256],[-119.28901,54.00302],[-119.28901,54.00664],[-119.29512,54.00663],[-119.30124,54.00663],[-119.30736,54.00663],[-119.31332,54.00663],[-119.31332,54.00301],[-119.31332,54.00001],[-119.31332,53.9994],[-119.31332,53.99579],[-119.31332,53.99217],[-119.30865,53.99218],[-119.30736,53.99218],[-119.30124,53.99218],[-119.29512,53.99218],[-119.28901,53.99218],[-119.28901,53.9958]]],[[[-119.26423,53.98135],[-119.26423,53.98496],[-119.27034,53.98496],[-119.27646,53.98496],[-119.27646,53.98857],[-119.27646,53.99219],[-119.27646,53.9958],[-119.27646,53.99941],[-119.28258,53.99941],[-119.28855,53.99941],[-119.28855,53.9958],[-119.28855,53.99218],[-119.28854,53.98857],[-119.28854,53.98496],[-119.28854,53.98134],[-119.28854,53.97782],[-119.28258,53.97782],[-119.27646,53.97782],[-119.27034,53.97782],[-119.26423,53.97782],[-119.26423,53.98135]]],[[[-119.31378,54.01042],[-119.31379,54.01404],[-119.31379,54.01765],[-119.3199,54.01765],[-119.32602,54.01764],[-119.32602,54.02126],[-119.33214,54.02125],[-119.3381,54.02125],[-119.3381,54.01763],[-119.3381,54.01402],[-119.3381,54.01041],[-119.3381,54.00688],[-119.33214,54.00689],[-119.32602,54.00689],[-119.3199,54.0069],[-119.31378,54.0069],[-119.31378,54.01042]]],[[[-119.25168,53.98135],[-119.25169,53.98496],[-119.2578,53.98496],[-119.26377,53.98496],[-119.26377,53.98135],[-119.26377,53.97782],[-119.2578,53.97782],[-119.25168,53.97782],[-119.25168,53.98135]]],[[[-119.30124,54.01043],[-119.30124,54.01404],[-119.30736,54.01404],[-119.31333,54.01404],[-119.31332,54.01042],[-119.31332,54.0069],[-119.30736,54.0069],[-119.30124,54.0069],[-119.30124,54.01043]]]]},"properties":{"OBJECTID":500,"BusinessKey":"0131321080152","AgreementType":"013","AgreementNumber":"1321080152","TractIdentifier":"00","MineralType":"COAL","AgreementGroup":"LEASE","Status":"ACTIVE","LicenceVintage":"RENEWAL","DesRepName":"CST CANADA COAL LIMITED","PartyName":"CST CANADA COAL LIMITED(100.0000000%)","Zone":"COAL","OriginalArea":864,"AgreementArea":864,"TermDate":"2021/08/04","ContinuationDate":"","CurrentExpiryText":"2036/08/04","SHAPE.STArea()":8595023.9699468352,"SHAPE.STLength()":27140.20760094545}},{"type":"Feature","id":314,"geometry":{"type":"MultiPolygon","coordinates":[[[[-119.27488,54.06867],[-119.27488,54.07227],[-119.27489,54.07588],[-119.27489,54.0795],[-119.27489,54.08311],[-119.27489,54.08672],[-119.27489,54.09034],[-119.27489,54.09395],[-119.28107,54.09395],[-119.28724,54.09395],[-119.29342,54.09395],[-119.29944,54.09395],[-119.29944,54.09033],[-119.29944,54.08672],[-119.29943,54.08311],[-119.29943,54.07949],[-119.29943,54.07588],[-119.29943,54.07226],[-119.29943,54.06866],[-119.29943,54.06506],[-119.29513,54.06506],[-119.29341,54.06506],[-119.28902,54.06506],[-119.28855,54.06506],[-119.28723,54.06506],[-119.28259,54.06506],[-119.28106,54.06506],[-119.27647,54.06507],[-119.27488,54.06507],[-119.27488,54.06867]]],[[[-119.24988,54.06867],[-119.24988,54.07227],[-119.24988,54.07588],[-119.24988,54.0795],[-119.24988,54.08311],[-119.24988,54.08672],[-119.24988,54.09034],[-119.24989,54.09395],[-119.25606,54.09395],[-119.26223,54.09395],[-119.26841,54.09395],[-119.27443,54.09395],[-119.27443,54.09034],[-119.27443,54.08672],[-119.27443,54.08311],[-119.27443,54.0795],[-119.27442,54.07588],[-119.27442,54.07227],[-119.27442,54.06867],[-119.27442,54.06507],[-119.27036,54.06507],[-119.2684,54.06507],[-119.26424,54.06507],[-119.26378,54.06507],[-119.26223,54.06507],[-119.25781,54.06507],[-119.25605,54.06507],[-119.2517,54.06506],[-119.24988,54.06506],[-119.24988,54.06867]]],[[[-119.37496,54.0977],[-119.37496,54.10131],[-119.37496,54.10493],[-119.37496,54.10854],[-119.37496,54.11215],[-119.37496,54.11577],[-119.37496,54.11938],[-119.37496,54.123],[-119.38114,54.123],[-119.38733,54.123],[-119.39351,54.123],[-119.39954,54.123],[-119.39954,54.11939],[-119.39954,54.11577],[-119.39954,54.11216],[-119.39954,54.10855],[-119.39954,54.10493],[-119.39953,54.10132],[-119.39953,54.09771],[-119.39953,54.09418],[-119.3935,54.09418],[-119.38732,54.09418],[-119.38114,54.09418],[-119.37495,54.09418],[-119.37496,54.0977]]],[[[-119.34992,54.09772],[-119.34992,54.10133],[-119.34992,54.10494],[-119.34992,54.10856],[-119.34992,54.11217],[-119.34992,54.11578],[-119.34992,54.1194],[-119.34992,54.12301],[-119.3561,54.12301],[-119.36229,54.123],[-119.36847,54.123],[-119.3745,54.123],[-119.3745,54.11938],[-119.3745,54.11577],[-119.3745,54.11215],[-119.3745,54.10854],[-119.3745,54.10493],[-119.3745,54.10131],[-119.37449,54.0977],[-119.37449,54.09418],[-119.36846,54.09418],[-119.36228,54.09419],[-119.3561,54.09419],[-119.34991,54.09419],[-119.34992,54.09772]]],[[[-119.42504,54.1268],[-119.42504,54.13041],[-119.42504,54.13402],[-119.42504,54.13764],[-119.42504,54.14125],[-119.42504,54.14486],[-119.42504,54.14848],[-119.42504,54.15209],[-119.43122,54.15209],[-119.43741,54.15209],[-119.44359,54.15209],[-119.44961,54.15209],[-119.44961,54.14848],[-119.44961,54.14486],[-119.44961,54.14125],[-119.44961,54.13763],[-119.44961,54.13402],[-119.44961,54.13041],[-119.44961,54.12679],[-119.44961,54.12327],[-119.44358,54.12327],[-119.4374,54.12327],[-119.43122,54.12327],[-119.42504,54.12327],[-119.42504,54.1268]]],[[[-119.32491,54.09773],[-119.32491,54.10134],[-119.32491,54.10496],[-119.32491,54.10857],[-119.32491,54.11219],[-119.32491,54.1158],[-119.32491,54.11941],[-119.32491,54.12303],[-119.33109,54.12302],[-119.33726,54.12302],[-119.34344,54.12302],[-119.34946,54.12301],[-119.34946,54.1194],[-119.34946,54.11578],[-119.34946,54.11217],[-119.34946,54.10856],[-119.34946,54.10494],[-119.34946,54.10133],[-119.34945,54.09772],[-119.34945,54.09419],[-119.34343,54.0942],[-119.33726,54.0942],[-119.33108,54.0942],[-119.32491,54.09421],[-119.32491,54.09773]]],[[[-119.22488,54.06866],[-119.22488,54.07226],[-119.22488,54.07588],[-119.22488,54.07949],[-119.22488,54.0831],[-119.22488,54.08672],[-119.22488,54.09033],[-119.23105,54.09033],[-119.23106,54.09395],[-119.23723,54.09395],[-119.2434,54.09395],[-119.24942,54.09395],[-119.24942,54.09034],[-119.24942,54.08672],[-119.24942,54.08311],[-119.24942,54.0795],[-119.24942,54.07588],[-119.24942,54.07227],[-119.24942,54.06867],[-119.24942,54.06506],[-119.24558,54.06506],[-119.2434,54.06506],[-119.23946,54.06506],[-119.239,54.06506],[-119.23722,54.06506],[-119.23304,54.06506],[-119.23105,54.06506],[-119.22692,54.06506],[-119.22487,54.06506],[-119.22488,54.06866]]],[[[-119.23946,54.03952],[-119.23946,54.04314],[-119.23946,54.04675],[-119.23946,54.05036],[-119.23946,54.05398],[-119.23946,54.05759],[-119.23946,54.06119],[-119.23946,54.06479],[-119.2434,54.06479],[-119.24558,54.06479],[-119.24942,54.06479],[-119.24988,54.06479],[-119.2517,54.06479],[-119.25605,54.0648],[-119.25781,54.0648],[-119.26223,54.06479],[-119.26378,54.06479],[-119.26378,54.06119],[-119.26378,54.05759],[-119.26378,54.05398],[-119.26378,54.05036],[-119.26378,54.04675],[-119.26378,54.04314],[-119.25781,54.04314],[-119.25781,54.03952],[-119.25169,54.03952],[-119.25169,54.036],[-119.24558,54.036],[-119.23946,54.036],[-119.23946,54.03952]]],[[[-119.29989,54.06866],[-119.29989,54.07226],[-119.29989,54.07588],[-119.29989,54.07949],[-119.2999,54.08311],[-119.2999,54.08672],[-119.2999,54.09033],[-119.2999,54.09395],[-119.30607,54.09394],[-119.31225,54.09394],[-119.31842,54.09394],[-119.32445,54.09394],[-119.32444,54.09032],[-119.32444,54.08671],[-119.32444,54.0831],[-119.32444,54.07948],[-119.32444,54.07587],[-119.32444,54.07225],[-119.31842,54.07226],[-119.31224,54.07226],[-119.31224,54.06866],[-119.31224,54.06506],[-119.30737,54.06506],[-119.30607,54.06506],[-119.30125,54.06506],[-119.29989,54.06506],[-119.29989,54.06866]]],[[[-119.2999,54.09774],[-119.2999,54.10135],[-119.2999,54.10497],[-119.2999,54.10858],[-119.2999,54.11219],[-119.2999,54.11581],[-119.2999,54.11942],[-119.30608,54.11942],[-119.31225,54.11942],[-119.31843,54.11942],[-119.32445,54.11941],[-119.32445,54.1158],[-119.32445,54.11219],[-119.32445,54.10857],[-119.32445,54.10496],[-119.32445,54.10134],[-119.32445,54.09773],[-119.32445,54.09421],[-119.31842,54.09421],[-119.31225,54.09421],[-119.30607,54.09422],[-119.2999,54.09422],[-119.2999,54.09774]]],[[[-119.21469,54.05036],[-119.21469,54.05397],[-119.21469,54.05758],[-119.21469,54.06119],[-119.21469,54.06479],[-119.21839,54.06479],[-119.2208,54.06479],[-119.22441,54.06479],[-119.22487,54.06479],[-119.22692,54.06479],[-119.23105,54.06479],[-119.23304,54.06479],[-119.23722,54.06479],[-119.239,54.06479],[-119.239,54.06119],[-119.239,54.05759],[-119.239,54.05398],[-119.239,54.05036],[-119.239,54.04675],[-119.239,54.04314],[-119.239,54.03952],[-119.239,54.036],[-119.23304,54.036],[-119.22692,54.036],[-119.22692,54.03952],[-119.22692,54.04313],[-119.2208,54.04313],[-119.2208,54.04675],[-119.21469,54.04674],[-119.21469,54.05036]]],[[[-119.4,54.10493],[-119.4,54.10855],[-119.4,54.11216],[-119.4,54.11577],[-119.4,54.11939],[-119.4,54.123],[-119.40618,54.123],[-119.41237,54.123],[-119.41855,54.123],[-119.42458,54.123],[-119.42458,54.11939],[-119.42458,54.11578],[-119.42458,54.11216],[-119.42458,54.10855],[-119.42457,54.10493],[-119.42457,54.10132],[-119.41855,54.10132],[-119.41236,54.10132],[-119.40618,54.10132],[-119.4,54.10132],[-119.4,54.10493]]],[[[-119.4,54.1268],[-119.4,54.13041],[-119.4,54.13402],[-119.4,54.13764],[-119.40618,54.13764],[-119.40618,54.14125],[-119.41237,54.14125],[-119.41237,54.14486],[-119.41855,54.14486],[-119.41855,54.14848],[-119.42458,54.14848],[-119.42458,54.14486],[-119.42458,54.14125],[-119.42458,54.13764],[-119.42458,54.13402],[-119.42458,54.13041],[-119.42458,54.1268],[-119.42458,54.12327],[-119.41855,54.12327],[-119.41237,54.12327],[-119.40618,54.12327],[-119.4,54.12327],[-119.4,54.1268]]],[[[-119.26424,54.05036],[-119.26424,54.05398],[-119.26424,54.05759],[-119.26424,54.06119],[-119.26424,54.06479],[-119.2684,54.06479],[-119.27036,54.06479],[-119.27442,54.06479],[-119.27488,54.06479],[-119.27647,54.06479],[-119.28106,54.06479],[-119.28259,54.06479],[-119.28723,54.06479],[-119.28855,54.06479],[-119.28855,54.06119],[-119.28855,54.05759],[-119.28855,54.05397],[-119.28855,54.05036],[-119.28259,54.05036],[-119.27647,54.05036],[-119.27035,54.05036],[-119.27035,54.04675],[-119.26424,54.04675],[-119.26424,54.05036]]],[[[-119.18992,54.05394],[-119.18992,54.05755],[-119.18992,54.06116],[-119.19603,54.06117],[-119.19604,54.06478],[-119.19942,54.06478],[-119.19988,54.06478],[-119.20215,54.06479],[-119.20605,54.06479],[-119.20826,54.06479],[-119.21222,54.06479],[-119.21423,54.06479],[-119.21423,54.06119],[-119.21423,54.05758],[-119.21423,54.05397],[-119.21422,54.05036],[-119.21422,54.04674],[-119.20826,54.04674],[-119.20826,54.05035],[-119.20214,54.05035],[-119.19603,54.05034],[-119.19603,54.04672],[-119.18992,54.04671],[-119.18992,54.05033],[-119.18992,54.05394]]],[[[-119.42504,54.11216],[-119.42504,54.11578],[-119.42504,54.11939],[-119.42504,54.123],[-119.43122,54.123],[-119.4374,54.123],[-119.44358,54.123],[-119.44961,54.123],[-119.44961,54.11939],[-119.44961,54.11577],[-119.44961,54.11216],[-119.44961,54.10855],[-119.44358,54.10855],[-119.4374,54.10855],[-119.43122,54.10855],[-119.42504,54.10855],[-119.42504,54.11216]]],[[[-119.3249,54.0831],[-119.3249,54.08671],[-119.32491,54.09032],[-119.32491,54.09394],[-119.33108,54.09393],[-119.33726,54.09393],[-119.34343,54.09393],[-119.34945,54.09392],[-119.34945,54.09031],[-119.34945,54.08669],[-119.34945,54.08308],[-119.34945,54.07947],[-119.34343,54.07947],[-119.33725,54.07948],[-119.33108,54.07948],[-119.3249,54.07948],[-119.3249,54.0831]]],[[[-119.37496,54.12679],[-119.37496,54.1304],[-119.37496,54.13402],[-119.37496,54.13763],[-119.38115,54.13763],[-119.38733,54.13763],[-119.39351,54.13764],[-119.39954,54.13764],[-119.39954,54.13402],[-119.39954,54.13041],[-119.39954,54.1268],[-119.39954,54.12327],[-119.39351,54.12327],[-119.38733,54.12327],[-119.38114,54.12327],[-119.37496,54.12327],[-119.37496,54.12679]]],[[[-119.27489,54.09774],[-119.27489,54.10136],[-119.27489,54.10497],[-119.27489,54.10859],[-119.28107,54.10858],[-119.28724,54.10858],[-119.29342,54.10858],[-119.29944,54.10858],[-119.29944,54.10497],[-119.29944,54.10135],[-119.29944,54.09774],[-119.29944,54.09422],[-119.29342,54.09422],[-119.28724,54.09422],[-119.28107,54.09422],[-119.27489,54.09422],[-119.27489,54.09774]]],[[[-119.24989,54.09774],[-119.24989,54.09839],[-119.24989,54.10136],[-119.24989,54.10497],[-119.25606,54.10497],[-119.25606,54.10859],[-119.25891,54.10859],[-119.26224,54.10859],[-119.26841,54.10859],[-119.27443,54.10859],[-119.27443,54.10497],[-119.27443,54.10136],[-119.27443,54.09774],[-119.27443,54.09422],[-119.26841,54.09422],[-119.26223,54.09422],[-119.25606,54.09422],[-119.24989,54.09422],[-119.24989,54.09774]]],[[[-119.19988,54.06866],[-119.19988,54.07227],[-119.20605,54.07227],[-119.20605,54.07588],[-119.20605,54.07949],[-119.21222,54.07949],[-119.2184,54.07949],[-119.22442,54.07949],[-119.22442,54.07588],[-119.22441,54.07226],[-119.22441,54.06866],[-119.22441,54.06506],[-119.2208,54.06506],[-119.21839,54.06506],[-119.21469,54.06506],[-119.21423,54.06506],[-119.21222,54.06506],[-119.20826,54.06505],[-119.20605,54.06505],[-119.20215,54.06505],[-119.19988,54.06505],[-119.19988,54.06866]]],[[[-119.16515,54.0395],[-119.16515,54.04311],[-119.16515,54.04673],[-119.17126,54.04672],[-119.17127,54.05034],[-119.17738,54.05033],[-119.17738,54.05395],[-119.1835,54.05394],[-119.1835,54.05756],[-119.18946,54.05755],[-119.18946,54.05394],[-119.18946,54.05033],[-119.18946,54.04671],[-119.1835,54.04672],[-119.1835,54.0431],[-119.17738,54.04311],[-119.17738,54.03949],[-119.17126,54.0395],[-119.17126,54.03597],[-119.16515,54.03598],[-119.16515,54.0395]]],[[[-119.34991,54.09031],[-119.34991,54.09392],[-119.3561,54.09392],[-119.36228,54.09391],[-119.36846,54.09391],[-119.37449,54.09391],[-119.37449,54.09029],[-119.37449,54.08668],[-119.36846,54.08668],[-119.36228,54.08669],[-119.3561,54.08669],[-119.34991,54.08669],[-119.34991,54.09031]]],[[[-119.28902,54.06119],[-119.28902,54.06479],[-119.29341,54.06479],[-119.29513,54.06479],[-119.29943,54.06479],[-119.29989,54.06479],[-119.30125,54.06479],[-119.30607,54.06479],[-119.30737,54.06479],[-119.31224,54.06478],[-119.31333,54.06478],[-119.31333,54.06118],[-119.31333,54.05758],[-119.30737,54.05758],[-119.30125,54.05758],[-119.29513,54.05759],[-119.28901,54.05759],[-119.28902,54.06119]]],[[[-119.15261,54.04312],[-119.15261,54.04673],[-119.15873,54.04673],[-119.16469,54.04673],[-119.16469,54.04311],[-119.16469,54.0395],[-119.16469,54.03598],[-119.15872,54.03598],[-119.15872,54.0395],[-119.15261,54.0395],[-119.15261,54.04312]]],[[[-119.16515,54.03209],[-119.16515,54.03571],[-119.17126,54.0357],[-119.17126,54.03209],[-119.17126,54.02848],[-119.16514,54.02848],[-119.16515,54.03209]]],[[[-119.15872,54.03209],[-119.15872,54.03571],[-119.16469,54.03571],[-119.16469,54.03209],[-119.16468,54.02848],[-119.15872,54.02848],[-119.15872,54.03209]]]]},"properties":{"OBJECTID":314,"BusinessKey":"0131319020123","AgreementType":"013","AgreementNumber":"1319020123","TractIdentifier":"00","MineralType":"COAL","AgreementGroup":"LEASE","Status":"ACTIVE","LicenceVintage":"RENEWAL","DesRepName":"CST CANADA COAL LIMITED","PartyName":"CST CANADA COAL LIMITED(100.0000000%)","Zone":"COAL","OriginalArea":8720,"AgreementArea":8720,"TermDate":"2019/02/02","ContinuationDate":"","CurrentExpiryText":"2034/02/02","SHAPE.STArea()":87675389.810934827,"SHAPE.STLength()":202106.12217421978}},{"type":"Feature","id":22,"geometry":{"type":"MultiPolygon","coordinates":[[[[-119.07494,54.06867],[-119.07494,54.07228],[-119.07494,54.07589],[-119.07494,54.07951],[-119.07494,54.08312],[-119.07494,54.08674],[-119.07494,54.08789],[-119.07529,54.08779],[-119.07881,54.08674],[-119.08444,54.08505],[-119.08452,54.08503],[-119.08459,54.085],[-119.08728,54.08367],[-119.09502,54.07986],[-119.09572,54.07952],[-119.09947,54.07767],[-119.09947,54.0759],[-119.09947,54.07229],[-119.09947,54.06868],[-119.09947,54.06507],[-119.09694,54.06507],[-119.09345,54.06507],[-119.09082,54.06506],[-119.09036,54.06506],[-119.08728,54.06506],[-119.08439,54.06506],[-119.08111,54.06506],[-119.07827,54.06506],[-119.07494,54.06506],[-119.07494,54.06867]]],[[[-119.09082,54.05396],[-119.09082,54.05758],[-119.09082,54.06119],[-119.09082,54.0648],[-119.09345,54.0648],[-119.09694,54.0648],[-119.09947,54.0648],[-119.09993,54.0648],[-119.10306,54.0648],[-119.1061,54.0648],[-119.10918,54.0648],[-119.11226,54.0648],[-119.11515,54.0648],[-119.11515,54.06119],[-119.11515,54.05758],[-119.11515,54.05396],[-119.11515,54.05035],[-119.10918,54.05035],[-119.10306,54.05035],[-119.09694,54.05035],[-119.09082,54.05035],[-119.09082,54.05396]]],[[[-119.1499,54.06868],[-119.1499,54.07229],[-119.1499,54.07558],[-119.15799,54.07596],[-119.15805,54.07597],[-119.1581,54.07596],[-119.16224,54.07582],[-119.17001,54.07555],[-119.1701,54.07554],[-119.17019,54.07553],[-119.17028,54.07551],[-119.17036,54.07548],[-119.17043,54.07545],[-119.1705,54.07542],[-119.17056,54.07538],[-119.17443,54.0725],[-119.17443,54.07228],[-119.17443,54.06867],[-119.17443,54.06506],[-119.17127,54.06506],[-119.16841,54.06506],[-119.16515,54.06506],[-119.16469,54.06506],[-119.16224,54.06507],[-119.15873,54.06507],[-119.15607,54.06507],[-119.15261,54.06507],[-119.1499,54.06507],[-119.1499,54.06868]]],[[[-119.12491,54.06868],[-119.12491,54.07229],[-119.12491,54.07441],[-119.13725,54.07499],[-119.14944,54.07556],[-119.14944,54.07229],[-119.14944,54.06868],[-119.14944,54.06507],[-119.1465,54.06507],[-119.14342,54.06507],[-119.14038,54.06507],[-119.13992,54.06507],[-119.13725,54.06507],[-119.13396,54.06507],[-119.13108,54.06507],[-119.12784,54.06507],[-119.12491,54.06507],[-119.12491,54.06868]]],[[[-119.09993,54.0759],[-119.09993,54.07745],[-119.10042,54.0772],[-119.10147,54.07669],[-119.11226,54.07389],[-119.11254,54.07382],[-119.12445,54.07439],[-119.12445,54.07229],[-119.12445,54.06868],[-119.12445,54.06507],[-119.12173,54.06507],[-119.11843,54.06507],[-119.11561,54.06507],[-119.11515,54.06507],[-119.11226,54.06507],[-119.10918,54.06507],[-119.1061,54.06507],[-119.10306,54.06507],[-119.09993,54.06507],[-119.09993,54.06868],[-119.09993,54.07229],[-119.09993,54.0759]]],[[[-119.17489,54.06867],[-119.17489,54.07216],[-119.17549,54.07172],[-119.17874,54.0693],[-119.17878,54.06927],[-119.17882,54.06923],[-119.18248,54.06506],[-119.18106,54.06506],[-119.17739,54.06506],[-119.17489,54.06506],[-119.17489,54.06867]]]]},"properties":{"OBJECTID":22,"BusinessKey":"A13 110415402","AgreementType":"A13","AgreementNumber":" 110415402","TractIdentifier":"00","MineralType":"COAL","AgreementGroup":"APP","Status":"ACTIVE","LicenceVintage":"","DesRepName":"PEACE RIVER COAL INC.","PartyName":"PEACE RIVER COAL INC.(100.0000000%)","Zone":"COAL","OriginalArea":1133.6199999999999,"AgreementArea":1133.6199999999999,"TermDate":"2011/11/09","ContinuationDate":"","CurrentExpiryText":"","SHAPE.STArea()":11421613.256315295,"SHAPE.STLength()":32684.811557493122}},{"type":"Feature","id":76,"geometry":{"type":"MultiPolygon","coordinates":[[[[-119.18991,53.99215],[-119.18991,53.99576],[-119.18991,53.99937],[-119.18991,54.00001],[-119.18991,54.00299],[-119.18991,54.0066],[-119.19603,54.00661],[-119.20214,54.00663],[-119.20826,54.00663],[-119.21422,54.00663],[-119.21422,54.00302],[-119.21422,54.00001],[-119.21422,53.9994],[-119.21422,53.99579],[-119.20825,53.99579],[-119.20825,53.99218],[-119.20214,53.99217],[-119.20214,53.98856],[-119.19602,53.98855],[-119.18991,53.98853],[-119.18991,53.99215]]],[[[-119.18991,54.0104],[-119.18991,54.01401],[-119.18991,54.01762],[-119.18991,54.02124],[-119.19603,54.02125],[-119.20214,54.02126],[-119.20826,54.02127],[-119.21422,54.02127],[-119.21422,54.01936],[-119.21422,54.01765],[-119.21422,54.01404],[-119.21422,54.01043],[-119.21422,54.0069],[-119.20826,54.0069],[-119.20214,54.0069],[-119.19603,54.00689],[-119.18991,54.00687],[-119.18991,54.0104]]],[[[-119.21468,54.01043],[-119.21468,54.01404],[-119.21468,54.01765],[-119.21468,54.02127],[-119.2208,54.02127],[-119.22692,54.02127],[-119.23303,54.02127],[-119.239,54.02127],[-119.239,54.01766],[-119.239,54.01405],[-119.239,54.01043],[-119.23303,54.01043],[-119.22691,54.01043],[-119.22691,54.00691],[-119.2208,54.00691],[-119.21468,54.0069],[-119.21468,54.01043]]],[[[-119.25169,54.02128],[-119.25169,54.01766],[-119.25781,54.01766],[-119.25781,54.01405],[-119.26377,54.01405],[-119.26377,54.01043],[-119.25781,54.01043],[-119.25169,54.01043],[-119.24557,54.01043],[-119.23946,54.01043],[-119.23946,54.01405],[-119.23946,54.01766],[-119.23946,54.02127],[-119.23946,54.02489],[-119.24557,54.02489],[-119.25169,54.02489],[-119.25169,54.02128]]],[[[-119.26424,54.03952],[-119.26424,54.04314],[-119.26424,54.04675],[-119.27035,54.04675],[-119.27035,54.05036],[-119.27647,54.05036],[-119.28259,54.05036],[-119.28855,54.05036],[-119.28855,54.04675],[-119.28855,54.04313],[-119.28259,54.04314],[-119.27647,54.04314],[-119.27647,54.03952],[-119.27647,54.036],[-119.27035,54.036],[-119.26424,54.036],[-119.26424,54.03952]]],[[[-119.28901,54.0285],[-119.28901,54.03211],[-119.29513,54.03211],[-119.29513,54.03572],[-119.30125,54.03572],[-119.30736,54.03572],[-119.31333,54.03572],[-119.31333,54.0321],[-119.30736,54.03211],[-119.30125,54.03211],[-119.30125,54.02849],[-119.29513,54.0285],[-119.29513,54.02488],[-119.28901,54.02488],[-119.28901,54.0285]]],[[[-119.27647,54.01405],[-119.27647,54.01766],[-119.27647,54.02127],[-119.27647,54.02489],[-119.27647,54.0285],[-119.28259,54.0285],[-119.28855,54.0285],[-119.28855,54.02489],[-119.28855,54.02127],[-119.28259,54.02127],[-119.28258,54.01766],[-119.28258,54.01405],[-119.27647,54.01405]]],[[[-119.25169,54.02489],[-119.25169,54.0285],[-119.25169,54.03212],[-119.25169,54.03573],[-119.25781,54.03573],[-119.26377,54.03573],[-119.26377,54.03212],[-119.26377,54.0285],[-119.25781,54.0285],[-119.25781,54.02489],[-119.25169,54.02489]]],[[[-119.26423,54.03212],[-119.26424,54.03573],[-119.27035,54.03573],[-119.27647,54.03573],[-119.28259,54.03573],[-119.28259,54.03211],[-119.27647,54.03211],[-119.27035,54.03212],[-119.27035,54.0285],[-119.26423,54.0285],[-119.26423,54.03212]]],[[[-119.25781,54.03952],[-119.25781,54.04314],[-119.26378,54.04314],[-119.26378,54.03952],[-119.26377,54.036],[-119.25781,54.036],[-119.25169,54.036],[-119.25169,54.03952],[-119.25781,54.03952]]],[[[-119.21468,54.00001],[-119.21468,54.00302],[-119.21468,54.00663],[-119.2208,54.00663],[-119.2208,54.00302],[-119.2208,53.99941],[-119.21468,53.99941],[-119.21468,54.00001]]],[[[-119.27647,54.01043],[-119.27035,54.01043],[-119.26423,54.01043],[-119.26423,54.01157],[-119.26423,54.01405],[-119.27035,54.01405],[-119.27647,54.01405],[-119.27647,54.01043]]],[[[-119.30125,54.03952],[-119.29513,54.03952],[-119.29513,54.04313],[-119.30125,54.04313],[-119.30125,54.03952]]]]},"properties":{"OBJECTID":76,"BusinessKey":"0131312010596","AgreementType":"013","AgreementNumber":"1312010596","TractIdentifier":"00","MineralType":"COAL","AgreementGroup":"LEASE","Status":"ACTIVE","LicenceVintage":"PRIMARY","DesRepName":"CST CANADA COAL LIMITED","PartyName":"CST CANADA COAL LIMITED(100.0000000%)","Zone":"COAL","OriginalArea":1568,"AgreementArea":1568,"TermDate":"2012/01/26","ContinuationDate":"","CurrentExpiryText":"2027/01/26","SHAPE.STArea()":15686623.378300309,"SHAPE.STLength()":60787.180994390132}},{"type":"Feature","id":463,"geometry":{"type":"MultiPolygon","coordinates":[[[[-119.28899,53.90854],[-119.28899,53.91215],[-119.28899,53.91576],[-119.28899,53.91938],[-119.29511,53.91937],[-119.30123,53.91937],[-119.30735,53.91937],[-119.31331,53.91937],[-119.31331,53.91575],[-119.31331,53.91214],[-119.30735,53.91214],[-119.30123,53.91214],[-119.30123,53.90853],[-119.30123,53.90492],[-119.29511,53.90492],[-119.28899,53.90492],[-119.28899,53.90854]]],[[[-119.26422,53.90854],[-119.26422,53.91215],[-119.27033,53.91215],[-119.27645,53.91215],[-119.27645,53.91577],[-119.27645,53.91938],[-119.28257,53.91938],[-119.28853,53.91938],[-119.28853,53.91576],[-119.28853,53.91215],[-119.28853,53.90854],[-119.28853,53.90492],[-119.28257,53.90492],[-119.27645,53.90492],[-119.27033,53.90493],[-119.26422,53.90493],[-119.26422,53.90854]]],[[[-119.28899,53.92317],[-119.28899,53.92678],[-119.29511,53.92678],[-119.30123,53.92678],[-119.30123,53.93039],[-119.30123,53.93401],[-119.30735,53.934],[-119.31331,53.934],[-119.31331,53.93039],[-119.31331,53.92677],[-119.31331,53.92316],[-119.31331,53.91964],[-119.30735,53.91964],[-119.30123,53.91964],[-119.29511,53.91965],[-119.28899,53.91965],[-119.28899,53.92317]]],[[[-119.31377,53.92316],[-119.31377,53.92677],[-119.31377,53.92967],[-119.31377,53.93039],[-119.31377,53.934],[-119.31989,53.934],[-119.32601,53.93399],[-119.32601,53.93038],[-119.32601,53.92677],[-119.32601,53.92315],[-119.326,53.91963],[-119.31989,53.91963],[-119.31377,53.91964],[-119.31377,53.92316]]]]},"properties":{"OBJECTID":463,"BusinessKey":"0131320110067","AgreementType":"013","AgreementNumber":"1320110067","TractIdentifier":"00","MineralType":"COAL","AgreementGroup":"LEASE","Status":"ACTIVE","LicenceVintage":"PRIMARY","DesRepName":"HORN RIDGE RESOURCES LTD.","PartyName":"HORN RIDGE RESOURCES LTD.(100.0000000%)","Zone":"COAL","OriginalArea":704,"AgreementArea":704,"TermDate":"2020/11/06","ContinuationDate":"","CurrentExpiryText":"2035/11/06","SHAPE.STArea()":7051111.8227065746,"SHAPE.STLength()":24028.728882671978}},{"type":"Feature","id":108,"geometry":{"type":"MultiPolygon","coordinates":[[[[-118.99996,54.15596],[-118.99996,54.15958],[-118.99996,54.16319],[-118.99996,54.1668],[-118.99996,54.17042],[-118.99996,54.17403],[-118.99996,54.17764],[-118.99996,54.18126],[-119.00613,54.18126],[-119.01231,54.18125],[-119.01848,54.18125],[-119.02451,54.18125],[-119.02451,54.17764],[-119.02451,54.17402],[-119.02451,54.17041],[-119.0245,54.1668],[-119.0245,54.16318],[-119.0245,54.15957],[-119.0245,54.15596],[-119.0245,54.15243],[-119.01848,54.15244],[-119.01231,54.15244],[-119.00613,54.15244],[-118.99996,54.15244],[-118.99996,54.15596]]],[[[-118.97495,54.15597],[-118.97495,54.15958],[-118.97495,54.1632],[-118.97495,54.16681],[-118.97495,54.17042],[-118.97495,54.17404],[-118.97495,54.17765],[-118.97495,54.18127],[-118.98113,54.18126],[-118.9873,54.18126],[-118.99348,54.18126],[-118.9995,54.18126],[-118.9995,54.17764],[-118.9995,54.17403],[-118.9995,54.17042],[-118.9995,54.1668],[-118.9995,54.16319],[-118.99949,54.15958],[-118.99949,54.15596],[-118.99949,54.15244],[-118.99347,54.15244],[-118.9873,54.15244],[-118.98112,54.15245],[-118.97495,54.15245],[-118.97495,54.15597]]],[[[-119.02497,54.15596],[-119.02497,54.15957],[-119.02497,54.16318],[-119.02497,54.1668],[-119.03114,54.16679],[-119.03732,54.16679],[-119.04349,54.16679],[-119.04951,54.16678],[-119.04951,54.16317],[-119.04951,54.15955],[-119.04951,54.15594],[-119.04951,54.15242],[-119.04349,54.15242],[-119.03732,54.15243],[-119.03114,54.15243],[-119.02496,54.15243],[-119.02497,54.15596]]],[[[-118.94995,54.15597],[-118.94995,54.15958],[-118.94995,54.1632],[-118.94995,54.16681],[-118.95612,54.16681],[-118.9623,54.16681],[-118.96847,54.16681],[-118.97449,54.16681],[-118.97449,54.1632],[-118.97449,54.15958],[-118.97449,54.15597],[-118.97449,54.15245],[-118.96847,54.15245],[-118.96229,54.15245],[-118.95612,54.15245],[-118.94994,54.15244],[-118.94995,54.15597]]]]},"properties":{"OBJECTID":108,"BusinessKey":"A13 120187308","AgreementType":"A13","AgreementNumber":" 120187308","TractIdentifier":"00","MineralType":"COAL","AgreementGroup":"APP","Status":"ACTIVE","LicenceVintage":"","DesRepName":"PEACE RIVER COAL INC.","PartyName":"PEACE RIVER COAL INC.(100.0000000%)","Zone":"COAL","OriginalArea":1536,"AgreementArea":1536,"TermDate":"2012/06/22","ContinuationDate":"","CurrentExpiryText":"","SHAPE.STArea()":15412891.274949506,"SHAPE.STLength()":32053.097587438231}},{"type":"Feature","id":82,"geometry":{"type":"Polygon","coordinates":[[[-119.19341,54.06478],[-119.19604,54.06478],[-119.19603,54.06117],[-119.18992,54.06116],[-119.18993,54.06477],[-119.19341,54.06478]]]},"properties":{"OBJECTID":82,"BusinessKey":"0131312050627","AgreementType":"013","AgreementNumber":"1312050627","TractIdentifier":"00","MineralType":"COAL","AgreementGroup":"LEASE","Status":"ACTIVE","LicenceVintage":"PRIMARY","DesRepName":"CST CANADA COAL LIMITED","PartyName":"CST CANADA COAL LIMITED(100.0000000%)","Zone":"COAL","OriginalArea":16,"AgreementArea":16,"TermDate":"2012/05/03","ContinuationDate":"","CurrentExpiryText":"2027/05/03","SHAPE.STArea()":160801.78417589999,"SHAPE.STLength()":1604.0096284891731}},{"type":"Feature","id":33,"geometry":{"type":"MultiPolygon","coordinates":[[[[-119.4751,54.06862],[-119.4751,54.07222],[-119.4751,54.07583],[-119.4751,54.07945],[-119.4751,54.08306],[-119.4751,54.08667],[-119.4751,54.09029],[-119.4751,54.0939],[-119.48129,54.0939],[-119.48747,54.0939],[-119.49365,54.09389],[-119.49968,54.09389],[-119.49968,54.09027],[-119.49968,54.08666],[-119.49968,54.08305],[-119.49968,54.07943],[-119.49967,54.07582],[-119.49967,54.07221],[-119.49967,54.06861],[-119.49967,54.06502],[-119.49946,54.06502],[-119.49365,54.06502],[-119.49335,54.06502],[-119.48746,54.06502],[-119.48723,54.06502],[-119.48677,54.06502],[-119.48128,54.06503],[-119.48081,54.06503],[-119.4751,54.06503],[-119.4751,54.06862]]],[[[-119.52512,54.06862],[-119.52512,54.07222],[-119.52512,54.07583],[-119.52512,54.07945],[-119.52512,54.08306],[-119.52512,54.08667],[-119.52512,54.09029],[-119.52512,54.0939],[-119.53129,54.0939],[-119.53746,54.0939],[-119.54363,54.09391],[-119.54965,54.09391],[-119.54965,54.09029],[-119.54965,54.08668],[-119.54965,54.08307],[-119.54965,54.07945],[-119.54965,54.07584],[-119.54965,54.07222],[-119.54965,54.06863],[-119.54965,54.06503],[-119.54902,54.06503],[-119.54363,54.06503],[-119.5429,54.06503],[-119.53746,54.06503],[-119.53678,54.06503],[-119.53632,54.06503],[-119.53129,54.06503],[-119.53036,54.06503],[-119.52512,54.06503],[-119.52512,54.06862]]],[[[-119.50013,54.06861],[-119.50014,54.07221],[-119.50014,54.07582],[-119.50014,54.07943],[-119.50014,54.08305],[-119.50014,54.08666],[-119.50014,54.09027],[-119.50014,54.09389],[-119.50631,54.09389],[-119.51248,54.09389],[-119.51865,54.0939],[-119.52466,54.0939],[-119.52466,54.09029],[-119.52466,54.08667],[-119.52466,54.08306],[-119.52466,54.07945],[-119.52466,54.07583],[-119.52466,54.07222],[-119.52466,54.06862],[-119.52466,54.06503],[-119.52424,54.06503],[-119.51864,54.06502],[-119.51812,54.06502],[-119.51247,54.06502],[-119.51201,54.06502],[-119.51154,54.06502],[-119.5063,54.06502],[-119.50558,54.06502],[-119.50013,54.06502],[-119.50013,54.06861]]],[[[-119.55011,54.08307],[-119.55011,54.08668],[-119.55011,54.09029],[-119.55011,54.09391],[-119.55628,54.09391],[-119.56245,54.09391],[-119.56862,54.09391],[-119.57463,54.09391],[-119.57463,54.09029],[-119.57463,54.08668],[-119.57463,54.08307],[-119.57463,54.07945],[-119.56862,54.07945],[-119.56245,54.07945],[-119.55628,54.07945],[-119.55011,54.07945],[-119.55011,54.08307]]],[[[-119.45007,54.06863],[-119.45007,54.07223],[-119.45007,54.07584],[-119.45007,54.07946],[-119.45625,54.07945],[-119.46243,54.07945],[-119.46861,54.07945],[-119.47464,54.07945],[-119.47464,54.07583],[-119.47464,54.07222],[-119.47464,54.06862],[-119.47464,54.06503],[-119.46861,54.06503],[-119.46245,54.06503],[-119.46243,54.06503],[-119.46199,54.06503],[-119.45625,54.06504],[-119.45603,54.06504],[-119.45006,54.06504],[-119.45007,54.06863]]],[[[-119.57509,54.08307],[-119.57509,54.08668],[-119.5751,54.09029],[-119.5751,54.09391],[-119.58127,54.09391],[-119.58744,54.0939],[-119.58744,54.09029],[-119.58744,54.08668],[-119.58744,54.08306],[-119.58744,54.07945],[-119.58126,54.07945],[-119.57509,54.07945],[-119.57509,54.08307]]]]},"properties":{"OBJECTID":33,"BusinessKey":"A13 110415603","AgreementType":"A13","AgreementNumber":" 110415603","TractIdentifier":"00","MineralType":"COAL","AgreementGroup":"APP","Status":"ACTIVE","LicenceVintage":"","DesRepName":"PEACE RIVER COAL INC.","PartyName":"PEACE RIVER COAL INC.(100.0000000%)","Zone":"COAL","OriginalArea":2176,"AgreementArea":2176,"TermDate":"2011/11/09","ContinuationDate":"","CurrentExpiryText":"","SHAPE.STArea()":21961402.286245406,"SHAPE.STLength()":46620.499369291443}},{"type":"Feature","id":39,"geometry":{"type":"MultiPolygon","coordinates":[[[[-119.55012,54.24314],[-119.55012,54.24676],[-119.55012,54.25037],[-119.55012,54.25399],[-119.55012,54.2576],[-119.55012,54.26121],[-119.55012,54.26483],[-119.55012,54.26844],[-119.55629,54.26844],[-119.56246,54.26844],[-119.56863,54.26844],[-119.57465,54.26844],[-119.57465,54.26483],[-119.57465,54.26122],[-119.57465,54.2576],[-119.57465,54.25399],[-119.57465,54.25038],[-119.57465,54.24676],[-119.57465,54.24315],[-119.57465,54.23953],[-119.56863,54.23953],[-119.56246,54.23953],[-119.55629,54.23953],[-119.55012,54.23953],[-119.55012,54.24314]]],[[[-119.52513,54.24314],[-119.52513,54.24675],[-119.52513,54.25036],[-119.52514,54.25398],[-119.52514,54.25759],[-119.52514,54.2612],[-119.52514,54.26482],[-119.52514,54.26843],[-119.53131,54.26844],[-119.53748,54.26844],[-119.54365,54.26844],[-119.54966,54.26844],[-119.54966,54.26483],[-119.54966,54.26121],[-119.54966,54.2576],[-119.54966,54.25399],[-119.54966,54.25037],[-119.54966,54.24676],[-119.54966,54.24314],[-119.54966,54.23953],[-119.54364,54.23953],[-119.53747,54.23953],[-119.5313,54.23952],[-119.52513,54.23952],[-119.52513,54.24314]]],[[[-119.50016,54.24312],[-119.50016,54.24674],[-119.50016,54.25035],[-119.50016,54.25396],[-119.50016,54.25758],[-119.50016,54.26119],[-119.50016,54.26481],[-119.50016,54.26842],[-119.50633,54.26842],[-119.51249,54.26843],[-119.51866,54.26843],[-119.52467,54.26843],[-119.52467,54.26482],[-119.52467,54.2612],[-119.52467,54.25759],[-119.52467,54.25398],[-119.52467,54.25036],[-119.52467,54.24675],[-119.52467,54.24314],[-119.52467,54.23952],[-119.51866,54.23952],[-119.51249,54.23952],[-119.50632,54.23951],[-119.50016,54.23951],[-119.50016,54.24312]]],[[[-119.55013,54.27224],[-119.55013,54.27585],[-119.55013,54.27946],[-119.55013,54.28308],[-119.55013,54.28669],[-119.55013,54.2903],[-119.55013,54.29392],[-119.55013,54.29753],[-119.5563,54.29753],[-119.56247,54.29753],[-119.56864,54.29753],[-119.57465,54.29753],[-119.57465,54.29392],[-119.57465,54.29031],[-119.57465,54.28669],[-119.57465,54.28308],[-119.57465,54.27947],[-119.57465,54.27585],[-119.57465,54.27224],[-119.57465,54.26871],[-119.56863,54.26871],[-119.56246,54.26871],[-119.55629,54.26871],[-119.55012,54.26871],[-119.55013,54.27224]]],[[[-119.52514,54.27223],[-119.52514,54.27584],[-119.52514,54.27945],[-119.52514,54.28307],[-119.53131,54.28307],[-119.53748,54.28307],[-119.54365,54.28307],[-119.54686,54.28308],[-119.54966,54.28308],[-119.54966,54.27946],[-119.54966,54.27585],[-119.54966,54.27224],[-119.54966,54.26871],[-119.54365,54.26871],[-119.53748,54.26871],[-119.53131,54.26871],[-119.52514,54.2687],[-119.52514,54.27223]]]]},"properties":{"OBJECTID":39,"BusinessKey":"A13 110415704","AgreementType":"A13","AgreementNumber":" 110415704","TractIdentifier":"00","MineralType":"COAL","AgreementGroup":"APP","Status":"ACTIVE","LicenceVintage":"","DesRepName":"PEACE RIVER COAL INC.","PartyName":"PEACE RIVER COAL INC.(100.0000000%)","Zone":"COAL","OriginalArea":2304,"AgreementArea":2304,"TermDate":"2011/11/09","ContinuationDate":"","CurrentExpiryText":"","SHAPE.STArea()":23120117.336450577,"SHAPE.STLength()":44912.824374502459}},{"type":"Feature","id":102,"geometry":{"type":"MultiPolygon","coordinates":[[[[-119.04999,54.2432],[-119.04999,54.24682],[-119.04999,54.25043],[-119.04999,54.25405],[-119.04999,54.25766],[-119.04999,54.26128],[-119.04999,54.26489],[-119.04999,54.2685],[-119.05616,54.26851],[-119.06233,54.26851],[-119.0685,54.26851],[-119.07451,54.26851],[-119.07451,54.2649],[-119.07451,54.26128],[-119.07451,54.25767],[-119.07451,54.25406],[-119.07451,54.25044],[-119.07451,54.24683],[-119.07451,54.24321],[-119.07451,54.2396],[-119.06849,54.2396],[-119.06233,54.23959],[-119.05616,54.23959],[-119.04999,54.23959],[-119.04999,54.2432]]],[[[-119.07497,54.24321],[-119.07497,54.24683],[-119.07497,54.25004],[-119.07497,54.25044],[-119.07497,54.25406],[-119.07497,54.25767],[-119.07497,54.26128],[-119.07498,54.2649],[-119.07498,54.26851],[-119.08114,54.26851],[-119.08731,54.26852],[-119.09348,54.26852],[-119.0995,54.26852],[-119.0995,54.2649],[-119.0995,54.26129],[-119.0995,54.25768],[-119.09949,54.25406],[-119.09949,54.25045],[-119.09949,54.24684],[-119.09949,54.24322],[-119.09949,54.23961],[-119.09348,54.23961],[-119.08731,54.2396],[-119.08114,54.2396],[-119.07497,54.2396],[-119.07497,54.24321]]],[[[-119.07498,54.27231],[-119.07498,54.27592],[-119.07498,54.27953],[-119.07498,54.28315],[-119.08115,54.28315],[-119.08732,54.28315],[-119.09348,54.28315],[-119.0995,54.28315],[-119.0995,54.27954],[-119.0995,54.27593],[-119.0995,54.27231],[-119.0995,54.26879],[-119.09348,54.26879],[-119.08731,54.26879],[-119.08114,54.26878],[-119.07498,54.26878],[-119.07498,54.27231]]]]},"properties":{"OBJECTID":102,"BusinessKey":"A13 120187302","AgreementType":"A13","AgreementNumber":" 120187302","TractIdentifier":"00","MineralType":"COAL","AgreementGroup":"APP","Status":"ACTIVE","LicenceVintage":"","DesRepName":"PEACE RIVER COAL INC.","PartyName":"PEACE RIVER COAL INC.(100.0000000%)","Zone":"COAL","OriginalArea":1280,"AgreementArea":1280,"TermDate":"2012/06/22","ContinuationDate":"","CurrentExpiryText":"","SHAPE.STArea()":12842110.263253421,"SHAPE.STLength()":25659.651765378898}},{"type":"Feature","id":53,"geometry":{"type":"MultiPolygon","coordinates":[[[[-119.87512,54.30131],[-119.87512,54.30492],[-119.87512,54.30854],[-119.87512,54.31215],[-119.87512,54.31576],[-119.87512,54.31735],[-119.87512,54.31937],[-119.87512,54.32299],[-119.87512,54.3266],[-119.88129,54.3266],[-119.88746,54.3266],[-119.89363,54.3266],[-119.89965,54.3266],[-119.89965,54.32298],[-119.89965,54.31937],[-119.89965,54.31576],[-119.89965,54.31215],[-119.89966,54.30853],[-119.89966,54.30492],[-119.89966,54.30131],[-119.89966,54.29778],[-119.89364,54.29779],[-119.88746,54.29779],[-119.88129,54.29779],[-119.87511,54.29779],[-119.87512,54.30131]]],[[[-119.92511,54.3013],[-119.92511,54.30491],[-119.92511,54.30852],[-119.92511,54.31214],[-119.92511,54.31575],[-119.92511,54.31936],[-119.92511,54.32297],[-119.92511,54.32659],[-119.93129,54.32658],[-119.93746,54.32658],[-119.94363,54.32657],[-119.94965,54.32657],[-119.94965,54.32296],[-119.94965,54.31934],[-119.94965,54.31573],[-119.94965,54.31212],[-119.94965,54.30851],[-119.94965,54.30489],[-119.94965,54.30128],[-119.94965,54.29776],[-119.94363,54.29776],[-119.93746,54.29777],[-119.93129,54.29777],[-119.92511,54.29777],[-119.92511,54.3013]]],[[[-119.90012,54.30131],[-119.90012,54.30492],[-119.90012,54.30853],[-119.90012,54.31215],[-119.90012,54.31576],[-119.90012,54.31937],[-119.90012,54.32298],[-119.90012,54.3266],[-119.90629,54.32659],[-119.91246,54.32659],[-119.91863,54.32659],[-119.92465,54.32659],[-119.92465,54.32297],[-119.92465,54.31936],[-119.92465,54.31575],[-119.92465,54.31214],[-119.92465,54.30852],[-119.92465,54.30491],[-119.92465,54.3013],[-119.92465,54.29777],[-119.91863,54.29778],[-119.91246,54.29778],[-119.90629,54.29778],[-119.90617,54.29778],[-119.90012,54.29778],[-119.90012,54.30131]]],[[[-119.87511,54.28668],[-119.87511,54.29029],[-119.87511,54.2939],[-119.87511,54.29752],[-119.88129,54.29752],[-119.88746,54.29751],[-119.89364,54.29751],[-119.89966,54.29751],[-119.89966,54.2939],[-119.89966,54.29029],[-119.89966,54.28667],[-119.89966,54.28306],[-119.89364,54.28306],[-119.88746,54.28306],[-119.88129,54.28306],[-119.87511,54.28306],[-119.87511,54.28668]]],[[[-119.92512,54.28667],[-119.92512,54.29028],[-119.92511,54.29389],[-119.92511,54.2975],[-119.93129,54.2975],[-119.93746,54.2975],[-119.94363,54.29749],[-119.94965,54.29749],[-119.94965,54.29387],[-119.94965,54.29026],[-119.94965,54.28665],[-119.94965,54.28304],[-119.94363,54.28304],[-119.93746,54.28304],[-119.93129,54.28305],[-119.92512,54.28305],[-119.92512,54.28667]]],[[[-119.90012,54.28667],[-119.90012,54.29029],[-119.90012,54.2939],[-119.90012,54.29751],[-119.90629,54.29751],[-119.91246,54.29751],[-119.91863,54.29751],[-119.92465,54.2975],[-119.92465,54.29389],[-119.92465,54.29028],[-119.92465,54.28667],[-119.92465,54.28305],[-119.91864,54.28306],[-119.91246,54.28306],[-119.90629,54.28306],[-119.90012,54.28306],[-119.90012,54.28667]]]]},"properties":{"OBJECTID":53,"BusinessKey":"A13 110416003","AgreementType":"A13","AgreementNumber":" 110416003","TractIdentifier":"00","MineralType":"COAL","AgreementGroup":"APP","Status":"ACTIVE","LicenceVintage":"","DesRepName":"PEACE RIVER COAL INC.","PartyName":"PEACE RIVER COAL INC.(100.0000000%)","Zone":"COAL","OriginalArea":2304,"AgreementArea":2304,"TermDate":"2011/11/09","ContinuationDate":"","CurrentExpiryText":"","SHAPE.STArea()":23095002.324025288,"SHAPE.STLength()":48083.452598105112}},{"type":"Feature","id":45,"geometry":{"type":"MultiPolygon","coordinates":[[[[-119.67507,54.21404],[-119.67507,54.21765],[-119.67507,54.22126],[-119.67507,54.22488],[-119.67507,54.22849],[-119.67507,54.2321],[-119.67507,54.23572],[-119.67507,54.23933],[-119.68124,54.23933],[-119.68741,54.23934],[-119.6936,54.23934],[-119.69962,54.23934],[-119.69962,54.23573],[-119.69962,54.23211],[-119.69962,54.2285],[-119.69962,54.22489],[-119.69962,54.22127],[-119.69962,54.21766],[-119.69962,54.21405],[-119.69962,54.21052],[-119.6936,54.21052],[-119.68742,54.21052],[-119.68125,54.21052],[-119.67507,54.21051],[-119.67507,54.21404]]],[[[-119.70008,54.21405],[-119.70008,54.21766],[-119.70008,54.22127],[-119.70008,54.22489],[-119.70008,54.2285],[-119.70008,54.23211],[-119.70008,54.23573],[-119.70008,54.23934],[-119.70626,54.23934],[-119.71243,54.23934],[-119.7186,54.23934],[-119.72462,54.23934],[-119.72462,54.23573],[-119.72462,54.23212],[-119.72462,54.2285],[-119.72462,54.22489],[-119.72462,54.22128],[-119.72462,54.21766],[-119.72462,54.21405],[-119.72462,54.21053],[-119.7186,54.21052],[-119.71243,54.21052],[-119.70625,54.21052],[-119.70008,54.21052],[-119.70008,54.21405]]],[[[-119.67507,54.1994],[-119.67507,54.20302],[-119.67507,54.20663],[-119.67507,54.21024],[-119.68125,54.21025],[-119.68742,54.21025],[-119.69237,54.21025],[-119.6936,54.21025],[-119.69962,54.21025],[-119.69962,54.20664],[-119.69962,54.20302],[-119.69962,54.19941],[-119.69962,54.1958],[-119.6936,54.1958],[-119.68742,54.19579],[-119.68125,54.19579],[-119.67507,54.19579],[-119.67507,54.1994]]],[[[-119.70008,54.19941],[-119.70008,54.20302],[-119.70008,54.20664],[-119.70008,54.21025],[-119.70625,54.21025],[-119.71243,54.21025],[-119.7186,54.21025],[-119.72462,54.21025],[-119.72462,54.20664],[-119.72462,54.20303],[-119.72462,54.19941],[-119.72462,54.1958],[-119.7186,54.1958],[-119.71242,54.1958],[-119.70625,54.1958],[-119.70008,54.1958],[-119.70008,54.19941]]],[[[-119.67507,54.24313],[-119.67507,54.24674],[-119.67507,54.25035],[-119.67508,54.25397],[-119.68125,54.25397],[-119.68743,54.25397],[-119.6936,54.25397],[-119.69962,54.25398],[-119.69962,54.25036],[-119.69962,54.24675],[-119.69962,54.24313],[-119.69962,54.23952],[-119.6936,54.23952],[-119.68741,54.23952],[-119.68124,54.23951],[-119.67507,54.23951],[-119.67507,54.24313]]],[[[-119.72508,54.2285],[-119.72508,54.23212],[-119.72508,54.23573],[-119.72508,54.23934],[-119.73125,54.23934],[-119.73742,54.23934],[-119.74359,54.23934],[-119.74961,54.23934],[-119.74961,54.23573],[-119.74961,54.23211],[-119.74961,54.2285],[-119.74961,54.22489],[-119.74359,54.22489],[-119.73742,54.22489],[-119.73125,54.22489],[-119.72508,54.22489],[-119.72508,54.2285]]],[[[-119.70008,54.24313],[-119.70008,54.24675],[-119.70008,54.25036],[-119.70008,54.25398],[-119.70626,54.25398],[-119.71243,54.25398],[-119.7186,54.25398],[-119.72462,54.25398],[-119.72462,54.25037],[-119.72462,54.24675],[-119.72462,54.24314],[-119.72462,54.23952],[-119.7186,54.23952],[-119.71243,54.23952],[-119.70626,54.23952],[-119.70008,54.23952],[-119.70008,54.24313]]]]},"properties":{"OBJECTID":45,"BusinessKey":"A13 110415805","AgreementType":"A13","AgreementNumber":" 110415805","TractIdentifier":"00","MineralType":"COAL","AgreementGroup":"APP","Status":"ACTIVE","LicenceVintage":"","DesRepName":"PEACE RIVER COAL INC.","PartyName":"PEACE RIVER COAL INC.(100.0000000%)","Zone":"COAL","OriginalArea":2304,"AgreementArea":2304,"TermDate":"2011/11/09","ContinuationDate":"","CurrentExpiryText":"","SHAPE.STArea()":23159338.978273947,"SHAPE.STLength()":51344.506015524879}},{"type":"Feature","id":2,"geometry":{"type":"MultiPolygon","coordinates":[[[[-119.65008,54.1703],[-119.65008,54.17392],[-119.65008,54.17753],[-119.65008,54.18114],[-119.65625,54.18115],[-119.66242,54.18115],[-119.66859,54.18115],[-119.67461,54.18116],[-119.67461,54.17754],[-119.67461,54.17393],[-119.66859,54.17393],[-119.66242,54.17392],[-119.66242,54.17031],[-119.66242,54.1667],[-119.65625,54.16669],[-119.65008,54.16669],[-119.65008,54.1703]]],[[[-119.60009,54.1631],[-119.6001,54.16672],[-119.60627,54.16671],[-119.61244,54.16671],[-119.61861,54.16671],[-119.62462,54.16671],[-119.62462,54.16309],[-119.62462,54.15948],[-119.61861,54.15948],[-119.61244,54.15948],[-119.60626,54.15949],[-119.60009,54.15949],[-119.60009,54.1631]]],[[[-119.62509,54.17032],[-119.62509,54.17393],[-119.63126,54.17393],[-119.63743,54.17393],[-119.6436,54.17392],[-119.64961,54.17392],[-119.64961,54.1703],[-119.64961,54.16669],[-119.6436,54.16669],[-119.63743,54.1667],[-119.63126,54.1667],[-119.62509,54.16671],[-119.62509,54.17032]]]]},"properties":{"OBJECTID":2,"BusinessKey":"A13 825100001","AgreementType":"A13","AgreementNumber":" 825100001","TractIdentifier":"00","MineralType":"COAL","AgreementGroup":"APP","Status":"ACTIVE","LicenceVintage":"","DesRepName":"MANCAL COAL INC","PartyName":"MANCAL COAL INC(100.0000000%)","Zone":"COAL","OriginalArea":448,"AgreementArea":448,"TermDate":"1982/03/16","ContinuationDate":"","CurrentExpiryText":"","SHAPE.STArea()":4517699.9242415447,"SHAPE.STLength()":16053.049423653445}},{"type":"Feature","id":48,"geometry":{"type":"MultiPolygon","coordinates":[[[[-119.67508,54.30131],[-119.67508,54.30492],[-119.67508,54.30854],[-119.67508,54.31215],[-119.67508,54.31577],[-119.67508,54.3158],[-119.67508,54.31938],[-119.67508,54.32299],[-119.67508,54.32661],[-119.68126,54.32661],[-119.68743,54.32661],[-119.6936,54.32661],[-119.69962,54.32661],[-119.69962,54.323],[-119.69962,54.31939],[-119.69962,54.31577],[-119.69962,54.31216],[-119.69962,54.30854],[-119.69962,54.30493],[-119.69962,54.30132],[-119.69962,54.29779],[-119.6936,54.29779],[-119.68743,54.29779],[-119.68125,54.29779],[-119.67508,54.29779],[-119.67508,54.30131]]],[[[-119.70008,54.30132],[-119.70008,54.30269],[-119.70008,54.30493],[-119.70008,54.30854],[-119.70008,54.31216],[-119.70008,54.31577],[-119.70008,54.31939],[-119.70008,54.323],[-119.70008,54.32661],[-119.70626,54.32661],[-119.71243,54.32661],[-119.7186,54.32661],[-119.72462,54.32661],[-119.72462,54.323],[-119.72462,54.31939],[-119.72462,54.31577],[-119.72462,54.31216],[-119.72462,54.30855],[-119.72462,54.30493],[-119.72462,54.30132],[-119.72462,54.2978],[-119.7186,54.2978],[-119.71243,54.2978],[-119.70626,54.29779],[-119.70008,54.29779],[-119.70008,54.30132]]],[[[-119.65008,54.3013],[-119.65008,54.30491],[-119.65008,54.30853],[-119.65008,54.31214],[-119.65008,54.31575],[-119.65008,54.31937],[-119.65008,54.32298],[-119.65008,54.3266],[-119.65626,54.3266],[-119.66243,54.3266],[-119.6686,54.32661],[-119.67462,54.32661],[-119.67462,54.32299],[-119.67462,54.31938],[-119.67462,54.31577],[-119.67462,54.31215],[-119.67462,54.30854],[-119.67462,54.30492],[-119.67462,54.30131],[-119.67462,54.29779],[-119.6686,54.29778],[-119.66243,54.29778],[-119.65626,54.29778],[-119.65008,54.29777],[-119.65008,54.3013]]],[[[-119.67508,54.28667],[-119.67508,54.29029],[-119.67508,54.2939],[-119.67508,54.29752],[-119.68125,54.29752],[-119.68743,54.29752],[-119.6936,54.29752],[-119.69962,54.29752],[-119.69962,54.29391],[-119.69962,54.2903],[-119.69962,54.28668],[-119.69962,54.28307],[-119.6936,54.28307],[-119.68743,54.28306],[-119.68125,54.28306],[-119.67508,54.28306],[-119.67508,54.28667]]],[[[-119.70008,54.28668],[-119.70008,54.2903],[-119.70008,54.29391],[-119.70008,54.29752],[-119.70626,54.29752],[-119.71243,54.29752],[-119.7186,54.29752],[-119.72462,54.29752],[-119.72462,54.29391],[-119.72462,54.2903],[-119.72462,54.28668],[-119.72462,54.28307],[-119.7186,54.28307],[-119.71492,54.28307],[-119.71243,54.28307],[-119.70626,54.28307],[-119.70008,54.28307],[-119.70008,54.28668]]],[[[-119.65008,54.28666],[-119.65008,54.29028],[-119.65008,54.29389],[-119.65008,54.2975],[-119.65626,54.29751],[-119.66243,54.29751],[-119.6686,54.29751],[-119.67462,54.29752],[-119.67462,54.2939],[-119.67462,54.29029],[-119.67462,54.28667],[-119.67462,54.28306],[-119.6686,54.28306],[-119.66243,54.28305],[-119.65625,54.28305],[-119.65008,54.28305],[-119.65008,54.28666]]]]},"properties":{"OBJECTID":48,"BusinessKey":"A13 110415903","AgreementType":"A13","AgreementNumber":" 110415903","TractIdentifier":"00","MineralType":"COAL","AgreementGroup":"APP","Status":"ACTIVE","LicenceVintage":"","DesRepName":"PEACE RIVER COAL INC.","PartyName":"PEACE RIVER COAL INC.(100.0000000%)","Zone":"COAL","OriginalArea":2304,"AgreementArea":2304,"TermDate":"2011/11/09","ContinuationDate":"","CurrentExpiryText":"","SHAPE.STArea()":23096824.493111204,"SHAPE.STLength()":48086.639666962794}},{"type":"Feature","id":449,"geometry":{"type":"MultiPolygon","coordinates":[[[[-119.01637,53.89409],[-119.01637,53.89771],[-119.01637,53.90132],[-119.01637,53.90494],[-119.01637,53.9068],[-119.01637,53.90855],[-119.01637,53.91216],[-119.01637,53.91578],[-119.01637,53.91939],[-119.0225,53.91939],[-119.02863,53.91939],[-119.03427,53.91938],[-119.03476,53.91938],[-119.04074,53.91938],[-119.04074,53.91577],[-119.04074,53.91215],[-119.04074,53.90854],[-119.04074,53.90492],[-119.04074,53.90131],[-119.04074,53.8977],[-119.04074,53.89408],[-119.04074,53.89047],[-119.03477,53.89047],[-119.02863,53.89047],[-119.0225,53.89048],[-119.01637,53.89048],[-119.01637,53.89409]]],[[[-119.01637,53.865],[-119.01637,53.86861],[-119.01637,53.87223],[-119.01637,53.87584],[-119.01637,53.87946],[-119.01637,53.88307],[-119.01637,53.88669],[-119.01637,53.8903],[-119.0225,53.8903],[-119.02863,53.89029],[-119.03477,53.89029],[-119.04074,53.89029],[-119.04074,53.88667],[-119.04074,53.88306],[-119.04074,53.87944],[-119.04074,53.87583],[-119.04074,53.87222],[-119.04074,53.8686],[-119.04074,53.86499],[-119.04074,53.86146],[-119.03476,53.86147],[-119.02863,53.86147],[-119.0225,53.86147],[-119.01637,53.86148],[-119.01637,53.865]]],[[[-119.0412,53.87222],[-119.0412,53.87583],[-119.0412,53.87944],[-119.0412,53.88306],[-119.0412,53.88667],[-119.0412,53.89029],[-119.04733,53.89028],[-119.05346,53.89028],[-119.05958,53.89027],[-119.06556,53.89027],[-119.06556,53.88665],[-119.06556,53.88304],[-119.06556,53.87943],[-119.06556,53.87581],[-119.06556,53.8722],[-119.06555,53.86858],[-119.05958,53.86859],[-119.05345,53.86859],[-119.04733,53.8686],[-119.0412,53.8686],[-119.0412,53.87222]]],[[[-118.99155,53.8941],[-118.99155,53.89772],[-118.99155,53.90133],[-118.99155,53.90494],[-118.99768,53.90494],[-119.00381,53.90494],[-119.00994,53.90494],[-119.01591,53.90494],[-119.01591,53.90132],[-119.01591,53.89771],[-119.01591,53.89409],[-119.01591,53.89048],[-119.00994,53.89048],[-119.00381,53.89048],[-118.99768,53.89049],[-118.99639,53.89049],[-118.99155,53.89049],[-118.99155,53.8941]]],[[[-119.00381,53.86501],[-119.00381,53.86862],[-119.00381,53.87223],[-119.00381,53.87585],[-119.00381,53.87946],[-119.00381,53.88308],[-119.00994,53.88307],[-119.01591,53.88307],[-119.01591,53.87946],[-119.01591,53.87584],[-119.01591,53.87223],[-119.01591,53.86861],[-119.01591,53.865],[-119.01591,53.86148],[-119.00993,53.86148],[-119.0038,53.86148],[-119.00381,53.86501]]],[[[-119.05346,53.89407],[-119.05958,53.89407],[-119.06556,53.89406],[-119.06556,53.89045],[-119.05958,53.89045],[-119.05346,53.89046],[-119.05346,53.89407]]]]},"properties":{"OBJECTID":449,"BusinessKey":"0131320110053","AgreementType":"013","AgreementNumber":"1320110053","TractIdentifier":"00","MineralType":"COAL","AgreementGroup":"LEASE","Status":"ACTIVE","LicenceVintage":"PRIMARY","DesRepName":"MANCAL COAL INC","PartyName":"MANCAL COAL INC(100.0000000%)","Zone":"COAL","OriginalArea":1888,"AgreementArea":1888,"TermDate":"2020/11/06","ContinuationDate":"","CurrentExpiryText":"2035/11/06","SHAPE.STArea()":18976720.35003322,"SHAPE.STLength()":42511.775948225149}},{"type":"Feature","id":117,"geometry":{"type":"MultiPolygon","coordinates":[[[[-118.94993,54.08315],[-118.94993,54.08676],[-118.94993,54.09038],[-118.94993,54.09399],[-118.9561,54.09399],[-118.96228,54.09399],[-118.96845,54.09399],[-118.97447,54.09399],[-118.97447,54.09038],[-118.97447,54.08676],[-118.97447,54.08315],[-118.97447,54.07954],[-118.96845,54.07954],[-118.96227,54.07954],[-118.9561,54.07954],[-118.94993,54.07954],[-118.94993,54.08315]]],[[[-118.92492,54.08314],[-118.92492,54.08676],[-118.92492,54.09037],[-118.92492,54.09398],[-118.9311,54.09399],[-118.93727,54.09399],[-118.94345,54.09399],[-118.94947,54.09399],[-118.94947,54.09038],[-118.94947,54.08676],[-118.94946,54.08315],[-118.94946,54.07954],[-118.94344,54.07953],[-118.93727,54.07953],[-118.9311,54.07953],[-118.92492,54.07953],[-118.92492,54.08314]]],[[[-118.89992,54.08318],[-118.89992,54.08679],[-118.89992,54.0904],[-118.89992,54.09402],[-118.9061,54.09401],[-118.91227,54.094],[-118.91844,54.09399],[-118.92446,54.09399],[-118.92446,54.09037],[-118.92446,54.08676],[-118.92446,54.08314],[-118.92446,54.07953],[-118.91844,54.07954],[-118.91227,54.07955],[-118.90609,54.07955],[-118.89992,54.07956],[-118.89992,54.08318]]],[[[-118.91227,54.1057],[-118.91909,54.10577],[-118.91918,54.10576],[-118.91927,54.10575],[-118.91935,54.10574],[-118.91944,54.10572],[-118.92155,54.10514],[-118.9216,54.10513],[-118.92165,54.10511],[-118.92447,54.10402],[-118.92447,54.10139],[-118.92446,54.09778],[-118.92446,54.09426],[-118.91844,54.09427],[-118.91227,54.09427],[-118.9061,54.09428],[-118.89992,54.09429],[-118.89992,54.09781],[-118.89993,54.10143],[-118.89993,54.10504],[-118.89993,54.10614],[-118.90003,54.10613],[-118.90608,54.10565],[-118.91227,54.1057]]],[[[-118.93255,54.10425],[-118.93271,54.10439],[-118.93277,54.10445],[-118.9328,54.10449],[-118.93284,54.10453],[-118.93287,54.10456],[-118.93322,54.10484],[-118.93328,54.10488],[-118.93334,54.10491],[-118.93341,54.10494],[-118.93393,54.10515],[-118.934,54.10517],[-118.93407,54.10519],[-118.93413,54.10521],[-118.93428,54.10524],[-118.93456,54.10536],[-118.93473,54.10547],[-118.93484,54.10558],[-118.93487,54.10563],[-118.93491,54.10568],[-118.93496,54.10572],[-118.93501,54.10576],[-118.93508,54.1058],[-118.93515,54.10583],[-118.93522,54.10586],[-118.93531,54.10588],[-118.93539,54.1059],[-118.93548,54.10591],[-118.93557,54.10591],[-118.93728,54.10593],[-118.94648,54.10601],[-118.94657,54.10601],[-118.94947,54.10585],[-118.94947,54.10501],[-118.94947,54.1014],[-118.94947,54.09779],[-118.94947,54.09426],[-118.94345,54.09426],[-118.93727,54.09426],[-118.9311,54.09426],[-118.92493,54.09426],[-118.92493,54.09778],[-118.92493,54.10139],[-118.92493,54.10384],[-118.92535,54.10368],[-118.92689,54.10308],[-118.92696,54.1031],[-118.92703,54.10313],[-118.9271,54.10315],[-118.92718,54.10316],[-118.92726,54.10317],[-118.92756,54.1032],[-118.92795,54.1033],[-118.92831,54.10354],[-118.92836,54.10357],[-118.92841,54.1036],[-118.92847,54.10363],[-118.92854,54.10365],[-118.92893,54.10376],[-118.92916,54.10387],[-118.9292,54.10389],[-118.93019,54.10431],[-118.93025,54.10433],[-118.93032,54.10435],[-118.9304,54.10437],[-118.93048,54.10438],[-118.93106,54.10445],[-118.93115,54.10446],[-118.93124,54.10446],[-118.93134,54.10445],[-118.93143,54.10444],[-118.93152,54.10442],[-118.93235,54.10421],[-118.93236,54.10421],[-118.93255,54.10425]]],[[[-118.94993,54.09779],[-118.94993,54.1014],[-118.94993,54.10501],[-118.94993,54.10583],[-118.95,54.10582],[-118.96228,54.10514],[-118.97447,54.10447],[-118.97447,54.1014],[-118.97447,54.09779],[-118.97447,54.09426],[-118.96845,54.09426],[-118.96228,54.09426],[-118.9561,54.09426],[-118.94993,54.09426],[-118.94993,54.09779]]],[[[-118.97493,54.09779],[-118.97493,54.09898],[-118.97493,54.1014],[-118.97494,54.10445],[-118.97501,54.10444],[-118.98729,54.10376],[-118.99891,54.10312],[-118.999,54.10311],[-118.99948,54.10305],[-118.99948,54.1014],[-118.99948,54.09778],[-118.99948,54.09426],[-118.99346,54.09426],[-118.98728,54.09426],[-118.98111,54.09426],[-118.97493,54.09426],[-118.97493,54.09779]]],[[[-118.99994,54.10299],[-119.00011,54.10297],[-119.01229,54.10139],[-119.01229,54.10139],[-119.01229,54.10139],[-119.02449,54.09981],[-119.02449,54.09777],[-119.02449,54.09425],[-119.01847,54.09425],[-119.01229,54.09425],[-119.00612,54.09426],[-118.99994,54.09426],[-118.99994,54.09778],[-118.99994,54.1014],[-118.99994,54.10299]]]]},"properties":{"OBJECTID":117,"BusinessKey":"A13 120187407","AgreementType":"A13","AgreementNumber":" 120187407","TractIdentifier":"00","MineralType":"COAL","AgreementGroup":"APP","Status":"ACTIVE","LicenceVintage":"","DesRepName":"PEACE RIVER COAL INC.","PartyName":"PEACE RIVER COAL INC.(100.0000000%)","Zone":"COAL","OriginalArea":1657.01,"AgreementArea":1657.01,"TermDate":"2012/06/22","ContinuationDate":"","CurrentExpiryText":"","SHAPE.STArea()":16652744.873057671,"SHAPE.STLength()":46507.354584273737}},{"type":"Feature","id":77,"geometry":{"type":"MultiPolygon","coordinates":[[[[-119.23945,53.98135],[-119.23945,53.98496],[-119.23945,53.98857],[-119.23945,53.99219],[-119.23945,53.9958],[-119.24557,53.9958],[-119.25169,53.9958],[-119.2578,53.9958],[-119.26377,53.9958],[-119.26377,53.99219],[-119.26377,53.98857],[-119.26377,53.98496],[-119.2578,53.98496],[-119.25169,53.98496],[-119.25168,53.98135],[-119.25168,53.97782],[-119.24557,53.97782],[-119.23945,53.97782],[-119.23945,53.98135]]],[[[-119.21467,53.98134],[-119.21467,53.98495],[-119.21468,53.98857],[-119.22079,53.98857],[-119.22691,53.98857],[-119.22691,53.99218],[-119.23303,53.99218],[-119.23899,53.99219],[-119.23899,53.98857],[-119.23899,53.98496],[-119.23899,53.98135],[-119.23899,53.97782],[-119.23302,53.97782],[-119.22691,53.97782],[-119.22079,53.97782],[-119.21467,53.97782],[-119.21467,53.98134]]],[[[-119.27646,53.9958],[-119.27646,53.99219],[-119.27646,53.98857],[-119.27646,53.98496],[-119.27034,53.98496],[-119.26423,53.98496],[-119.26423,53.98857],[-119.26423,53.99219],[-119.26423,53.9958],[-119.27035,53.9958],[-119.27035,53.99941],[-119.27646,53.99941],[-119.27646,53.9958]]],[[[-119.27646,53.99941],[-119.27646,54.00001],[-119.27647,54.00303],[-119.27647,54.00329],[-119.27647,54.00664],[-119.28258,54.00664],[-119.28855,54.00664],[-119.28855,54.00302],[-119.28855,54.00001],[-119.28855,53.99941],[-119.28258,53.99941],[-119.27646,53.99941]]]]},"properties":{"OBJECTID":77,"BusinessKey":"0131312010597","AgreementType":"013","AgreementNumber":"1312010597","TractIdentifier":"00","MineralType":"COAL","AgreementGroup":"LEASE","Status":"ACTIVE","LicenceVintage":"PRIMARY","DesRepName":"CST CANADA COAL LIMITED","PartyName":"CST CANADA COAL LIMITED(100.0000000%)","Zone":"COAL","OriginalArea":656,"AgreementArea":656,"TermDate":"2012/01/26","ContinuationDate":"","CurrentExpiryText":"2027/01/26","SHAPE.STArea()":6557739.3375015752,"SHAPE.STLength()":21597.684368033748}},{"type":"Feature","id":31,"geometry":{"type":"MultiPolygon","coordinates":[[[[-119.47512,54.24314],[-119.47512,54.24675],[-119.47512,54.25037],[-119.47512,54.25398],[-119.47512,54.25759],[-119.47512,54.26121],[-119.47512,54.26482],[-119.47512,54.26844],[-119.4813,54.26843],[-119.48749,54.26843],[-119.49367,54.26843],[-119.4997,54.26842],[-119.4997,54.26481],[-119.49969,54.26119],[-119.49969,54.25758],[-119.49969,54.25396],[-119.49969,54.25168],[-119.49969,54.25035],[-119.49969,54.24674],[-119.49969,54.24312],[-119.49969,54.23951],[-119.49366,54.23951],[-119.48748,54.23952],[-119.4813,54.23952],[-119.47512,54.23952],[-119.47512,54.24314]]],[[[-119.47512,54.21405],[-119.47512,54.21766],[-119.47512,54.22128],[-119.47512,54.22489],[-119.47512,54.2285],[-119.47512,54.23212],[-119.47512,54.23573],[-119.47512,54.23934],[-119.4813,54.23934],[-119.48748,54.23934],[-119.49366,54.23933],[-119.49969,54.23933],[-119.49969,54.23571],[-119.49969,54.2321],[-119.49969,54.22849],[-119.49969,54.22487],[-119.49969,54.22126],[-119.49969,54.21765],[-119.49969,54.21404],[-119.49969,54.21051],[-119.49366,54.21052],[-119.48748,54.21052],[-119.4813,54.21052],[-119.47512,54.21053],[-119.47512,54.21405]]],[[[-119.45008,54.21406],[-119.45008,54.21767],[-119.45008,54.22128],[-119.45008,54.2249],[-119.45008,54.22851],[-119.45008,54.23212],[-119.45008,54.23574],[-119.45008,54.23935],[-119.45626,54.23935],[-119.46244,54.23935],[-119.46863,54.23935],[-119.47466,54.23934],[-119.47466,54.23573],[-119.47466,54.23212],[-119.47466,54.2285],[-119.47465,54.22489],[-119.47465,54.22128],[-119.47465,54.21766],[-119.47465,54.21405],[-119.47465,54.21053],[-119.46863,54.21053],[-119.46244,54.21053],[-119.45626,54.21053],[-119.45008,54.21054],[-119.45008,54.21406]]],[[[-119.42505,54.21407],[-119.42505,54.21768],[-119.42505,54.2213],[-119.42505,54.22491],[-119.42505,54.22852],[-119.42505,54.23214],[-119.42505,54.23575],[-119.42505,54.23936],[-119.43123,54.23936],[-119.43741,54.23936],[-119.44359,54.23936],[-119.44962,54.23935],[-119.44962,54.23574],[-119.44962,54.23213],[-119.44962,54.22851],[-119.44962,54.2249],[-119.44962,54.22129],[-119.44962,54.21767],[-119.44962,54.21406],[-119.44962,54.21054],[-119.44359,54.21054],[-119.43741,54.21054],[-119.43123,54.21054],[-119.42505,54.21054],[-119.42505,54.21407]]],[[[-119.45008,54.24315],[-119.45008,54.24676],[-119.45008,54.25037],[-119.45008,54.25399],[-119.45627,54.25399],[-119.46245,54.25398],[-119.46863,54.25398],[-119.47466,54.25398],[-119.47466,54.25037],[-119.47466,54.24675],[-119.47466,54.24314],[-119.47466,54.23952],[-119.46863,54.23953],[-119.46244,54.23953],[-119.45626,54.23953],[-119.45008,54.23953],[-119.45008,54.24315]]]]},"properties":{"OBJECTID":31,"BusinessKey":"A13 110415601","AgreementType":"A13","AgreementNumber":" 110415601","TractIdentifier":"00","MineralType":"COAL","AgreementGroup":"APP","Status":"ACTIVE","LicenceVintage":"","DesRepName":"PEACE RIVER COAL INC.","PartyName":"PEACE RIVER COAL INC.(100.0000000%)","Zone":"COAL","OriginalArea":2304,"AgreementArea":2304,"TermDate":"2011/11/09","ContinuationDate":"","CurrentExpiryText":"","SHAPE.STArea()":23164744.006082743,"SHAPE.STLength()":44933.684853395505}},{"type":"Feature","id":466,"geometry":{"type":"MultiPolygon","coordinates":[[[[-119.31378,53.98133],[-119.31378,53.98495],[-119.31378,53.98856],[-119.31378,53.99217],[-119.31378,53.99579],[-119.31378,53.9994],[-119.31378,54.00001],[-119.31378,54.00301],[-119.31378,54.00374],[-119.31378,54.00663],[-119.3199,54.00662],[-119.32602,54.00662],[-119.33214,54.00662],[-119.3381,54.00661],[-119.3381,54.003],[-119.3381,54.00001],[-119.3381,53.99939],[-119.3381,53.99577],[-119.3381,53.99475],[-119.3381,53.99216],[-119.3381,53.98906],[-119.3381,53.98855],[-119.3381,53.98493],[-119.3381,53.98132],[-119.3381,53.9778],[-119.33213,53.9778],[-119.32601,53.9778],[-119.3199,53.97781],[-119.31378,53.97781],[-119.31378,53.98133]]],[[[-119.31378,53.95947],[-119.31378,53.96309],[-119.31378,53.9667],[-119.31378,53.97031],[-119.31378,53.97393],[-119.31378,53.97754],[-119.3199,53.97754],[-119.32601,53.97753],[-119.33213,53.97753],[-119.3381,53.97753],[-119.3381,53.97391],[-119.3381,53.9703],[-119.3381,53.96669],[-119.33809,53.96307],[-119.33809,53.95946],[-119.33809,53.95585],[-119.33213,53.95585],[-119.32601,53.95585],[-119.31989,53.95586],[-119.31378,53.95586],[-119.31378,53.95947]]],[[[-119.289,53.95948],[-119.289,53.9631],[-119.289,53.96671],[-119.289,53.97032],[-119.289,53.97394],[-119.289,53.97755],[-119.29512,53.97755],[-119.30124,53.97755],[-119.30736,53.97754],[-119.31332,53.97754],[-119.31332,53.97393],[-119.31332,53.97031],[-119.31332,53.9671],[-119.31332,53.9667],[-119.31332,53.96309],[-119.31332,53.95947],[-119.31332,53.95586],[-119.30735,53.95586],[-119.30123,53.95587],[-119.29512,53.95587],[-119.289,53.95587],[-119.289,53.95948]]],[[[-119.26422,53.95949],[-119.26422,53.9631],[-119.26422,53.96671],[-119.26422,53.97033],[-119.26423,53.97394],[-119.26423,53.97755],[-119.26722,53.97755],[-119.27034,53.97755],[-119.27646,53.97755],[-119.28258,53.97755],[-119.28854,53.97755],[-119.28854,53.97394],[-119.28854,53.97032],[-119.28854,53.96898],[-119.28854,53.96671],[-119.28854,53.9631],[-119.28854,53.95948],[-119.28854,53.95587],[-119.28258,53.95587],[-119.27646,53.95587],[-119.27034,53.95587],[-119.26422,53.95587],[-119.26422,53.95949]]],[[[-119.289,53.98134],[-119.289,53.98496],[-119.289,53.98857],[-119.28901,53.99218],[-119.29512,53.99218],[-119.30124,53.99218],[-119.30736,53.99218],[-119.30865,53.99218],[-119.31332,53.99217],[-119.31332,53.98856],[-119.31332,53.98495],[-119.31332,53.98133],[-119.31332,53.97781],[-119.30736,53.97781],[-119.30124,53.97782],[-119.29512,53.97782],[-119.289,53.97782],[-119.289,53.98134]]],[[[-119.23944,53.95949],[-119.23944,53.9631],[-119.24556,53.9631],[-119.25168,53.9631],[-119.2578,53.9631],[-119.26376,53.9631],[-119.26376,53.95949],[-119.26376,53.95587],[-119.2578,53.95588],[-119.25168,53.95588],[-119.24953,53.95588],[-119.24556,53.95588],[-119.23944,53.95587],[-119.23944,53.95949]]],[[[-119.2269,53.95226],[-119.23302,53.95226],[-119.23302,53.95587],[-119.23898,53.95587],[-119.23898,53.95226],[-119.23898,53.94874],[-119.23302,53.94874],[-119.2269,53.94874],[-119.2269,53.95226]]]]},"properties":{"OBJECTID":466,"BusinessKey":"0131320110070","AgreementType":"013","AgreementNumber":"1320110070","TractIdentifier":"00","MineralType":"COAL","AgreementGroup":"LEASE","Status":"ACTIVE","LicenceVintage":"PRIMARY","DesRepName":"HORN RIDGE RESOURCES LTD.","PartyName":"HORN RIDGE RESOURCES LTD.(100.0000000%)","Zone":"COAL","OriginalArea":2096,"AgreementArea":2096,"TermDate":"2020/11/06","ContinuationDate":"","CurrentExpiryText":"2035/11/06","SHAPE.STArea()":20978087.949182399,"SHAPE.STLength()":48030.129658269027}},{"type":"Feature","id":60,"geometry":{"type":"MultiPolygon","coordinates":[[[[-119.90013,54.24314],[-119.90013,54.24675],[-119.90013,54.25037],[-119.90013,54.25398],[-119.90013,54.25759],[-119.90013,54.2612],[-119.90013,54.26482],[-119.90013,54.26843],[-119.9063,54.26843],[-119.91247,54.26843],[-119.91864,54.26842],[-119.92465,54.26842],[-119.92465,54.26481],[-119.92465,54.2612],[-119.92465,54.25758],[-119.92465,54.25397],[-119.92465,54.25036],[-119.92465,54.24674],[-119.92465,54.24313],[-119.92465,54.23961],[-119.91858,54.23961],[-119.91236,54.23961],[-119.91236,54.23952],[-119.90624,54.23952],[-119.90013,54.23952],[-119.90013,54.24314]]],[[[-119.87511,54.25759],[-119.87511,54.2612],[-119.87511,54.26482],[-119.87511,54.26843],[-119.88129,54.26843],[-119.88747,54.26843],[-119.89364,54.26843],[-119.89966,54.26843],[-119.89966,54.26482],[-119.89966,54.2612],[-119.89967,54.25759],[-119.89967,54.25398],[-119.89364,54.25398],[-119.88747,54.25398],[-119.88129,54.25398],[-119.87511,54.25398],[-119.87511,54.25759]]],[[[-119.92512,54.25758],[-119.92512,54.2612],[-119.92512,54.26481],[-119.92512,54.26842],[-119.93129,54.26842],[-119.93746,54.26841],[-119.94363,54.26841],[-119.94964,54.2684],[-119.94964,54.26479],[-119.94964,54.26118],[-119.94964,54.25756],[-119.94964,54.25395],[-119.94363,54.25396],[-119.93746,54.25396],[-119.93129,54.25397],[-119.92512,54.25397],[-119.92512,54.25758]]],[[[-119.97509,54.25729],[-119.97509,54.25757],[-119.97509,54.26119],[-119.97509,54.2648],[-119.97509,54.26841],[-119.98126,54.26841],[-119.98743,54.26841],[-119.9936,54.26841],[-119.99962,54.26841],[-119.99962,54.2648],[-119.99962,54.26119],[-119.99962,54.25757],[-119.99962,54.25396],[-119.9936,54.25396],[-119.98743,54.25396],[-119.98126,54.25396],[-119.97509,54.25396],[-119.97509,54.25729]]],[[[-119.95011,54.25756],[-119.95011,54.26118],[-119.95011,54.26479],[-119.95011,54.2684],[-119.95628,54.26841],[-119.96245,54.26841],[-119.96862,54.26841],[-119.97463,54.26841],[-119.97463,54.2648],[-119.97463,54.26119],[-119.97463,54.25757],[-119.97463,54.25396],[-119.96861,54.25396],[-119.96244,54.25396],[-119.95627,54.25395],[-119.95011,54.25395],[-119.95011,54.25756]]],[[[-119.87511,54.27222],[-119.87511,54.27584],[-119.87511,54.27945],[-119.87511,54.28306],[-119.88129,54.28306],[-119.88746,54.28306],[-119.89364,54.28306],[-119.89966,54.28306],[-119.89966,54.27945],[-119.89966,54.27584],[-119.89966,54.27222],[-119.89966,54.2687],[-119.89364,54.2687],[-119.88747,54.2687],[-119.88129,54.2687],[-119.87511,54.2687],[-119.87511,54.27222]]],[[[-119.92512,54.27221],[-119.92512,54.27583],[-119.92512,54.27944],[-119.92512,54.28305],[-119.93129,54.28305],[-119.93746,54.28304],[-119.94363,54.28304],[-119.94965,54.28304],[-119.94965,54.27942],[-119.94964,54.27581],[-119.94964,54.2722],[-119.94964,54.26867],[-119.94363,54.26868],[-119.93746,54.26868],[-119.93129,54.26869],[-119.92512,54.26869],[-119.92512,54.27221]]],[[[-119.90013,54.27222],[-119.90013,54.27584],[-119.90012,54.27945],[-119.90012,54.28306],[-119.90629,54.28306],[-119.91246,54.28306],[-119.91864,54.28306],[-119.92465,54.28305],[-119.92465,54.27944],[-119.92465,54.27583],[-119.92465,54.27221],[-119.92465,54.26869],[-119.91864,54.2687],[-119.91247,54.2687],[-119.9063,54.2687],[-119.90013,54.2687],[-119.90013,54.27222]]]]},"properties":{"OBJECTID":60,"BusinessKey":"A13 110416105","AgreementType":"A13","AgreementNumber":" 110416105","TractIdentifier":"00","MineralType":"COAL","AgreementGroup":"APP","Status":"ACTIVE","LicenceVintage":"","DesRepName":"PEACE RIVER COAL INC.","PartyName":"PEACE RIVER COAL INC.(100.0000000%)","Zone":"COAL","OriginalArea":2304,"AgreementArea":2304,"TermDate":"2011/11/09","ContinuationDate":"","CurrentExpiryText":"","SHAPE.STArea()":23106861.461176824,"SHAPE.STLength()":54495.554443663677}},{"type":"Feature","id":83,"geometry":{"type":"Polygon","coordinates":[[[-119.19988,54.07588],[-119.19988,54.0795],[-119.20605,54.07949],[-119.20605,54.07588],[-119.20605,54.07227],[-119.19988,54.07227],[-119.19988,54.07588]]]},"properties":{"OBJECTID":83,"BusinessKey":"0131312050628","AgreementType":"013","AgreementNumber":"1312050628","TractIdentifier":"00","MineralType":"COAL","AgreementGroup":"LEASE","Status":"ACTIVE","LicenceVintage":"PRIMARY","DesRepName":"CST CANADA COAL LIMITED","PartyName":"CST CANADA COAL LIMITED(100.0000000%)","Zone":"COAL","OriginalArea":32,"AgreementArea":32,"TermDate":"2012/05/03","ContinuationDate":"","CurrentExpiryText":"2027/05/03","SHAPE.STArea()":324864.93690873502,"SHAPE.STLength()":2416.6368711365758}},{"type":"Feature","id":177,"geometry":{"type":"MultiPolygon","coordinates":[[[[-119.87511,54.18497],[-119.87511,54.18858],[-119.87511,54.1922],[-119.87511,54.19581],[-119.88129,54.19581],[-119.88746,54.19581],[-119.89364,54.19581],[-119.89966,54.19581],[-119.89966,54.19219],[-119.89966,54.18858],[-119.89966,54.18497],[-119.89966,54.18144],[-119.89363,54.18144],[-119.88746,54.18144],[-119.88129,54.18144],[-119.87511,54.18144],[-119.87511,54.18497]]],[[[-119.92511,54.18496],[-119.92511,54.18857],[-119.92511,54.19219],[-119.92511,54.1958],[-119.93128,54.1958],[-119.93746,54.19579],[-119.94363,54.19579],[-119.94964,54.19578],[-119.94964,54.19217],[-119.94964,54.18856],[-119.94964,54.18494],[-119.94964,54.18142],[-119.94363,54.18142],[-119.93745,54.18143],[-119.93128,54.18143],[-119.92511,54.18143],[-119.92511,54.18496]]],[[[-119.90012,54.18497],[-119.90012,54.18858],[-119.90012,54.19219],[-119.90012,54.19581],[-119.90629,54.19581],[-119.91246,54.19581],[-119.91863,54.1958],[-119.92465,54.1958],[-119.92465,54.19219],[-119.92465,54.18857],[-119.92465,54.18496],[-119.92465,54.18143],[-119.91863,54.18144],[-119.91246,54.18144],[-119.90629,54.18144],[-119.90012,54.18144],[-119.90012,54.18497]]]]},"properties":{"OBJECTID":177,"BusinessKey":"A13 130072102","AgreementType":"A13","AgreementNumber":" 130072102","TractIdentifier":"00","MineralType":"COAL","AgreementGroup":"APP","Status":"ACTIVE","LicenceVintage":"","DesRepName":"PEACE RIVER COAL INC.","PartyName":"PEACE RIVER COAL INC.(100.0000000%)","Zone":"COAL","OriginalArea":768,"AgreementArea":768,"TermDate":"2013/03/28","ContinuationDate":"","CurrentExpiryText":"","SHAPE.STArea()":7690402.2161874902,"SHAPE.STLength()":19212.989484308015}},{"type":"Feature","id":34,"geometry":{"type":"MultiPolygon","coordinates":[[[[-119.52512,54.09769],[-119.52512,54.10131],[-119.52513,54.10492],[-119.52513,54.10854],[-119.52513,54.11215],[-119.52513,54.11576],[-119.52513,54.11938],[-119.52513,54.12299],[-119.5313,54.12299],[-119.53747,54.12299],[-119.54364,54.12299],[-119.54965,54.123],[-119.54965,54.11938],[-119.54965,54.11577],[-119.54965,54.11215],[-119.54965,54.10854],[-119.54965,54.10493],[-119.54965,54.10131],[-119.54965,54.0977],[-119.54965,54.09418],[-119.54363,54.09418],[-119.53746,54.09418],[-119.53129,54.09417],[-119.52512,54.09417],[-119.52512,54.09769]]],[[[-119.50014,54.09768],[-119.50014,54.1013],[-119.50014,54.10491],[-119.50014,54.10852],[-119.50014,54.11214],[-119.50014,54.11575],[-119.50014,54.11936],[-119.50014,54.12298],[-119.50631,54.12298],[-119.51248,54.12298],[-119.51865,54.12299],[-119.52467,54.12299],[-119.52467,54.11938],[-119.52467,54.11576],[-119.52467,54.11215],[-119.52466,54.10854],[-119.52466,54.10492],[-119.52466,54.10131],[-119.52466,54.09769],[-119.52466,54.09417],[-119.51865,54.09417],[-119.51248,54.09417],[-119.50631,54.09416],[-119.50014,54.09416],[-119.50014,54.09768]]],[[[-119.52513,54.12678],[-119.52513,54.1304],[-119.52513,54.13401],[-119.52513,54.13762],[-119.52513,54.14124],[-119.52513,54.14485],[-119.52513,54.14846],[-119.52513,54.15208],[-119.5313,54.15208],[-119.53747,54.15208],[-119.54364,54.15208],[-119.54966,54.15208],[-119.54966,54.14847],[-119.54965,54.14486],[-119.54965,54.14124],[-119.54965,54.13763],[-119.54965,54.13402],[-119.54965,54.1304],[-119.54965,54.12679],[-119.54965,54.12327],[-119.54364,54.12327],[-119.53747,54.12326],[-119.5313,54.12326],[-119.52513,54.12326],[-119.52513,54.12678]]],[[[-119.5751,54.0977],[-119.5751,54.10131],[-119.5751,54.10493],[-119.5751,54.10854],[-119.58127,54.10854],[-119.58744,54.10854],[-119.59361,54.10854],[-119.59963,54.10854],[-119.59963,54.10492],[-119.59963,54.10131],[-119.59963,54.0977],[-119.59963,54.09417],[-119.59361,54.09417],[-119.58744,54.09418],[-119.58127,54.09418],[-119.5751,54.09418],[-119.5751,54.0977]]],[[[-119.55011,54.0977],[-119.55011,54.10131],[-119.55011,54.10493],[-119.55011,54.10854],[-119.55628,54.10854],[-119.56245,54.10854],[-119.56862,54.10854],[-119.57464,54.10854],[-119.57464,54.10493],[-119.57464,54.10131],[-119.57463,54.0977],[-119.57463,54.09639],[-119.57463,54.09418],[-119.56862,54.09418],[-119.56245,54.09418],[-119.55628,54.09418],[-119.55011,54.09418],[-119.55011,54.0977]]],[[[-119.50014,54.12677],[-119.50014,54.13039],[-119.50014,54.134],[-119.50014,54.13761],[-119.50631,54.13762],[-119.51248,54.13762],[-119.51865,54.13762],[-119.52467,54.13762],[-119.52467,54.13401],[-119.52467,54.1304],[-119.52467,54.12678],[-119.52467,54.12326],[-119.51865,54.12326],[-119.51248,54.12326],[-119.50631,54.12325],[-119.50014,54.12325],[-119.50014,54.12677]]]]},"properties":{"OBJECTID":34,"BusinessKey":"A13 110415604","AgreementType":"A13","AgreementNumber":" 110415604","TractIdentifier":"00","MineralType":"COAL","AgreementGroup":"APP","Status":"ACTIVE","LicenceVintage":"","DesRepName":"PEACE RIVER COAL INC.","PartyName":"PEACE RIVER COAL INC.(100.0000000%)","Zone":"COAL","OriginalArea":2304,"AgreementArea":2304,"TermDate":"2011/11/09","ContinuationDate":"","CurrentExpiryText":"","SHAPE.STArea()":23138230.002062764,"SHAPE.STLength()":48098.154118718689}},{"type":"Feature","id":40,"geometry":{"type":"MultiPolygon","coordinates":[[[[-119.62509,54.24314],[-119.62509,54.24675],[-119.62509,54.25037],[-119.62509,54.25398],[-119.62509,54.25759],[-119.62509,54.26121],[-119.62509,54.26482],[-119.62509,54.26843],[-119.63126,54.26843],[-119.63743,54.26842],[-119.6436,54.26842],[-119.64962,54.26841],[-119.64962,54.2648],[-119.64962,54.26118],[-119.64962,54.25757],[-119.64962,54.25395],[-119.64962,54.25034],[-119.64962,54.24673],[-119.64962,54.24311],[-119.64962,54.2395],[-119.6436,54.23951],[-119.63743,54.23951],[-119.63126,54.23952],[-119.62509,54.23953],[-119.62509,54.24314]]],[[[-119.6001,54.24315],[-119.6001,54.24676],[-119.6001,54.25037],[-119.6001,54.25399],[-119.6001,54.2576],[-119.6001,54.26121],[-119.6001,54.26483],[-119.6001,54.26844],[-119.60627,54.26844],[-119.61244,54.26844],[-119.61861,54.26844],[-119.62463,54.26843],[-119.62463,54.26482],[-119.62463,54.26121],[-119.62463,54.25759],[-119.62463,54.25398],[-119.62463,54.25037],[-119.62463,54.24675],[-119.62463,54.24314],[-119.62463,54.23953],[-119.61861,54.23953],[-119.61244,54.23953],[-119.60627,54.23953],[-119.6001,54.23953],[-119.6001,54.24315]]],[[[-119.57511,54.24315],[-119.57511,54.24676],[-119.57511,54.25038],[-119.57511,54.25399],[-119.57511,54.25595],[-119.57511,54.2576],[-119.57511,54.26122],[-119.57511,54.26483],[-119.57511,54.26844],[-119.58128,54.26844],[-119.58745,54.26844],[-119.59362,54.26844],[-119.59964,54.26844],[-119.59964,54.26483],[-119.59964,54.26121],[-119.59964,54.2576],[-119.59964,54.25399],[-119.59964,54.25037],[-119.59964,54.24676],[-119.59964,54.24315],[-119.59964,54.23953],[-119.59362,54.23953],[-119.58745,54.23953],[-119.58128,54.23953],[-119.57511,54.23953],[-119.57511,54.24315]]],[[[-119.62509,54.27223],[-119.62509,54.27584],[-119.62509,54.27946],[-119.62509,54.28307],[-119.63126,54.28306],[-119.63743,54.28306],[-119.6436,54.28305],[-119.64962,54.28305],[-119.64962,54.27943],[-119.64962,54.27906],[-119.64962,54.27582],[-119.64962,54.27221],[-119.64962,54.26868],[-119.6436,54.26869],[-119.63743,54.26869],[-119.63126,54.2687],[-119.62509,54.26871],[-119.62509,54.27223]]],[[[-119.6001,54.27224],[-119.6001,54.27585],[-119.6001,54.27946],[-119.6001,54.28308],[-119.60627,54.28308],[-119.61244,54.28307],[-119.61861,54.28307],[-119.62463,54.28307],[-119.62463,54.27946],[-119.62463,54.27584],[-119.62463,54.27223],[-119.62463,54.26871],[-119.61861,54.26871],[-119.61244,54.26871],[-119.60627,54.26871],[-119.6001,54.26871],[-119.6001,54.27224]]],[[[-119.57511,54.27224],[-119.57511,54.27585],[-119.57511,54.27947],[-119.57511,54.28308],[-119.58128,54.28308],[-119.58745,54.28308],[-119.59362,54.28308],[-119.59964,54.28308],[-119.59964,54.27946],[-119.59964,54.27585],[-119.59964,54.27224],[-119.59964,54.26871],[-119.59362,54.26871],[-119.58745,54.26871],[-119.58128,54.26871],[-119.57511,54.26871],[-119.57511,54.27224]]]]},"properties":{"OBJECTID":40,"BusinessKey":"A13 110415705","AgreementType":"A13","AgreementNumber":" 110415705","TractIdentifier":"00","MineralType":"COAL","AgreementGroup":"APP","Status":"ACTIVE","LicenceVintage":"","DesRepName":"PEACE RIVER COAL INC.","PartyName":"PEACE RIVER COAL INC.(100.0000000%)","Zone":"COAL","OriginalArea":2304,"AgreementArea":2304,"TermDate":"2011/11/09","ContinuationDate":"","CurrentExpiryText":"","SHAPE.STArea()":23109960.413520511,"SHAPE.STLength()":48093.02520329057}},{"type":"Feature","id":111,"geometry":{"type":"MultiPolygon","coordinates":[[[[-118.97494,54.12688],[-118.97494,54.13049],[-118.97494,54.13411],[-118.97494,54.13772],[-118.97494,54.14133],[-118.97495,54.14495],[-118.97495,54.14856],[-118.97495,54.15217],[-118.98112,54.15217],[-118.9873,54.15217],[-118.99347,54.15217],[-118.99949,54.15217],[-118.99949,54.14856],[-118.99949,54.14494],[-118.99949,54.14133],[-118.99949,54.13772],[-118.99949,54.1341],[-118.99949,54.13049],[-118.99949,54.12687],[-118.99949,54.12335],[-118.99347,54.12335],[-118.98729,54.12335],[-118.98112,54.12335],[-118.97494,54.12335],[-118.97494,54.12688]]],[[[-118.94994,54.12688],[-118.94994,54.13049],[-118.94994,54.1341],[-118.94994,54.13772],[-118.94994,54.14133],[-118.94994,54.14495],[-118.94994,54.14856],[-118.94994,54.15217],[-118.95612,54.15217],[-118.96229,54.15217],[-118.96847,54.15217],[-118.97449,54.15217],[-118.97448,54.14856],[-118.97448,54.14495],[-118.97448,54.14133],[-118.97448,54.13772],[-118.97448,54.13411],[-118.97448,54.13049],[-118.97448,54.12688],[-118.97448,54.12335],[-118.96846,54.12335],[-118.96228,54.12335],[-118.95611,54.12335],[-118.94994,54.12335],[-118.94994,54.12688]]],[[[-118.99883,54.10267],[-118.98729,54.10331],[-118.97494,54.104],[-118.97494,54.10501],[-118.97494,54.10863],[-118.97494,54.11224],[-118.97494,54.11586],[-118.97494,54.11947],[-118.97494,54.12308],[-118.98112,54.12308],[-118.98729,54.12308],[-118.99347,54.12308],[-118.99949,54.12308],[-118.99949,54.11947],[-118.99949,54.11585],[-118.99949,54.11224],[-118.99948,54.10862],[-118.99948,54.10501],[-118.99948,54.10259],[-118.99883,54.10267]]],[[[-118.96228,54.10469],[-118.94993,54.10537],[-118.94993,54.10863],[-118.94993,54.11224],[-118.94993,54.11585],[-118.94994,54.11947],[-118.94994,54.12308],[-118.95611,54.12308],[-118.96228,54.12308],[-118.96846,54.12308],[-118.97448,54.12308],[-118.97448,54.11947],[-118.97448,54.11586],[-118.97448,54.11224],[-118.97448,54.10863],[-118.97447,54.10501],[-118.97447,54.10402],[-118.96228,54.10469]]],[[[-118.99994,54.10253],[-118.99994,54.10501],[-118.99995,54.10862],[-119.00612,54.10862],[-119.0123,54.10862],[-119.01847,54.10862],[-119.02449,54.10861],[-119.02449,54.105],[-119.02449,54.10139],[-119.02449,54.09935],[-119.01229,54.10093],[-119.01229,54.10139],[-119.00873,54.10139],[-118.99994,54.10253]]]]},"properties":{"OBJECTID":111,"BusinessKey":"A13 120187401","AgreementType":"A13","AgreementNumber":" 120187401","TractIdentifier":"00","MineralType":"COAL","AgreementGroup":"APP","Status":"ACTIVE","LicenceVintage":"","DesRepName":"PEACE RIVER COAL INC.","PartyName":"PEACE RIVER COAL INC.(100.0000000%)","Zone":"COAL","OriginalArea":1811.96,"AgreementArea":1811.96,"TermDate":"2012/06/22","ContinuationDate":"","CurrentExpiryText":"","SHAPE.STArea()":18476176.659165185,"SHAPE.STLength()":39188.296270556668}},{"type":"Feature","id":54,"geometry":{"type":"MultiPolygon","coordinates":[[[[-119.8501,54.30131],[-119.8501,54.30492],[-119.8501,54.30853],[-119.8501,54.31215],[-119.8501,54.31576],[-119.8501,54.31937],[-119.8501,54.32299],[-119.8501,54.3266],[-119.85628,54.3266],[-119.86155,54.3266],[-119.86245,54.3266],[-119.86863,54.3266],[-119.87465,54.3266],[-119.87465,54.32299],[-119.87465,54.31937],[-119.87465,54.31576],[-119.87465,54.31215],[-119.87465,54.30854],[-119.87465,54.30492],[-119.87465,54.30131],[-119.87465,54.29779],[-119.86863,54.29779],[-119.86245,54.29779],[-119.85627,54.29778],[-119.8501,54.29778],[-119.8501,54.30131]]],[[[-119.80006,54.30129],[-119.80006,54.3049],[-119.80006,54.30852],[-119.80006,54.31213],[-119.80006,54.31574],[-119.80006,54.31936],[-119.80006,54.32297],[-119.80006,54.32658],[-119.80624,54.32659],[-119.81242,54.32659],[-119.81859,54.32659],[-119.82462,54.3266],[-119.82462,54.32298],[-119.82462,54.31937],[-119.82462,54.31575],[-119.82462,54.31214],[-119.82462,54.30853],[-119.82462,54.30491],[-119.82462,54.3013],[-119.82462,54.29778],[-119.81859,54.29778],[-119.81242,54.29777],[-119.80624,54.29777],[-119.80006,54.29777],[-119.80006,54.30129]]],[[[-119.82508,54.31214],[-119.82508,54.31575],[-119.82508,54.31937],[-119.82508,54.32298],[-119.82508,54.3266],[-119.83126,54.3266],[-119.83744,54.3266],[-119.84361,54.3266],[-119.84964,54.3266],[-119.84964,54.32299],[-119.84964,54.31937],[-119.84964,54.31576],[-119.84963,54.31215],[-119.84963,54.30853],[-119.84963,54.30492],[-119.84963,54.30131],[-119.84361,54.30131],[-119.84361,54.30492],[-119.83743,54.30492],[-119.83744,54.30853],[-119.83126,54.30853],[-119.83126,54.30492],[-119.82508,54.30491],[-119.82508,54.30853],[-119.82508,54.31214]]],[[[-119.80006,54.28666],[-119.80006,54.29027],[-119.80006,54.29388],[-119.80006,54.2975],[-119.80624,54.2975],[-119.81242,54.2975],[-119.81859,54.2975],[-119.82462,54.29751],[-119.82462,54.29389],[-119.82462,54.29028],[-119.82462,54.28667],[-119.82462,54.28305],[-119.81859,54.28305],[-119.81242,54.28305],[-119.80624,54.28305],[-119.80006,54.28305],[-119.80006,54.28666]]],[[[-119.85627,54.28667],[-119.85627,54.29029],[-119.85627,54.2939],[-119.85627,54.29751],[-119.86245,54.29751],[-119.86863,54.29751],[-119.87465,54.29752],[-119.87465,54.2939],[-119.87465,54.29029],[-119.87465,54.28668],[-119.87465,54.28306],[-119.86863,54.28306],[-119.86245,54.28306],[-119.85627,54.28306],[-119.85627,54.28667]]],[[[-119.82508,54.28667],[-119.82508,54.29028],[-119.82935,54.29028],[-119.83126,54.29028],[-119.83743,54.29028],[-119.83743,54.28667],[-119.83743,54.28306],[-119.83126,54.28305],[-119.82508,54.28305],[-119.82508,54.28667]]]]},"properties":{"OBJECTID":54,"BusinessKey":"A13 110416004","AgreementType":"A13","AgreementNumber":" 110416004","TractIdentifier":"00","MineralType":"COAL","AgreementGroup":"APP","Status":"ACTIVE","LicenceVintage":"","DesRepName":"PEACE RIVER COAL INC.","PartyName":"PEACE RIVER COAL INC.(100.0000000%)","Zone":"COAL","OriginalArea":1920,"AgreementArea":1920,"TermDate":"2011/11/09","ContinuationDate":"","CurrentExpiryText":"","SHAPE.STArea()":19264954.57792547,"SHAPE.STLength()":44116.665324730406}},{"type":"Feature","id":103,"geometry":{"type":"MultiPolygon","coordinates":[[[[-119.02497,54.24322],[-119.02497,54.24683],[-119.02497,54.25045],[-119.02497,54.25406],[-119.03115,54.25406],[-119.03733,54.25405],[-119.0435,54.25405],[-119.04953,54.25405],[-119.04953,54.25043],[-119.04953,54.24682],[-119.04953,54.2432],[-119.04953,54.23959],[-119.0435,54.23959],[-119.03733,54.2396],[-119.03115,54.2396],[-119.02497,54.2396],[-119.02497,54.24322]]],[[[-119.02497,54.22858],[-119.02497,54.2322],[-119.02497,54.23581],[-119.02497,54.23942],[-119.03115,54.23942],[-119.03268,54.23942],[-119.03733,54.23942],[-119.0435,54.23941],[-119.04953,54.23941],[-119.04952,54.23579],[-119.04952,54.23218],[-119.04952,54.22857],[-119.04952,54.22495],[-119.0435,54.22496],[-119.03732,54.22496],[-119.03115,54.22497],[-119.02497,54.22497],[-119.02497,54.22858]]],[[[-118.99996,54.22859],[-118.99996,54.23221],[-118.99996,54.23582],[-118.99996,54.23943],[-119.00613,54.23943],[-119.01231,54.23943],[-119.01849,54.23943],[-119.02451,54.23942],[-119.02451,54.23581],[-119.02451,54.2322],[-119.02451,54.22858],[-119.02451,54.22497],[-119.02068,54.22497],[-119.01849,54.22497],[-119.01231,54.22498],[-119.00613,54.22498],[-118.99996,54.22498],[-118.99996,54.22859]]],[[[-118.99996,54.24323],[-118.99996,54.24684],[-118.99996,54.25046],[-118.99996,54.25213],[-118.99996,54.25407],[-119.00614,54.25407],[-119.01231,54.25407],[-119.01849,54.25406],[-119.02451,54.25406],[-119.02451,54.25045],[-119.02451,54.24683],[-119.02451,54.24322],[-119.02451,54.2396],[-119.01849,54.23961],[-119.01231,54.23961],[-119.00613,54.23961],[-118.99996,54.23961],[-118.99996,54.24323]]],[[[-118.97496,54.22861],[-118.97496,54.23222],[-118.97496,54.23584],[-118.97496,54.23945],[-118.98113,54.23945],[-118.9873,54.23944],[-118.99347,54.23944],[-118.99949,54.23943],[-118.99949,54.23582],[-118.99949,54.23221],[-118.99949,54.22859],[-118.99949,54.22498],[-118.99348,54.22498],[-118.9873,54.22499],[-118.98113,54.22499],[-118.97496,54.22499],[-118.97496,54.22861]]],[[[-119.04999,54.22857],[-119.04999,54.23218],[-119.04999,54.23579],[-119.04999,54.23941],[-119.05616,54.23941],[-119.06233,54.23941],[-119.06849,54.23942],[-119.07451,54.23942],[-119.07451,54.23581],[-119.07451,54.23219],[-119.07451,54.22858],[-119.07451,54.22496],[-119.06849,54.22496],[-119.06232,54.22496],[-119.05615,54.22496],[-119.04999,54.22495],[-119.04999,54.22857]]]]},"properties":{"OBJECTID":103,"BusinessKey":"A13 120187303","AgreementType":"A13","AgreementNumber":" 120187303","TractIdentifier":"00","MineralType":"COAL","AgreementGroup":"APP","Status":"ACTIVE","LicenceVintage":"","DesRepName":"PEACE RIVER COAL INC.","PartyName":"PEACE RIVER COAL INC.(100.0000000%)","Zone":"COAL","OriginalArea":1536,"AgreementArea":1536,"TermDate":"2012/06/22","ContinuationDate":"","CurrentExpiryText":"","SHAPE.STArea()":15450909.001306714,"SHAPE.STLength()":38513.612640952779}},{"type":"Feature","id":489,"geometry":{"type":"Polygon","coordinates":[[[-119.11561,54.00662],[-119.12172,54.00662],[-119.12784,54.00662],[-119.12784,54.00301],[-119.12784,54.00001],[-119.12784,53.9994],[-119.12172,53.9994],[-119.11561,53.9994],[-119.11561,54.00001],[-119.11561,54.00301],[-119.11561,54.00662]]]},"properties":{"OBJECTID":489,"BusinessKey":"0131321020117","AgreementType":"013","AgreementNumber":"1321020117","TractIdentifier":"00","MineralType":"COAL","AgreementGroup":"LEASE","Status":"ACTIVE","LicenceVintage":"RENEWAL","DesRepName":"CST CANADA COAL LIMITED","PartyName":"CST CANADA COAL LIMITED(100.0000000%)","Zone":"COAL","OriginalArea":64,"AgreementArea":64,"TermDate":"2021/02/17","ContinuationDate":"","CurrentExpiryText":"2036/02/17","SHAPE.STArea()":645254.24163677997,"SHAPE.STLength()":3213.1124995428254}},{"type":"Feature","id":498,"geometry":{"type":"MultiPolygon","coordinates":[[[[-119.01638,53.95228],[-119.01638,53.95589],[-119.01638,53.9595],[-119.01638,53.96312],[-119.01638,53.96673],[-119.01638,53.97035],[-119.01638,53.97396],[-119.01638,53.97757],[-119.02251,53.97757],[-119.02864,53.97757],[-119.03478,53.97756],[-119.04076,53.97756],[-119.04075,53.97394],[-119.04075,53.97033],[-119.04075,53.96672],[-119.04075,53.9631],[-119.04075,53.95949],[-119.04075,53.95588],[-119.04075,53.95226],[-119.04075,53.94874],[-119.03477,53.94874],[-119.02864,53.94875],[-119.02251,53.94875],[-119.01637,53.94875],[-119.01638,53.95228]]],[[[-119.04121,53.95226],[-119.04121,53.95416],[-119.04121,53.95588],[-119.04121,53.95949],[-119.04121,53.9631],[-119.04121,53.96672],[-119.04121,53.97033],[-119.04121,53.97394],[-119.04122,53.97756],[-119.04734,53.97755],[-119.05346,53.97754],[-119.05959,53.97753],[-119.06555,53.97752],[-119.06555,53.97391],[-119.06555,53.9703],[-119.06555,53.96668],[-119.06555,53.96307],[-119.06555,53.95946],[-119.06555,53.95585],[-119.05958,53.95586],[-119.05346,53.95586],[-119.05345,53.95225],[-119.05345,53.94873],[-119.04733,53.94873],[-119.04121,53.94874],[-119.04121,53.95226]]],[[[-118.99155,53.93765],[-118.99155,53.94126],[-118.99155,53.94488],[-118.99155,53.94849],[-118.99768,53.94849],[-119.00381,53.94849],[-119.00994,53.94848],[-119.01592,53.94848],[-119.01592,53.94487],[-119.01591,53.94126],[-119.01591,53.93764],[-119.01591,53.93403],[-119.00994,53.93403],[-119.00381,53.93403],[-118.99768,53.93403],[-118.99155,53.93403],[-118.99155,53.93765]]],[[[-119.01637,53.93764],[-119.01637,53.94125],[-119.01637,53.94487],[-119.01637,53.94848],[-119.02251,53.94848],[-119.02864,53.94848],[-119.03477,53.94847],[-119.04075,53.94847],[-119.04075,53.94486],[-119.04074,53.94124],[-119.03477,53.94125],[-119.02864,53.94125],[-119.02863,53.93764],[-119.02863,53.93402],[-119.0225,53.93403],[-119.01637,53.93403],[-119.01637,53.93764]]],[[[-118.99155,53.95228],[-118.99155,53.9559],[-118.99768,53.9559],[-119.00381,53.95589],[-119.00381,53.95951],[-119.00381,53.96312],[-119.00994,53.96312],[-119.01592,53.96312],[-119.01592,53.9595],[-119.01592,53.95589],[-119.01592,53.95228],[-119.01592,53.94875],[-119.00994,53.94876],[-119.00381,53.94876],[-118.99768,53.94876],[-118.99155,53.94876],[-118.99155,53.95228]]],[[[-119.06601,53.96668],[-119.06601,53.9703],[-119.06601,53.97391],[-119.06601,53.97752],[-119.07214,53.97753],[-119.07826,53.97753],[-119.07826,53.97391],[-119.07826,53.9703],[-119.07825,53.96669],[-119.07825,53.96308],[-119.07213,53.96307],[-119.06601,53.96307],[-119.06601,53.96668]]],[[[-119.06602,53.98132],[-119.06602,53.98493],[-119.07214,53.98493],[-119.07826,53.98494],[-119.07826,53.98132],[-119.07826,53.9778],[-119.07214,53.9778],[-119.06601,53.97779],[-119.06602,53.98132]]]]},"properties":{"OBJECTID":498,"BusinessKey":"0131321080150","AgreementType":"013","AgreementNumber":"1321080150","TractIdentifier":"00","MineralType":"COAL","AgreementGroup":"LEASE","Status":"ACTIVE","LicenceVintage":"RENEWAL","DesRepName":"CST CANADA COAL LIMITED","PartyName":"CST CANADA COAL LIMITED(100.0000000%)","Zone":"COAL","OriginalArea":1792,"AgreementArea":1792,"TermDate":"2021/08/04","ContinuationDate":"","CurrentExpiryText":"2036/08/04","SHAPE.STArea()":17975194.743853956,"SHAPE.STLength()":46477.388651155939}},{"type":"Feature","id":312,"geometry":{"type":"MultiPolygon","coordinates":[[[[-119.09082,54.01764],[-119.09082,54.02126],[-119.09082,54.02487],[-119.09082,54.02848],[-119.09082,54.0321],[-119.09082,54.03571],[-119.09694,54.03571],[-119.10306,54.03571],[-119.10918,54.03571],[-119.11515,54.03572],[-119.11515,54.0321],[-119.11515,54.02849],[-119.11515,54.02487],[-119.11515,54.02126],[-119.10918,54.02126],[-119.10306,54.02126],[-119.10306,54.01975],[-119.10306,54.01765],[-119.10306,54.01403],[-119.09694,54.01403],[-119.09082,54.01403],[-119.09082,54.01764]]],[[[-119.06602,54.02486],[-119.06602,54.02848],[-119.06602,54.03209],[-119.07214,54.03209],[-119.07827,54.0321],[-119.07827,54.03571],[-119.08439,54.03571],[-119.09036,54.03571],[-119.09036,54.0321],[-119.09036,54.02848],[-119.09036,54.02487],[-119.09036,54.02126],[-119.09036,54.01764],[-119.09036,54.01403],[-119.08439,54.01403],[-119.07827,54.01403],[-119.07827,54.01764],[-119.07214,54.01764],[-119.07214,54.02125],[-119.06602,54.02125],[-119.06602,54.02486]]],[[[-119.11561,54.02487],[-119.11561,54.02849],[-119.11561,54.0321],[-119.11561,54.03572],[-119.12172,54.03571],[-119.12784,54.03571],[-119.13396,54.03571],[-119.13992,54.03571],[-119.13992,54.0321],[-119.13992,54.02849],[-119.13992,54.02487],[-119.13992,54.02126],[-119.13395,54.02126],[-119.12784,54.02126],[-119.12172,54.02126],[-119.11561,54.02126],[-119.11561,54.02487]]],[[[-119.11561,54.03951],[-119.11561,54.04312],[-119.11561,54.04674],[-119.12173,54.04674],[-119.12784,54.04674],[-119.13396,54.04674],[-119.13992,54.04673],[-119.13992,54.04312],[-119.13992,54.03951],[-119.13992,54.03598],[-119.13396,54.03598],[-119.12784,54.03599],[-119.12172,54.03599],[-119.11561,54.03599],[-119.11561,54.03951]]],[[[-119.14038,54.01764],[-119.14038,54.02126],[-119.14038,54.02487],[-119.14038,54.02849],[-119.14038,54.0321],[-119.14649,54.0321],[-119.15261,54.0321],[-119.15261,54.02848],[-119.15261,54.02487],[-119.15261,54.02126],[-119.15261,54.01764],[-119.1526,54.01403],[-119.14649,54.01403],[-119.14037,54.01403],[-119.14038,54.01764]]],[[[-119.14037,53.99578],[-119.14037,53.9994],[-119.14037,54.00001],[-119.14037,54.00301],[-119.14037,54.00662],[-119.14649,54.00662],[-119.1526,54.00662],[-119.15872,54.00662],[-119.15872,54.003],[-119.1526,54.00301],[-119.1526,54.00001],[-119.1526,53.99939],[-119.1526,53.99578],[-119.1526,53.99217],[-119.14649,53.99217],[-119.14037,53.99217],[-119.14037,53.99578]]],[[[-119.12784,53.99578],[-119.12784,53.9994],[-119.12784,54.00001],[-119.12784,54.00301],[-119.12784,54.00662],[-119.13395,54.00662],[-119.13991,54.00662],[-119.13991,54.00301],[-119.13991,54.00001],[-119.13991,53.9994],[-119.13991,53.99578],[-119.13991,53.99217],[-119.13395,53.99217],[-119.12783,53.99217],[-119.12784,53.99578]]],[[[-119.11561,54.01042],[-119.11561,54.01403],[-119.12172,54.01403],[-119.12784,54.01403],[-119.12784,54.01765],[-119.13395,54.01765],[-119.13991,54.01764],[-119.13991,54.01403],[-119.13991,54.01042],[-119.13395,54.01042],[-119.12784,54.01042],[-119.12784,54.0069],[-119.12172,54.0069],[-119.11561,54.0069],[-119.11561,54.01042]]],[[[-119.09082,54.03951],[-119.09694,54.03951],[-119.10306,54.03951],[-119.10306,54.04312],[-119.10918,54.04312],[-119.10918,54.04674],[-119.11515,54.04674],[-119.11515,54.04312],[-119.11515,54.03951],[-119.11515,54.03599],[-119.10918,54.03599],[-119.10306,54.03599],[-119.09694,54.03598],[-119.09082,54.03598],[-119.09082,54.03951]]]]},"properties":{"OBJECTID":312,"BusinessKey":"0131319020121","AgreementType":"013","AgreementNumber":"1319020121","TractIdentifier":"00","MineralType":"COAL","AgreementGroup":"LEASE","Status":"ACTIVE","LicenceVintage":"RENEWAL","DesRepName":"CST CANADA COAL LIMITED","PartyName":"CST CANADA COAL LIMITED(100.0000000%)","Zone":"COAL","OriginalArea":1744,"AgreementArea":1744,"TermDate":"2019/02/02","ContinuationDate":"","CurrentExpiryText":"2034/02/02","SHAPE.STArea()":17437315.865227349,"SHAPE.STLength()":55231.885499669697}},{"type":"Feature","id":306,"geometry":{"type":"MultiPolygon","coordinates":[[[[-118.96671,53.8941],[-118.96671,53.89772],[-118.96671,53.90133],[-118.96671,53.90495],[-118.96671,53.90856],[-118.96671,53.91217],[-118.96671,53.91579],[-118.96671,53.9194],[-118.97284,53.9194],[-118.97898,53.9194],[-118.98511,53.9194],[-118.99109,53.9194],[-118.99109,53.91579],[-118.99109,53.91217],[-118.99109,53.90856],[-118.99109,53.90494],[-118.99109,53.90133],[-118.99109,53.89772],[-118.98511,53.89772],[-118.97898,53.89772],[-118.97898,53.8941],[-118.97898,53.89049],[-118.97284,53.89049],[-118.96671,53.89049],[-118.96671,53.8941]]],[[[-118.94188,53.8941],[-118.94188,53.89772],[-118.94188,53.90133],[-118.94188,53.90494],[-118.94801,53.90494],[-118.95414,53.90495],[-118.96027,53.90495],[-118.96625,53.90495],[-118.96625,53.90133],[-118.96625,53.89772],[-118.96625,53.8941],[-118.96625,53.89049],[-118.96027,53.89049],[-118.95414,53.89049],[-118.94801,53.89049],[-118.94188,53.89049],[-118.94188,53.8941]]],[[[-118.94188,53.88669],[-118.94188,53.89031],[-118.94801,53.89031],[-118.95414,53.89031],[-118.96027,53.89031],[-118.96625,53.89031],[-118.96625,53.8867],[-118.96625,53.88308],[-118.96027,53.88308],[-118.95414,53.88308],[-118.94801,53.88308],[-118.94188,53.88308],[-118.94188,53.88669]]],[[[-118.92931,53.87946],[-118.92931,53.88308],[-118.92932,53.88669],[-118.92932,53.8903],[-118.93545,53.8903],[-118.94142,53.89031],[-118.94142,53.88669],[-118.94142,53.88308],[-118.94142,53.87946],[-118.94142,53.87585],[-118.93545,53.87585],[-118.92931,53.87585],[-118.92931,53.87946]]],[[[-118.92932,53.8941],[-118.92932,53.89771],[-118.93545,53.89771],[-118.94142,53.89772],[-118.94142,53.8941],[-118.94142,53.89049],[-118.93545,53.89049],[-118.92932,53.89048],[-118.92932,53.8941]]]]},"properties":{"OBJECTID":306,"BusinessKey":"0131318100180","AgreementType":"013","AgreementNumber":"1318100180","TractIdentifier":"00","MineralType":"COAL","AgreementGroup":"LEASE","Status":"ACTIVE","LicenceVintage":"RENEWAL","DesRepName":"MANCAL COAL INC","PartyName":"MANCAL COAL INC(100.0000000%)","Zone":"COAL","OriginalArea":1024,"AgreementArea":1024,"TermDate":"2018/10/31","ContinuationDate":"","CurrentExpiryText":"2033/10/31","SHAPE.STArea()":10304291.31949516,"SHAPE.STLength()":28888.324077333618}},{"type":"Feature","id":114,"geometry":{"type":"MultiPolygon","coordinates":[[[[-118.92493,54.10862],[-118.92493,54.11223],[-118.92493,54.11585],[-118.92493,54.11946],[-118.92493,54.12308],[-118.93111,54.12308],[-118.93728,54.12308],[-118.94346,54.12308],[-118.94948,54.12308],[-118.94947,54.11947],[-118.94947,54.11585],[-118.94947,54.11224],[-118.94947,54.10863],[-118.94947,54.1054],[-118.94649,54.10556],[-118.93728,54.10548],[-118.93558,54.10547],[-118.93558,54.10544],[-118.93535,54.10519],[-118.93506,54.10502],[-118.93465,54.10485],[-118.93442,54.10479],[-118.93436,54.10478],[-118.93384,54.10457],[-118.93349,54.10429],[-118.93345,54.10425],[-118.93337,54.10416],[-118.93308,54.10391],[-118.93291,54.10384],[-118.93238,54.10374],[-118.93209,54.10379],[-118.93205,54.1038],[-118.93121,54.10401],[-118.93063,54.10394],[-118.92964,54.10352],[-118.92935,54.10339],[-118.92888,54.10325],[-118.92842,54.10294],[-118.92778,54.10276],[-118.92737,54.10273],[-118.92697,54.10251],[-118.92493,54.1033],[-118.92493,54.10501],[-118.92493,54.10862]]],[[[-118.89993,54.10865],[-118.89993,54.11227],[-118.89993,54.11588],[-118.89993,54.1195],[-118.89993,54.12311],[-118.9061,54.1231],[-118.91228,54.12309],[-118.91845,54.12309],[-118.92447,54.12308],[-118.92447,54.11946],[-118.92447,54.11585],[-118.92447,54.11224],[-118.92447,54.10862],[-118.92447,54.10501],[-118.92447,54.10348],[-118.92122,54.10473],[-118.9191,54.10531],[-118.9191,54.10532],[-118.91227,54.10525],[-118.90604,54.1052],[-118.89993,54.10568],[-118.89993,54.10865]]],[[[-118.88728,54.10669],[-118.87494,54.10767],[-118.87494,54.10867],[-118.87494,54.11228],[-118.87494,54.1159],[-118.87494,54.11951],[-118.87494,54.12312],[-118.88111,54.12312],[-118.88728,54.12312],[-118.89345,54.12311],[-118.89947,54.12311],[-118.89947,54.1195],[-118.89947,54.11588],[-118.89947,54.11227],[-118.89947,54.10865],[-118.89947,54.10572],[-118.88728,54.10669]]],[[[-118.87494,54.12692],[-118.87494,54.13053],[-118.87494,54.13415],[-118.87494,54.13776],[-118.88112,54.13776],[-118.88729,54.13775],[-118.89346,54.13775],[-118.89947,54.13775],[-118.89947,54.13413],[-118.89947,54.13052],[-118.89947,54.1269],[-118.89947,54.12338],[-118.89345,54.12338],[-118.88728,54.12339],[-118.88111,54.12339],[-118.87494,54.12339],[-118.87494,54.12692]]],[[[-118.84995,54.12693],[-118.84995,54.12896],[-118.84995,54.13054],[-118.84995,54.13415],[-118.84995,54.13777],[-118.85612,54.13777],[-118.8623,54.13776],[-118.86847,54.13776],[-118.87448,54.13776],[-118.87448,54.13415],[-118.87448,54.13053],[-118.87448,54.12692],[-118.87448,54.12339],[-118.86846,54.1234],[-118.86229,54.1234],[-118.85612,54.1234],[-118.84995,54.1234],[-118.84995,54.12693]]],[[[-118.86718,54.10828],[-118.86664,54.10867],[-118.86229,54.11183],[-118.85667,54.1159],[-118.84995,54.12078],[-118.84995,54.12313],[-118.85612,54.12313],[-118.86229,54.12313],[-118.86846,54.12313],[-118.87448,54.12312],[-118.87448,54.11951],[-118.87448,54.1159],[-118.87448,54.11228],[-118.87448,54.10867],[-118.87448,54.1077],[-118.86718,54.10828]]],[[[-118.83481,54.14517],[-118.82836,54.15096],[-118.82824,54.15223],[-118.83114,54.15223],[-118.83731,54.15223],[-118.83731,54.14861],[-118.83731,54.145],[-118.84348,54.145],[-118.84949,54.145],[-118.84949,54.14138],[-118.84949,54.13777],[-118.84949,54.13415],[-118.84949,54.13054],[-118.84949,54.12693],[-118.84949,54.1234],[-118.84725,54.1234],[-118.84058,54.13054],[-118.83789,54.13342],[-118.83793,54.13777],[-118.83794,54.13853],[-118.83769,54.13981],[-118.83731,54.14052],[-118.83491,54.145],[-118.83481,54.14517]]]]},"properties":{"OBJECTID":114,"BusinessKey":"A13 120187404","AgreementType":"A13","AgreementNumber":" 120187404","TractIdentifier":"00","MineralType":"COAL","AgreementGroup":"APP","Status":"ACTIVE","LicenceVintage":"","DesRepName":"PEACE RIVER COAL INC.","PartyName":"PEACE RIVER COAL INC.(100.0000000%)","Zone":"COAL","OriginalArea":1779.0799999999999,"AgreementArea":1779.0799999999999,"TermDate":"2012/06/22","ContinuationDate":"","CurrentExpiryText":"","SHAPE.STArea()":18302852.850250144,"SHAPE.STLength()":48749.93149091096}},{"type":"Feature","id":80,"geometry":{"type":"MultiPolygon","coordinates":[[[[-119.0412,53.9304],[-119.0412,53.93402],[-119.0412,53.93763],[-119.0412,53.94124],[-119.0412,53.94486],[-119.04121,53.94847],[-119.04733,53.94846],[-119.05345,53.94846],[-119.05958,53.94845],[-119.06555,53.94844],[-119.06555,53.94483],[-119.06555,53.94122],[-119.06555,53.93761],[-119.06555,53.93399],[-119.05958,53.934],[-119.05345,53.934],[-119.05345,53.93039],[-119.05345,53.92678],[-119.04733,53.92678],[-119.0412,53.92679],[-119.0412,53.9304]]],[[[-119.01637,53.92319],[-119.01637,53.9268],[-119.01637,53.93041],[-119.01637,53.93403],[-119.0225,53.93403],[-119.02863,53.93402],[-119.02863,53.93764],[-119.02864,53.94125],[-119.03477,53.94125],[-119.04074,53.94124],[-119.04074,53.93763],[-119.04074,53.93402],[-119.04074,53.9304],[-119.04074,53.92679],[-119.04074,53.92317],[-119.04074,53.91965],[-119.03476,53.91965],[-119.02863,53.91966],[-119.0225,53.91966],[-119.01637,53.91966],[-119.01637,53.92319]]],[[[-119.06601,53.95224],[-119.06601,53.95585],[-119.06601,53.95946],[-119.06601,53.96307],[-119.07213,53.96307],[-119.07825,53.96308],[-119.07825,53.96669],[-119.08438,53.96669],[-119.09034,53.96669],[-119.09034,53.96308],[-119.09034,53.95947],[-119.09034,53.95585],[-119.09034,53.95224],[-119.09034,53.94872],[-119.08437,53.94872],[-119.07825,53.94872],[-119.07213,53.94872],[-119.06601,53.94872],[-119.06601,53.95224]]],[[[-119.0908,53.96669],[-119.09692,53.96669],[-119.09693,53.97031],[-119.10305,53.97031],[-119.10305,53.97392],[-119.10917,53.97392],[-119.11514,53.97392],[-119.11514,53.97031],[-119.11513,53.9667],[-119.11513,53.96308],[-119.10916,53.96308],[-119.10304,53.96308],[-119.09692,53.96308],[-119.0908,53.96308],[-119.0908,53.96669]]],[[[-119.00381,53.92319],[-119.00381,53.9268],[-119.00381,53.93042],[-119.00381,53.93403],[-119.00994,53.93403],[-119.01591,53.93403],[-119.01591,53.93041],[-119.01591,53.9268],[-119.01591,53.92319],[-119.01591,53.91966],[-119.00994,53.91967],[-119.00381,53.91967],[-119.00381,53.92319]]],[[[-119.06601,53.94483],[-119.06601,53.94844],[-119.07213,53.94845],[-119.07825,53.94845],[-119.07825,53.94484],[-119.07825,53.94122],[-119.07213,53.94122],[-119.06601,53.94122],[-119.06601,53.94483]]],[[[-119.05345,53.95225],[-119.05346,53.95586],[-119.05958,53.95586],[-119.06555,53.95585],[-119.06555,53.95224],[-119.06555,53.94872],[-119.05958,53.94872],[-119.05345,53.94873],[-119.05345,53.95225]]]]},"properties":{"OBJECTID":80,"BusinessKey":"0131312050624","AgreementType":"013","AgreementNumber":"1312050624","TractIdentifier":"00","MineralType":"COAL","AgreementGroup":"LEASE","Status":"ACTIVE","LicenceVintage":"PRIMARY","DesRepName":"SUMMIT COAL INC.","PartyName":"SUMMIT COAL INC.(100.0000000%)","Zone":"COAL","OriginalArea":1328,"AgreementArea":1328,"TermDate":"2012/05/03","ContinuationDate":"","CurrentExpiryText":"2027/05/03","SHAPE.STArea()":13281465.143271871,"SHAPE.STLength()":40015.821994569276}},{"type":"Feature","id":28,"geometry":{"type":"MultiPolygon","coordinates":[[[[-119.37497,54.15588],[-119.37497,54.15949],[-119.37497,54.16311],[-119.37497,54.16672],[-119.37497,54.17034],[-119.37497,54.17395],[-119.37497,54.17756],[-119.37497,54.18118],[-119.38115,54.18118],[-119.38734,54.18118],[-119.39352,54.18118],[-119.39955,54.18118],[-119.39955,54.17757],[-119.39955,54.17395],[-119.39954,54.17034],[-119.39954,54.16673],[-119.39954,54.16311],[-119.39954,54.1595],[-119.39954,54.15589],[-119.39954,54.15236],[-119.39351,54.15236],[-119.38733,54.15236],[-119.38115,54.15236],[-119.37497,54.15236],[-119.37497,54.15588]]],[[[-119.34993,54.1559],[-119.34993,54.15951],[-119.34993,54.16312],[-119.34993,54.16674],[-119.34993,54.17035],[-119.34993,54.17396],[-119.34993,54.17758],[-119.34993,54.18119],[-119.35611,54.18119],[-119.3623,54.18119],[-119.36449,54.18118],[-119.36848,54.18118],[-119.37451,54.18118],[-119.37451,54.17757],[-119.37451,54.17395],[-119.37451,54.17034],[-119.37451,54.16672],[-119.37451,54.16311],[-119.37451,54.15949],[-119.3745,54.15588],[-119.3745,54.15236],[-119.36847,54.15236],[-119.36229,54.15236],[-119.35611,54.15237],[-119.34993,54.15237],[-119.34993,54.1559]]],[[[-119.4,54.15589],[-119.4,54.1595],[-119.40001,54.16311],[-119.40001,54.16673],[-119.40001,54.17034],[-119.40001,54.17395],[-119.40001,54.17757],[-119.40001,54.18118],[-119.40619,54.18118],[-119.41237,54.18118],[-119.41856,54.18118],[-119.42458,54.18118],[-119.42458,54.17757],[-119.42458,54.17396],[-119.42458,54.17034],[-119.42458,54.16673],[-119.42458,54.16311],[-119.42458,54.1595],[-119.42458,54.15589],[-119.42458,54.15236],[-119.41855,54.15236],[-119.41237,54.15236],[-119.40619,54.15236],[-119.4,54.15236],[-119.4,54.15589]]],[[[-119.37496,54.14124],[-119.37496,54.14486],[-119.37496,54.14847],[-119.37497,54.15208],[-119.38115,54.15209],[-119.38733,54.15209],[-119.39351,54.15209],[-119.39954,54.15209],[-119.39954,54.14848],[-119.39954,54.14486],[-119.39954,54.14125],[-119.39954,54.13764],[-119.39351,54.13764],[-119.38733,54.13763],[-119.38115,54.13763],[-119.37496,54.13763],[-119.37496,54.14124]]],[[[-119.42504,54.15589],[-119.42504,54.1595],[-119.42504,54.16311],[-119.42504,54.16673],[-119.43123,54.16673],[-119.43741,54.16673],[-119.44359,54.16672],[-119.44962,54.16672],[-119.44962,54.16311],[-119.44962,54.1595],[-119.44961,54.15588],[-119.44961,54.15236],[-119.44359,54.15236],[-119.43741,54.15236],[-119.43122,54.15236],[-119.42504,54.15236],[-119.42504,54.15589]]]]},"properties":{"OBJECTID":28,"BusinessKey":"A13 110415503","AgreementType":"A13","AgreementNumber":" 110415503","TractIdentifier":"00","MineralType":"COAL","AgreementGroup":"APP","Status":"ACTIVE","LicenceVintage":"","DesRepName":"PEACE RIVER COAL INC.","PartyName":"PEACE RIVER COAL INC.(100.0000000%)","Zone":"COAL","OriginalArea":2048,"AgreementArea":2048,"TermDate":"2011/11/09","ContinuationDate":"","CurrentExpiryText":"","SHAPE.STArea()":20607279.706400685,"SHAPE.STLength()":41725.930790559658}},{"type":"Feature","id":74,"geometry":{"type":"MultiPolygon","coordinates":[[[[-119.16513,53.98132],[-119.16514,53.98494],[-119.16514,53.98855],[-119.16514,53.99216],[-119.16514,53.99578],[-119.16514,53.99651],[-119.16514,53.99939],[-119.16514,54.00001],[-119.16514,54.003],[-119.16514,54.00662],[-119.17126,54.00661],[-119.17737,54.00661],[-119.18349,54.00661],[-119.18945,54.0066],[-119.18945,54.00299],[-119.18945,54.00001],[-119.18945,53.99938],[-119.18945,53.99576],[-119.18945,53.99215],[-119.18945,53.98854],[-119.18944,53.98492],[-119.18348,53.98493],[-119.17737,53.98493],[-119.17736,53.98132],[-119.17125,53.98132],[-119.17125,53.9778],[-119.16513,53.9778],[-119.16513,53.98132]]],[[[-119.10306,54.00301],[-119.10918,54.00301],[-119.10918,53.9994],[-119.11515,53.9994],[-119.11515,53.99578],[-119.11515,53.99217],[-119.10918,53.99217],[-119.10918,53.98855],[-119.10306,53.98855],[-119.10305,53.98494],[-119.10918,53.98494],[-119.11514,53.98494],[-119.11514,53.98133],[-119.11514,53.9778],[-119.10917,53.9778],[-119.10305,53.9778],[-119.09693,53.9778],[-119.09081,53.9778],[-119.09081,53.98132],[-119.09081,53.98494],[-119.09081,53.98855],[-119.09081,53.99217],[-119.09081,53.99578],[-119.09082,53.99939],[-119.09082,54.00001],[-119.09082,54.00301],[-119.09082,54.00662],[-119.09694,54.00662],[-119.09694,54.00301],[-119.10306,54.00301]]],[[[-119.14036,53.98133],[-119.14037,53.98494],[-119.14037,53.98856],[-119.14037,53.99217],[-119.14649,53.99217],[-119.1526,53.99217],[-119.1526,53.99578],[-119.1526,53.99939],[-119.1526,54.00001],[-119.1526,54.00301],[-119.15872,54.003],[-119.15872,54.00662],[-119.16468,54.00662],[-119.16468,54.00447],[-119.16468,54.003],[-119.16468,54.00001],[-119.16468,53.99939],[-119.16468,53.99578],[-119.16468,53.99216],[-119.16468,53.9904],[-119.16468,53.98855],[-119.16468,53.98494],[-119.16467,53.98132],[-119.16467,53.9778],[-119.15871,53.9778],[-119.15259,53.97781],[-119.14648,53.97781],[-119.14036,53.97781],[-119.14036,53.98133]]],[[[-119.14648,53.97031],[-119.14648,53.97392],[-119.14648,53.97754],[-119.15259,53.97753],[-119.15871,53.97753],[-119.16467,53.97753],[-119.16467,53.97392],[-119.16467,53.9703],[-119.16467,53.96669],[-119.15871,53.96669],[-119.15259,53.96669],[-119.14648,53.9667],[-119.14648,53.97031]]],[[[-119.09081,53.9703],[-119.09081,53.97392],[-119.09081,53.97753],[-119.09693,53.97753],[-119.10305,53.97753],[-119.10917,53.97753],[-119.11514,53.97753],[-119.11514,53.97392],[-119.10917,53.97392],[-119.10305,53.97392],[-119.10305,53.97031],[-119.09693,53.97031],[-119.09692,53.96669],[-119.0908,53.96669],[-119.09081,53.9703]]],[[[-119.13395,53.98494],[-119.13394,53.98133],[-119.12783,53.98133],[-119.12783,53.97781],[-119.12171,53.97781],[-119.1156,53.9778],[-119.1156,53.98133],[-119.1156,53.98494],[-119.12172,53.98494],[-119.12172,53.98856],[-119.12783,53.98856],[-119.13395,53.98856],[-119.13395,53.98494]]],[[[-119.13395,53.98856],[-119.13395,53.99217],[-119.13991,53.99217],[-119.13991,53.98856],[-119.13395,53.98856]]]]},"properties":{"OBJECTID":74,"BusinessKey":"0131312010594","AgreementType":"013","AgreementNumber":"1312010594","TractIdentifier":"00","MineralType":"COAL","AgreementGroup":"LEASE","Status":"ACTIVE","LicenceVintage":"PRIMARY","DesRepName":"CST CANADA COAL LIMITED","PartyName":"CST CANADA COAL LIMITED(100.0000000%)","Zone":"COAL","OriginalArea":1584,"AgreementArea":1584,"TermDate":"2012/01/26","ContinuationDate":"","CurrentExpiryText":"2027/01/26","SHAPE.STArea()":15843037.587882601,"SHAPE.STLength()":47197.396787553902}},{"type":"Feature","id":320,"geometry":{"type":"MultiPolygon","coordinates":[[[[-119.0908,53.92316],[-119.0908,53.92677],[-119.0908,53.93038],[-119.0908,53.934],[-119.0908,53.93761],[-119.0908,53.94122],[-119.0908,53.94484],[-119.0908,53.94845],[-119.09692,53.94845],[-119.10304,53.94845],[-119.10852,53.94845],[-119.10916,53.94845],[-119.11513,53.94845],[-119.11513,53.94484],[-119.11513,53.94123],[-119.11512,53.93761],[-119.11512,53.934],[-119.11512,53.93039],[-119.11512,53.92677],[-119.11513,53.92316],[-119.11513,53.91963],[-119.10916,53.91963],[-119.10304,53.91963],[-119.09692,53.91963],[-119.0908,53.91963],[-119.0908,53.92316]]],[[[-119.11558,53.92316],[-119.11558,53.92677],[-119.11558,53.93039],[-119.11558,53.934],[-119.11558,53.93761],[-119.11558,53.94123],[-119.11558,53.94484],[-119.11558,53.94845],[-119.1217,53.94845],[-119.12782,53.94845],[-119.13394,53.94845],[-119.1399,53.94845],[-119.1399,53.94484],[-119.1399,53.94122],[-119.1399,53.93761],[-119.1399,53.934],[-119.1399,53.93038],[-119.1399,53.92677],[-119.13394,53.92677],[-119.12782,53.92677],[-119.12782,53.92316],[-119.12782,53.91963],[-119.1217,53.91963],[-119.11558,53.91963],[-119.11558,53.92316]]],[[[-119.14036,53.93761],[-119.14036,53.94122],[-119.14648,53.94122],[-119.15259,53.94122],[-119.15871,53.94122],[-119.16467,53.94122],[-119.16468,53.9376],[-119.16468,53.93399],[-119.15871,53.93399],[-119.15259,53.93399],[-119.14648,53.93399],[-119.14036,53.934],[-119.14036,53.93761]]]]},"properties":{"OBJECTID":320,"BusinessKey":"0131319090197","AgreementType":"013","AgreementNumber":"1319090197","TractIdentifier":"00","MineralType":"COAL","AgreementGroup":"LEASE","Status":"ACTIVE","LicenceVintage":"RENEWAL","DesRepName":"SUMMIT COAL INC.","PartyName":"SUMMIT COAL INC.(100.0000000%)","Zone":"COAL","OriginalArea":1088,"AgreementArea":1088,"TermDate":"2019/09/26","ContinuationDate":"","CurrentExpiryText":"2034/09/26","SHAPE.STArea()":10904393.07253547,"SHAPE.STLength()":24025.228359189041}},{"type":"Feature","id":37,"geometry":{"type":"MultiPolygon","coordinates":[[[[-119.55012,54.21406],[-119.55012,54.21767],[-119.55012,54.22128],[-119.55012,54.2249],[-119.55012,54.22851],[-119.55012,54.23212],[-119.55012,54.23574],[-119.55012,54.23935],[-119.55629,54.23935],[-119.56246,54.23935],[-119.56863,54.23935],[-119.57465,54.23935],[-119.57465,54.23574],[-119.57465,54.23213],[-119.57465,54.22851],[-119.57465,54.2249],[-119.57465,54.22129],[-119.57465,54.21767],[-119.57465,54.21406],[-119.57465,54.21054],[-119.56863,54.21054],[-119.56246,54.21053],[-119.55629,54.21053],[-119.55012,54.21053],[-119.55012,54.21406]]],[[[-119.52513,54.21405],[-119.52513,54.21766],[-119.52513,54.22127],[-119.52513,54.22489],[-119.52513,54.2285],[-119.52513,54.23211],[-119.52513,54.23573],[-119.52513,54.23934],[-119.5313,54.23934],[-119.53747,54.23935],[-119.54364,54.23935],[-119.54966,54.23935],[-119.54966,54.23574],[-119.54966,54.23212],[-119.54966,54.22851],[-119.54966,54.2249],[-119.54966,54.22128],[-119.54966,54.21767],[-119.54966,54.21406],[-119.54966,54.21053],[-119.54364,54.21053],[-119.53747,54.21053],[-119.5313,54.21053],[-119.52513,54.21052],[-119.52513,54.21405]]],[[[-119.50015,54.21403],[-119.50015,54.21765],[-119.50015,54.22126],[-119.50015,54.22487],[-119.50015,54.22849],[-119.50015,54.2321],[-119.50016,54.23571],[-119.50016,54.23933],[-119.50632,54.23933],[-119.51249,54.23934],[-119.51866,54.23934],[-119.52467,54.23934],[-119.52467,54.23573],[-119.52467,54.23211],[-119.52467,54.2285],[-119.52467,54.22489],[-119.52467,54.22127],[-119.52467,54.21766],[-119.52467,54.21405],[-119.52467,54.21052],[-119.51866,54.21052],[-119.51249,54.21052],[-119.50632,54.21052],[-119.50015,54.21051],[-119.50015,54.21403]]],[[[-119.55012,54.19942],[-119.55012,54.20303],[-119.55012,54.20665],[-119.55012,54.21026],[-119.55629,54.21026],[-119.56246,54.21026],[-119.56863,54.21026],[-119.57465,54.21026],[-119.57465,54.20665],[-119.57465,54.20304],[-119.57465,54.19942],[-119.57465,54.19581],[-119.56863,54.19581],[-119.56246,54.19581],[-119.55629,54.19581],[-119.55012,54.19581],[-119.55012,54.19942]]],[[[-119.52513,54.19941],[-119.52513,54.20303],[-119.52513,54.20664],[-119.52513,54.21025],[-119.5313,54.21026],[-119.53747,54.21026],[-119.54364,54.21026],[-119.54966,54.21026],[-119.54966,54.20665],[-119.54966,54.20303],[-119.54966,54.19942],[-119.54966,54.19581],[-119.54364,54.19581],[-119.53747,54.1958],[-119.5313,54.1958],[-119.52595,54.1958],[-119.52513,54.1958],[-119.52513,54.19941]]],[[[-119.50015,54.1994],[-119.50015,54.20301],[-119.50015,54.20663],[-119.50015,54.21024],[-119.50632,54.21024],[-119.51249,54.21025],[-119.51866,54.21025],[-119.52467,54.21025],[-119.52467,54.20664],[-119.52467,54.20303],[-119.52467,54.19941],[-119.52467,54.1958],[-119.51866,54.1958],[-119.51249,54.19579],[-119.50632,54.19579],[-119.50015,54.19579],[-119.50015,54.1994]]]]},"properties":{"OBJECTID":37,"BusinessKey":"A13 110415702","AgreementType":"A13","AgreementNumber":" 110415702","TractIdentifier":"00","MineralType":"COAL","AgreementGroup":"APP","Status":"ACTIVE","LicenceVintage":"","DesRepName":"PEACE RIVER COAL INC.","PartyName":"PEACE RIVER COAL INC.(100.0000000%)","Zone":"COAL","OriginalArea":2304,"AgreementArea":2304,"TermDate":"2011/11/09","ContinuationDate":"","CurrentExpiryText":"","SHAPE.STArea()":23127288.651570041,"SHAPE.STLength()":48110.012519137148}},{"type":"Feature","id":51,"geometry":{"type":"MultiPolygon","coordinates":[[[[-119.85009,54.18496],[-119.85009,54.18858],[-119.85009,54.19219],[-119.85009,54.1958],[-119.85009,54.19942],[-119.85009,54.20303],[-119.85009,54.20665],[-119.85009,54.21026],[-119.85627,54.21026],[-119.86245,54.21026],[-119.86862,54.21026],[-119.87465,54.21026],[-119.87465,54.20665],[-119.87465,54.20304],[-119.87465,54.19942],[-119.87465,54.19581],[-119.87465,54.1922],[-119.87465,54.18858],[-119.87465,54.18497],[-119.87465,54.18144],[-119.86863,54.18144],[-119.86245,54.18144],[-119.85627,54.18144],[-119.85009,54.18144],[-119.85009,54.18496]]],[[[-119.87511,54.21406],[-119.87511,54.21767],[-119.87511,54.22129],[-119.87511,54.2249],[-119.87511,54.22851],[-119.87511,54.23213],[-119.87511,54.23573],[-119.87511,54.23934],[-119.88129,54.23934],[-119.88747,54.23934],[-119.89365,54.23934],[-119.89967,54.23934],[-119.89967,54.23574],[-119.89967,54.23213],[-119.89967,54.22852],[-119.89967,54.2249],[-119.89966,54.22129],[-119.89966,54.21767],[-119.89966,54.21406],[-119.89966,54.21054],[-119.89364,54.21054],[-119.88746,54.21054],[-119.88129,54.21054],[-119.87511,54.21054],[-119.87511,54.21406]]],[[[-119.82508,54.21404],[-119.82508,54.21766],[-119.82508,54.22127],[-119.82508,54.22488],[-119.82508,54.2285],[-119.82508,54.23211],[-119.82508,54.23572],[-119.82508,54.23933],[-119.83126,54.23933],[-119.83743,54.23933],[-119.84361,54.23933],[-119.84963,54.23933],[-119.84963,54.23573],[-119.84963,54.23565],[-119.84963,54.23212],[-119.84963,54.22851],[-119.84963,54.22489],[-119.84963,54.22128],[-119.84963,54.21767],[-119.84963,54.21405],[-119.84963,54.21053],[-119.84361,54.21053],[-119.83743,54.21053],[-119.83125,54.21052],[-119.82508,54.21052],[-119.82508,54.21404]]],[[[-119.85009,54.21405],[-119.85009,54.21767],[-119.85009,54.22128],[-119.85009,54.22489],[-119.85009,54.22851],[-119.85009,54.23212],[-119.8501,54.23573],[-119.8501,54.23933],[-119.85627,54.23934],[-119.86245,54.23934],[-119.86863,54.23934],[-119.87465,54.23934],[-119.87465,54.23573],[-119.87465,54.23213],[-119.87465,54.22851],[-119.87465,54.2249],[-119.87465,54.22129],[-119.87465,54.21767],[-119.87465,54.21406],[-119.87465,54.21054],[-119.86862,54.21053],[-119.86245,54.21053],[-119.85627,54.21053],[-119.85009,54.21053],[-119.85009,54.21405]]],[[[-119.80006,54.22848],[-119.80006,54.2321],[-119.80006,54.23571],[-119.80006,54.23933],[-119.80624,54.23933],[-119.81242,54.23933],[-119.81859,54.23933],[-119.82462,54.23933],[-119.82462,54.23572],[-119.82462,54.23211],[-119.82461,54.2285],[-119.82461,54.22488],[-119.81859,54.22488],[-119.81241,54.22488],[-119.80624,54.22487],[-119.80006,54.22487],[-119.80006,54.22848]]]]},"properties":{"OBJECTID":51,"BusinessKey":"A13 110416001","AgreementType":"A13","AgreementNumber":" 110416001","TractIdentifier":"00","MineralType":"COAL","AgreementGroup":"APP","Status":"ACTIVE","LicenceVintage":"","DesRepName":"PEACE RIVER COAL INC.","PartyName":"PEACE RIVER COAL INC.(100.0000000%)","Zone":"COAL","OriginalArea":2304,"AgreementArea":2304,"TermDate":"2011/11/09","ContinuationDate":"","CurrentExpiryText":"","SHAPE.STArea()":23140303.409033582,"SHAPE.STLength()":44906.164057243455}}]}