{"type":"FeatureCollection","features":[{"type":"Feature","id":2,"geometry":{"type":"MultiPolygon","coordinates":[[[[-119.92565,54.36734],[-119.92568,54.36737],[-119.92614,54.36776],[-119.92663,54.36813],[-119.92717,54.36848],[-119.92774,54.36881],[-119.92835,54.36912],[-119.929,54.3694],[-119.92967,54.36966],[-119.93037,54.36989],[-119.93055,54.36994],[-119.93161,54.37025],[-119.93215,54.3704],[-119.9329,54.37058],[-119.93366,54.37073],[-119.93444,54.37084],[-119.93496,54.37091],[-119.93548,54.37096],[-119.93576,54.37099],[-119.93656,54.37104],[-119.93736,54.37107],[-119.9379,54.37107],[-119.93824,54.37116],[-119.93899,54.37134],[-119.93975,54.37148],[-119.94033,54.37157],[-119.94115,54.37169],[-119.94134,54.37172],[-119.94196,54.37179],[-119.94237,54.3719],[-119.94312,54.37207],[-119.94341,54.37214],[-119.94417,54.37228],[-119.94445,54.37234],[-119.9451,54.37255],[-119.94582,54.37275],[-119.94618,54.37284],[-119.94647,54.37291],[-119.9466,54.37298],[-119.947,54.37319],[-119.94771,54.37354],[-119.94792,54.37364],[-119.94857,54.37392],[-119.94924,54.37418],[-119.94994,54.37441],[-119.95012,54.37446],[-119.95065,54.37462],[-119.95119,54.37477],[-119.95194,54.37495],[-119.95263,54.37508],[-119.95331,54.3753],[-119.95369,54.37543],[-119.95426,54.37559],[-119.95446,54.37566],[-119.95516,54.37589],[-119.95582,54.37608],[-119.95604,54.37614],[-119.95638,54.37628],[-119.95705,54.37654],[-119.95775,54.37677],[-119.95848,54.37697],[-119.95922,54.37715],[-119.95953,54.37721],[-119.95999,54.37751],[-119.96056,54.37784],[-119.96105,54.37809],[-119.96121,54.37816],[-119.96127,54.3782],[-119.96136,54.37827],[-119.96186,54.37864],[-119.96239,54.37899],[-119.96267,54.37916],[-119.96294,54.37935],[-119.96348,54.3797],[-119.96375,54.37986],[-119.96459,54.38034],[-119.96489,54.38051],[-119.96549,54.38083],[-119.96549,54.38084],[-119.9661,54.38114],[-119.96675,54.38143],[-119.96742,54.38168],[-119.96743,54.38169],[-119.96796,54.38187],[-119.96865,54.3821],[-119.96938,54.38231],[-119.97013,54.38248],[-119.97089,54.38263],[-119.97167,54.38275],[-119.97246,54.38283],[-119.97326,54.38289],[-119.97393,54.38292],[-119.97468,54.38293],[-119.97481,54.38293],[-119.97555,54.38293],[-119.97631,54.38298],[-119.97712,54.38301],[-119.97724,54.38301],[-119.97732,54.38301],[-119.97808,54.38313],[-119.97887,54.38321],[-119.97954,54.38326],[-119.98034,54.38331],[-119.98048,54.38332],[-119.98128,54.38334],[-119.98155,54.38334],[-119.98179,54.38342],[-119.98252,54.38363],[-119.98327,54.3838],[-119.98384,54.38392],[-119.98466,54.38406],[-119.98485,54.3841],[-119.98563,54.38421],[-119.98642,54.3843],[-119.98709,54.38435],[-119.98789,54.3844],[-119.98803,54.3844],[-119.98811,54.38441],[-119.98903,54.38445],[-119.98975,54.38448],[-119.99056,54.38447],[-119.9924,54.38443],[-119.9932,54.38439],[-119.994,54.38432],[-119.99479,54.38423],[-119.99556,54.3841],[-119.99632,54.38395],[-119.99706,54.38376],[-119.99713,54.38374],[-119.9982,54.38345],[-119.99885,54.38325],[-119.99955,54.38302],[-120.00021,54.38275],[-120.00085,54.38246],[-120.00135,54.3822],[-120.00135,54.37872],[-120.00135,54.36996],[-120.00108,54.36982],[-120.00047,54.36951],[-119.99982,54.36923],[-119.99938,54.36905],[-119.99936,54.36903],[-119.9989,54.36865],[-119.9985,54.36834],[-119.99813,54.36808],[-119.99804,54.36802],[-119.99751,54.36767],[-119.99693,54.36734],[-119.99645,54.36708],[-119.99584,54.36677],[-119.9952,54.36649],[-119.99453,54.36623],[-119.99382,54.366],[-119.99377,54.36599],[-119.99347,54.3659],[-119.99288,54.36567],[-119.99218,54.36544],[-119.99145,54.36524],[-119.9907,54.36506],[-119.98994,54.36491],[-119.98916,54.3648],[-119.98837,54.36471],[-119.98757,54.36465],[-119.98718,54.36464],[-119.9866,54.36462],[-119.98619,54.36461],[-119.98538,54.36461],[-119.98498,54.36462],[-119.9848,54.36462],[-119.98458,54.36461],[-119.98377,54.36462],[-119.98297,54.36465],[-119.98242,54.36469],[-119.98139,54.36479],[-119.98115,54.36481],[-119.98083,54.36485],[-119.98044,54.36456],[-119.97991,54.36421],[-119.97933,54.36388],[-119.97872,54.36358],[-119.97808,54.36329],[-119.97758,54.3631],[-119.97681,54.36281],[-119.97664,54.36275],[-119.97623,54.36261],[-119.97584,54.36239],[-119.97544,54.36219],[-119.97536,54.36214],[-119.97521,54.36205],[-119.97464,54.36172],[-119.97403,54.36141],[-119.97338,54.36113],[-119.97327,54.36108],[-119.9728,54.36089],[-119.97224,54.36068],[-119.97159,54.36047],[-119.9716,54.36043],[-119.9717,54.35997],[-119.97172,54.35978],[-119.97179,54.35914],[-119.97181,54.35886],[-119.97181,54.35881],[-119.97183,54.35824],[-119.97182,54.35782],[-119.97178,54.35755],[-119.97191,54.35749],[-119.97247,54.35715],[-119.97282,54.35691],[-119.97343,54.3565],[-119.9736,54.35638],[-119.97408,54.356],[-119.97452,54.35561],[-119.97492,54.3552],[-119.97527,54.35477],[-119.97557,54.35434],[-119.9758,54.35393],[-119.97606,54.35384],[-119.97672,54.35358],[-119.97736,54.35329],[-119.97796,54.35298],[-119.97852,54.35264],[-119.97904,54.35228],[-119.97953,54.35191],[-119.97968,54.35178],[-119.98027,54.35126],[-119.98056,54.351],[-119.98086,54.35069],[-119.9815,54.35001],[-119.9816,54.3499],[-119.98195,54.34948],[-119.98225,54.34904],[-119.9823,54.34896],[-119.98261,54.34845],[-119.98281,54.34808],[-119.98301,54.34763],[-119.98301,54.34762],[-119.9832,54.34711],[-119.98335,54.34666],[-119.98345,54.34619],[-119.98349,54.34572],[-119.98349,54.34525],[-119.98342,54.34478],[-119.9834,54.34466],[-119.98331,54.34426],[-119.98323,54.34392],[-119.98306,54.34345],[-119.98285,54.343],[-119.98258,54.34256],[-119.98226,54.34213],[-119.9819,54.34171],[-119.98149,54.3413],[-119.98104,54.34091],[-119.98054,54.34054],[-119.98038,54.34043],[-119.9799,54.34011],[-119.97952,54.33987],[-119.97895,54.33954],[-119.97834,54.33923],[-119.9777,54.33895],[-119.97725,54.33877],[-119.97666,54.33855],[-119.97643,54.33847],[-119.97573,54.33824],[-119.97501,54.33804],[-119.97426,54.33786],[-119.9735,54.33771],[-119.97324,54.33767],[-119.97214,54.3375],[-119.97161,54.33742],[-119.97082,54.33733],[-119.97002,54.33728],[-119.96922,54.33725],[-119.96841,54.33726],[-119.96756,54.33728],[-119.96718,54.33729],[-119.96569,54.33735],[-119.9654,54.33733],[-119.96526,54.33733],[-119.96502,54.33732],[-119.96398,54.33727],[-119.96342,54.33726],[-119.96262,54.33726],[-119.962,54.33729],[-119.96086,54.33735],[-119.96067,54.33736],[-119.95987,54.33743],[-119.95909,54.33752],[-119.95831,54.33765],[-119.95755,54.3378],[-119.95719,54.33789],[-119.95629,54.33811],[-119.95605,54.33817],[-119.95468,54.33853],[-119.95313,54.33893],[-119.95302,54.33896],[-119.95254,54.33902],[-119.95176,54.33915],[-119.951,54.33931],[-119.95099,54.33931],[-119.95091,54.33914],[-119.95064,54.33857],[-119.95053,54.33836],[-119.95027,54.33792],[-119.94995,54.33749],[-119.94959,54.33707],[-119.94929,54.33676],[-119.94898,54.33647],[-119.94887,54.33637],[-119.94842,54.33598],[-119.94793,54.33561],[-119.94739,54.33526],[-119.94682,54.33493],[-119.94621,54.33462],[-119.94556,54.33434],[-119.94489,54.33408],[-119.94419,54.33385],[-119.94346,54.33364],[-119.94272,54.33347],[-119.94195,54.33332],[-119.94153,54.33325],[-119.94095,54.33317],[-119.94059,54.33312],[-119.9398,54.33303],[-119.939,54.33297],[-119.9382,54.33295],[-119.9374,54.33295],[-119.93688,54.33297],[-119.93683,54.33287],[-119.93631,54.33178],[-119.93578,54.33062],[-119.93564,54.33033],[-119.93537,54.32988],[-119.93532,54.3298],[-119.93454,54.32867],[-119.93428,54.32832],[-119.93392,54.3279],[-119.93351,54.32749],[-119.93306,54.32711],[-119.93256,54.32673],[-119.93251,54.3267],[-119.93166,54.32611],[-119.93118,54.3258],[-119.9306,54.32547],[-119.92999,54.32516],[-119.92935,54.32488],[-119.92924,54.32483],[-119.92743,54.32411],[-119.92644,54.32369],[-119.92638,54.32367],[-119.9257,54.32341],[-119.92536,54.32329],[-119.92525,54.32286],[-119.92517,54.32262],[-119.92483,54.32166],[-119.92523,54.32152],[-119.92528,54.3215],[-119.92663,54.321],[-119.92725,54.32075],[-119.92788,54.32046],[-119.92848,54.32015],[-119.92854,54.32011],[-119.92954,54.31955],[-119.93004,54.31925],[-119.93057,54.31889],[-119.93091,54.31863],[-119.93178,54.31794],[-119.93193,54.31782],[-119.93237,54.31742],[-119.93276,54.31702],[-119.93311,54.31659],[-119.93342,54.31616],[-119.93367,54.31571],[-119.93387,54.31525],[-119.93399,54.3149],[-119.93413,54.31442],[-119.93426,54.3147],[-119.93453,54.31514],[-119.93484,54.31557],[-119.9352,54.31599],[-119.93561,54.3164],[-119.93607,54.31679],[-119.93655,54.31715],[-119.93646,54.31762],[-119.93641,54.31809],[-119.93642,54.31856],[-119.93648,54.31903],[-119.93659,54.31949],[-119.93675,54.31995],[-119.93697,54.32041],[-119.93724,54.32085],[-119.93755,54.32128],[-119.93761,54.32136],[-119.93801,54.32184],[-119.93835,54.3226],[-119.9385,54.3229],[-119.93877,54.32335],[-119.93908,54.32378],[-119.93944,54.3242],[-119.93985,54.3246],[-119.9403,54.32499],[-119.9408,54.32536],[-119.94096,54.32547],[-119.94267,54.32662],[-119.94304,54.32686],[-119.94362,54.32719],[-119.94423,54.3275],[-119.94467,54.32769],[-119.94606,54.32829],[-119.94627,54.32838],[-119.94694,54.32864],[-119.94764,54.32887],[-119.94836,54.32907],[-119.94897,54.32922],[-119.9509,54.32964],[-119.95104,54.32968],[-119.9518,54.32982],[-119.95258,54.32994],[-119.95337,54.33003],[-119.95417,54.33008],[-119.95497,54.33011],[-119.95578,54.33011],[-119.95658,54.33007],[-119.95738,54.33001],[-119.95759,54.32998],[-119.95901,54.32995],[-119.95982,54.32991],[-119.96061,54.32985],[-119.9614,54.32975],[-119.96167,54.32971],[-119.96231,54.32961],[-119.96342,54.3295],[-119.96358,54.32949],[-119.96486,54.32976],[-119.96637,54.33019],[-119.96667,54.33027],[-119.96943,54.33099],[-119.96949,54.33101],[-119.97023,54.33118],[-119.971,54.33133],[-119.97106,54.33134],[-119.97139,54.33172],[-119.97177,54.3321],[-119.97235,54.33264],[-119.97238,54.33267],[-119.97283,54.33306],[-119.97333,54.33343],[-119.97387,54.33378],[-119.97444,54.33411],[-119.97505,54.33441],[-119.97569,54.3347],[-119.97637,54.33496],[-119.97707,54.33519],[-119.97779,54.33539],[-119.97854,54.33557],[-119.9793,54.33571],[-119.98008,54.33583],[-119.98086,54.33592],[-119.98223,54.33604],[-119.98224,54.33604],[-119.98304,54.3361],[-119.98367,54.33612],[-119.98396,54.33618],[-119.98496,54.33636],[-119.98548,54.33649],[-119.98551,54.3365],[-119.98583,54.33662],[-119.98653,54.33685],[-119.98726,54.33706],[-119.988,54.33723],[-119.98877,54.33738],[-119.98955,54.3375],[-119.99034,54.33758],[-119.99114,54.33764],[-119.99194,54.33767],[-119.99274,54.33766],[-119.99383,54.33763],[-119.99451,54.3376],[-119.99556,54.33793],[-119.99565,54.33796],[-119.99637,54.33816],[-119.99712,54.33834],[-119.99789,54.33848],[-119.99867,54.3386],[-119.99946,54.33869],[-120.00026,54.33875],[-120.00106,54.33877],[-120.00134,54.33877],[-120.00134,54.32897],[-120.00133,54.3035],[-120.00133,54.28864],[-120.00133,54.25437],[-119.99917,54.2538],[-119.99736,54.2533],[-119.99553,54.25269],[-119.99515,54.25257],[-119.99472,54.25244],[-119.99411,54.25227],[-119.99332,54.25176],[-119.99304,54.25158],[-119.99246,54.25125],[-119.99185,54.25094],[-119.99121,54.25066],[-119.99054,54.2504],[-119.99022,54.25029],[-119.988,54.24955],[-119.98763,54.24943],[-119.98706,54.24927],[-119.98779,54.24945],[-119.98962,54.25002],[-119.98971,54.25005],[-119.99043,54.25025],[-119.99118,54.25043],[-119.99194,54.25058],[-119.99246,54.25066],[-119.99343,54.2508],[-119.99368,54.25089],[-119.99438,54.25112],[-119.99511,54.25132],[-119.99585,54.2515],[-119.99661,54.25165],[-119.99739,54.25176],[-119.99818,54.25185],[-119.99898,54.25191],[-119.99978,54.25193],[-120.00058,54.25193],[-120.00133,54.2519],[-120.00132,54.24011],[-120.00133,54.19399],[-120.00132,54.17955],[-120.00132,54.17044],[-120.00132,54.1704],[-120.0011,54.17037],[-119.99997,54.17014],[-119.99997,54.17138],[-119.99781,54.17234],[-119.9946,54.17277],[-119.9903,54.17253],[-119.98253,54.17264],[-119.97671,54.17273],[-119.97166,54.1728],[-119.96778,54.17309],[-119.96159,54.17387],[-119.95734,54.17462],[-119.95425,54.1749],[-119.95407,54.1749],[-119.954,54.17504],[-119.95385,54.1753],[-119.95354,54.17556],[-119.95317,54.17573],[-119.95256,54.17583],[-119.95185,54.17582],[-119.95132,54.17572],[-119.95068,54.17554],[-119.95013,54.17533],[-119.94935,54.17495],[-119.94506,54.17467],[-119.93998,54.17338],[-119.93998,54.17335],[-119.93987,54.17335],[-119.93926,54.17331],[-119.93859,54.17329],[-119.938,54.17323],[-119.93755,54.17327],[-119.93709,54.17339],[-119.93653,54.17343],[-119.93619,54.17345],[-119.93588,54.17341],[-119.93541,54.17331],[-119.93475,54.17307],[-119.93395,54.1728],[-119.93353,54.17274],[-119.93319,54.17276],[-119.93285,54.1728],[-119.93216,54.173],[-119.93153,54.17321],[-119.93078,54.17339],[-119.93018,54.17351],[-119.92982,54.17357],[-119.92931,54.17361],[-119.92916,54.17361],[-119.92868,54.17349],[-119.92805,54.1732],[-119.92794,54.17316],[-119.92778,54.17313],[-119.92741,54.17312],[-119.92699,54.17315],[-119.92663,54.17324],[-119.92628,54.17334],[-119.92601,54.17339],[-119.92571,54.17341],[-119.92531,54.17339],[-119.92125,54.17286],[-119.9203,54.1727],[-119.91586,54.1721],[-119.91457,54.1719],[-119.91372,54.17175],[-119.91348,54.17167],[-119.91103,54.17149],[-119.90487,54.17127],[-119.90099,54.17119],[-119.89673,54.17136],[-119.8903,54.17229],[-119.88535,54.17268],[-119.88186,54.17273],[-119.87563,54.17258],[-119.86812,54.17179],[-119.86271,54.17145],[-119.85613,54.17166],[-119.84921,54.17295],[-119.84345,54.17487],[-119.83728,54.17633],[-119.83148,54.1771],[-119.82409,54.17697],[-119.81824,54.1766],[-119.81434,54.17619],[-119.81123,54.17623],[-119.80737,54.17697],[-119.80118,54.17797],[-119.79446,54.17894],[-119.78781,54.17929],[-119.77874,54.17899],[-119.76932,54.17863],[-119.75686,54.1781],[-119.74908,54.17774],[-119.74322,54.1769],[-119.7397,54.17649],[-119.73501,54.17563],[-119.72675,54.17274],[-119.71964,54.16939],[-119.71369,54.16579],[-119.70851,54.16218],[-119.70305,54.15881],[-119.69848,54.15636],[-119.69307,54.15341],[-119.68853,54.15129],[-119.68268,54.14852],[-119.67491,54.14525],[-119.67081,54.14378],[-119.66629,54.14248],[-119.65729,54.14052],[-119.65311,54.13968],[-119.65324,54.14027],[-119.6533,54.14048],[-119.65373,54.14203],[-119.65398,54.14427],[-119.65411,54.14629],[-119.65414,54.14659],[-119.6544,54.14849],[-119.65443,54.14866],[-119.65453,54.14912],[-119.65469,54.14958],[-119.65478,54.14977],[-119.65548,54.15132],[-119.65607,54.15294],[-119.65613,54.15311],[-119.65634,54.15357],[-119.65661,54.15401],[-119.65692,54.15444],[-119.65693,54.15446],[-119.65766,54.15539],[-119.65801,54.1558],[-119.65804,54.15583],[-119.65873,54.15657],[-119.65872,54.15679],[-119.65872,54.1568],[-119.65873,54.15727],[-119.65878,54.15774],[-119.65879,54.15778],[-119.65899,54.15888],[-119.6591,54.15931],[-119.65926,54.15977],[-119.65936,54.16001],[-119.65999,54.16134],[-119.66009,54.16155],[-119.66015,54.16167],[-119.66107,54.16331],[-119.66127,54.16364],[-119.66158,54.16407],[-119.66159,54.16409],[-119.66194,54.16453],[-119.66215,54.16495],[-119.66221,54.16507],[-119.66247,54.16551],[-119.6625,54.16556],[-119.66173,54.1658],[-119.6611,54.16602],[-119.66066,54.16619],[-119.65924,54.16676],[-119.65824,54.16716],[-119.65794,54.16729],[-119.65731,54.16758],[-119.65671,54.16789],[-119.65614,54.16822],[-119.65562,54.16858],[-119.65561,54.16858],[-119.65421,54.16959],[-119.65266,54.16997],[-119.65228,54.17007],[-119.65156,54.17028],[-119.65087,54.17052],[-119.65021,54.17078],[-119.64957,54.17107],[-119.64897,54.17138],[-119.6487,54.17154],[-119.64675,54.17269],[-119.64646,54.17287],[-119.64599,54.17318],[-119.64528,54.17369],[-119.64505,54.17372],[-119.64454,54.17375],[-119.64374,54.17381],[-119.64296,54.1739],[-119.64238,54.17399],[-119.64078,54.17426],[-119.64058,54.1743],[-119.63983,54.17445],[-119.63909,54.17463],[-119.63858,54.17478],[-119.63832,54.17482],[-119.63757,54.17498],[-119.63683,54.17516],[-119.63611,54.17537],[-119.63542,54.17561],[-119.63475,54.17587],[-119.63433,54.17606],[-119.63266,54.17683],[-119.63112,54.17746],[-119.63095,54.17753],[-119.63031,54.17782],[-119.62971,54.17813],[-119.62915,54.17847],[-119.62862,54.17882],[-119.62843,54.17897],[-119.62714,54.17994],[-119.62685,54.18017],[-119.62677,54.18024],[-119.62524,54.18154],[-119.62508,54.18168],[-119.6238,54.18281],[-119.6236,54.183],[-119.6232,54.18341],[-119.62285,54.18383],[-119.62259,54.18419],[-119.62221,54.18454],[-119.62181,54.18494],[-119.62181,54.18494],[-119.62146,54.18537],[-119.62116,54.1858],[-119.6209,54.18625],[-119.6207,54.1867],[-119.62054,54.18716],[-119.62044,54.18763],[-119.62039,54.1881],[-119.6204,54.18857],[-119.62045,54.18904],[-119.62056,54.18951],[-119.62072,54.18997],[-119.62077,54.19009],[-119.62156,54.19189],[-119.62172,54.19222],[-119.62198,54.19267],[-119.62229,54.1931],[-119.62265,54.19352],[-119.62305,54.19393],[-119.6235,54.19432],[-119.62399,54.19469],[-119.62453,54.19504],[-119.6251,54.19537],[-119.6257,54.19568],[-119.62634,54.19597],[-119.62701,54.19623],[-119.62745,54.19638],[-119.62889,54.19685],[-119.62909,54.19698],[-119.62924,54.19708],[-119.62981,54.19741],[-119.63021,54.19762],[-119.63355,54.19928],[-119.63365,54.19933],[-119.6338,54.19947],[-119.63425,54.19986],[-119.63474,54.20023],[-119.63512,54.20049],[-119.63663,54.20146],[-119.63688,54.2018],[-119.63724,54.20222],[-119.63764,54.20263],[-119.63809,54.20302],[-119.63858,54.20339],[-119.63911,54.20374],[-119.63968,54.20408],[-119.6408,54.20468],[-119.64141,54.20499],[-119.64205,54.20528],[-119.64272,54.20554],[-119.64341,54.20577],[-119.64413,54.20598],[-119.64466,54.2061],[-119.64475,54.20619],[-119.6452,54.20658],[-119.64569,54.20695],[-119.64622,54.20731],[-119.64679,54.20764],[-119.64805,54.20832],[-119.64866,54.20863],[-119.6493,54.20891],[-119.64997,54.20917],[-119.65066,54.20941],[-119.65093,54.20949],[-119.65165,54.2097],[-119.65203,54.20985],[-119.65259,54.21007],[-119.65328,54.2103],[-119.65401,54.21051],[-119.65475,54.21068],[-119.65551,54.21083],[-119.65585,54.21089],[-119.65762,54.21117],[-119.65806,54.21123],[-119.65885,54.21132],[-119.65964,54.21138],[-119.66044,54.21141],[-119.66099,54.21141],[-119.66101,54.21141],[-119.66119,54.21147],[-119.66191,54.21168],[-119.66265,54.21185],[-119.66341,54.212],[-119.66419,54.21212],[-119.66471,54.21218],[-119.66479,54.21219],[-119.66502,54.21245],[-119.66543,54.21286],[-119.66588,54.21325],[-119.66637,54.21362],[-119.6669,54.21397],[-119.66747,54.2143],[-119.66808,54.21461],[-119.66818,54.21466],[-119.66916,54.21511],[-119.66969,54.21535],[-119.67036,54.21561],[-119.67105,54.21584],[-119.67178,54.21605],[-119.67252,54.21622],[-119.67328,54.21637],[-119.67406,54.21649],[-119.67426,54.21652],[-119.67535,54.21665],[-119.67593,54.21672],[-119.67673,54.21677],[-119.67753,54.2168],[-119.67833,54.2168],[-119.67913,54.21677],[-119.67944,54.21675],[-119.68092,54.21663],[-119.68105,54.21662],[-119.68115,54.21669],[-119.68168,54.21705],[-119.68225,54.21738],[-119.68285,54.21768],[-119.68349,54.21797],[-119.68416,54.21823],[-119.68486,54.21846],[-119.68558,54.21867],[-119.68632,54.21884],[-119.68646,54.21887],[-119.68783,54.21916],[-119.68845,54.21928],[-119.68923,54.2194],[-119.69002,54.21949],[-119.69082,54.21955],[-119.69162,54.21957],[-119.69242,54.21957],[-119.69458,54.21952],[-119.69538,54.21949],[-119.69609,54.21943],[-119.69695,54.21935],[-119.69703,54.21945],[-119.69721,54.21965],[-119.69762,54.22005],[-119.69807,54.22044],[-119.69856,54.22081],[-119.69909,54.22117],[-119.69924,54.22126],[-119.7,54.22171],[-119.70023,54.2219],[-119.70136,54.22305],[-119.70161,54.22329],[-119.70206,54.22368],[-119.70255,54.22405],[-119.7026,54.22408],[-119.70359,54.22477],[-119.70407,54.22509],[-119.70464,54.22542],[-119.70525,54.22573],[-119.70589,54.22601],[-119.70656,54.22627],[-119.70726,54.2265],[-119.70798,54.22671],[-119.70872,54.22689],[-119.70948,54.22704],[-119.71015,54.22714],[-119.71261,54.22748],[-119.71271,54.2275],[-119.7135,54.22758],[-119.71396,54.22762],[-119.71393,54.22788],[-119.71393,54.22835],[-119.71399,54.22882],[-119.7141,54.22929],[-119.71426,54.22975],[-119.71447,54.2302],[-119.71474,54.23065],[-119.71504,54.23107],[-119.71607,54.23239],[-119.71608,54.2324],[-119.71644,54.23282],[-119.71685,54.23323],[-119.7173,54.23362],[-119.71779,54.23399],[-119.71832,54.23434],[-119.71889,54.23467],[-119.7195,54.23498],[-119.71983,54.23513],[-119.72289,54.23649],[-119.7232,54.23662],[-119.72387,54.23688],[-119.72457,54.23711],[-119.72529,54.23732],[-119.72603,54.2375],[-119.72679,54.23764],[-119.727,54.23768],[-119.72941,54.23807],[-119.73138,54.23861],[-119.73323,54.23926],[-119.73377,54.23944],[-119.73449,54.23964],[-119.73524,54.23982],[-119.736,54.23997],[-119.73677,54.24009],[-119.73751,54.24017],[-119.73867,54.24074],[-119.73879,54.24079],[-119.73943,54.24108],[-119.7401,54.24134],[-119.7408,54.24157],[-119.74125,54.2417],[-119.74414,54.24251],[-119.74441,54.24258],[-119.74516,54.24276],[-119.74592,54.24291],[-119.7467,54.24302],[-119.74731,54.2431],[-119.74921,54.24329],[-119.74939,54.24331],[-119.75019,54.24337],[-119.75039,54.24337],[-119.75081,54.24365],[-119.75139,54.24398],[-119.75199,54.24429],[-119.75263,54.24458],[-119.75285,54.24466],[-119.75493,54.24549],[-119.75539,54.24566],[-119.75608,54.24589],[-119.75681,54.24609],[-119.75741,54.24624],[-119.75933,54.24667],[-119.75947,54.2467],[-119.75976,54.24676],[-119.76154,54.24712],[-119.76201,54.24721],[-119.76279,54.24732],[-119.76299,54.24735],[-119.76406,54.24748],[-119.76583,54.2478],[-119.76597,54.24783],[-119.76675,54.24795],[-119.76754,54.24803],[-119.76833,54.24809],[-119.76914,54.24812],[-119.76935,54.24812],[-119.77219,54.24814],[-119.77278,54.24813],[-119.77358,54.2481],[-119.77404,54.24806],[-119.77731,54.24779],[-119.77775,54.24778],[-119.77855,54.24775],[-119.77935,54.24768],[-119.78014,54.24759],[-119.78091,54.24746],[-119.78167,54.24731],[-119.78241,54.24712],[-119.78313,54.24691],[-119.78382,54.24668],[-119.78448,54.24641],[-119.78512,54.24612],[-119.78538,54.24599],[-119.78747,54.24492],[-119.78781,54.24473],[-119.78837,54.2444],[-119.7889,54.24404],[-119.78938,54.24367],[-119.78982,54.24328],[-119.79022,54.24287],[-119.79057,54.24244],[-119.79087,54.24201],[-119.79112,54.24156],[-119.79133,54.24111],[-119.79148,54.24064],[-119.79153,54.24042],[-119.79174,54.23947],[-119.79178,54.23922],[-119.79183,54.23875],[-119.79182,54.23828],[-119.79177,54.23781],[-119.79166,54.23735],[-119.79149,54.23689],[-119.7913,54.23647],[-119.79052,54.23498],[-119.79051,54.23495],[-119.79024,54.2345],[-119.78993,54.23407],[-119.78972,54.23382],[-119.78964,54.23352],[-119.7895,54.23311],[-119.78892,54.23163],[-119.78845,54.23014],[-119.78843,54.23007],[-119.78775,54.22803],[-119.78767,54.22781],[-119.78685,54.2257],[-119.78682,54.2256],[-119.7866,54.22515],[-119.78634,54.2247],[-119.78603,54.22427],[-119.78572,54.22391],[-119.78571,54.22371],[-119.78565,54.22324],[-119.78558,54.22292],[-119.78537,54.2221],[-119.78538,54.22193],[-119.78576,54.22065],[-119.7858,54.22052],[-119.7859,54.22005],[-119.78595,54.21958],[-119.78594,54.21911],[-119.78589,54.21867],[-119.78567,54.21741],[-119.78566,54.21738],[-119.78555,54.21692],[-119.78539,54.21646],[-119.78518,54.216],[-119.78491,54.21556],[-119.7846,54.21513],[-119.78424,54.21471],[-119.78384,54.2143],[-119.7836,54.21409],[-119.78288,54.21347],[-119.78267,54.21329],[-119.78218,54.21292],[-119.78177,54.21265],[-119.78193,54.21249],[-119.78221,54.21219],[-119.78256,54.21177],[-119.78286,54.21134],[-119.78312,54.21089],[-119.78327,54.21055],[-119.78374,54.20943],[-119.78378,54.20932],[-119.78387,54.20905],[-119.78417,54.20911],[-119.78495,54.20923],[-119.78496,54.20923],[-119.78628,54.20941],[-119.78833,54.20983],[-119.78895,54.20995],[-119.78973,54.21007],[-119.78993,54.2101],[-119.79088,54.21021],[-119.79147,54.21033],[-119.79156,54.21035],[-119.79223,54.21054],[-119.79298,54.21072],[-119.79373,54.21087],[-119.79591,54.21168],[-119.79605,54.21173],[-119.79675,54.21196],[-119.79747,54.21216],[-119.79807,54.21231],[-119.79898,54.21406],[-119.79901,54.21411],[-119.79927,54.21455],[-119.79958,54.21498],[-119.79994,54.2154],[-119.80035,54.21581],[-119.8008,54.2162],[-119.80096,54.21632],[-119.80295,54.21786],[-119.80309,54.21796],[-119.80327,54.2181],[-119.80384,54.21884],[-119.8039,54.21892],[-119.80411,54.21917],[-119.80447,54.21958],[-119.80461,54.21987],[-119.80467,54.21999],[-119.80493,54.22043],[-119.80525,54.22086],[-119.80561,54.22128],[-119.80601,54.22169],[-119.80646,54.22208],[-119.80696,54.22245],[-119.80749,54.2228],[-119.80764,54.22289],[-119.80905,54.22373],[-119.80947,54.22397],[-119.81007,54.22428],[-119.81071,54.22456],[-119.81139,54.22482],[-119.81171,54.22493],[-119.81353,54.22554],[-119.8139,54.22579],[-119.81419,54.22597],[-119.81476,54.2263],[-119.81536,54.22661],[-119.816,54.22689],[-119.81645,54.22707],[-119.81702,54.22728],[-119.81743,54.22759],[-119.81797,54.22794],[-119.81854,54.22827],[-119.81914,54.22858],[-119.81978,54.22886],[-119.82046,54.22912],[-119.82115,54.22935],[-119.82188,54.22955],[-119.82262,54.22973],[-119.82338,54.22988],[-119.82376,54.22994],[-119.8269,54.23042],[-119.8273,54.23048],[-119.82809,54.23057],[-119.82888,54.23062],[-119.82968,54.23065],[-119.83049,54.23065],[-119.83121,54.23062],[-119.83349,54.23049],[-119.83357,54.23048],[-119.83437,54.23042],[-119.83516,54.23032],[-119.83593,54.2302],[-119.83636,54.23011],[-119.83809,54.22976],[-119.83842,54.22968],[-119.83916,54.2295],[-119.83988,54.22929],[-119.84057,54.22905],[-119.84123,54.22879],[-119.84186,54.2285],[-119.84193,54.22847],[-119.8431,54.22789],[-119.84364,54.2276],[-119.8442,54.22727],[-119.84473,54.22691],[-119.84521,54.22654],[-119.84565,54.22614],[-119.84605,54.22574],[-119.8464,54.22531],[-119.8467,54.22488],[-119.84695,54.22443],[-119.84699,54.22435],[-119.84728,54.22404],[-119.84763,54.22362],[-119.84793,54.22319],[-119.84819,54.22274],[-119.84839,54.22228],[-119.84854,54.22182],[-119.84864,54.22136],[-119.84868,54.22089],[-119.84868,54.22078],[-119.84901,54.22059],[-119.84953,54.22023],[-119.84997,54.2199],[-119.85176,54.21843],[-119.85181,54.21839],[-119.85225,54.218],[-119.85264,54.21759],[-119.85299,54.21716],[-119.85306,54.21706],[-119.85308,54.21707],[-119.85384,54.21721],[-119.85462,54.21733],[-119.8554,54.21742],[-119.85598,54.21747],[-119.85695,54.21753],[-119.85735,54.21766],[-119.85807,54.21786],[-119.85882,54.21804],[-119.85958,54.21819],[-119.85986,54.21823],[-119.86035,54.21831],[-119.86036,54.21831],[-119.86068,54.21846],[-119.86108,54.21863],[-119.86175,54.21889],[-119.86245,54.21912],[-119.86317,54.21932],[-119.86391,54.2195],[-119.86467,54.21965],[-119.86545,54.21976],[-119.86622,54.21985],[-119.8669,54.21991],[-119.86692,54.21992],[-119.86723,54.21994],[-119.86667,54.22037],[-119.86637,54.2206],[-119.86593,54.22099],[-119.86554,54.2214],[-119.86519,54.22183],[-119.86489,54.22226],[-119.86463,54.22271],[-119.86443,54.22316],[-119.86428,54.22363],[-119.86418,54.22409],[-119.86414,54.22456],[-119.86414,54.22503],[-119.86418,54.22559],[-119.86424,54.22606],[-119.86435,54.22652],[-119.86443,54.22676],[-119.8646,54.22723],[-119.86468,54.22745],[-119.8649,54.22791],[-119.86516,54.22835],[-119.86547,54.22878],[-119.86578,54.22914],[-119.86592,54.23116],[-119.86598,54.23163],[-119.86609,54.2321],[-119.86625,54.23256],[-119.86647,54.23301],[-119.86673,54.23346],[-119.86704,54.23389],[-119.8674,54.23431],[-119.8677,54.23461],[-119.86843,54.23531],[-119.86853,54.23541],[-119.86899,54.2358],[-119.86948,54.23617],[-119.87001,54.23652],[-119.87059,54.23685],[-119.87119,54.23716],[-119.87183,54.23744],[-119.87233,54.23764],[-119.87403,54.23827],[-119.87429,54.23852],[-119.87474,54.23891],[-119.87523,54.23928],[-119.87577,54.23963],[-119.876,54.23976],[-119.87617,54.23992],[-119.87659,54.24028],[-119.87709,54.24066],[-119.87762,54.24101],[-119.87769,54.24105],[-119.87751,54.24109],[-119.87737,54.24112],[-119.87556,54.24154],[-119.87402,54.24182],[-119.874,54.24183],[-119.87325,54.24198],[-119.87251,54.24216],[-119.87179,54.24237],[-119.8711,54.24261],[-119.87043,54.24288],[-119.8698,54.24317],[-119.8692,54.24348],[-119.86864,54.24381],[-119.86811,54.24417],[-119.86803,54.24423],[-119.86775,54.24444],[-119.86702,54.24486],[-119.86657,54.24513],[-119.86604,54.24549],[-119.86556,54.24586],[-119.86512,54.24625],[-119.86511,54.24626],[-119.86435,54.24699],[-119.86396,54.24739],[-119.86361,54.24782],[-119.86331,54.24825],[-119.86306,54.2487],[-119.86286,54.24916],[-119.86275,54.24946],[-119.86253,54.25018],[-119.86249,54.25033],[-119.86239,54.2508],[-119.86234,54.25127],[-119.86235,54.25174],[-119.86241,54.25221],[-119.86241,54.25222],[-119.86262,54.2534],[-119.86265,54.25352],[-119.86285,54.25446],[-119.86294,54.2548],[-119.8631,54.25526],[-119.86331,54.25572],[-119.86358,54.25616],[-119.86389,54.25659],[-119.86395,54.25667],[-119.86484,54.25776],[-119.86514,54.2581],[-119.86554,54.25851],[-119.86592,54.25884],[-119.86592,54.25887],[-119.86587,54.25934],[-119.86588,54.25981],[-119.86594,54.26068],[-119.866,54.26114],[-119.86611,54.26161],[-119.86627,54.26207],[-119.86649,54.26252],[-119.86675,54.26297],[-119.86706,54.2634],[-119.86743,54.26382],[-119.86766,54.26406],[-119.86767,54.26412],[-119.86779,54.26585],[-119.86785,54.26632],[-119.86796,54.26679],[-119.86798,54.26687],[-119.86833,54.26797],[-119.86847,54.26835],[-119.86868,54.2688],[-119.86894,54.26925],[-119.86926,54.26968],[-119.86962,54.2701],[-119.86965,54.27013],[-119.86998,54.27048],[-119.87023,54.271],[-119.87034,54.27122],[-119.8706,54.27166],[-119.87091,54.27209],[-119.87127,54.27251],[-119.87168,54.27292],[-119.87213,54.2733],[-119.87298,54.27399],[-119.87299,54.274],[-119.87349,54.27437],[-119.87402,54.27472],[-119.87459,54.27505],[-119.8752,54.27536],[-119.87584,54.27564],[-119.87652,54.2759],[-119.87653,54.2759],[-119.87674,54.27598],[-119.87674,54.27601],[-119.8768,54.27647],[-119.87691,54.27694],[-119.87707,54.2774],[-119.87729,54.27785],[-119.87755,54.2783],[-119.87786,54.27873],[-119.87793,54.27881],[-119.87837,54.27935],[-119.87867,54.27969],[-119.87908,54.2801],[-119.87953,54.28049],[-119.88002,54.28086],[-119.88056,54.28121],[-119.88097,54.28145],[-119.88048,54.28172],[-119.88046,54.28172],[-119.8799,54.28206],[-119.87951,54.28232],[-119.87841,54.28309],[-119.87828,54.28318],[-119.87779,54.28356],[-119.87735,54.28395],[-119.87695,54.28436],[-119.87682,54.28452],[-119.87618,54.28528],[-119.87596,54.28554],[-119.87566,54.28598],[-119.87563,54.28604],[-119.87507,54.28637],[-119.87459,54.28658],[-119.87417,54.28677],[-119.87357,54.28709],[-119.87351,54.28712],[-119.87251,54.28768],[-119.87201,54.28799],[-119.87148,54.28834],[-119.871,54.28872],[-119.87072,54.28896],[-119.87,54.28933],[-119.86959,54.28955],[-119.86902,54.28988],[-119.8685,54.29024],[-119.86801,54.29061],[-119.86757,54.29101],[-119.86727,54.29131],[-119.86663,54.292],[-119.86653,54.2921],[-119.86621,54.29249],[-119.86578,54.29304],[-119.86576,54.29308],[-119.86545,54.29351],[-119.8652,54.29396],[-119.865,54.29442],[-119.86485,54.29488],[-119.86475,54.29535],[-119.86474,54.29539],[-119.86467,54.29593],[-119.86466,54.29595],[-119.86428,54.29634],[-119.86426,54.29637],[-119.86414,54.29651],[-119.86365,54.29694],[-119.86338,54.29718],[-119.86299,54.29759],[-119.86264,54.29801],[-119.86233,54.29845],[-119.86208,54.2989],[-119.86188,54.29935],[-119.86173,54.29981],[-119.86136,54.30117],[-119.86136,54.30117],[-119.86126,54.30164],[-119.86122,54.30211],[-119.86122,54.30258],[-119.86128,54.30303],[-119.86147,54.3041],[-119.86147,54.30412],[-119.86154,54.30445],[-119.8617,54.30506],[-119.86169,54.30568],[-119.8617,54.30608],[-119.86176,54.30655],[-119.86187,54.30701],[-119.86197,54.30732],[-119.86212,54.30772],[-119.86213,54.30893],[-119.86214,54.30917],[-119.8622,54.30964],[-119.86231,54.31011],[-119.86241,54.3104],[-119.86282,54.31152],[-119.86295,54.31233],[-119.86317,54.31391],[-119.8632,54.31408],[-119.86326,54.31436],[-119.86358,54.31563],[-119.86363,54.31582],[-119.8638,54.31628],[-119.86399,54.3167],[-119.8641,54.31689],[-119.86409,54.31705],[-119.8641,54.31743],[-119.86416,54.31829],[-119.86413,54.31912],[-119.86408,54.32003],[-119.86408,54.32007],[-119.86409,54.32054],[-119.86415,54.32101],[-119.86424,54.32143],[-119.86428,54.32156],[-119.86429,54.32182],[-119.86436,54.32276],[-119.86442,54.32323],[-119.86453,54.3237],[-119.86462,54.32399],[-119.86497,54.32492],[-119.86508,54.32652],[-119.86514,54.32699],[-119.86525,54.32746],[-119.86541,54.32792],[-119.86563,54.32837],[-119.86589,54.32882],[-119.86608,54.32908],[-119.86672,54.32995],[-119.86684,54.33011],[-119.86721,54.33053],[-119.86761,54.33094],[-119.86807,54.33133],[-119.86856,54.3317],[-119.8691,54.33205],[-119.86915,54.33208],[-119.86984,54.3325],[-119.87043,54.33291],[-119.87091,54.33322],[-119.87106,54.33335],[-119.87278,54.33479],[-119.87294,54.33492],[-119.8734,54.33527],[-119.87571,54.3369],[-119.87574,54.33693],[-119.87628,54.33728],[-119.87685,54.33761],[-119.87746,54.33792],[-119.8781,54.3382],[-119.87878,54.33846],[-119.87948,54.33869],[-119.8802,54.33889],[-119.88095,54.33907],[-119.88171,54.33922],[-119.88249,54.33934],[-119.88252,54.33934],[-119.88278,54.3394],[-119.88284,54.33942],[-119.88325,54.33957],[-119.88326,54.33957],[-119.88468,54.34008],[-119.88537,54.3403],[-119.88555,54.34036],[-119.88661,54.34067],[-119.88715,54.34082],[-119.8879,54.341],[-119.88866,54.34115],[-119.88873,54.34116],[-119.88976,54.34133],[-119.89001,54.3418],[-119.89002,54.34183],[-119.89009,54.34195],[-119.89035,54.34241],[-119.89055,54.34275],[-119.89087,54.34318],[-119.89123,54.3436],[-119.89164,54.344],[-119.89209,54.34439],[-119.89259,54.34476],[-119.89311,54.34511],[-119.89396,54.34563],[-119.89397,54.34563],[-119.89454,54.34596],[-119.89496,54.34618],[-119.89524,54.34641],[-119.89573,54.34678],[-119.89574,54.34679],[-119.89696,54.34764],[-119.89748,54.34798],[-119.89806,54.34831],[-119.89867,54.34862],[-119.89931,54.3489],[-119.89998,54.34916],[-119.89999,54.34916],[-119.9007,54.34941],[-119.90139,54.34964],[-119.90212,54.34985],[-119.90273,54.34999],[-119.90437,54.35036],[-119.90451,54.35039],[-119.90527,54.35054],[-119.90605,54.35065],[-119.90667,54.35072],[-119.9083,54.35089],[-119.90847,54.35091],[-119.90927,54.35096],[-119.91008,54.35099],[-119.91016,54.35099],[-119.91213,54.35101],[-119.91217,54.35101],[-119.91331,54.35102],[-119.9146,54.35115],[-119.91473,54.35116],[-119.91553,54.35122],[-119.91561,54.35122],[-119.9162,54.35125],[-119.91621,54.35125],[-119.9162,54.35136],[-119.9162,54.35143],[-119.91618,54.35203],[-119.91619,54.35243],[-119.91624,54.35307],[-119.9163,54.35354],[-119.91639,54.35394],[-119.91636,54.35434],[-119.91635,54.35457],[-119.91637,54.35557],[-119.91638,54.35581],[-119.91644,54.35628],[-119.91654,54.35673],[-119.9168,54.3576],[-119.91694,54.35824],[-119.91702,54.35858],[-119.91719,54.35904],[-119.9174,54.3595],[-119.91767,54.35994],[-119.91771,54.36],[-119.91816,54.36066],[-119.91843,54.36103],[-119.91879,54.36145],[-119.91902,54.36169],[-119.91924,54.36199],[-119.91961,54.36241],[-119.92002,54.36281],[-119.92047,54.3632],[-119.92097,54.36357],[-119.9215,54.36392],[-119.92208,54.36425],[-119.92269,54.36456],[-119.9229,54.36466],[-119.92321,54.36483],[-119.92363,54.36505],[-119.92399,54.36523],[-119.92408,54.36544],[-119.92435,54.36588],[-119.92466,54.36632],[-119.92503,54.36674],[-119.92541,54.36711],[-119.92565,54.36734]],[[-119.91348,54.18977],[-119.91339,54.19016],[-119.9133,54.19071],[-119.91308,54.1912],[-119.913,54.19139],[-119.91287,54.1917],[-119.91271,54.1918],[-119.91215,54.19213],[-119.91162,54.19249],[-119.91115,54.19286],[-119.90987,54.19392],[-119.90986,54.19392],[-119.90979,54.19399],[-119.90856,54.19504],[-119.90811,54.19529],[-119.90766,54.19556],[-119.90714,54.19592],[-119.90696,54.19605],[-119.90675,54.19615],[-119.90615,54.19646],[-119.90559,54.1968],[-119.90507,54.19716],[-119.90458,54.19753],[-119.90451,54.1976],[-119.90336,54.19857],[-119.903,54.1989],[-119.9026,54.19931],[-119.90235,54.19962],[-119.90213,54.1997],[-119.90148,54.19996],[-119.9003,54.20046],[-119.90029,54.20046],[-119.89965,54.20075],[-119.89905,54.20107],[-119.89849,54.2014],[-119.89797,54.20176],[-119.89749,54.20213],[-119.89704,54.20253],[-119.89665,54.20294],[-119.8963,54.20336],[-119.89605,54.20371],[-119.89594,54.20388],[-119.89594,54.20388],[-119.89528,54.20414],[-119.89465,54.20443],[-119.89459,54.20446],[-119.89341,54.20505],[-119.89287,54.20533],[-119.89231,54.20566],[-119.89179,54.20602],[-119.8917,54.20608],[-119.89138,54.20632],[-119.89051,54.20667],[-119.8902,54.2068],[-119.88957,54.20709],[-119.88897,54.2074],[-119.88865,54.20759],[-119.88794,54.20769],[-119.8873,54.2078],[-119.88654,54.20795],[-119.8858,54.20814],[-119.88509,54.20835],[-119.88439,54.20859],[-119.88373,54.20885],[-119.8831,54.20914],[-119.8825,54.20946],[-119.88228,54.20958],[-119.88135,54.21013],[-119.88154,54.20971],[-119.88169,54.20924],[-119.88179,54.20878],[-119.88183,54.20831],[-119.88184,54.20811],[-119.88205,54.20785],[-119.88235,54.20741],[-119.8826,54.20697],[-119.8828,54.20651],[-119.88295,54.20606],[-119.88305,54.20568],[-119.88352,54.20553],[-119.88415,54.20531],[-119.88482,54.20504],[-119.88545,54.20475],[-119.88605,54.20444],[-119.88661,54.2041],[-119.88713,54.20375],[-119.88762,54.20337],[-119.88778,54.20323],[-119.88809,54.20319],[-119.88887,54.20306],[-119.88906,54.20303],[-119.89092,54.20267],[-119.89149,54.20255],[-119.89223,54.20236],[-119.89251,54.20229],[-119.8937,54.20194],[-119.89413,54.20181],[-119.89482,54.20157],[-119.89549,54.2013],[-119.89612,54.20102],[-119.89618,54.20099],[-119.89727,54.20044],[-119.89823,54.19998],[-119.89834,54.19993],[-119.89894,54.19962],[-119.8995,54.19929],[-119.8995,54.19928],[-119.90002,54.19896],[-119.90002,54.19896],[-119.90054,54.1986],[-119.90102,54.19822],[-119.90146,54.19783],[-119.90186,54.19742],[-119.90221,54.197],[-119.90251,54.19656],[-119.90276,54.19612],[-119.90296,54.19566],[-119.90311,54.1952],[-119.90321,54.19473],[-119.90325,54.19426],[-119.90325,54.19379],[-119.90319,54.19332],[-119.90312,54.193],[-119.90309,54.19291],[-119.90359,54.19289],[-119.90439,54.19283],[-119.90517,54.19273],[-119.90595,54.1926],[-119.9067,54.19245],[-119.90744,54.19227],[-119.90816,54.19205],[-119.90885,54.19182],[-119.90929,54.19164],[-119.91073,54.19106],[-119.91095,54.19096],[-119.91159,54.19067],[-119.91219,54.19036],[-119.91275,54.19002],[-119.91327,54.18967],[-119.91359,54.18942],[-119.91348,54.18977]],[[-119.97084,54.2426],[-119.97105,54.24306],[-119.97132,54.2435],[-119.97163,54.24393],[-119.97199,54.24435],[-119.97213,54.24449],[-119.97176,54.24443],[-119.97133,54.24437],[-119.97054,54.24428],[-119.96974,54.24423],[-119.96954,54.24422],[-119.97012,54.24352],[-119.9703,54.24329],[-119.9706,54.24285],[-119.9708,54.24251],[-119.97084,54.2426]]],[[[-119.66317,54.11322],[-119.66257,54.11353],[-119.66201,54.11387],[-119.66148,54.11422],[-119.661,54.1146],[-119.66056,54.11499],[-119.66016,54.1154],[-119.66016,54.1154],[-119.65981,54.11582],[-119.65956,54.11618],[-119.65882,54.11627],[-119.65804,54.11639],[-119.65735,54.11653],[-119.65496,54.11706],[-119.6549,54.11707],[-119.65416,54.11726],[-119.65344,54.11747],[-119.65275,54.1177],[-119.6521,54.11796],[-119.65092,54.11846],[-119.65091,54.11847],[-119.65027,54.11876],[-119.64967,54.11907],[-119.64911,54.1194],[-119.64859,54.11976],[-119.6481,54.12013],[-119.64766,54.12052],[-119.64726,54.12093],[-119.64691,54.12136],[-119.64661,54.12179],[-119.64636,54.12224],[-119.64615,54.12269],[-119.646,54.12315],[-119.64593,54.12346],[-119.64583,54.12394],[-119.65166,54.12198],[-119.6575,54.11957],[-119.66237,54.11703],[-119.66674,54.11488],[-119.66604,54.11426],[-119.66578,54.11404],[-119.66521,54.11379],[-119.66477,54.1136],[-119.66446,54.11347],[-119.66402,54.11325],[-119.66359,54.11303],[-119.66317,54.11322]]]]},"properties":{"RANGE":"Mountain Goat and Sheep","ACRES10TM":68382.947013500001,"HA10TM":27673.596830400002,"OBJECTID":2,"SHAPE.STArea()":276735968.01302254,"SHAPE.STLength()":132365.61444215788}},{"type":"Feature","id":3,"geometry":{"type":"Polygon","coordinates":[[[-119.13714,54.07702],[-119.1377,54.07792],[-119.13822,54.07857],[-119.13893,54.07936],[-119.13989,54.08037],[-119.14062,54.08099],[-119.14225,54.08203],[-119.14398,54.08308],[-119.14673,54.08459],[-119.14796,54.08498],[-119.1499,54.08555],[-119.15324,54.08608],[-119.15583,54.0863],[-119.15799,54.08647],[-119.16101,54.08665],[-119.16313,54.08667],[-119.16537,54.08648],[-119.16732,54.08611],[-119.16908,54.08556],[-119.16944,54.08538],[-119.17116,54.08526],[-119.17384,54.08485],[-119.17566,54.0843],[-119.17744,54.08355],[-119.17789,54.08328],[-119.18021,54.083],[-119.18239,54.08238],[-119.1843,54.08177],[-119.1854,54.08127],[-119.18625,54.08081],[-119.1867,54.08058],[-119.18828,54.08022],[-119.18968,54.07967],[-119.19113,54.07899],[-119.19254,54.07805],[-119.1935,54.07718],[-119.19428,54.07602],[-119.19472,54.07501],[-119.1949,54.07392],[-119.19478,54.07271],[-119.19446,54.07181],[-119.19422,54.07138],[-119.1941,54.07087],[-119.1936,54.06936],[-119.19278,54.06823],[-119.19169,54.06715],[-119.19037,54.0663],[-119.18869,54.06547],[-119.18644,54.06476],[-119.18464,54.06449],[-119.18369,54.06433],[-119.18367,54.06433],[-119.18357,54.06427],[-119.18359,54.06427],[-119.18258,54.06387],[-119.18192,54.06367],[-119.18145,54.06347],[-119.17969,54.06292],[-119.17815,54.06236],[-119.17605,54.06176],[-119.17135,54.06129],[-119.1711,54.06133],[-119.17087,54.06131],[-119.16714,54.06146],[-119.16297,54.06208],[-119.15909,54.06371],[-119.15882,54.0639],[-119.15856,54.06387],[-119.15711,54.06357],[-119.15678,54.06354],[-119.15487,54.06325],[-119.15255,54.06305],[-119.15145,54.06291],[-119.14848,54.06275],[-119.14843,54.06276],[-119.14838,54.06276],[-119.14649,54.0628],[-119.14195,54.06343],[-119.13806,54.06505],[-119.13554,54.06743],[-119.13475,54.0702],[-119.13479,54.07031],[-119.13477,54.07042],[-119.13484,54.0711],[-119.13485,54.07181],[-119.13487,54.07188],[-119.13485,54.07196],[-119.13535,54.07379],[-119.13588,54.07483],[-119.136,54.07502],[-119.13602,54.0751],[-119.13626,54.0755],[-119.1364,54.07551],[-119.13624,54.07551],[-119.13714,54.07702]]]},"properties":{"RANGE":"Mountain Goat and Sheep","ACRES10TM":2111.28559881,"HA10TM":854.40696850999996,"OBJECTID":3,"SHAPE.STArea()":8544069.6591398399,"SHAPE.STLength()":10942.445927944216}},{"type":"Feature","id":5,"geometry":{"type":"Polygon","coordinates":[[[-119.39611,54.08807],[-119.39679,54.0883],[-119.39751,54.08851],[-119.39825,54.08869],[-119.399,54.08884],[-119.39978,54.08896],[-119.40056,54.08905],[-119.40059,54.08905],[-119.40087,54.08916],[-119.40156,54.08939],[-119.40228,54.0896],[-119.40302,54.08978],[-119.40348,54.08987],[-119.40576,54.09032],[-119.40826,54.09089],[-119.40941,54.09116],[-119.4097,54.09123],[-119.40984,54.09126],[-119.41114,54.09154],[-119.41131,54.09162],[-119.41195,54.09191],[-119.41262,54.09217],[-119.41331,54.0924],[-119.41336,54.09242],[-119.41468,54.09283],[-119.41564,54.09321],[-119.41605,54.09336],[-119.4167,54.09358],[-119.41834,54.0941],[-119.41839,54.09412],[-119.41911,54.09433],[-119.41946,54.09442],[-119.42096,54.09478],[-119.42135,54.09487],[-119.42137,54.09488],[-119.42245,54.09511],[-119.42313,54.09537],[-119.4233,54.09543],[-119.424,54.09567],[-119.42472,54.09587],[-119.42532,54.09602],[-119.42723,54.09646],[-119.42737,54.09649],[-119.42812,54.09664],[-119.42861,54.09672],[-119.43027,54.09697],[-119.43129,54.0972],[-119.43131,54.0972],[-119.43145,54.09723],[-119.43251,54.09746],[-119.43267,54.09754],[-119.43279,54.0976],[-119.43343,54.09788],[-119.4341,54.09814],[-119.43411,54.09815],[-119.43535,54.0986],[-119.43603,54.09883],[-119.43675,54.09903],[-119.43749,54.09921],[-119.43824,54.09936],[-119.43891,54.09947],[-119.44127,54.0998],[-119.44198,54.10005],[-119.44206,54.10008],[-119.44316,54.10045],[-119.44353,54.10057],[-119.44425,54.10078],[-119.44499,54.10096],[-119.44575,54.10111],[-119.44617,54.10118],[-119.44645,54.10122],[-119.44699,54.10147],[-119.44752,54.10171],[-119.44819,54.10197],[-119.4482,54.10197],[-119.44944,54.10242],[-119.44974,54.10253],[-119.45084,54.10291],[-119.45122,54.10303],[-119.45127,54.10304],[-119.45223,54.10334],[-119.45283,54.10352],[-119.4542,54.10388],[-119.45426,54.1039],[-119.45471,54.10401],[-119.45594,54.1043],[-119.45623,54.10437],[-119.45653,54.10443],[-119.4583,54.10479],[-119.45876,54.10488],[-119.45954,54.105],[-119.46031,54.10509],[-119.46234,54.10529],[-119.46235,54.10529],[-119.46273,54.10532],[-119.46435,54.10544],[-119.46477,54.10547],[-119.46557,54.1055],[-119.46637,54.1055],[-119.46661,54.1055],[-119.46731,54.10558],[-119.46789,54.10565],[-119.46869,54.10571],[-119.46949,54.10574],[-119.46957,54.10574],[-119.47146,54.10577],[-119.4743,54.10592],[-119.47454,54.10593],[-119.47688,54.10602],[-119.47854,54.10613],[-119.47868,54.10614],[-119.47892,54.10615],[-119.4797,54.10618],[-119.48084,54.10641],[-119.48121,54.10648],[-119.48198,54.1066],[-119.48277,54.10669],[-119.48356,54.10675],[-119.484,54.10677],[-119.48683,54.10687],[-119.48688,54.10687],[-119.4892,54.10694],[-119.49015,54.10704],[-119.49183,54.10739],[-119.49244,54.10751],[-119.49322,54.10763],[-119.49364,54.10768],[-119.49716,54.10808],[-119.49753,54.10812],[-119.49766,54.10813],[-119.49983,54.10833],[-119.50049,54.10837],[-119.50073,54.10839],[-119.50316,54.10849],[-119.50372,54.10851],[-119.50452,54.10851],[-119.50692,54.10846],[-119.50765,54.10854],[-119.50845,54.1086],[-119.50924,54.10863],[-119.51004,54.10863],[-119.51084,54.1086],[-119.51164,54.10854],[-119.51242,54.10844],[-119.51319,54.10832],[-119.51395,54.10817],[-119.51469,54.10799],[-119.51541,54.10778],[-119.5161,54.10754],[-119.51676,54.10728],[-119.5174,54.10699],[-119.518,54.10668],[-119.51856,54.10635],[-119.51856,54.10635],[-119.51947,54.10578],[-119.51999,54.10542],[-119.52048,54.10505],[-119.52092,54.10465],[-119.52132,54.10425],[-119.52167,54.10382],[-119.52198,54.10339],[-119.5222,54.10301],[-119.52304,54.10141],[-119.52308,54.10134],[-119.52328,54.10089],[-119.52329,54.10086],[-119.5234,54.10058],[-119.5235,54.10051],[-119.52466,54.0997],[-119.52476,54.09962],[-119.52524,54.09925],[-119.52569,54.09886],[-119.52608,54.09845],[-119.52644,54.09803],[-119.52669,54.09767],[-119.52743,54.09655],[-119.52748,54.09647],[-119.52773,54.09602],[-119.52794,54.09557],[-119.52809,54.09511],[-119.5282,54.09464],[-119.52825,54.09417],[-119.52824,54.0937],[-119.52819,54.09323],[-119.52808,54.09277],[-119.52792,54.0923],[-119.52782,54.09206],[-119.5272,54.09073],[-119.52709,54.09052],[-119.52683,54.09007],[-119.52653,54.08964],[-119.52617,54.08922],[-119.52577,54.08881],[-119.52532,54.08842],[-119.52483,54.08805],[-119.5243,54.0877],[-119.52374,54.08736],[-119.52334,54.08716],[-119.52167,54.08632],[-119.52147,54.08622],[-119.52083,54.08593],[-119.52016,54.08567],[-119.51947,54.08544],[-119.5191,54.08533],[-119.51831,54.0851],[-119.51829,54.08509],[-119.51767,54.08481],[-119.517,54.08455],[-119.51699,54.08455],[-119.51596,54.08418],[-119.51573,54.08405],[-119.51513,54.08374],[-119.51492,54.08365],[-119.51485,54.08355],[-119.51472,54.08339],[-119.51414,54.08269],[-119.51392,54.08243],[-119.51351,54.08203],[-119.51307,54.08164],[-119.51258,54.08126],[-119.51206,54.08092],[-119.51192,54.08083],[-119.51142,54.08036],[-119.51139,54.08033],[-119.51095,54.07994],[-119.51076,54.07979],[-119.51075,54.07978],[-119.51092,54.07981],[-119.5117,54.0799],[-119.51373,54.08009],[-119.51374,54.08009],[-119.51453,54.08015],[-119.51533,54.08018],[-119.51613,54.08018],[-119.51693,54.08015],[-119.51772,54.08009],[-119.51851,54.07999],[-119.51928,54.07987],[-119.52003,54.07972],[-119.52021,54.07968],[-119.52207,54.07924],[-119.52263,54.0791],[-119.52335,54.07889],[-119.52404,54.07866],[-119.5247,54.07839],[-119.52532,54.07811],[-119.5268,54.0774],[-119.52707,54.07748],[-119.52779,54.07769],[-119.52853,54.07787],[-119.52929,54.07802],[-119.52954,54.07806],[-119.53212,54.07848],[-119.53265,54.07856],[-119.53343,54.07865],[-119.53422,54.07871],[-119.53476,54.07873],[-119.53786,54.07883],[-119.53812,54.07883],[-119.53892,54.07883],[-119.53972,54.0788],[-119.54051,54.07874],[-119.5413,54.07864],[-119.54207,54.07852],[-119.54226,54.07848],[-119.54297,54.07835],[-119.54511,54.0782],[-119.54572,54.07815],[-119.54651,54.07806],[-119.54728,54.07793],[-119.54733,54.07793],[-119.55172,54.07712],[-119.55243,54.07698],[-119.55317,54.0768],[-119.55388,54.07659],[-119.55457,54.07635],[-119.55524,54.07609],[-119.55587,54.0758],[-119.55647,54.07549],[-119.55682,54.07528],[-119.5574,54.07656],[-119.55753,54.07682],[-119.55776,54.07723],[-119.55866,54.07864],[-119.55868,54.07867],[-119.55888,54.07897],[-119.55991,54.08037],[-119.56002,54.08051],[-119.56015,54.08068],[-119.56131,54.08208],[-119.56154,54.08233],[-119.56194,54.08274],[-119.56238,54.08312],[-119.56379,54.08428],[-119.5638,54.08428],[-119.56429,54.08466],[-119.56429,54.08466],[-119.5643,54.08466],[-119.56571,54.08566],[-119.56623,54.08601],[-119.5668,54.08634],[-119.56806,54.08703],[-119.56843,54.08735],[-119.56892,54.08772],[-119.56945,54.08808],[-119.57002,54.08841],[-119.57062,54.08872],[-119.57126,54.089],[-119.57193,54.08926],[-119.57262,54.08949],[-119.5733,54.08969],[-119.5736,54.08989],[-119.57417,54.09022],[-119.57477,54.09053],[-119.57541,54.09081],[-119.57608,54.09107],[-119.57609,54.09107],[-119.57729,54.09151],[-119.57824,54.09193],[-119.57844,54.09201],[-119.57911,54.09227],[-119.57912,54.09228],[-119.58036,54.09272],[-119.58104,54.09295],[-119.58176,54.09316],[-119.58221,54.09327],[-119.58344,54.09356],[-119.58373,54.09363],[-119.58449,54.09378],[-119.58457,54.09379],[-119.58489,54.09393],[-119.58556,54.09419],[-119.58625,54.09442],[-119.5863,54.09444],[-119.58726,54.09473],[-119.58787,54.09491],[-119.58866,54.09512],[-119.59028,54.09562],[-119.59049,54.09568],[-119.592,54.09613],[-119.59246,54.09625],[-119.5932,54.09643],[-119.59359,54.09651],[-119.59577,54.09694],[-119.59614,54.09701],[-119.59691,54.09713],[-119.59711,54.09715],[-119.59928,54.09742],[-119.59986,54.09749],[-119.60066,54.09755],[-119.6011,54.09757],[-119.60393,54.09766],[-119.60429,54.09767],[-119.60509,54.09767],[-119.60589,54.09764],[-119.6066,54.09758],[-119.60776,54.09747],[-119.61026,54.09747],[-119.61073,54.09747],[-119.61153,54.09744],[-119.61168,54.09742],[-119.6104,54.09633],[-119.60612,54.09154],[-119.60226,54.08697],[-119.60007,54.08376],[-119.59825,54.08008],[-119.59803,54.0766],[-119.6009,54.07167],[-119.60495,54.06648],[-119.60864,54.06199],[-119.61197,54.05798],[-119.61381,54.05563],[-119.61441,54.05259],[-119.61303,54.0496],[-119.61086,54.04662],[-119.60798,54.04505],[-119.60268,54.04283],[-119.59742,54.04131],[-119.59253,54.03931],[-119.58958,54.03658],[-119.5857,54.03178],[-119.5842,54.02874],[-119.58261,54.02787],[-119.58217,54.02767],[-119.58158,54.02752],[-119.5805,54.02717],[-119.58011,54.02693],[-119.57979,54.0267],[-119.57693,54.02446],[-119.57394,54.02269],[-119.57319,54.02179],[-119.57246,54.02144],[-119.57213,54.02132],[-119.57102,54.02104],[-119.57047,54.02086],[-119.56939,54.02055],[-119.56903,54.02037],[-119.5687,54.02017],[-119.56801,54.01983],[-119.56738,54.0196],[-119.56672,54.01943],[-119.56556,54.0193],[-119.56414,54.01908],[-119.56315,54.01883],[-119.56275,54.01873],[-119.56241,54.01868],[-119.5619,54.01867],[-119.56112,54.01866],[-119.56052,54.01868],[-119.5599,54.01863],[-119.55957,54.01855],[-119.55933,54.01847],[-119.55922,54.0184],[-119.55913,54.01831],[-119.55905,54.01823],[-119.55895,54.01817],[-119.55855,54.01792],[-119.55819,54.01768],[-119.55781,54.01746],[-119.55747,54.01733],[-119.55725,54.01738],[-119.55588,54.01712],[-119.554,54.01653],[-119.5522,54.01565],[-119.55032,54.01507],[-119.54844,54.01442],[-119.54659,54.01418],[-119.5449,54.01358],[-119.54234,54.01296],[-119.54148,54.01272],[-119.54124,54.01268],[-119.54046,54.01259],[-119.53972,54.01258],[-119.53915,54.01261],[-119.53854,54.01274],[-119.53804,54.01291],[-119.53554,54.01405],[-119.53429,54.01492],[-119.5335,54.01573],[-119.53331,54.0159],[-119.53309,54.01596],[-119.53266,54.016],[-119.53096,54.01595],[-119.52972,54.01584],[-119.52859,54.0157],[-119.52717,54.01553],[-119.52509,54.01524],[-119.52322,54.01481],[-119.52212,54.01462],[-119.52133,54.01441],[-119.52102,54.01472],[-119.52031,54.01576],[-119.51969,54.01674],[-119.51859,54.01779],[-119.51727,54.01856],[-119.515,54.01941],[-119.51308,54.01985],[-119.51147,54.0204],[-119.50916,54.02061],[-119.50936,54.02103],[-119.50962,54.02148],[-119.50992,54.02191],[-119.51028,54.02233],[-119.51068,54.02274],[-119.51113,54.02313],[-119.51162,54.0235],[-119.51167,54.02354],[-119.51186,54.02368],[-119.51178,54.02386],[-119.51142,54.02466],[-119.51134,54.02486],[-119.51125,54.02514],[-119.51077,54.02489],[-119.51013,54.0246],[-119.50947,54.02434],[-119.50877,54.02411],[-119.50837,54.02399],[-119.50745,54.02373],[-119.50745,54.0234],[-119.50733,54.02143],[-119.50727,54.02096],[-119.50723,54.02076],[-119.50597,54.02086],[-119.50296,54.0208],[-119.50084,54.02108],[-119.49862,54.02118],[-119.4963,54.0214],[-119.49291,54.02136],[-119.49068,54.02146],[-119.48736,54.02163],[-119.48736,54.01906],[-119.48722,54.01878],[-119.48722,54.01401],[-119.48722,54.00687],[-119.48722,54.0066],[-119.48722,53.99937],[-119.48722,53.99215],[-119.48722,53.98492],[-119.48722,53.98394],[-119.48401,53.98289],[-119.47937,53.98136],[-119.47826,53.98106],[-119.47811,53.981],[-119.47375,53.97994],[-119.47117,53.97918],[-119.47045,53.979],[-119.47037,53.97897],[-119.46706,53.97817],[-119.46365,53.97699],[-119.46118,53.9761],[-119.45819,53.97501],[-119.45608,53.97441],[-119.45516,53.97423],[-119.45095,53.97352],[-119.44793,53.97289],[-119.44779,53.97288],[-119.44629,53.97263],[-119.44266,53.9722],[-119.43912,53.97165],[-119.43342,53.97041],[-119.4334,53.9704],[-119.43204,53.97016],[-119.42876,53.96969],[-119.42223,53.96827],[-119.41844,53.96742],[-119.41745,53.9672],[-119.41741,53.96719],[-119.41738,53.96718],[-119.41694,53.96715],[-119.41269,53.96673],[-119.4123,53.96678],[-119.41197,53.96676],[-119.39985,53.96742],[-119.39594,53.96804],[-119.39207,53.96967],[-119.38956,53.97206],[-119.3888,53.97422],[-119.38869,53.97551],[-119.38869,53.97611],[-119.38881,53.97691],[-119.38923,53.97859],[-119.39019,53.98052],[-119.39196,53.98218],[-119.39422,53.98376],[-119.39553,53.98494],[-119.39635,53.98551],[-119.39673,53.98585],[-119.39846,53.98698],[-119.39916,53.9874],[-119.40018,53.9879],[-119.40154,53.9885],[-119.40344,53.98962],[-119.40385,53.98984],[-119.40393,53.9899],[-119.40743,53.99175],[-119.41128,53.99379],[-119.41535,53.99608],[-119.41543,53.99611],[-119.41548,53.99616],[-119.41887,53.99801],[-119.41891,53.99802],[-119.42075,53.99885],[-119.42373,53.99993],[-119.42506,54.00032],[-119.42535,54.00043],[-119.42653,54.00073],[-119.42764,54.00112],[-119.42931,54.00159],[-119.42943,54.00164],[-119.4344,54.00279],[-119.4381,54.00377],[-119.44203,54.00488],[-119.44207,54.00489],[-119.44267,54.00531],[-119.44396,54.0063],[-119.44442,54.00681],[-119.44491,54.00752],[-119.44589,54.00937],[-119.44608,54.00967],[-119.44611,54.00975],[-119.44687,54.01094],[-119.44575,54.01211],[-119.44497,54.0131],[-119.4442,54.01563],[-119.4442,54.01741],[-119.44425,54.01753],[-119.44421,54.01765],[-119.44428,54.01823],[-119.44479,54.02082],[-119.44523,54.02328],[-119.44526,54.02335],[-119.44531,54.02365],[-119.44613,54.02669],[-119.44618,54.02678],[-119.44621,54.02695],[-119.44679,54.02869],[-119.44715,54.02936],[-119.44727,54.02973],[-119.44801,54.03094],[-119.44816,54.03116],[-119.44817,54.03119],[-119.4489,54.03226],[-119.44905,54.03268],[-119.44912,54.03295],[-119.44909,54.03375],[-119.44912,54.03383],[-119.44909,54.03393],[-119.44909,54.03529],[-119.44906,54.03544],[-119.44885,54.03589],[-119.44885,54.0359],[-119.44883,54.03593],[-119.44828,54.03716],[-119.44799,54.03711],[-119.44777,54.0371],[-119.44736,54.03675],[-119.44741,54.03523],[-119.44734,54.03505],[-119.4474,54.03484],[-119.44721,54.03378],[-119.44652,54.03158],[-119.44562,54.02991],[-119.44362,54.0281],[-119.44245,54.02732],[-119.44185,54.02697],[-119.44182,54.02694],[-119.43986,54.02583],[-119.43977,54.02579],[-119.43971,54.02574],[-119.43897,54.02537],[-119.43646,54.0242],[-119.43644,54.02419],[-119.43638,54.02416],[-119.43284,54.02253],[-119.4319,54.02222],[-119.43082,54.02178],[-119.42575,54.02028],[-119.42363,54.01948],[-119.41964,54.01757],[-119.41952,54.01753],[-119.4191,54.01732],[-119.41615,54.01606],[-119.41292,54.01419],[-119.41261,54.01407],[-119.41239,54.0139],[-119.40956,54.01244],[-119.40918,54.0123],[-119.40748,54.01157],[-119.40465,54.01064],[-119.40297,54.01018],[-119.40252,54.01013],[-119.4022,54.01002],[-119.39888,54.00944],[-119.3972,54.0091],[-119.39637,54.00891],[-119.39629,54.0089],[-119.39621,54.00888],[-119.39152,54.00842],[-119.38736,54.00894],[-119.38545,54.00939],[-119.38232,54.01007],[-119.37935,54.01066],[-119.37825,54.01092],[-119.37601,54.0117],[-119.37351,54.01279],[-119.37188,54.01365],[-119.37182,54.01371],[-119.37173,54.01375],[-119.37091,54.01428],[-119.36626,54.01562],[-119.36618,54.01565],[-119.36538,54.0159],[-119.36424,54.0163],[-119.36394,54.01629],[-119.36232,54.01601],[-119.36223,54.01601],[-119.36191,54.01595],[-119.35849,54.01544],[-119.35783,54.0154],[-119.35774,54.01538],[-119.35753,54.01494],[-119.35598,54.01154],[-119.35578,54.0112],[-119.35573,54.01106],[-119.35422,54.00847],[-119.35341,54.00583],[-119.35341,54.00583],[-119.3534,54.00583],[-119.35223,54.00204],[-119.35204,54.00167],[-119.35194,54.0013],[-119.35158,54.00058],[-119.3507,53.99881],[-119.3501,53.99787],[-119.35,53.99779],[-119.34997,53.9977],[-119.34821,53.99557],[-119.3481,53.99548],[-119.34735,53.99469],[-119.34539,53.99298],[-119.34383,53.9919],[-119.34373,53.99181],[-119.34121,53.99039],[-119.34113,53.99036],[-119.34107,53.99031],[-119.33879,53.98906],[-119.33875,53.98905],[-119.33649,53.98807],[-119.33514,53.98762],[-119.33326,53.9866],[-119.32931,53.98517],[-119.32892,53.98513],[-119.32864,53.98503],[-119.32573,53.9845],[-119.32171,53.98418],[-119.31855,53.98449],[-119.31629,53.9849],[-119.31481,53.98522],[-119.31328,53.98571],[-119.30997,53.98696],[-119.30966,53.98711],[-119.30923,53.98726],[-119.30676,53.98835],[-119.30642,53.98853],[-119.3062,53.98861],[-119.30359,53.98991],[-119.30357,53.98992],[-119.30356,53.98992],[-119.30072,53.99134],[-119.29971,53.9919],[-119.29967,53.99194],[-119.29962,53.99196],[-119.2972,53.99351],[-119.29453,53.99399],[-119.29205,53.99487],[-119.29022,53.99571],[-119.28883,53.99646],[-119.28631,53.99884],[-119.28624,53.99908],[-119.28607,53.99926],[-119.28605,53.99929],[-119.28566,53.99969],[-119.28484,54.00072],[-119.28429,54.00187],[-119.28374,54.0035],[-119.28352,54.00512],[-119.28442,54.00744],[-119.28457,54.00782],[-119.28567,54.00927],[-119.28568,54.00929],[-119.28569,54.0093],[-119.28631,54.01],[-119.28828,54.01196],[-119.28869,54.01226],[-119.28916,54.01273],[-119.29045,54.01369],[-119.292,54.01502],[-119.29226,54.01519],[-119.29244,54.01537],[-119.29451,54.01692],[-119.2956,54.01785],[-119.2973,54.01901],[-119.2977,54.01916],[-119.29794,54.01934],[-119.29921,54.01995],[-119.29928,54.01997],[-119.29952,54.02009],[-119.30041,54.02049],[-119.3015,54.02],[-119.30228,54.01946],[-119.3031,54.01902],[-119.3038,54.01856],[-119.30437,54.01819],[-119.30466,54.01791],[-119.30489,54.01763],[-119.30508,54.01733],[-119.30552,54.01684],[-119.30594,54.01631],[-119.30631,54.01589],[-119.30671,54.01547],[-119.30709,54.015],[-119.30737,54.01421],[-119.30797,54.01361],[-119.30849,54.01331],[-119.30889,54.01326],[-119.3095,54.01308],[-119.30994,54.01275],[-119.31009,54.01232],[-119.31003,54.01206],[-119.31,54.0119],[-119.31012,54.01174],[-119.31048,54.01134],[-119.31074,54.01133],[-119.31152,54.01163],[-119.31241,54.01214],[-119.31347,54.01283],[-119.3143,54.01365],[-119.31524,54.01421],[-119.31582,54.01459],[-119.31606,54.01485],[-119.31656,54.01542],[-119.31709,54.01583],[-119.31777,54.01612],[-119.3183,54.0164],[-119.31916,54.01683],[-119.32003,54.01726],[-119.32096,54.01764],[-119.32132,54.01788],[-119.32156,54.01803],[-119.32189,54.01832],[-119.322,54.01867],[-119.322,54.01911],[-119.32208,54.01938],[-119.32219,54.01948],[-119.32196,54.01979],[-119.31679,54.01988],[-119.31673,54.01988],[-119.31594,54.01991],[-119.31514,54.01997],[-119.31436,54.02007],[-119.31359,54.02019],[-119.31283,54.02034],[-119.31209,54.02052],[-119.31138,54.02073],[-119.31069,54.02096],[-119.31069,54.02096],[-119.31002,54.02122],[-119.30939,54.02151],[-119.30879,54.02182],[-119.3085,54.02199],[-119.30675,54.02301],[-119.30581,54.02349],[-119.3054,54.0237],[-119.30483,54.02404],[-119.30431,54.02439],[-119.30382,54.02476],[-119.30374,54.02483],[-119.30292,54.02552],[-119.302,54.02616],[-119.30186,54.02626],[-119.30137,54.02663],[-119.30093,54.02702],[-119.30053,54.02743],[-119.30017,54.02785],[-119.30005,54.02802],[-119.2993,54.02906],[-119.29912,54.02933],[-119.29886,54.02977],[-119.29866,54.03023],[-119.2985,54.03069],[-119.29847,54.03081],[-119.29825,54.03168],[-119.29817,54.03203],[-119.29812,54.0325],[-119.29812,54.03297],[-119.29818,54.03408],[-119.29823,54.03454],[-119.29834,54.03501],[-119.29849,54.03547],[-119.2985,54.03548],[-119.29876,54.03615],[-119.29874,54.03657],[-119.29875,54.03699],[-119.2988,54.03746],[-119.29888,54.03785],[-119.29928,54.03939],[-119.29928,54.03941],[-119.29924,54.03945],[-119.29911,54.03962],[-119.2981,54.04091],[-119.29807,54.04094],[-119.29777,54.04138],[-119.29751,54.04182],[-119.2973,54.04228],[-119.29715,54.04274],[-119.29704,54.04321],[-119.29699,54.04368],[-119.29699,54.04377],[-119.29694,54.04527],[-119.29694,54.04565],[-119.29699,54.04612],[-119.2971,54.04659],[-119.29717,54.04683],[-119.2976,54.0481],[-119.29773,54.04858],[-119.29775,54.04863],[-119.2979,54.04909],[-119.29811,54.04955],[-119.29837,54.04999],[-119.29867,54.05043],[-119.29902,54.05085],[-119.29942,54.05126],[-119.29987,54.05165],[-119.30035,54.05202],[-119.30088,54.05237],[-119.30099,54.05244],[-119.30349,54.05398],[-119.30391,54.05422],[-119.30406,54.05436],[-119.30447,54.05472],[-119.30496,54.0551],[-119.30549,54.05545],[-119.30605,54.05578],[-119.30665,54.05609],[-119.30729,54.05638],[-119.30795,54.05664],[-119.30865,54.05688],[-119.30936,54.05708],[-119.30946,54.05711],[-119.30968,54.05741],[-119.31003,54.05784],[-119.31043,54.05824],[-119.31088,54.05864],[-119.31136,54.05901],[-119.31189,54.05936],[-119.31246,54.05969],[-119.31306,54.06],[-119.3133,54.06012],[-119.31515,54.06097],[-119.3159,54.06141],[-119.31655,54.06187],[-119.31693,54.06213],[-119.31777,54.06267],[-119.31786,54.06273],[-119.31792,54.06276],[-119.31903,54.06345],[-119.31954,54.06375],[-119.32014,54.06406],[-119.32078,54.06435],[-119.32144,54.06461],[-119.32183,54.06475],[-119.32343,54.06528],[-119.32446,54.06566],[-119.32447,54.06566],[-119.32515,54.06589],[-119.32515,54.06589],[-119.32587,54.0661],[-119.32661,54.06628],[-119.32737,54.06643],[-119.32814,54.06655],[-119.32892,54.06665],[-119.32972,54.06671],[-119.33051,54.06674],[-119.33068,54.06674],[-119.33092,54.06686],[-119.33098,54.06689],[-119.33305,54.06787],[-119.33363,54.06813],[-119.3343,54.06839],[-119.33499,54.06863],[-119.33517,54.06869],[-119.3364,54.06906],[-119.33694,54.06921],[-119.33768,54.06939],[-119.33843,54.06954],[-119.3385,54.06955],[-119.34013,54.06984],[-119.34084,54.06995],[-119.34154,54.07003],[-119.34151,54.07035],[-119.34151,54.07082],[-119.34154,54.07129],[-119.34159,54.07176],[-119.34165,54.07209],[-119.34183,54.07279],[-119.34187,54.07294],[-119.34202,54.0734],[-119.34223,54.07385],[-119.34249,54.0743],[-119.34279,54.07473],[-119.34315,54.07516],[-119.34355,54.07556],[-119.34399,54.07595],[-119.34483,54.07664],[-119.34484,54.07665],[-119.34533,54.07702],[-119.34549,54.07713],[-119.34661,54.0779],[-119.34697,54.07814],[-119.34716,54.07826],[-119.34869,54.07918],[-119.34907,54.0794],[-119.34947,54.0796],[-119.35113,54.08044],[-119.35134,54.08054],[-119.35197,54.08083],[-119.35264,54.08109],[-119.35333,54.08133],[-119.35405,54.08153],[-119.35479,54.08171],[-119.35554,54.08187],[-119.35603,54.08195],[-119.35834,54.0823],[-119.35862,54.08234],[-119.35941,54.08243],[-119.3602,54.08249],[-119.361,54.08252],[-119.3618,54.08252],[-119.36234,54.0825],[-119.36244,54.08252],[-119.36322,54.08264],[-119.3634,54.08267],[-119.36394,54.08298],[-119.36454,54.08329],[-119.36495,54.08348],[-119.36521,54.08367],[-119.36537,54.08378],[-119.36593,54.08417],[-119.3663,54.08441],[-119.36687,54.08474],[-119.36747,54.08505],[-119.3681,54.08534],[-119.36877,54.0856],[-119.36946,54.08584],[-119.37018,54.08604],[-119.37092,54.08622],[-119.37168,54.08637],[-119.37174,54.08639],[-119.37297,54.0866],[-119.37367,54.08671],[-119.37446,54.0868],[-119.37503,54.08685],[-119.37548,54.08693],[-119.37625,54.08705],[-119.37704,54.08714],[-119.37783,54.08721],[-119.37863,54.08724],[-119.37943,54.08724],[-119.38023,54.0872],[-119.3807,54.08717],[-119.38325,54.08696],[-119.38356,54.08693],[-119.38435,54.08684],[-119.38461,54.0868],[-119.38468,54.08682],[-119.3853,54.08695],[-119.38761,54.08738],[-119.38775,54.0874],[-119.38852,54.08752],[-119.38931,54.08761],[-119.3901,54.08767],[-119.3909,54.0877],[-119.3917,54.0877],[-119.39399,54.08766],[-119.39478,54.08763],[-119.3948,54.08763],[-119.39487,54.08762],[-119.39611,54.08807]]]},"properties":{"RANGE":"Mountain Goat and Sheep","ACRES10TM":47553.036507500001,"HA10TM":19244.031119499999,"OBJECTID":5,"SHAPE.STArea()":192440310.95085049,"SHAPE.STLength()":90990.843319201042}},{"type":"Feature","id":6,"geometry":{"type":"Polygon","coordinates":[[[-119.07081,54.01853],[-119.07337,54.01815],[-119.07545,54.0179],[-119.07565,54.01782],[-119.07587,54.01779],[-119.0781,54.01714],[-119.08055,54.01657],[-119.08477,54.01572],[-119.08529,54.0156],[-119.08536,54.01559],[-119.08974,54.01456],[-119.08978,54.01454],[-119.08985,54.01453],[-119.0946,54.01337],[-119.09499,54.01322],[-119.09542,54.01315],[-119.1004,54.01167],[-119.10577,54.01009],[-119.10605,54.00997],[-119.10707,54.00962],[-119.10895,54.00945],[-119.11036,54.00921],[-119.11201,54.00886],[-119.11589,54.00723],[-119.11736,54.00611],[-119.11842,54.00511],[-119.12008,54.00372],[-119.12187,54.00239],[-119.12189,54.00237],[-119.12197,54.00232],[-119.12421,54.0006],[-119.12428,54.00053],[-119.12451,54.00036],[-119.12637,53.99882],[-119.12872,53.9974],[-119.1288,53.99733],[-119.12893,53.99728],[-119.13149,53.99566],[-119.1315,53.99566],[-119.13244,53.99498],[-119.13509,53.99284],[-119.1354,53.99251],[-119.13586,53.99214],[-119.13928,53.98856],[-119.13968,53.98805],[-119.1398,53.98795],[-119.14254,53.9843],[-119.14267,53.98391],[-119.14301,53.98356],[-119.14489,53.98008],[-119.14494,53.98002],[-119.14501,53.97993],[-119.14504,53.9799],[-119.14558,53.97925],[-119.14602,53.97865],[-119.14603,53.9786],[-119.14607,53.97857],[-119.1464,53.97804],[-119.1467,53.97755],[-119.14671,53.97753],[-119.14672,53.97752],[-119.148,53.97543],[-119.14903,53.97388],[-119.14906,53.97377],[-119.14915,53.97368],[-119.15038,53.97166],[-119.15041,53.97157],[-119.15048,53.97149],[-119.15135,53.96994],[-119.15138,53.96982],[-119.15146,53.96974],[-119.15208,53.96851],[-119.15218,53.96805],[-119.15317,53.9668],[-119.1532,53.96669],[-119.15333,53.96657],[-119.15394,53.96573],[-119.15406,53.96586],[-119.15508,53.96691],[-119.15517,53.96698],[-119.15535,53.96717],[-119.15599,53.96777],[-119.15603,53.96785],[-119.15656,53.96868],[-119.15707,53.96927],[-119.15798,53.97021],[-119.15804,53.97025],[-119.15817,53.97041],[-119.15924,53.97143],[-119.16093,53.97266],[-119.16114,53.97284],[-119.16171,53.97317],[-119.16307,53.97395],[-119.16536,53.97528],[-119.16548,53.97532],[-119.16556,53.97539],[-119.1663,53.97577],[-119.16768,53.97642],[-119.17098,53.97753],[-119.17209,53.97774],[-119.17448,53.97814],[-119.17536,53.97833],[-119.17674,53.97874],[-119.1789,53.97944],[-119.18021,53.97979],[-119.18028,53.97982],[-119.18219,53.98027],[-119.18373,53.98063],[-119.18385,53.98064],[-119.18395,53.98068],[-119.18652,53.98107],[-119.18883,53.98127],[-119.18906,53.98129],[-119.19183,53.98164],[-119.19476,53.98212],[-119.19759,53.98267],[-119.1987,53.98293],[-119.19899,53.98305],[-119.19932,53.98324],[-119.1994,53.98327],[-119.19946,53.98332],[-119.20077,53.98395],[-119.20275,53.98477],[-119.2043,53.98526],[-119.20487,53.98548],[-119.20737,53.98613],[-119.20794,53.9862],[-119.20845,53.98638],[-119.21137,53.98695],[-119.2117,53.98698],[-119.21324,53.98722],[-119.21781,53.98766],[-119.21817,53.98768],[-119.21842,53.98771],[-119.22232,53.98797],[-119.22371,53.988],[-119.22382,53.98801],[-119.22866,53.98798],[-119.23293,53.98805],[-119.23326,53.98802],[-119.23366,53.98805],[-119.23483,53.988],[-119.2388,53.9877],[-119.24045,53.98743],[-119.24156,53.9873],[-119.24397,53.98676],[-119.24427,53.98664],[-119.24468,53.98658],[-119.24598,53.98618],[-119.24865,53.98523],[-119.25123,53.984],[-119.25302,53.98254],[-119.25397,53.98152],[-119.2547,53.9806],[-119.25522,53.97954],[-119.25547,53.97884],[-119.25547,53.97884],[-119.25547,53.97883],[-119.25578,53.97796],[-119.25613,53.97715],[-119.2563,53.9762],[-119.25649,53.97566],[-119.25654,53.97472],[-119.25647,53.9745],[-119.25654,53.97423],[-119.25624,53.97285],[-119.25546,53.97085],[-119.25469,53.96951],[-119.25392,53.96866],[-119.25286,53.96766],[-119.25147,53.96635],[-119.24947,53.96491],[-119.24615,53.9636],[-119.24527,53.96336],[-119.24431,53.96308],[-119.24324,53.96281],[-119.24019,53.96239],[-119.23889,53.96231],[-119.23806,53.962],[-119.23552,53.9609],[-119.23346,53.95996],[-119.2322,53.95926],[-119.23217,53.95924],[-119.23217,53.95923],[-119.23308,53.95863],[-119.23322,53.95849],[-119.23433,53.95763],[-119.23546,53.95655],[-119.2363,53.95554],[-119.2364,53.95545],[-119.23728,53.95415],[-119.23731,53.95405],[-119.23741,53.95396],[-119.2379,53.95317],[-119.23833,53.95157],[-119.23864,53.95051],[-119.23855,53.94853],[-119.23854,53.9485],[-119.23855,53.94848],[-119.2384,53.94756],[-119.23775,53.9452],[-119.23767,53.94504],[-119.23761,53.94477],[-119.23702,53.9432],[-119.23623,53.94182],[-119.23563,53.94114],[-119.23432,53.93982],[-119.23354,53.93925],[-119.23295,53.93871],[-119.23175,53.93791],[-119.23378,53.93808],[-119.23572,53.93845],[-119.23795,53.93899],[-119.24076,53.93968],[-119.2426,53.94023],[-119.24417,53.9409],[-119.24424,53.94092],[-119.24436,53.94098],[-119.24724,53.94217],[-119.24842,53.94254],[-119.24903,53.94278],[-119.25138,53.94343],[-119.25221,53.94364],[-119.25222,53.94365],[-119.25405,53.94406],[-119.25415,53.94407],[-119.25423,53.9441],[-119.25634,53.94455],[-119.25636,53.94455],[-119.25638,53.94456],[-119.25879,53.94508],[-119.25893,53.94509],[-119.26079,53.94539],[-119.26292,53.94561],[-119.26312,53.94562],[-119.26331,53.94565],[-119.26687,53.94596],[-119.26702,53.94596],[-119.26713,53.94598],[-119.27114,53.94627],[-119.27301,53.94632],[-119.27319,53.94629],[-119.27336,53.94631],[-119.2758,53.94622],[-119.27799,53.94622],[-119.27817,53.9462],[-119.27837,53.94621],[-119.28026,53.94593],[-119.283,53.94558],[-119.28323,53.94548],[-119.28348,53.94544],[-119.28421,53.94522],[-119.28577,53.94478],[-119.28619,53.9446],[-119.2883,53.94381],[-119.28976,53.94309],[-119.29081,53.9425],[-119.29332,53.94012],[-119.2941,53.93736],[-119.29399,53.93661],[-119.29396,53.93646],[-119.29398,53.93565],[-119.29392,53.9355],[-119.29397,53.93532],[-119.29339,53.934],[-119.29289,53.93259],[-119.29271,53.93244],[-119.29264,53.93228],[-119.29196,53.9315],[-119.2909,53.92997],[-119.29032,53.92908],[-119.29196,53.92969],[-119.29222,53.92977],[-119.29241,53.92985],[-119.29532,53.93083],[-119.29708,53.93132],[-119.298,53.9315],[-119.30066,53.93195],[-119.30231,53.93242],[-119.30332,53.93268],[-119.30675,53.93312],[-119.30763,53.93316],[-119.30929,53.93331],[-119.31156,53.93339],[-119.31201,53.93333],[-119.31239,53.93336],[-119.31431,53.93325],[-119.31463,53.9332],[-119.31566,53.93312],[-119.31764,53.93287],[-119.31895,53.93261],[-119.3194,53.93256],[-119.321,53.9322],[-119.32169,53.93193],[-119.32247,53.9318],[-119.32409,53.93128],[-119.32717,53.92988],[-119.32737,53.92969],[-119.32763,53.92957],[-119.32873,53.92879],[-119.33078,53.92671],[-119.33152,53.92476],[-119.33165,53.92383],[-119.33308,53.92421],[-119.33501,53.92484],[-119.33665,53.92529],[-119.33781,53.92551],[-119.34034,53.92591],[-119.34037,53.92591],[-119.34047,53.92593],[-119.34441,53.92651],[-119.3485,53.92719],[-119.34854,53.92719],[-119.34863,53.92721],[-119.35077,53.92755],[-119.35249,53.92766],[-119.35355,53.92779],[-119.35575,53.92782],[-119.35601,53.92779],[-119.35632,53.92783],[-119.35963,53.92779],[-119.35977,53.92777],[-119.35991,53.92779],[-119.36345,53.9277],[-119.36518,53.92766],[-119.36884,53.92773],[-119.36933,53.92767],[-119.36989,53.92772],[-119.37331,53.92762],[-119.37336,53.92761],[-119.37418,53.92757],[-119.37789,53.9273],[-119.38141,53.92671],[-119.38266,53.92628],[-119.38289,53.92626],[-119.38507,53.92598],[-119.38748,53.92551],[-119.39134,53.92387],[-119.39138,53.92384],[-119.39143,53.92382],[-119.39191,53.92351],[-119.39433,53.92118],[-119.3951,53.91841],[-119.39401,53.91568],[-119.39349,53.9151],[-119.39426,53.91497],[-119.3969,53.91463],[-119.39751,53.91451],[-119.39794,53.91447],[-119.40239,53.91365],[-119.4027,53.91358],[-119.40281,53.91356],[-119.40717,53.91265],[-119.40723,53.91264],[-119.40724,53.91264],[-119.41236,53.91155],[-119.4125,53.91152],[-119.41254,53.91151],[-119.41727,53.91046],[-119.4176,53.91033],[-119.41805,53.91027],[-119.41963,53.90984],[-119.41982,53.90981],[-119.42137,53.90968],[-119.42154,53.90965],[-119.42194,53.90962],[-119.42408,53.90939],[-119.4259,53.90905],[-119.42622,53.90899],[-119.42659,53.90894],[-119.42943,53.90823],[-119.42951,53.9082],[-119.42961,53.90818],[-119.43414,53.90699],[-119.43419,53.90697],[-119.43424,53.90697],[-119.43516,53.90669],[-119.43774,53.90584],[-119.43774,53.90482],[-119.41297,53.90482],[-119.41297,53.89028],[-119.36342,53.89027],[-119.36341,53.87572],[-119.3138,53.87572],[-119.31381,53.86118],[-119.28901,53.86117],[-119.28903,53.84699],[-119.23554,53.84701],[-119.18284,53.84701],[-119.17945,53.847],[-119.17904,53.84701],[-119.1789,53.84671],[-119.17872,53.84671],[-119.17866,53.84693],[-119.17867,53.84697],[-119.17866,53.847],[-119.17888,53.85033],[-119.1789,53.85036],[-119.17909,53.85139],[-119.17923,53.85183],[-119.17961,53.853],[-119.17967,53.85311],[-119.1797,53.85325],[-119.1802,53.85455],[-119.18064,53.85532],[-119.18072,53.85554],[-119.18127,53.85638],[-119.18194,53.85747],[-119.18265,53.85899],[-119.18329,53.86005],[-119.18578,53.86218],[-119.18694,53.86286],[-119.187,53.86288],[-119.18704,53.86292],[-119.18891,53.864],[-119.18945,53.86421],[-119.18978,53.86446],[-119.19215,53.86558],[-119.19457,53.86699],[-119.19512,53.8672],[-119.19546,53.86746],[-119.19844,53.86889],[-119.20038,53.86955],[-119.20135,53.86992],[-119.20333,53.87042],[-119.20355,53.87044],[-119.20376,53.87052],[-119.20487,53.87073],[-119.20502,53.87076],[-119.20735,53.87113],[-119.20762,53.87115],[-119.20823,53.87125],[-119.21222,53.87171],[-119.2155,53.87213],[-119.2163,53.87233],[-119.21673,53.87248],[-119.21755,53.87291],[-119.21912,53.8738],[-119.21916,53.87381],[-119.21919,53.87384],[-119.22125,53.87476],[-119.22278,53.8753],[-119.22404,53.87578],[-119.22633,53.87646],[-119.2265,53.87648],[-119.22665,53.87653],[-119.22855,53.87692],[-119.22861,53.87693],[-119.22864,53.87694],[-119.23118,53.87744],[-119.23326,53.87787],[-119.23406,53.87809],[-119.23521,53.8785],[-119.23592,53.87871],[-119.23622,53.87883],[-119.23688,53.87902],[-119.23682,53.87905],[-119.23525,53.87985],[-119.23435,53.88036],[-119.23184,53.88274],[-119.2318,53.88289],[-119.23168,53.88301],[-119.2312,53.88386],[-119.23105,53.88444],[-119.23059,53.88574],[-119.23054,53.88627],[-119.23032,53.88695],[-119.23013,53.88848],[-119.23013,53.8885],[-119.23013,53.88852],[-119.2302,53.88961],[-119.23028,53.88983],[-119.23024,53.89002],[-119.23043,53.89122],[-119.23044,53.89124],[-119.23045,53.89136],[-119.23068,53.89256],[-119.23168,53.89472],[-119.23198,53.89497],[-119.23208,53.8952],[-119.23303,53.89623],[-119.23322,53.89637],[-119.23367,53.89685],[-119.23398,53.89711],[-119.2342,53.89744],[-119.23434,53.89756],[-119.23441,53.89772],[-119.2362,53.8994],[-119.23724,53.90013],[-119.23821,53.90074],[-119.23855,53.90086],[-119.23825,53.90096],[-119.23374,53.90239],[-119.2299,53.90338],[-119.22715,53.90383],[-119.22444,53.9041],[-119.22373,53.90423],[-119.223,53.9043],[-119.2203,53.90477],[-119.21874,53.90511],[-119.2184,53.90526],[-119.21805,53.90531],[-119.21652,53.90579],[-119.2156,53.90608],[-119.21502,53.90634],[-119.21489,53.9064],[-119.21347,53.90692],[-119.21174,53.90778],[-119.21026,53.90836],[-119.20925,53.90886],[-119.20873,53.90906],[-119.20765,53.90964],[-119.20642,53.9101],[-119.204,53.91127],[-119.20302,53.91197],[-119.20207,53.91275],[-119.20065,53.91381],[-119.20007,53.91441],[-119.19929,53.91508],[-119.1986,53.91589],[-119.19782,53.91673],[-119.19712,53.91764],[-119.19633,53.92041],[-119.19646,53.92123],[-119.19665,53.92198],[-119.19657,53.92302],[-119.19665,53.92326],[-119.19656,53.92355],[-119.19675,53.92461],[-119.19742,53.92681],[-119.1979,53.92771],[-119.19568,53.92773],[-119.19563,53.92774],[-119.19557,53.92774],[-119.19242,53.92804],[-119.19006,53.92846],[-119.18915,53.92866],[-119.18901,53.92868],[-119.187,53.92916],[-119.18693,53.92919],[-119.18683,53.9292],[-119.18522,53.9296],[-119.1835,53.92999],[-119.18295,53.93021],[-119.18228,53.93031],[-119.18039,53.93088],[-119.18039,53.93088],[-119.18039,53.93088],[-119.17801,53.93159],[-119.17748,53.93183],[-119.17591,53.9324],[-119.17477,53.93294],[-119.17404,53.93329],[-119.1736,53.93353],[-119.17355,53.93355],[-119.17316,53.93049],[-119.17347,53.92591],[-119.1734,53.92568],[-119.17348,53.92539],[-119.17269,53.92306],[-119.1705,53.91965],[-119.17031,53.91949],[-119.17022,53.91925],[-119.1694,53.91835],[-119.16601,53.9152],[-119.16407,53.91382],[-119.16397,53.91378],[-119.1639,53.91373],[-119.15831,53.91074],[-119.15818,53.91069],[-119.15681,53.91005],[-119.15064,53.90766],[-119.14828,53.90695],[-119.14599,53.90659],[-119.14086,53.90608],[-119.13402,53.90473],[-119.1298,53.90436],[-119.12605,53.90478],[-119.11808,53.90646],[-119.11739,53.90673],[-119.11654,53.90686],[-119.1092,53.90913],[-119.10899,53.90923],[-119.10812,53.90951],[-119.1024,53.91175],[-119.10231,53.91179],[-119.10218,53.91183],[-119.09492,53.91481],[-119.08904,53.91662],[-119.08883,53.91671],[-119.08792,53.91701],[-119.0816,53.9195],[-119.07949,53.92055],[-119.07441,53.92373],[-119.0723,53.92554],[-119.06945,53.92904],[-119.06904,53.9296],[-119.06896,53.92988],[-119.06876,53.93008],[-119.06692,53.93368],[-119.06681,53.93417],[-119.06647,53.93505],[-119.06584,53.93874],[-119.06584,53.93876],[-119.06584,53.93877],[-119.06524,53.94244],[-119.06434,53.94634],[-119.06343,53.94889],[-119.06307,53.9497],[-119.06127,53.95112],[-119.05959,53.95232],[-119.05724,53.95378],[-119.05542,53.95482],[-119.0537,53.95562],[-119.0521,53.95629],[-119.05029,53.95721],[-119.04828,53.95891],[-119.04752,53.95979],[-119.04706,53.96041],[-119.04704,53.96042],[-119.04664,53.96103],[-119.04573,53.96216],[-119.04557,53.96238],[-119.04553,53.96241],[-119.04405,53.96443],[-119.04271,53.96622],[-119.04266,53.96639],[-119.04247,53.96656],[-119.04175,53.9683],[-119.04145,53.96985],[-119.04097,53.97173],[-119.04026,53.97409],[-119.03982,53.97528],[-119.03925,53.97603],[-119.03923,53.9761],[-119.03915,53.97617],[-119.03808,53.97766],[-119.03638,53.97976],[-119.03598,53.98031],[-119.03594,53.98046],[-119.03582,53.98058],[-119.03421,53.98339],[-119.03274,53.98555],[-119.0321,53.98634],[-119.03151,53.98677],[-119.03069,53.98722],[-119.03048,53.9874],[-119.03013,53.98755],[-119.0276,53.98992],[-119.0268,53.99269],[-119.02696,53.99363],[-119.02728,53.99479],[-119.02792,54.00016],[-119.02895,54.0026],[-119.02973,54.00346],[-119.03269,54.00626],[-119.03386,54.0071],[-119.03424,54.00744],[-119.04215,54.0123],[-119.04239,54.01239],[-119.04259,54.01255],[-119.04591,54.0144],[-119.04682,54.01473],[-119.04994,54.01589],[-119.0502,54.01591],[-119.0504,54.01598],[-119.05815,54.01752],[-119.05842,54.01754],[-119.05982,54.01777],[-119.06551,54.01839],[-119.06708,54.01846],[-119.06749,54.0185],[-119.07022,54.01853],[-119.0705,54.0185],[-119.07081,54.01853]]]},"properties":{"RANGE":"Mountain Goat and Sheep","ACRES10TM":51218.946609500003,"HA10TM":20727.572303500001,"OBJECTID":6,"SHAPE.STArea()":207275722.52808985,"SHAPE.STLength()":100269.07231121123}},{"type":"Feature","id":7,"geometry":{"type":"Polygon","coordinates":[[[-119.45632,53.92969],[-119.45492,53.93122],[-119.45422,53.93212],[-119.45421,53.93215],[-119.45418,53.93218],[-119.45311,53.93392],[-119.45309,53.93397],[-119.45305,53.93401],[-119.45191,53.93594],[-119.45189,53.93603],[-119.45182,53.9361],[-119.45089,53.9378],[-119.45072,53.93854],[-119.45031,53.93972],[-119.45025,53.94075],[-119.45025,53.94076],[-119.45024,53.94077],[-119.45018,53.9418],[-119.45028,53.9421],[-119.45019,53.94245],[-119.45033,53.94402],[-119.45036,53.94408],[-119.45048,53.94481],[-119.45104,53.94679],[-119.45138,53.94746],[-119.45154,53.94796],[-119.45221,53.94911],[-119.45248,53.94984],[-119.45299,53.95075],[-119.45308,53.95099],[-119.45415,53.95257],[-119.4543,53.9527],[-119.45437,53.95287],[-119.45494,53.95352],[-119.45556,53.95415],[-119.45609,53.95485],[-119.45636,53.95507],[-119.45646,53.9553],[-119.45725,53.95617],[-119.45854,53.95715],[-119.45933,53.95783],[-119.46105,53.95886],[-119.46109,53.95887],[-119.46112,53.9589],[-119.46259,53.95977],[-119.46415,53.96074],[-119.46445,53.96086],[-119.4647,53.96106],[-119.46658,53.96191],[-119.46747,53.96224],[-119.46838,53.96262],[-119.46939,53.96294],[-119.4701,53.96323],[-119.47207,53.96379],[-119.47254,53.96391],[-119.47261,53.96394],[-119.47504,53.96456],[-119.47674,53.96507],[-119.47799,53.96539],[-119.47944,53.96565],[-119.4844,53.96635],[-119.48706,53.9665],[-119.48722,53.96651],[-119.48722,53.96306],[-119.48722,53.95583],[-119.48722,53.94869],[-119.48722,53.94842],[-119.48722,53.9412],[-119.48722,53.93397],[-119.48722,53.93388],[-119.45635,53.9339],[-119.45635,53.92967],[-119.45632,53.92969]]]},"properties":{"RANGE":"Mountain Goat and Sheep","ACRES10TM":1801.71713224,"HA10TM":729.12905479999995,"OBJECTID":7,"SHAPE.STArea()":7291290.4882691205,"SHAPE.STLength()":11601.331261495423}},{"type":"Feature","id":15,"geometry":{"type":"MultiPolygon","coordinates":[[[[-119.76932,54.17863],[-119.77874,54.17899],[-119.78781,54.17929],[-119.79446,54.17894],[-119.80118,54.17797],[-119.80737,54.17697],[-119.81123,54.17623],[-119.81434,54.17619],[-119.81824,54.1766],[-119.82409,54.17697],[-119.83148,54.1771],[-119.83728,54.17633],[-119.84345,54.17487],[-119.84921,54.17295],[-119.85613,54.17166],[-119.86271,54.17145],[-119.86812,54.17179],[-119.87563,54.17258],[-119.88186,54.17273],[-119.88535,54.17268],[-119.8903,54.17229],[-119.89673,54.17136],[-119.90099,54.17119],[-119.90487,54.17127],[-119.91103,54.17149],[-119.91348,54.17167],[-119.91236,54.17131],[-119.91172,54.17116],[-119.91096,54.17098],[-119.91004,54.17082],[-119.9098,54.17081],[-119.90943,54.17086],[-119.909,54.17093],[-119.90778,54.17118],[-119.90678,54.17128],[-119.90656,54.17126],[-119.90561,54.17078],[-119.90476,54.1704],[-119.90438,54.17032],[-119.9037,54.17023],[-119.90292,54.17026],[-119.90257,54.17024],[-119.90216,54.17016],[-119.90148,54.16989],[-119.89712,54.16869],[-119.89663,54.16854],[-119.89647,54.16849],[-119.8964,54.16844],[-119.89638,54.16837],[-119.89665,54.16803],[-119.89671,54.16787],[-119.89688,54.16761],[-119.89694,54.16736],[-119.89697,54.16705],[-119.89706,54.16687],[-119.89712,54.1667],[-119.89713,54.16661],[-119.89712,54.16651],[-119.89705,54.16643],[-119.89692,54.16636],[-119.89655,54.16623],[-119.89477,54.16586],[-119.89379,54.16554],[-119.89274,54.16526],[-119.89168,54.16504],[-119.89037,54.16487],[-119.88979,54.16482],[-119.88926,54.16482],[-119.88896,54.16481],[-119.88868,54.16476],[-119.88848,54.1647],[-119.88825,54.16455],[-119.88805,54.16432],[-119.88764,54.16378],[-119.88741,54.16359],[-119.8873,54.1635],[-119.88709,54.16343],[-119.88681,54.16332],[-119.88663,54.16316],[-119.88652,54.163],[-119.88646,54.16278],[-119.88635,54.16259],[-119.8862,54.1624],[-119.88605,54.16226],[-119.8857,54.16212],[-119.88532,54.16197],[-119.8848,54.16185],[-119.8845,54.16183],[-119.8842,54.16182],[-119.8838,54.16177],[-119.88181,54.16145],[-119.88121,54.16144],[-119.88071,54.16142],[-119.8804,54.16139],[-119.88005,54.16132],[-119.87955,54.16126],[-119.87901,54.16117],[-119.87871,54.16112],[-119.87826,54.16109],[-119.87741,54.16107],[-119.87634,54.1611],[-119.87601,54.16108],[-119.8757,54.16104],[-119.87506,54.16094],[-119.87469,54.16084],[-119.87441,54.16082],[-119.8742,54.16082],[-119.87392,54.1608],[-119.87368,54.16077],[-119.87342,54.16075],[-119.87279,54.16078],[-119.87213,54.16077],[-119.87153,54.16078],[-119.87144,54.1608],[-119.87135,54.16083],[-119.87128,54.16086],[-119.87124,54.16087],[-119.87119,54.16088],[-119.87114,54.16086],[-119.8711,54.16083],[-119.87103,54.16077],[-119.86917,54.15866],[-119.86916,54.15861],[-119.86916,54.15857],[-119.86921,54.15847],[-119.86927,54.15837],[-119.86929,54.15831],[-119.86928,54.15826],[-119.86924,54.15821],[-119.86885,54.15796],[-119.86874,54.15787],[-119.86863,54.15768],[-119.86848,54.15741],[-119.86825,54.1569],[-119.86766,54.15632],[-119.86725,54.15603],[-119.86698,54.15578],[-119.86664,54.15555],[-119.86633,54.15532],[-119.86599,54.15511],[-119.8658,54.15507],[-119.86556,54.15506],[-119.86527,54.1551],[-119.86505,54.15504],[-119.86488,54.15496],[-119.86414,54.15472],[-119.86316,54.15455],[-119.86266,54.15449],[-119.86228,54.15441],[-119.86186,54.15432],[-119.86177,54.15431],[-119.86167,54.1543],[-119.86155,54.15431],[-119.86088,54.15439],[-119.8605,54.15441],[-119.85994,54.15446],[-119.85933,54.15454],[-119.8587,54.15459],[-119.85835,54.15463],[-119.85795,54.15465],[-119.8576,54.15463],[-119.85742,54.15464],[-119.85727,54.15467],[-119.85692,54.15476],[-119.85649,54.15492],[-119.85545,54.15541],[-119.85485,54.15546],[-119.85414,54.15562],[-119.85333,54.15578],[-119.85289,54.15582],[-119.85256,54.15584],[-119.85243,54.15582],[-119.85234,54.15578],[-119.85226,54.15572],[-119.8522,54.15565],[-119.85195,54.15535],[-119.85138,54.1549],[-119.85118,54.1547],[-119.8511,54.15462],[-119.85101,54.15457],[-119.85093,54.15451],[-119.8506,54.1543],[-119.85035,54.15417],[-119.8501,54.15404],[-119.84992,54.15396],[-119.84934,54.15381],[-119.84849,54.15345],[-119.84846,54.15344],[-119.84789,54.15337],[-119.84751,54.15337],[-119.84702,54.15339],[-119.84687,54.15339],[-119.84669,54.15336],[-119.8465,54.15332],[-119.84614,54.15323],[-119.84575,54.15317],[-119.84474,54.15296],[-119.84335,54.15273],[-119.84297,54.15268],[-119.84243,54.15264],[-119.84195,54.15262],[-119.8416,54.15261],[-119.84125,54.15258],[-119.84057,54.15254],[-119.84016,54.15252],[-119.83985,54.1525],[-119.83969,54.15245],[-119.83962,54.15243],[-119.83958,54.15242],[-119.83954,54.15243],[-119.83947,54.15246],[-119.83941,54.15251],[-119.83913,54.15274],[-119.83887,54.15292],[-119.83828,54.15329],[-119.83778,54.15354],[-119.83677,54.15394],[-119.83625,54.15424],[-119.8361,54.15426],[-119.8359,54.15425],[-119.83576,54.15425],[-119.83496,54.15461],[-119.83393,54.15471],[-119.83341,54.15482],[-119.83253,54.15489],[-119.83137,54.15509],[-119.83099,54.15513],[-119.83062,54.15516],[-119.82981,54.15516],[-119.82958,54.15517],[-119.82938,54.15517],[-119.82927,54.15514],[-119.8291,54.15508],[-119.82889,54.15502],[-119.82868,54.15501],[-119.82846,54.15503],[-119.82806,54.15511],[-119.82773,54.15521],[-119.82724,54.15533],[-119.82659,54.15548],[-119.82588,54.15548],[-119.82535,54.15552],[-119.8252,54.15554],[-119.82508,54.15556],[-119.82474,54.15563],[-119.82461,54.15565],[-119.82445,54.15567],[-119.8239,54.15571],[-119.82389,54.15571],[-119.82309,54.15575],[-119.82287,54.15576],[-119.82262,54.15579],[-119.82236,54.15582],[-119.82219,54.15586],[-119.82154,54.15602],[-119.82129,54.1561],[-119.82107,54.15619],[-119.82055,54.15643],[-119.82015,54.15659],[-119.81953,54.15691],[-119.81917,54.15713],[-119.81879,54.15735],[-119.81855,54.15749],[-119.8183,54.15772],[-119.81808,54.15785],[-119.81787,54.15798],[-119.81754,54.15812],[-119.81716,54.15827],[-119.81681,54.15842],[-119.81661,54.15854],[-119.81641,54.15866],[-119.81601,54.1589],[-119.81572,54.15914],[-119.81561,54.15921],[-119.81554,54.15923],[-119.81546,54.15923],[-119.8154,54.15923],[-119.81534,54.15921],[-119.81508,54.15908],[-119.81407,54.15867],[-119.81348,54.15844],[-119.81281,54.15821],[-119.81272,54.15814],[-119.81262,54.15807],[-119.8125,54.15796],[-119.81238,54.15789],[-119.81231,54.15787],[-119.81219,54.15786],[-119.81196,54.15785],[-119.81126,54.15789],[-119.81008,54.158],[-119.80955,54.15798],[-119.80901,54.158],[-119.80861,54.15805],[-119.80819,54.15814],[-119.80725,54.15839],[-119.80566,54.15867],[-119.80525,54.1587],[-119.80482,54.15866],[-119.80433,54.15864],[-119.80365,54.15876],[-119.80343,54.15876],[-119.80334,54.15874],[-119.80325,54.15871],[-119.80263,54.15833],[-119.80216,54.1581],[-119.80174,54.15793],[-119.80112,54.15778],[-119.80087,54.15771],[-119.80056,54.15766],[-119.80004,54.15761],[-119.7997,54.15759],[-119.79942,54.15756],[-119.79926,54.15755],[-119.799,54.15743],[-119.79871,54.15735],[-119.79839,54.15731],[-119.79806,54.15727],[-119.79779,54.15721],[-119.79747,54.15717],[-119.79723,54.15718],[-119.79695,54.15721],[-119.79627,54.15721],[-119.7957,54.15722],[-119.79467,54.15712],[-119.79393,54.1571],[-119.79327,54.15713],[-119.79286,54.15714],[-119.79223,54.15722],[-119.7919,54.15724],[-119.79154,54.15724],[-119.79107,54.15722],[-119.79022,54.15722],[-119.78995,54.15725],[-119.78934,54.15734],[-119.78892,54.15737],[-119.78841,54.15741],[-119.78762,54.15756],[-119.78721,54.15764],[-119.78667,54.1578],[-119.78614,54.15786],[-119.78581,54.1579],[-119.78545,54.15798],[-119.78513,54.15802],[-119.78487,54.15804],[-119.78458,54.15806],[-119.78425,54.15809],[-119.78401,54.15814],[-119.78378,54.1582],[-119.7833,54.15843],[-119.78261,54.15871],[-119.7822,54.15882],[-119.78196,54.1589],[-119.78179,54.15899],[-119.78174,54.15908],[-119.78166,54.15935],[-119.7816,54.1595],[-119.7815,54.15969],[-119.78146,54.15972],[-119.78142,54.15975],[-119.7808,54.16023],[-119.77944,54.16105],[-119.77755,54.16232],[-119.77653,54.16312],[-119.77659,54.16218],[-119.77646,54.16047],[-119.77612,54.15997],[-119.77554,54.15937],[-119.77453,54.1586],[-119.77408,54.15841],[-119.77357,54.15825],[-119.77285,54.15809],[-119.77191,54.15796],[-119.77131,54.15779],[-119.77076,54.15755],[-119.76922,54.15688],[-119.76784,54.15641],[-119.76705,54.15614],[-119.76655,54.15585],[-119.76604,54.15548],[-119.76585,54.15542],[-119.76564,54.15539],[-119.76544,54.15537],[-119.76524,54.15538],[-119.76512,54.15545],[-119.76487,54.15566],[-119.76443,54.15593],[-119.76387,54.15625],[-119.76354,54.15645],[-119.76315,54.15666],[-119.76247,54.15695],[-119.76194,54.15712],[-119.76128,54.15723],[-119.7606,54.15736],[-119.76037,54.1574],[-119.76003,54.15739],[-119.75985,54.15735],[-119.75971,54.1573],[-119.75927,54.15689],[-119.75896,54.1567],[-119.75876,54.15653],[-119.7586,54.15628],[-119.75839,54.156],[-119.75808,54.15552],[-119.75793,54.15501],[-119.75781,54.1548],[-119.75766,54.15455],[-119.75745,54.1543],[-119.75727,54.15419],[-119.75671,54.15385],[-119.75642,54.1536],[-119.75601,54.15348],[-119.75566,54.15336],[-119.7553,54.15313],[-119.75507,54.15294],[-119.75484,54.15289],[-119.75433,54.15281],[-119.75383,54.15279],[-119.75295,54.15256],[-119.75257,54.15246],[-119.75179,54.15237],[-119.75145,54.15239],[-119.75111,54.15249],[-119.75097,54.15254],[-119.75065,54.15249],[-119.75036,54.15243],[-119.74999,54.15238],[-119.74975,54.15231],[-119.74869,54.15222],[-119.74802,54.15213],[-119.74729,54.15188],[-119.74629,54.15175],[-119.74552,54.15153],[-119.7451,54.15141],[-119.74387,54.15117],[-119.74292,54.15087],[-119.74234,54.15074],[-119.7418,54.15066],[-119.74135,54.15059],[-119.74078,54.1505],[-119.74013,54.15043],[-119.73946,54.15038],[-119.73877,54.15035],[-119.73833,54.15032],[-119.73817,54.15029],[-119.7381,54.15028],[-119.73806,54.15025],[-119.73805,54.15022],[-119.73804,54.15009],[-119.73802,54.14998],[-119.73794,54.14964],[-119.73789,54.14938],[-119.73785,54.14901],[-119.73781,54.14877],[-119.73779,54.14845],[-119.7378,54.14809],[-119.73783,54.14766],[-119.73776,54.14716],[-119.73772,54.14673],[-119.73768,54.14649],[-119.73758,54.14622],[-119.73724,54.1457],[-119.73714,54.14542],[-119.73696,54.14483],[-119.73692,54.14473],[-119.73684,54.14465],[-119.73661,54.14448],[-119.73619,54.14419],[-119.73575,54.14382],[-119.73499,54.14321],[-119.73414,54.14274],[-119.73321,54.1421],[-119.7326,54.14181],[-119.73233,54.14172],[-119.73203,54.14171],[-119.73147,54.14177],[-119.7311,54.14176],[-119.73085,54.1417],[-119.73041,54.14161],[-119.73011,54.1416],[-119.72894,54.14167],[-119.72708,54.14162],[-119.72633,54.1416],[-119.72587,54.14165],[-119.72535,54.14177],[-119.72501,54.14182],[-119.72292,54.1418],[-119.72163,54.14173],[-119.72105,54.14167],[-119.7207,54.14161],[-119.72032,54.14154],[-119.71997,54.14141],[-119.71906,54.14087],[-119.71847,54.14039],[-119.71803,54.14004],[-119.71754,54.13977],[-119.71713,54.13942],[-119.71678,54.13906],[-119.71644,54.13868],[-119.71593,54.13823],[-119.71521,54.1377],[-119.71492,54.1374],[-119.71462,54.1372],[-119.71429,54.13705],[-119.71363,54.13684],[-119.71298,54.13665],[-119.71255,54.13652],[-119.71216,54.13635],[-119.71161,54.13602],[-119.71088,54.13566],[-119.71031,54.13542],[-119.70986,54.13519],[-119.70955,54.13508],[-119.70929,54.13503],[-119.70864,54.13503],[-119.70777,54.13517],[-119.70681,54.13521],[-119.7059,54.13519],[-119.70512,54.13519],[-119.70499,54.13521],[-119.70489,54.13524],[-119.70471,54.13535],[-119.70449,54.13547],[-119.70423,54.13563],[-119.70397,54.13575],[-119.70371,54.13585],[-119.70327,54.13595],[-119.7023,54.1361],[-119.70186,54.13617],[-119.70151,54.13628],[-119.70059,54.13665],[-119.70019,54.13676],[-119.69982,54.13683],[-119.69943,54.13685],[-119.69908,54.13681],[-119.69882,54.13675],[-119.69864,54.13674],[-119.69839,54.13673],[-119.69787,54.13675],[-119.69758,54.13675],[-119.69726,54.1367],[-119.69677,54.13659],[-119.69649,54.13651],[-119.69578,54.13621],[-119.69501,54.13576],[-119.6944,54.13548],[-119.69407,54.1353],[-119.69335,54.13488],[-119.69302,54.13473],[-119.69276,54.13454],[-119.69264,54.1345],[-119.69247,54.13444],[-119.69169,54.13418],[-119.6911,54.1339],[-119.69042,54.13346],[-119.68988,54.13311],[-119.68966,54.13287],[-119.6894,54.13269],[-119.68903,54.13226],[-119.68882,54.13189],[-119.6884,54.13135],[-119.68831,54.1311],[-119.68818,54.13081],[-119.68792,54.13043],[-119.68775,54.12995],[-119.68774,54.12972],[-119.6877,54.12941],[-119.6876,54.12922],[-119.68739,54.12894],[-119.68719,54.12875],[-119.68684,54.12831],[-119.6864,54.1281],[-119.68594,54.12789],[-119.68553,54.12767],[-119.68509,54.12746],[-119.68467,54.1272],[-119.68384,54.12668],[-119.68313,54.12623],[-119.68275,54.12597],[-119.68233,54.12563],[-119.68164,54.12507],[-119.68154,54.125],[-119.68084,54.12445],[-119.68026,54.12406],[-119.67994,54.12372],[-119.67959,54.12358],[-119.67883,54.12341],[-119.67848,54.12325],[-119.67818,54.12305],[-119.67786,54.1228],[-119.67691,54.12242],[-119.67628,54.12213],[-119.67599,54.12201],[-119.67545,54.12169],[-119.67522,54.12156],[-119.67445,54.12122],[-119.67429,54.12112],[-119.67387,54.12093],[-119.67346,54.12064],[-119.67324,54.12038],[-119.67301,54.12014],[-119.67278,54.11993],[-119.67213,54.11952],[-119.67175,54.11931],[-119.67138,54.11909],[-119.67113,54.11888],[-119.67087,54.11867],[-119.67065,54.11841],[-119.6696,54.11743],[-119.66919,54.11692],[-119.66847,54.11614],[-119.66797,54.11575],[-119.66755,54.11552],[-119.66714,54.11518],[-119.6668,54.11494],[-119.66674,54.11488],[-119.66237,54.11703],[-119.6575,54.11957],[-119.65166,54.12198],[-119.64583,54.12394],[-119.64572,54.1245],[-119.64569,54.12465],[-119.64565,54.12512],[-119.64565,54.12559],[-119.64571,54.12606],[-119.64581,54.12653],[-119.64597,54.12699],[-119.64619,54.12744],[-119.6463,54.12765],[-119.64721,54.12921],[-119.64735,54.12945],[-119.64766,54.12988],[-119.6479,54.13017],[-119.6487,54.13108],[-119.64923,54.13183],[-119.64938,54.13248],[-119.64944,54.1327],[-119.6496,54.13316],[-119.64981,54.13361],[-119.6499,54.13378],[-119.65142,54.13644],[-119.65157,54.13668],[-119.65185,54.13712],[-119.65215,54.13794],[-119.65221,54.13809],[-119.65242,54.13854],[-119.65268,54.13899],[-119.65282,54.1392],[-119.65308,54.13956],[-119.65311,54.13968],[-119.65729,54.14052],[-119.66629,54.14248],[-119.67081,54.14378],[-119.67491,54.14525],[-119.68268,54.14852],[-119.68853,54.15129],[-119.69307,54.15341],[-119.69848,54.15636],[-119.70305,54.15881],[-119.70851,54.16218],[-119.71369,54.16579],[-119.71964,54.16939],[-119.72675,54.17274],[-119.73501,54.17563],[-119.7397,54.17649],[-119.74322,54.1769],[-119.74908,54.17774],[-119.75686,54.1781],[-119.76932,54.17863]]],[[[-119.95992,54.17347],[-119.95933,54.17366],[-119.95836,54.17378],[-119.95744,54.17394],[-119.95592,54.17414],[-119.95528,54.17419],[-119.95478,54.17431],[-119.95449,54.17448],[-119.95415,54.17476],[-119.95407,54.1749],[-119.95425,54.1749],[-119.95734,54.17462],[-119.96159,54.17387],[-119.96778,54.17309],[-119.97166,54.1728],[-119.97671,54.17273],[-119.98253,54.17264],[-119.9903,54.17253],[-119.9946,54.17277],[-119.99781,54.17234],[-119.99997,54.17138],[-119.99997,54.17014],[-119.99934,54.17001],[-119.99903,54.16993],[-119.99864,54.16987],[-119.9981,54.16981],[-119.99782,54.16977],[-119.99757,54.16974],[-119.99733,54.16974],[-119.99724,54.16974],[-119.9968,54.16972],[-119.99652,54.16972],[-119.9963,54.16966],[-119.99618,54.16964],[-119.99604,54.16963],[-119.99585,54.16962],[-119.99522,54.16971],[-119.99442,54.16978],[-119.99351,54.16977],[-119.99246,54.16985],[-119.99137,54.16988],[-119.99071,54.16988],[-119.98964,54.16985],[-119.98934,54.16983],[-119.98913,54.16978],[-119.98899,54.16969],[-119.98863,54.16926],[-119.98811,54.16878],[-119.98774,54.16837],[-119.98743,54.16802],[-119.98712,54.16776],[-119.98698,54.16768],[-119.98682,54.16759],[-119.98661,54.16753],[-119.98633,54.16748],[-119.98587,54.1674],[-119.98561,54.16734],[-119.98538,54.16723],[-119.98492,54.16707],[-119.9844,54.1668],[-119.98372,54.16648],[-119.98316,54.16628],[-119.98283,54.16616],[-119.98254,54.16602],[-119.98232,54.16592],[-119.98209,54.16584],[-119.9813,54.16572],[-119.98121,54.16568],[-119.9811,54.16563],[-119.98077,54.16556],[-119.98052,54.16553],[-119.98024,54.16549],[-119.9796,54.16542],[-119.97919,54.16535],[-119.97874,54.16523],[-119.97864,54.16522],[-119.97855,54.16522],[-119.97847,54.16525],[-119.97839,54.16527],[-119.97809,54.1655],[-119.97749,54.16593],[-119.97721,54.16613],[-119.97706,54.16632],[-119.97678,54.16666],[-119.97665,54.1668],[-119.9763,54.16717],[-119.97615,54.16733],[-119.97606,54.16747],[-119.97595,54.16759],[-119.97582,54.16763],[-119.97566,54.16766],[-119.97552,54.16767],[-119.97533,54.1677],[-119.97507,54.16779],[-119.97469,54.16792],[-119.97444,54.168],[-119.9742,54.16804],[-119.97391,54.16806],[-119.97358,54.16808],[-119.9731,54.16816],[-119.97269,54.16824],[-119.97237,54.16829],[-119.97202,54.16833],[-119.9717,54.16839],[-119.97126,54.16847],[-119.97091,54.16857],[-119.97044,54.16872],[-119.97015,54.16887],[-119.97,54.16896],[-119.96976,54.16904],[-119.96888,54.16951],[-119.96728,54.1703],[-119.9662,54.17083],[-119.96577,54.1711],[-119.96541,54.17136],[-119.96498,54.17159],[-119.96467,54.17174],[-119.96423,54.17195],[-119.96378,54.1721],[-119.9632,54.17227],[-119.962,54.17242],[-119.96085,54.17277],[-119.96037,54.17315],[-119.95992,54.17347]]],[[[-119.93998,54.17338],[-119.94506,54.17467],[-119.94935,54.17495],[-119.94915,54.17486],[-119.94862,54.17467],[-119.94778,54.17453],[-119.94644,54.17444],[-119.94619,54.17441],[-119.94587,54.17434],[-119.94555,54.17431],[-119.94347,54.17409],[-119.94302,54.17403],[-119.94185,54.17359],[-119.94137,54.17342],[-119.94081,54.17336],[-119.93998,54.17335],[-119.93998,54.17338]]]]},"properties":{"RANGE":"Mountain Goat and Sheep","ACRES10TM":9690.8731703400008,"HA10TM":3921.7572328000001,"OBJECTID":15,"SHAPE.STArea()":39217572.631284855,"SHAPE.STLength()":51641.955535389628}},{"type":"Feature","id":16,"geometry":{"type":"MultiPolygon","coordinates":[[[[-119.6104,54.09633],[-119.61168,54.09742],[-119.61232,54.09737],[-119.61311,54.09728],[-119.61388,54.09716],[-119.61464,54.097],[-119.61537,54.09682],[-119.61575,54.09672],[-119.6172,54.09629],[-119.61754,54.09618],[-119.61824,54.09595],[-119.61832,54.09592],[-119.62055,54.09508],[-119.62113,54.09484],[-119.62177,54.09456],[-119.62237,54.09424],[-119.62293,54.09391],[-119.62345,54.09356],[-119.62394,54.09318],[-119.62438,54.09279],[-119.62452,54.09265],[-119.62471,54.09246],[-119.62501,54.09237],[-119.62524,54.0923],[-119.62593,54.09206],[-119.62659,54.0918],[-119.62723,54.09151],[-119.62743,54.09141],[-119.62785,54.0914],[-119.62865,54.09137],[-119.62944,54.0913],[-119.63022,54.09121],[-119.63099,54.09109],[-119.63175,54.09093],[-119.63249,54.09075],[-119.63286,54.09065],[-119.63383,54.09036],[-119.63388,54.09035],[-119.63385,54.09],[-119.63389,54.08961],[-119.63409,54.08914],[-119.6342,54.08891],[-119.63472,54.08844],[-119.63489,54.08822],[-119.63496,54.08803],[-119.63496,54.08777],[-119.63486,54.08759],[-119.63443,54.08725],[-119.63367,54.08663],[-119.63308,54.0862],[-119.63248,54.0857],[-119.63189,54.08519],[-119.63123,54.08489],[-119.63004,54.08446],[-119.62774,54.08373],[-119.62716,54.0835],[-119.62611,54.08304],[-119.62555,54.08271],[-119.62503,54.08229],[-119.62462,54.08174],[-119.62437,54.08148],[-119.62385,54.08077],[-119.62334,54.08027],[-119.62303,54.07996],[-119.62286,54.07978],[-119.62211,54.07932],[-119.6218,54.07916],[-119.62134,54.07903],[-119.62089,54.079],[-119.62033,54.07894],[-119.61988,54.07877],[-119.61957,54.07856],[-119.6194,54.07834],[-119.61934,54.07816],[-119.61974,54.07735],[-119.62009,54.07678],[-119.62019,54.07652],[-119.62012,54.07619],[-119.62004,54.07592],[-119.62001,54.07494],[-119.61974,54.07412],[-119.61966,54.074],[-119.61933,54.07368],[-119.6192,54.07344],[-119.61917,54.07319],[-119.61921,54.07291],[-119.61931,54.0724],[-119.61934,54.07213],[-119.61915,54.07135],[-119.6191,54.07117],[-119.61909,54.07088],[-119.61916,54.07071],[-119.61926,54.07048],[-119.61925,54.07035],[-119.61914,54.07025],[-119.61899,54.07017],[-119.61882,54.07009],[-119.61862,54.07004],[-119.61453,54.07013],[-119.61117,54.07052],[-119.60919,54.07122],[-119.60842,54.07132],[-119.60767,54.07137],[-119.60709,54.07134],[-119.60674,54.07124],[-119.60658,54.07111],[-119.60646,54.07098],[-119.60647,54.07087],[-119.60655,54.07074],[-119.60674,54.07063],[-119.60761,54.07022],[-119.61901,54.063],[-119.61946,54.06236],[-119.61945,54.06168],[-119.61925,54.06119],[-119.61884,54.06069],[-119.61762,54.06012],[-119.61728,54.0599],[-119.61682,54.05969],[-119.61627,54.05948],[-119.61452,54.05876],[-119.61438,54.05869],[-119.6143,54.05864],[-119.61425,54.05859],[-119.61427,54.05853],[-119.61435,54.05847],[-119.61443,54.05842],[-119.61457,54.05837],[-119.61641,54.05799],[-119.61667,54.05797],[-119.61706,54.05797],[-119.61754,54.05798],[-119.6178,54.05797],[-119.61801,54.05794],[-119.6182,54.05788],[-119.61842,54.05774],[-119.619,54.05749],[-119.61964,54.0573],[-119.62114,54.05674],[-119.62299,54.05648],[-119.62544,54.05634],[-119.62653,54.05615],[-119.6276,54.05597],[-119.6291,54.05567],[-119.63063,54.05498],[-119.63185,54.05426],[-119.63207,54.05401],[-119.63224,54.05375],[-119.6325,54.05348],[-119.63281,54.05321],[-119.63291,54.0531],[-119.63296,54.05298],[-119.63291,54.05284],[-119.63283,54.05274],[-119.63256,54.05226],[-119.63207,54.05156],[-119.63177,54.05117],[-119.63022,54.04937],[-119.62819,54.04807],[-119.62639,54.04638],[-119.62515,54.04582],[-119.62377,54.04499],[-119.62248,54.04405],[-119.62198,54.04371],[-119.6216,54.04351],[-119.61943,54.04293],[-119.61711,54.04273],[-119.61626,54.04255],[-119.61486,54.04237],[-119.61438,54.04219],[-119.61415,54.04198],[-119.61408,54.04173],[-119.61402,54.04146],[-119.61394,54.04127],[-119.61381,54.04091],[-119.61331,54.04018],[-119.61264,54.03937],[-119.612,54.03861],[-119.61119,54.03781],[-119.61139,54.03731],[-119.61179,54.03703],[-119.61374,54.03634],[-119.61446,54.03597],[-119.61477,54.03573],[-119.61498,54.03545],[-119.61499,54.03523],[-119.61496,54.03504],[-119.61405,54.03421],[-119.61399,54.03403],[-119.61398,54.03384],[-119.61537,54.03081],[-119.61538,54.03043],[-119.61529,54.03016],[-119.61517,54.03],[-119.61492,54.02983],[-119.61308,54.02876],[-119.61235,54.02841],[-119.61126,54.02823],[-119.61028,54.02813],[-119.60965,54.02804],[-119.60918,54.02794],[-119.60859,54.0278],[-119.60834,54.02774],[-119.6081,54.02773],[-119.6078,54.02774],[-119.60746,54.02778],[-119.60656,54.02793],[-119.60578,54.02815],[-119.60169,54.0294],[-119.60079,54.02965],[-119.60024,54.02975],[-119.59988,54.02986],[-119.59947,54.03004],[-119.59919,54.03015],[-119.59896,54.03029],[-119.59865,54.0305],[-119.59798,54.0312],[-119.59719,54.03163],[-119.5957,54.03185],[-119.59411,54.0319],[-119.59326,54.03182],[-119.59301,54.03176],[-119.59284,54.03167],[-119.59213,54.03123],[-119.59154,54.03093],[-119.59131,54.03082],[-119.59106,54.03076],[-119.58849,54.03038],[-119.58781,54.03025],[-119.58721,54.03011],[-119.58663,54.02991],[-119.58534,54.02936],[-119.5842,54.02874],[-119.5857,54.03178],[-119.58958,54.03658],[-119.59253,54.03931],[-119.59742,54.04131],[-119.60268,54.04283],[-119.60798,54.04505],[-119.61086,54.04662],[-119.61303,54.0496],[-119.61441,54.05259],[-119.61381,54.05563],[-119.61197,54.05798],[-119.60864,54.06199],[-119.60495,54.06648],[-119.6009,54.07167],[-119.59803,54.0766],[-119.59825,54.08008],[-119.60007,54.08376],[-119.60226,54.08697],[-119.60612,54.09154],[-119.6104,54.09633]]],[[[-119.51535,54.01368],[-119.51467,54.01406],[-119.51436,54.01441],[-119.51376,54.01475],[-119.51287,54.01499],[-119.51019,54.0153],[-119.50814,54.01542],[-119.50696,54.01559],[-119.50697,54.01564],[-119.50718,54.01609],[-119.50744,54.01654],[-119.50775,54.01697],[-119.5081,54.01739],[-119.5085,54.0178],[-119.5089,54.01815],[-119.50888,54.01824],[-119.50883,54.01871],[-119.50883,54.01918],[-119.50889,54.01965],[-119.50899,54.02012],[-119.50915,54.02058],[-119.50916,54.02061],[-119.51147,54.0204],[-119.51308,54.01985],[-119.515,54.01941],[-119.51727,54.01856],[-119.51859,54.01779],[-119.51969,54.01674],[-119.52031,54.01576],[-119.52102,54.01472],[-119.52133,54.01441],[-119.52047,54.01418],[-119.51908,54.01386],[-119.51772,54.01365],[-119.51677,54.01361],[-119.51607,54.0136],[-119.51566,54.01361],[-119.51535,54.01368]]],[[[-119.4963,54.0214],[-119.49862,54.02118],[-119.50084,54.02108],[-119.50296,54.0208],[-119.50597,54.02086],[-119.50723,54.02076],[-119.50721,54.02064],[-119.50685,54.01922],[-119.50681,54.01908],[-119.50666,54.01862],[-119.50645,54.01816],[-119.50619,54.01772],[-119.50588,54.01728],[-119.50553,54.01686],[-119.50512,54.01645],[-119.50479,54.01616],[-119.5027,54.01709],[-119.50181,54.01765],[-119.50078,54.01821],[-119.49954,54.01891],[-119.49865,54.01943],[-119.49837,54.01956],[-119.49794,54.01973],[-119.49753,54.01981],[-119.49639,54.01987],[-119.49504,54.01978],[-119.49356,54.01963],[-119.4928,54.01962],[-119.49243,54.0197],[-119.4919,54.01973],[-119.49144,54.01971],[-119.491,54.01964],[-119.49027,54.0194],[-119.48876,54.01919],[-119.48792,54.01911],[-119.48737,54.01909],[-119.48736,54.01906],[-119.48736,54.02163],[-119.49068,54.02146],[-119.49291,54.02136],[-119.4963,54.0214]]],[[[-119.54234,54.01296],[-119.5449,54.01358],[-119.54659,54.01418],[-119.54844,54.01442],[-119.55032,54.01507],[-119.5522,54.01565],[-119.554,54.01653],[-119.55588,54.01712],[-119.55725,54.01738],[-119.55747,54.01733],[-119.55733,54.01727],[-119.55654,54.01694],[-119.55563,54.01655],[-119.5552,54.01632],[-119.55481,54.01611],[-119.55407,54.01574],[-119.55332,54.01544],[-119.55291,54.01528],[-119.55233,54.01515],[-119.55182,54.01502],[-119.55139,54.01492],[-119.5493,54.01434],[-119.54724,54.01362],[-119.54637,54.01345],[-119.54403,54.01322],[-119.54257,54.01287],[-119.54148,54.01272],[-119.54234,54.01296]]]]},"properties":{"RANGE":"Mountain Goat and Sheep","ACRES10TM":2449.8096989999999,"HA10TM":991.40281141000003,"OBJECTID":16,"SHAPE.STArea()":9914028.1007072646,"SHAPE.STLength()":31829.199113379429}},{"type":"Feature","id":17,"geometry":{"type":"Polygon","coordinates":[[[-119.17904,53.84701],[-119.17945,53.847],[-119.18284,53.84701],[-119.23554,53.84701],[-119.28903,53.84699],[-119.28901,53.86117],[-119.31381,53.86118],[-119.3138,53.87572],[-119.36341,53.87572],[-119.36342,53.89027],[-119.41297,53.89028],[-119.41297,53.90482],[-119.43774,53.90482],[-119.43774,53.90584],[-119.43971,53.90518],[-119.44297,53.90431],[-119.44776,53.90309],[-119.4479,53.90304],[-119.44807,53.90302],[-119.4526,53.90178],[-119.45268,53.90174],[-119.45277,53.90173],[-119.45666,53.90063],[-119.45681,53.90056],[-119.4584,53.90002],[-119.4611,53.8989],[-119.46217,53.89847],[-119.46424,53.89742],[-119.46589,53.89611],[-119.46615,53.89584],[-119.46704,53.89519],[-119.46715,53.89508],[-119.46767,53.8947],[-119.46921,53.89336],[-119.46927,53.89335],[-119.47133,53.89264],[-119.47409,53.89147],[-119.47684,53.89032],[-119.47933,53.88938],[-119.47945,53.88932],[-119.47967,53.88925],[-119.48322,53.88781],[-119.48417,53.88732],[-119.48461,53.88715],[-119.48605,53.88636],[-119.48628,53.88616],[-119.48668,53.88599],[-119.48721,53.88562],[-119.48721,53.88302],[-119.48721,53.87579],[-119.48721,53.86856],[-119.4872,53.86143],[-119.4872,53.86116],[-119.4872,53.85393],[-119.4872,53.8467],[-119.48674,53.8467],[-119.47466,53.84671],[-119.46243,53.84671],[-119.46197,53.84671],[-119.44988,53.84672],[-119.43765,53.84672],[-119.43719,53.84672],[-119.42511,53.84672],[-119.41287,53.84673],[-119.41241,53.84673],[-119.40033,53.84673],[-119.3881,53.84673],[-119.38764,53.84673],[-119.37555,53.84673],[-119.36332,53.84672],[-119.36286,53.84672],[-119.35078,53.84672],[-119.33854,53.84672],[-119.33808,53.84672],[-119.326,53.84673],[-119.31377,53.84673],[-119.31331,53.84673],[-119.28899,53.84674],[-119.28853,53.84674],[-119.27645,53.84675],[-119.26421,53.84675],[-119.26376,53.84675],[-119.25167,53.84675],[-119.23944,53.84675],[-119.23898,53.84675],[-119.2269,53.84675],[-119.21466,53.84674],[-119.21421,53.84674],[-119.20212,53.84673],[-119.18989,53.84671],[-119.18943,53.84671],[-119.18828,53.84671],[-119.18462,53.84671],[-119.1789,53.84671],[-119.17904,53.84701]]]},"properties":{"RANGE":"Mountain Goat and Sheep","ACRES10TM":14310.2394895,"HA10TM":5791.1484584199998,"OBJECTID":17,"SHAPE.STArea()":57911484.702314422,"SHAPE.STLength()":52251.186605091956}},{"type":"Feature","id":18,"geometry":{"type":"Polygon","coordinates":[[[-119.48112,53.916],[-119.47831,53.91641],[-119.47773,53.91653],[-119.47743,53.91656],[-119.47447,53.91714],[-119.47324,53.91742],[-119.47316,53.91746],[-119.47306,53.91747],[-119.47091,53.91807],[-119.46723,53.91966],[-119.46706,53.91983],[-119.46684,53.91993],[-119.46504,53.92119],[-119.46486,53.92136],[-119.464,53.92203],[-119.46274,53.92322],[-119.46151,53.92433],[-119.46126,53.92462],[-119.461,53.92483],[-119.45938,53.92659],[-119.45788,53.92813],[-119.45655,53.92945],[-119.45643,53.9296],[-119.45635,53.92967],[-119.45635,53.9339],[-119.48722,53.93388],[-119.48721,53.92674],[-119.48721,53.9196],[-119.48721,53.91933],[-119.48721,53.91565],[-119.4872,53.91565],[-119.48671,53.9156],[-119.48485,53.91577],[-119.48377,53.91578],[-119.48371,53.91579],[-119.48364,53.91579],[-119.48112,53.916]]]},"properties":{"RANGE":"Mountain Goat and Sheep","ACRES10TM":801.35785964000002,"HA10TM":324.29802009000002,"OBJECTID":18,"SHAPE.STArea()":3242980.0425526202,"SHAPE.STLength()":7271.5300189679056}}]}