{"type":"FeatureCollection","features":[{"type":"Feature","id":110,"geometry":{"type":"MultiPolygon","coordinates":[[[[-119.17431,53.90309],[-119.17584,53.90309],[-119.17584,53.90219],[-119.17889,53.90219],[-119.1789,53.90038],[-119.18195,53.90038],[-119.18195,53.89858],[-119.185,53.89858],[-119.185,53.89677],[-119.18806,53.89677],[-119.18806,53.89587],[-119.18943,53.89587],[-119.18943,53.89045],[-119.18943,53.89027],[-119.18943,53.88304],[-119.18943,53.87581],[-119.18989,53.87581],[-119.20212,53.87582],[-119.20518,53.87582],[-119.20518,53.87221],[-119.20671,53.87221],[-119.20671,53.8686],[-119.20824,53.8686],[-119.20824,53.86322],[-119.20977,53.86322],[-119.20977,53.86146],[-119.20977,53.86119],[-119.20977,53.85848],[-119.2113,53.85848],[-119.2113,53.85397],[-119.21283,53.85397],[-119.21283,53.84855],[-119.21421,53.84855],[-119.21421,53.84674],[-119.20212,53.84673],[-119.18989,53.84671],[-119.18943,53.84671],[-119.18828,53.84671],[-119.18824,53.84727],[-119.18819,53.84743],[-119.18801,53.84771],[-119.18787,53.84801],[-119.18776,53.84813],[-119.18698,53.84845],[-119.18641,53.84862],[-119.18622,53.84869],[-119.186,53.84874],[-119.18571,53.84875],[-119.18547,53.84879],[-119.18521,53.84876],[-119.18479,53.84864],[-119.18435,53.84875],[-119.1842,53.84884],[-119.18409,53.84896],[-119.18395,53.84906],[-119.1836,53.84922],[-119.18304,53.84943],[-119.18289,53.84952],[-119.18276,53.84963],[-119.1827,53.84979],[-119.18268,53.84996],[-119.1827,53.85013],[-119.18257,53.85134],[-119.18245,53.85144],[-119.18228,53.85153],[-119.18201,53.85154],[-119.18147,53.85149],[-119.1813,53.85157],[-119.1812,53.85169],[-119.18108,53.85181],[-119.18075,53.85198],[-119.18066,53.85211],[-119.18041,53.85233],[-119.17994,53.85261],[-119.17926,53.85295],[-119.17865,53.85314],[-119.17819,53.85323],[-119.17753,53.8534],[-119.17736,53.85347],[-119.17716,53.85355],[-119.17677,53.85387],[-119.17665,53.85394],[-119.17645,53.85405],[-119.17635,53.85419],[-119.17615,53.85464],[-119.17606,53.85516],[-119.17605,53.85588],[-119.17619,53.85615],[-119.17623,53.8563],[-119.17635,53.85642],[-119.17663,53.85661],[-119.17675,53.85673],[-119.17683,53.85686],[-119.17717,53.85756],[-119.17729,53.85766],[-119.17736,53.85775],[-119.17759,53.85804],[-119.17784,53.85826],[-119.17816,53.85843],[-119.17828,53.85854],[-119.17851,53.85876],[-119.17866,53.85886],[-119.17885,53.85893],[-119.17913,53.8591],[-119.18002,53.85972],[-119.18035,53.86008],[-119.18048,53.86019],[-119.18063,53.86028],[-119.18084,53.86053],[-119.18074,53.86084],[-119.18026,53.86092],[-119.18002,53.86089],[-119.17982,53.86084],[-119.17954,53.86117],[-119.17933,53.86144],[-119.17931,53.86147],[-119.17905,53.86146],[-119.17882,53.86151],[-119.17866,53.86161],[-119.17847,53.86186],[-119.17833,53.86196],[-119.1779,53.86207],[-119.17773,53.86215],[-119.17737,53.86242],[-119.17714,53.86293],[-119.17698,53.8632],[-119.17657,53.8637],[-119.17629,53.8639],[-119.17599,53.86428],[-119.17586,53.86458],[-119.17579,53.86491],[-119.17563,53.86538],[-119.17554,53.86589],[-119.17547,53.86603],[-119.17499,53.86651],[-119.17496,53.86677],[-119.17498,53.8672],[-119.17493,53.86736],[-119.17447,53.86822],[-119.17426,53.86846],[-119.17418,53.86858],[-119.17399,53.86887],[-119.17386,53.86944],[-119.17381,53.87006],[-119.17377,53.87022],[-119.1737,53.87037],[-119.17339,53.87075],[-119.17325,53.87085],[-119.17305,53.87092],[-119.17288,53.871],[-119.17265,53.87105],[-119.17246,53.87113],[-119.17215,53.87132],[-119.17197,53.87159],[-119.17192,53.87174],[-119.17195,53.87209],[-119.17201,53.87224],[-119.17202,53.8724],[-119.17187,53.87268],[-119.17125,53.87307],[-119.17102,53.87331],[-119.17088,53.87342],[-119.17057,53.8736],[-119.17036,53.87367],[-119.16999,53.87383],[-119.16971,53.87404],[-119.16939,53.87423],[-119.16882,53.87464],[-119.1684,53.87503],[-119.16803,53.87549],[-119.16789,53.87581],[-119.1677,53.87622],[-119.16761,53.87635],[-119.16739,53.8766],[-119.16725,53.87671],[-119.16677,53.87699],[-119.1664,53.87734],[-119.16631,53.87752],[-119.16606,53.87789],[-119.16599,53.87822],[-119.166,53.8784],[-119.16591,53.87854],[-119.16574,53.87862],[-119.16562,53.87874],[-119.16545,53.87902],[-119.16533,53.87913],[-119.16522,53.87926],[-119.16515,53.87941],[-119.16514,53.87958],[-119.16519,53.8798],[-119.16547,53.88042],[-119.16568,53.88066],[-119.16576,53.88079],[-119.16614,53.88113],[-119.16682,53.8818],[-119.16758,53.8821],[-119.1685,53.8823],[-119.16872,53.88229],[-119.16902,53.8823],[-119.16921,53.88238],[-119.16935,53.88248],[-119.16971,53.88298],[-119.1699,53.88341],[-119.16992,53.88362],[-119.17,53.88384],[-119.17007,53.88393],[-119.17001,53.88408],[-119.1698,53.88433],[-119.16975,53.88448],[-119.16978,53.88481],[-119.16973,53.88497],[-119.16949,53.8854],[-119.16939,53.88553],[-119.16926,53.88564],[-119.16896,53.88584],[-119.16876,53.8861],[-119.16869,53.88625],[-119.16868,53.88643],[-119.16863,53.88659],[-119.16866,53.88697],[-119.16879,53.88741],[-119.16882,53.88776],[-119.16889,53.88808],[-119.16887,53.88844],[-119.16882,53.88859],[-119.16873,53.88873],[-119.16859,53.88884],[-119.16823,53.88918],[-119.16807,53.88946],[-119.16743,53.8902],[-119.16725,53.89046],[-119.16695,53.89104],[-119.1667,53.89144],[-119.16636,53.89159],[-119.16587,53.89176],[-119.16584,53.89181],[-119.1658,53.89182],[-119.16563,53.89187],[-119.16542,53.89188],[-119.16542,53.89189],[-119.16553,53.89237],[-119.16553,53.89237],[-119.16553,53.89241],[-119.16554,53.89244],[-119.16555,53.89247],[-119.16555,53.89251],[-119.16556,53.89254],[-119.16557,53.89257],[-119.16558,53.89261],[-119.16558,53.89264],[-119.16559,53.89268],[-119.16559,53.89271],[-119.1656,53.89274],[-119.16561,53.89278],[-119.16561,53.89281],[-119.16562,53.89284],[-119.16562,53.89288],[-119.16563,53.89291],[-119.16564,53.89295],[-119.16564,53.89298],[-119.16565,53.89301],[-119.16565,53.89305],[-119.16566,53.89308],[-119.16566,53.89311],[-119.16567,53.89315],[-119.16567,53.89318],[-119.16568,53.89321],[-119.16568,53.89325],[-119.16568,53.89328],[-119.16569,53.89332],[-119.16569,53.89335],[-119.1657,53.89338],[-119.1657,53.89342],[-119.1657,53.89345],[-119.16571,53.89349],[-119.16571,53.89352],[-119.16571,53.89355],[-119.16572,53.89359],[-119.16572,53.89362],[-119.16572,53.89365],[-119.16573,53.89369],[-119.16573,53.89372],[-119.16573,53.89376],[-119.16573,53.89379],[-119.16574,53.89382],[-119.16574,53.89386],[-119.16574,53.89389],[-119.16574,53.89392],[-119.16574,53.89396],[-119.16575,53.89399],[-119.16575,53.89403],[-119.16575,53.89406],[-119.16575,53.89409],[-119.16575,53.89413],[-119.16575,53.89416],[-119.16575,53.8942],[-119.16575,53.89423],[-119.16576,53.89426],[-119.16576,53.8943],[-119.16576,53.89433],[-119.16576,53.89437],[-119.16576,53.8944],[-119.16576,53.89443],[-119.16576,53.89447],[-119.16576,53.8945],[-119.16576,53.89453],[-119.16576,53.89457],[-119.16576,53.8946],[-119.16576,53.89464],[-119.16575,53.89467],[-119.16575,53.8947],[-119.16575,53.89474],[-119.16575,53.89477],[-119.16575,53.89481],[-119.16575,53.89484],[-119.16575,53.89487],[-119.16575,53.89491],[-119.16574,53.89494],[-119.16574,53.89497],[-119.16574,53.89501],[-119.16574,53.89504],[-119.16574,53.89508],[-119.16573,53.89511],[-119.16573,53.89514],[-119.16573,53.89518],[-119.16573,53.89521],[-119.16572,53.89525],[-119.16572,53.89528],[-119.16572,53.89531],[-119.16572,53.89535],[-119.16571,53.89538],[-119.16571,53.89541],[-119.1657,53.89545],[-119.1657,53.89548],[-119.1657,53.89552],[-119.16569,53.89555],[-119.16569,53.89558],[-119.16569,53.89562],[-119.16568,53.89565],[-119.16568,53.89568],[-119.16567,53.89572],[-119.16567,53.89575],[-119.16566,53.89579],[-119.16566,53.89582],[-119.16565,53.89585],[-119.16565,53.89589],[-119.16564,53.89592],[-119.16564,53.89595],[-119.16563,53.89599],[-119.16563,53.89602],[-119.16562,53.89606],[-119.16562,53.89609],[-119.16561,53.89612],[-119.1656,53.89616],[-119.1656,53.89619],[-119.16559,53.89622],[-119.16558,53.89626],[-119.16558,53.89629],[-119.16557,53.89633],[-119.16556,53.89636],[-119.16556,53.89639],[-119.16555,53.89643],[-119.16554,53.89646],[-119.16528,53.89767],[-119.16527,53.89774],[-119.16526,53.89777],[-119.16526,53.89779],[-119.16525,53.89781],[-119.16525,53.89783],[-119.16525,53.89786],[-119.16524,53.89788],[-119.16524,53.8979],[-119.16523,53.89793],[-119.16523,53.89795],[-119.16523,53.89797],[-119.16522,53.898],[-119.16522,53.89802],[-119.16521,53.89804],[-119.16521,53.89807],[-119.16521,53.89809],[-119.1652,53.89811],[-119.1652,53.89814],[-119.1652,53.89816],[-119.1652,53.89818],[-119.16519,53.89821],[-119.16519,53.89823],[-119.16519,53.89825],[-119.16519,53.89828],[-119.16518,53.8983],[-119.16518,53.89832],[-119.16518,53.89835],[-119.16518,53.89837],[-119.16518,53.89839],[-119.16518,53.89842],[-119.16517,53.89844],[-119.16517,53.89846],[-119.16517,53.89849],[-119.16517,53.89851],[-119.16517,53.89853],[-119.16517,53.89856],[-119.16517,53.89858],[-119.16517,53.8986],[-119.16517,53.89863],[-119.16517,53.89865],[-119.16517,53.89867],[-119.16517,53.8987],[-119.16517,53.89872],[-119.16517,53.89874],[-119.16517,53.89877],[-119.16517,53.89879],[-119.16517,53.89881],[-119.16517,53.89884],[-119.16517,53.89886],[-119.16517,53.89888],[-119.16517,53.89891],[-119.16517,53.89893],[-119.16517,53.89895],[-119.16518,53.89898],[-119.16518,53.899],[-119.16518,53.89902],[-119.16518,53.89905],[-119.16518,53.89907],[-119.16519,53.89909],[-119.16519,53.89912],[-119.16519,53.89914],[-119.16519,53.89916],[-119.16519,53.89919],[-119.1652,53.89921],[-119.1652,53.89923],[-119.1652,53.89926],[-119.16521,53.89928],[-119.16521,53.8993],[-119.16521,53.89933],[-119.16522,53.89935],[-119.16522,53.89937],[-119.16522,53.89939],[-119.16523,53.89942],[-119.16523,53.89944],[-119.16523,53.89946],[-119.16524,53.89948],[-119.16524,53.89948],[-119.1682,53.89948],[-119.1682,53.90038],[-119.16973,53.90038],[-119.16973,53.90128],[-119.17126,53.90129],[-119.17126,53.90219],[-119.17431,53.90219],[-119.17431,53.90309]],[[-119.17454,53.87512],[-119.17304,53.87484],[-119.17266,53.87477],[-119.17148,53.87456],[-119.17216,53.87317],[-119.17259,53.87251],[-119.17354,53.87167],[-119.17417,53.87148],[-119.17459,53.87159],[-119.17454,53.87512]]],[[[-119.1785,53.84688],[-119.17858,53.84699],[-119.17907,53.84743],[-119.17949,53.84772],[-119.18005,53.84796],[-119.18039,53.84812],[-119.18053,53.84822],[-119.18065,53.84834],[-119.18099,53.8485],[-119.18114,53.84859],[-119.18148,53.84876],[-119.18161,53.84887],[-119.18195,53.84903],[-119.18225,53.84922],[-119.18246,53.84923],[-119.18269,53.84917],[-119.18275,53.84904],[-119.18265,53.84875],[-119.18267,53.8486],[-119.18298,53.84822],[-119.18314,53.84795],[-119.18431,53.84733],[-119.18442,53.84721],[-119.18459,53.84693],[-119.18462,53.84671],[-119.17829,53.84671],[-119.1785,53.84688]]]]},"properties":{"OBJECTID":110,"PASITES_ID":10268,"NAME":"Sulphur Gates","TYPE":"PRA","SUBTYPE":"","STATUS":"OC","SOURCE":41,"IUCN":"II","OC_NO":"OC 603/2006","ACRES":2696.3881606700002,"HECTARES":1091.18957452,"OC_DATE":1164178800000,"DATE_EST":884242800000,"OC_NAME":"Sulphur Gates Provincial Recreation Area","NOTES":""}},{"type":"Feature","id":439,"geometry":{"type":"Polygon","coordinates":[[[-119.21421,53.84674],[-119.21466,53.84674],[-119.2269,53.84675],[-119.23898,53.84675],[-119.23944,53.84675],[-119.25167,53.84675],[-119.26376,53.84675],[-119.26421,53.84675],[-119.27645,53.84675],[-119.28853,53.84674],[-119.28899,53.84674],[-119.30122,53.84674],[-119.31331,53.84673],[-119.31376,53.84673],[-119.326,53.84673],[-119.33808,53.84672],[-119.33854,53.84672],[-119.35078,53.84672],[-119.36286,53.84672],[-119.36332,53.84672],[-119.37555,53.84673],[-119.38764,53.84673],[-119.3881,53.84673],[-119.40033,53.84673],[-119.41241,53.84673],[-119.41287,53.84673],[-119.42511,53.84672],[-119.43719,53.84672],[-119.43765,53.84672],[-119.44988,53.84672],[-119.46197,53.84671],[-119.46242,53.84671],[-119.47466,53.84671],[-119.48674,53.8467],[-119.4872,53.8467],[-119.4872,53.85393],[-119.4872,53.86116],[-119.4872,53.86143],[-119.4872,53.86856],[-119.48721,53.87579],[-119.48721,53.88302],[-119.48721,53.89024],[-119.48721,53.89052],[-119.48721,53.89765],[-119.48721,53.90488],[-119.48721,53.91211],[-119.48721,53.91933],[-119.48721,53.9196],[-119.48721,53.92674],[-119.48721,53.93397],[-119.48722,53.9412],[-119.48722,53.94842],[-119.48722,53.94869],[-119.48722,53.95583],[-119.48722,53.96306],[-119.48722,53.97028],[-119.48722,53.97751],[-119.48722,53.97778],[-119.48722,53.98492],[-119.48722,53.99215],[-119.48722,53.99937],[-119.48722,54.00001],[-119.48722,54.0066],[-119.48722,54.00687],[-119.48722,54.01401],[-119.48722,54.01908],[-119.48792,54.01911],[-119.48876,54.01919],[-119.49027,54.0194],[-119.491,54.01964],[-119.49144,54.01971],[-119.4919,54.01973],[-119.49243,54.0197],[-119.4928,54.01962],[-119.49356,54.01963],[-119.49504,54.01978],[-119.49639,54.01987],[-119.49753,54.01981],[-119.49794,54.01973],[-119.49837,54.01956],[-119.49865,54.01943],[-119.49954,54.01891],[-119.50078,54.01821],[-119.50181,54.01765],[-119.5027,54.01709],[-119.50498,54.01607],[-119.50645,54.01567],[-119.50814,54.01542],[-119.51019,54.0153],[-119.51287,54.01499],[-119.51376,54.01475],[-119.51436,54.01441],[-119.51467,54.01406],[-119.51535,54.01368],[-119.51566,54.01361],[-119.51607,54.0136],[-119.51677,54.01361],[-119.51772,54.01365],[-119.51908,54.01386],[-119.52047,54.01418],[-119.52212,54.01462],[-119.52322,54.01481],[-119.52509,54.01524],[-119.52717,54.01553],[-119.52859,54.0157],[-119.52972,54.01584],[-119.53096,54.01595],[-119.53266,54.016],[-119.53309,54.01596],[-119.53331,54.0159],[-119.5335,54.01573],[-119.53429,54.01492],[-119.53554,54.01405],[-119.53804,54.01291],[-119.53854,54.01274],[-119.53915,54.01261],[-119.53972,54.01258],[-119.54046,54.01259],[-119.54124,54.01268],[-119.54257,54.01287],[-119.54403,54.01322],[-119.54637,54.01345],[-119.54724,54.01362],[-119.5493,54.01434],[-119.55139,54.01492],[-119.55182,54.01502],[-119.55233,54.01515],[-119.55291,54.01528],[-119.55332,54.01544],[-119.55407,54.01574],[-119.55481,54.01611],[-119.5552,54.01632],[-119.55563,54.01655],[-119.55654,54.01694],[-119.55733,54.01727],[-119.55781,54.01746],[-119.55819,54.01768],[-119.55855,54.01792],[-119.55895,54.01817],[-119.55905,54.01823],[-119.55913,54.01831],[-119.55922,54.0184],[-119.55933,54.01847],[-119.56031,54.01687],[-119.56113,54.01626],[-119.56194,54.0154],[-119.56221,54.01474],[-119.56265,54.01377],[-119.56287,54.01311],[-119.56342,54.01245],[-119.56419,54.01184],[-119.56514,54.01139],[-119.56602,54.01099],[-119.5671,54.01066],[-119.56768,54.01046],[-119.56826,54.01021],[-119.56857,54.00999],[-119.5688,54.00978],[-119.56887,54.00954],[-119.56884,54.0093],[-119.5687,54.00905],[-119.56853,54.00887],[-119.56824,54.0087],[-119.56793,54.00857],[-119.56764,54.00839],[-119.56733,54.00817],[-119.567,54.00796],[-119.56676,54.00779],[-119.56659,54.00766],[-119.56639,54.00744],[-119.56625,54.0072],[-119.56606,54.00694],[-119.56582,54.00668],[-119.56572,54.00656],[-119.56551,54.00642],[-119.56531,54.00629],[-119.56499,54.00617],[-119.56468,54.00605],[-119.56436,54.0059],[-119.56397,54.00568],[-119.5637,54.00542],[-119.56343,54.00514],[-119.56326,54.00488],[-119.56315,54.0046],[-119.56307,54.0043],[-119.56302,54.00394],[-119.56304,54.00371],[-119.56302,54.00342],[-119.56309,54.0032],[-119.5632,54.00295],[-119.56337,54.00269],[-119.56359,54.00243],[-119.56384,54.00217],[-119.56405,54.00197],[-119.56433,54.00168],[-119.56458,54.00141],[-119.56472,54.00118],[-119.56474,54.00102],[-119.56473,54.00076],[-119.56469,54.00062],[-119.56461,54.00047],[-119.56453,54.00036],[-119.56435,54.00016],[-119.56423,54.00001],[-119.56345,53.99949],[-119.56326,53.99927],[-119.56319,53.99913],[-119.56315,53.99896],[-119.56316,53.99883],[-119.56323,53.99865],[-119.56336,53.99848],[-119.56343,53.99842],[-119.56347,53.99839],[-119.56355,53.99832],[-119.56393,53.99809],[-119.56432,53.99792],[-119.56547,53.99756],[-119.56735,53.99699],[-119.56872,53.99653],[-119.56973,53.99638],[-119.57071,53.99626],[-119.57136,53.99608],[-119.57204,53.99587],[-119.57229,53.99568],[-119.57237,53.99551],[-119.57242,53.99511],[-119.57249,53.99457],[-119.57281,53.99419],[-119.57384,53.99383],[-119.57414,53.99368],[-119.57418,53.99339],[-119.57413,53.993],[-119.5739,53.9925],[-119.57391,53.99213],[-119.57407,53.99162],[-119.57424,53.99084],[-119.57455,53.9906],[-119.57487,53.99041],[-119.57539,53.99028],[-119.57591,53.98999],[-119.57634,53.98968],[-119.57736,53.98944],[-119.57944,53.9892],[-119.57968,53.98912],[-119.58005,53.9889],[-119.58038,53.98863],[-119.58048,53.98847],[-119.58061,53.98779],[-119.58059,53.98716],[-119.58085,53.98627],[-119.58092,53.9859],[-119.58123,53.98568],[-119.58163,53.98542],[-119.58225,53.98514],[-119.5825,53.98506],[-119.58286,53.98494],[-119.5834,53.98454],[-119.5836,53.98445],[-119.5838,53.98439],[-119.58426,53.98431],[-119.58499,53.98441],[-119.5855,53.98449],[-119.58597,53.98457],[-119.58651,53.98456],[-119.58729,53.9845],[-119.58797,53.98441],[-119.5886,53.98425],[-119.58916,53.98415],[-119.58987,53.98407],[-119.59057,53.98403],[-119.59125,53.98383],[-119.59174,53.98366],[-119.59196,53.98357],[-119.59255,53.98337],[-119.59304,53.9832],[-119.59345,53.98301],[-119.59404,53.98272],[-119.59461,53.98226],[-119.59479,53.98208],[-119.595,53.98194],[-119.59535,53.98162],[-119.59575,53.9813],[-119.59632,53.9808],[-119.59702,53.98035],[-119.59738,53.97998],[-119.59765,53.97953],[-119.59797,53.97898],[-119.59799,53.97884],[-119.598,53.97875],[-119.59798,53.97866],[-119.59781,53.97834],[-119.59763,53.97812],[-119.5972,53.97747],[-119.59684,53.97604],[-119.59659,53.9747],[-119.5966,53.97398],[-119.59671,53.97365],[-119.5971,53.97326],[-119.59787,53.97237],[-119.59858,53.97164],[-119.5989,53.97129],[-119.59914,53.97094],[-119.59923,53.97088],[-119.59927,53.97085],[-119.59931,53.9708],[-119.59934,53.97074],[-119.5997,53.97021],[-119.59992,53.96935],[-119.60007,53.96895],[-119.60022,53.96858],[-119.60034,53.96811],[-119.60047,53.96767],[-119.60068,53.96732],[-119.6011,53.96693],[-119.60129,53.96665],[-119.60149,53.96635],[-119.60167,53.96619],[-119.60189,53.96588],[-119.602,53.96564],[-119.60216,53.965],[-119.60252,53.96372],[-119.60272,53.96329],[-119.60289,53.96275],[-119.60307,53.96244],[-119.60332,53.9621],[-119.60374,53.96184],[-119.6044,53.96151],[-119.60482,53.96122],[-119.6052,53.96075],[-119.60565,53.96038],[-119.60599,53.96015],[-119.60612,53.96005],[-119.6066,53.95968],[-119.60674,53.95963],[-119.60685,53.95959],[-119.60698,53.95955],[-119.60706,53.95953],[-119.60713,53.95949],[-119.60743,53.95921],[-119.60784,53.95874],[-119.60855,53.95784],[-119.60857,53.95757],[-119.60866,53.95732],[-119.60894,53.95702],[-119.6091,53.95686],[-119.60939,53.95666],[-119.60983,53.95648],[-119.61003,53.95636],[-119.61037,53.95615],[-119.61043,53.95606],[-119.61046,53.95594],[-119.6105,53.95581],[-119.61048,53.9556],[-119.61056,53.95539],[-119.61066,53.95515],[-119.61078,53.95477],[-119.61091,53.95451],[-119.61099,53.95427],[-119.61103,53.95406],[-119.61119,53.95358],[-119.6113,53.95325],[-119.61141,53.95309],[-119.61154,53.95292],[-119.61196,53.95264],[-119.61199,53.95259],[-119.61208,53.95232],[-119.61211,53.95227],[-119.61213,53.95225],[-119.61216,53.95223],[-119.6122,53.95221],[-119.61226,53.9522],[-119.61236,53.95219],[-119.61257,53.95221],[-119.61303,53.95225],[-119.61358,53.9522],[-119.61403,53.95212],[-119.61447,53.95203],[-119.61473,53.95197],[-119.61532,53.95183],[-119.61621,53.95156],[-119.61648,53.95141],[-119.61674,53.95124],[-119.61715,53.95106],[-119.61754,53.95093],[-119.61826,53.95074],[-119.61891,53.95051],[-119.61926,53.95043],[-119.6196,53.95033],[-119.61993,53.95019],[-119.6203,53.95003],[-119.62089,53.94974],[-119.62136,53.94961],[-119.62175,53.94952],[-119.62245,53.94941],[-119.62306,53.94929],[-119.62359,53.9492],[-119.62397,53.94915],[-119.62442,53.94907],[-119.62493,53.94899],[-119.62532,53.94893],[-119.6259,53.94883],[-119.62618,53.94879],[-119.62645,53.94874],[-119.62674,53.94873],[-119.62709,53.94875],[-119.62743,53.94873],[-119.6277,53.94869],[-119.62799,53.94865],[-119.62828,53.94861],[-119.62854,53.94859],[-119.62878,53.94859],[-119.62889,53.94859],[-119.62904,53.94858],[-119.62932,53.94856],[-119.62955,53.94853],[-119.62991,53.94845],[-119.63025,53.94839],[-119.6306,53.94832],[-119.63084,53.94824],[-119.63111,53.94817],[-119.63129,53.94813],[-119.63138,53.94809],[-119.63147,53.94804],[-119.63155,53.94799],[-119.6316,53.94792],[-119.63168,53.9477],[-119.63195,53.94707],[-119.63215,53.9467],[-119.63246,53.94613],[-119.63265,53.9458],[-119.63288,53.94537],[-119.63319,53.94479],[-119.63326,53.94446],[-119.63347,53.94395],[-119.63362,53.94366],[-119.63363,53.94364],[-119.63389,53.94305],[-119.63412,53.94242],[-119.63421,53.94204],[-119.6345,53.94136],[-119.63485,53.94079],[-119.635,53.94048],[-119.63537,53.93974],[-119.6354,53.93946],[-119.63536,53.93924],[-119.63512,53.93896],[-119.63491,53.93864],[-119.63483,53.93837],[-119.6347,53.93809],[-119.63467,53.93792],[-119.63476,53.9378],[-119.63489,53.93769],[-119.63506,53.9376],[-119.6352,53.93751],[-119.637,53.93668],[-119.63744,53.93636],[-119.63781,53.93608],[-119.63823,53.9357],[-119.63851,53.93537],[-119.63883,53.93508],[-119.63927,53.93478],[-119.63952,53.93465],[-119.63972,53.93451],[-119.63991,53.93436],[-119.64003,53.93423],[-119.64013,53.93412],[-119.64061,53.93361],[-119.64088,53.93345],[-119.64111,53.93333],[-119.64179,53.93291],[-119.64211,53.93259],[-119.64236,53.93231],[-119.64266,53.93196],[-119.64281,53.93179],[-119.64303,53.9315],[-119.64305,53.93146],[-119.64338,53.93087],[-119.64361,53.9307],[-119.6439,53.93048],[-119.64423,53.93025],[-119.6445,53.9301],[-119.64468,53.92995],[-119.64484,53.92973],[-119.64487,53.92951],[-119.64493,53.92927],[-119.64518,53.92904],[-119.64563,53.92884],[-119.64608,53.92869],[-119.64636,53.92868],[-119.6468,53.9287],[-119.6473,53.92874],[-119.64778,53.92878],[-119.64817,53.92877],[-119.64921,53.92853],[-119.64966,53.92843],[-119.65009,53.92833],[-119.65124,53.92791],[-119.65205,53.92761],[-119.65273,53.92744],[-119.65335,53.92736],[-119.65387,53.92734],[-119.65433,53.9273],[-119.65488,53.9272],[-119.65552,53.927],[-119.65598,53.92683],[-119.65632,53.92668],[-119.65681,53.92657],[-119.65762,53.92644],[-119.65847,53.92614],[-119.65956,53.92572],[-119.66012,53.92557],[-119.66082,53.92546],[-119.66144,53.92546],[-119.66218,53.9255],[-119.66294,53.92549],[-119.66388,53.92547],[-119.66451,53.92544],[-119.66593,53.92537],[-119.66702,53.92516],[-119.66749,53.92506],[-119.66847,53.92498],[-119.6693,53.92482],[-119.67006,53.92456],[-119.67071,53.9244],[-119.67139,53.9242],[-119.67203,53.92394],[-119.67247,53.92374],[-119.67272,53.92361],[-119.67341,53.92336],[-119.67381,53.92317],[-119.67409,53.92304],[-119.67458,53.92294],[-119.67489,53.92286],[-119.6752,53.92274],[-119.67554,53.92254],[-119.67564,53.92244],[-119.67576,53.92236],[-119.67586,53.92233],[-119.67593,53.92231],[-119.676,53.92231],[-119.6764,53.9224],[-119.67694,53.92252],[-119.67705,53.92253],[-119.67739,53.92253],[-119.6777,53.92253],[-119.67851,53.92261],[-119.67882,53.92264],[-119.679,53.92266],[-119.67914,53.92269],[-119.67952,53.9229],[-119.68003,53.92322],[-119.6806,53.92359],[-119.68099,53.92378],[-119.68125,53.92396],[-119.68139,53.92411],[-119.6816,53.92431],[-119.68206,53.92472],[-119.68224,53.92492],[-119.68237,53.92511],[-119.68251,53.92542],[-119.68276,53.92606],[-119.6828,53.92612],[-119.68298,53.92643],[-119.68317,53.92669],[-119.68337,53.927],[-119.68339,53.92708],[-119.68341,53.92712],[-119.68344,53.92714],[-119.68348,53.92716],[-119.68353,53.92716],[-119.68357,53.92716],[-119.68361,53.92715],[-119.68385,53.92706],[-119.6841,53.927],[-119.68437,53.92695],[-119.68467,53.92691],[-119.68515,53.92684],[-119.68555,53.92676],[-119.68623,53.92674],[-119.68649,53.92673],[-119.68686,53.92671],[-119.68746,53.92669],[-119.68781,53.92666],[-119.688,53.92663],[-119.68858,53.92654],[-119.68913,53.92643],[-119.68929,53.92638],[-119.6896,53.9263],[-119.69001,53.9263],[-119.69028,53.92631],[-119.69051,53.92633],[-119.69126,53.9264],[-119.69177,53.92637],[-119.69249,53.92633],[-119.69281,53.92637],[-119.69306,53.92643],[-119.69356,53.92653],[-119.69399,53.9266],[-119.69469,53.92664],[-119.6955,53.92669],[-119.69621,53.9268],[-119.69684,53.92688],[-119.69759,53.92709],[-119.69784,53.92714],[-119.69794,53.92715],[-119.69804,53.92714],[-119.7025,53.92528],[-119.70344,53.92462],[-119.70417,53.92394],[-119.70481,53.92321],[-119.70669,53.92114],[-119.70892,53.91942],[-119.71075,53.91819],[-119.71154,53.91732],[-119.71288,53.91635],[-119.71514,53.91524],[-119.71652,53.91448],[-119.71663,53.91438],[-119.71678,53.91421],[-119.71686,53.91408],[-119.7169,53.9139],[-119.71695,53.91369],[-119.71693,53.91347],[-119.71698,53.91298],[-119.71702,53.91259],[-119.71705,53.91255],[-119.7171,53.91252],[-119.7172,53.91246],[-119.71735,53.91241],[-119.71774,53.91234],[-119.71884,53.9122],[-119.71936,53.91216],[-119.71966,53.9121],[-119.71989,53.91205],[-119.71997,53.91197],[-119.72018,53.91164],[-119.72032,53.91155],[-119.72049,53.91146],[-119.72084,53.91127],[-119.72109,53.91103],[-119.7213,53.91078],[-119.72145,53.9105],[-119.72176,53.91024],[-119.72206,53.91005],[-119.72238,53.90984],[-119.72276,53.90967],[-119.72306,53.90952],[-119.72336,53.90936],[-119.72368,53.90924],[-119.72423,53.90909],[-119.72445,53.90906],[-119.72534,53.90904],[-119.72648,53.9091],[-119.72762,53.90915],[-119.72816,53.90911],[-119.72887,53.90912],[-119.72887,53.90912],[-119.72931,53.90915],[-119.72977,53.9092],[-119.73055,53.90927],[-119.73133,53.90938],[-119.7316,53.9094],[-119.73192,53.90942],[-119.73219,53.90946],[-119.73255,53.9095],[-119.73281,53.90949],[-119.73307,53.90948],[-119.73316,53.90947],[-119.73322,53.90945],[-119.73328,53.90943],[-119.73332,53.9094],[-119.73333,53.90937],[-119.73342,53.90901],[-119.73356,53.90873],[-119.73366,53.90847],[-119.73375,53.90818],[-119.73383,53.90792],[-119.73391,53.90762],[-119.73423,53.90691],[-119.7344,53.90652],[-119.73453,53.90619],[-119.73468,53.90591],[-119.73482,53.90572],[-119.7351,53.90542],[-119.73523,53.90519],[-119.73552,53.9049],[-119.7359,53.90448],[-119.73625,53.90401],[-119.73651,53.90356],[-119.73668,53.90332],[-119.73688,53.90293],[-119.73697,53.90268],[-119.73703,53.90241],[-119.73712,53.9021],[-119.73717,53.90194],[-119.73719,53.90177],[-119.73724,53.90157],[-119.73726,53.90139],[-119.73729,53.90125],[-119.73732,53.90099],[-119.73735,53.90082],[-119.73739,53.90049],[-119.73741,53.90025],[-119.73742,53.9],[-119.73756,53.89961],[-119.7376,53.89956],[-119.73767,53.89951],[-119.7378,53.89943],[-119.73796,53.89936],[-119.73875,53.89908],[-119.73963,53.89879],[-119.74073,53.89831],[-119.74116,53.89812],[-119.7415,53.89799],[-119.74188,53.89787],[-119.74245,53.89766],[-119.74315,53.89739],[-119.74352,53.89724],[-119.74373,53.89714],[-119.74394,53.89706],[-119.74418,53.89695],[-119.74442,53.89685],[-119.74459,53.89676],[-119.74489,53.89658],[-119.74514,53.89638],[-119.74526,53.89629],[-119.74559,53.89603],[-119.74591,53.89576],[-119.74611,53.89553],[-119.74637,53.89527],[-119.74661,53.89502],[-119.74682,53.8948],[-119.74703,53.89459],[-119.74749,53.89414],[-119.74789,53.89362],[-119.74805,53.89347],[-119.74837,53.89317],[-119.74841,53.893],[-119.74842,53.89297],[-119.74845,53.89294],[-119.74851,53.89291],[-119.74857,53.89288],[-119.74876,53.89279],[-119.74903,53.89267],[-119.74929,53.8926],[-119.74956,53.89255],[-119.74999,53.89249],[-119.75133,53.89235],[-119.75279,53.89223],[-119.75354,53.89223],[-119.75444,53.89227],[-119.75513,53.89234],[-119.75571,53.89249],[-119.75617,53.89257],[-119.75637,53.89257],[-119.75669,53.89254],[-119.75723,53.89233],[-119.75749,53.89226],[-119.75782,53.8922],[-119.75823,53.89219],[-119.75853,53.89219],[-119.75873,53.89215],[-119.75889,53.89211],[-119.75905,53.89205],[-119.75919,53.89199],[-119.75938,53.89187],[-119.75986,53.89159],[-119.76019,53.89138],[-119.76051,53.89118],[-119.76055,53.89116],[-119.76058,53.89115],[-119.76063,53.89114],[-119.76069,53.89115],[-119.76073,53.89116],[-119.7609,53.89122],[-119.76198,53.89149],[-119.76413,53.89177],[-119.76531,53.89195],[-119.76555,53.89202],[-119.76592,53.89216],[-119.76627,53.89223],[-119.76656,53.8923],[-119.76685,53.89239],[-119.76713,53.89246],[-119.76737,53.89252],[-119.76766,53.89257],[-119.7681,53.89262],[-119.76964,53.89271],[-119.77019,53.89276],[-119.77077,53.89281],[-119.77124,53.89289],[-119.77189,53.89301],[-119.77261,53.89317],[-119.77306,53.89326],[-119.77365,53.89333],[-119.77432,53.89335],[-119.77459,53.89331],[-119.77481,53.89326],[-119.77524,53.8931],[-119.77562,53.89297],[-119.77598,53.89283],[-119.77641,53.89267],[-119.77704,53.89261],[-119.77775,53.89258],[-119.77842,53.89261],[-119.77898,53.89267],[-119.77977,53.89278],[-119.7804,53.89292],[-119.78091,53.89302],[-119.78185,53.89315],[-119.78247,53.89325],[-119.78323,53.89327],[-119.78433,53.89327],[-119.78565,53.89318],[-119.78646,53.89309],[-119.78738,53.8929],[-119.78761,53.89283],[-119.78798,53.89271],[-119.78862,53.89248],[-119.78919,53.89229],[-119.78978,53.89205],[-119.7903,53.89189],[-119.79055,53.89183],[-119.79079,53.89177],[-119.79093,53.89175],[-119.79106,53.89174],[-119.79157,53.89171],[-119.79175,53.89169],[-119.79229,53.89155],[-119.7927,53.8914],[-119.79315,53.89127],[-119.7934,53.89119],[-119.79387,53.89105],[-119.79411,53.891],[-119.79472,53.89092],[-119.79523,53.89076],[-119.79535,53.89074],[-119.79549,53.89076],[-119.79561,53.89081],[-119.79576,53.89089],[-119.79627,53.89126],[-119.79672,53.89163],[-119.79719,53.89192],[-119.79754,53.89214],[-119.79776,53.89234],[-119.79803,53.89254],[-119.79828,53.89275],[-119.79853,53.89287],[-119.79885,53.89299],[-119.79914,53.89306],[-119.7995,53.89311],[-119.80011,53.89311],[-119.80037,53.8931],[-119.80063,53.89305],[-119.80097,53.89299],[-119.80267,53.89293],[-119.80352,53.89286],[-119.80375,53.89287],[-119.8039,53.89288],[-119.80396,53.8929],[-119.80399,53.89294],[-119.80408,53.89312],[-119.80422,53.89324],[-119.8044,53.89332],[-119.80457,53.89339],[-119.80519,53.89365],[-119.80547,53.8938],[-119.80566,53.89391],[-119.80586,53.89409],[-119.80592,53.89422],[-119.80596,53.89437],[-119.80607,53.89452],[-119.80625,53.89472],[-119.80665,53.89513],[-119.8068,53.89535],[-119.80689,53.89548],[-119.80711,53.89574],[-119.80755,53.89619],[-119.80781,53.8967],[-119.80809,53.89712],[-119.80862,53.89776],[-119.80883,53.89799],[-119.80904,53.89821],[-119.80924,53.8984],[-119.80941,53.89856],[-119.8096,53.89873],[-119.80979,53.89889],[-119.81005,53.89901],[-119.8104,53.89905],[-119.811,53.89904],[-119.81149,53.89904],[-119.81192,53.89908],[-119.81235,53.89919],[-119.81275,53.89932],[-119.81389,53.89947],[-119.81452,53.89952],[-119.81488,53.89948],[-119.81539,53.89939],[-119.81601,53.89926],[-119.81709,53.89909],[-119.81751,53.899],[-119.81761,53.89898],[-119.81772,53.89898],[-119.81819,53.89897],[-119.81844,53.89895],[-119.8187,53.89892],[-119.81906,53.89885],[-119.81962,53.89868],[-119.81973,53.89864],[-119.8201,53.89846],[-119.82035,53.89825],[-119.82049,53.89818],[-119.82075,53.89818],[-119.82099,53.8982],[-119.82117,53.89827],[-119.82128,53.89836],[-119.82139,53.89851],[-119.82154,53.89899],[-119.82177,53.89947],[-119.82199,53.90007],[-119.82228,53.90047],[-119.82275,53.90087],[-119.82428,53.90174],[-119.82512,53.90242],[-119.82553,53.90283],[-119.82604,53.90316],[-119.82665,53.90369],[-119.82703,53.90393],[-119.8279,53.90428],[-119.82947,53.90468],[-119.82998,53.90476],[-119.83051,53.90488],[-119.83082,53.90504],[-119.83101,53.9052],[-119.83113,53.90582],[-119.83119,53.90605],[-119.83121,53.90646],[-119.83121,53.90679],[-119.8312,53.90699],[-119.83118,53.90718],[-119.83118,53.90756],[-119.83117,53.90792],[-119.83116,53.90814],[-119.83118,53.90834],[-119.83115,53.90856],[-119.83114,53.90881],[-119.83107,53.90937],[-119.83102,53.90954],[-119.83096,53.90995],[-119.8309,53.91025],[-119.83092,53.91032],[-119.83095,53.91042],[-119.83098,53.91046],[-119.83101,53.91049],[-119.83106,53.9105],[-119.83111,53.91051],[-119.83117,53.9105],[-119.83123,53.91049],[-119.83131,53.91046],[-119.83135,53.91043],[-119.83161,53.9102],[-119.83212,53.90988],[-119.83256,53.90972],[-119.833,53.90957],[-119.83337,53.90939],[-119.83388,53.90921],[-119.83447,53.909],[-119.83485,53.90885],[-119.83527,53.90876],[-119.83586,53.90867],[-119.83664,53.90855],[-119.83794,53.90826],[-119.83842,53.90811],[-119.83874,53.90799],[-119.83911,53.90783],[-119.83955,53.90757],[-119.83968,53.90754],[-119.83981,53.90751],[-119.84006,53.90748],[-119.84046,53.90746],[-119.84075,53.90742],[-119.84114,53.90732],[-119.84148,53.90721],[-119.84175,53.90713],[-119.84216,53.90701],[-119.84257,53.90686],[-119.84305,53.90667],[-119.84378,53.90636],[-119.84424,53.90615],[-119.84454,53.90607],[-119.8446,53.90606],[-119.84471,53.90605],[-119.84481,53.90604],[-119.84523,53.90606],[-119.84554,53.90605],[-119.84648,53.90599],[-119.84675,53.90599],[-119.8481,53.90581],[-119.84841,53.9058],[-119.84859,53.90582],[-119.84872,53.90585],[-119.84906,53.90599],[-119.84985,53.90635],[-119.85057,53.90664],[-119.85109,53.90679],[-119.85159,53.90696],[-119.85198,53.90709],[-119.85257,53.9073],[-119.85289,53.90737],[-119.85335,53.90742],[-119.85381,53.9074],[-119.85488,53.90738],[-119.85577,53.90731],[-119.85613,53.90725],[-119.85626,53.90723],[-119.85628,53.90722],[-119.8563,53.90722],[-119.85632,53.90722],[-119.85633,53.90722],[-119.85634,53.90723],[-119.85634,53.90724],[-119.85635,53.90726],[-119.85634,53.90732],[-119.85622,53.90755],[-119.85619,53.90782],[-119.85629,53.90805],[-119.85647,53.90832],[-119.85658,53.90858],[-119.85666,53.90886],[-119.85683,53.90913],[-119.85696,53.90938],[-119.85717,53.90971],[-119.85738,53.90994],[-119.85745,53.91009],[-119.85745,53.9102],[-119.85725,53.91055],[-119.85701,53.91085],[-119.85671,53.91118],[-119.85655,53.9114],[-119.8563,53.91164],[-119.85616,53.91185],[-119.85613,53.91197],[-119.856,53.91229],[-119.85599,53.91232],[-119.85595,53.91247],[-119.85593,53.91264],[-119.85593,53.91282],[-119.85589,53.91301],[-119.85576,53.91324],[-119.85567,53.91343],[-119.85551,53.9142],[-119.85537,53.91469],[-119.85534,53.91491],[-119.85534,53.91501],[-119.85535,53.9151],[-119.85537,53.91523],[-119.85541,53.91538],[-119.85545,53.91555],[-119.85553,53.91613],[-119.85546,53.9165],[-119.85514,53.91717],[-119.85509,53.91766],[-119.85506,53.91806],[-119.85509,53.91838],[-119.85513,53.9187],[-119.85597,53.92031],[-119.8561,53.92058],[-119.8562,53.92098],[-119.85628,53.9214],[-119.85639,53.92163],[-119.85642,53.92179],[-119.85639,53.92225],[-119.8564,53.92245],[-119.85642,53.9225],[-119.85647,53.92253],[-119.85653,53.92255],[-119.85664,53.92256],[-119.85809,53.92262],[-119.85956,53.92273],[-119.86013,53.92284],[-119.86051,53.92296],[-119.86258,53.92364],[-119.86378,53.92399],[-119.86425,53.92411],[-119.86463,53.92426],[-119.86557,53.92477],[-119.86607,53.92501],[-119.86678,53.92527],[-119.86757,53.92547],[-119.86826,53.9256],[-119.86894,53.92571],[-119.87005,53.92585],[-119.87033,53.92587],[-119.87085,53.92592],[-119.87111,53.92593],[-119.87134,53.9259],[-119.87188,53.92579],[-119.87228,53.92569],[-119.87248,53.92563],[-119.87271,53.92558],[-119.87346,53.92535],[-119.87387,53.92515],[-119.87411,53.92493],[-119.87434,53.92458],[-119.87453,53.92441],[-119.87482,53.92427],[-119.87512,53.9241],[-119.8755,53.92383],[-119.87566,53.92376],[-119.87577,53.9237],[-119.87594,53.92365],[-119.87622,53.92358],[-119.87637,53.92356],[-119.87669,53.92343],[-119.87689,53.92333],[-119.87726,53.92311],[-119.8777,53.92274],[-119.87801,53.92245],[-119.8781,53.9224],[-119.87823,53.92237],[-119.87848,53.92236],[-119.8787,53.92239],[-119.87974,53.92245],[-119.88006,53.9225],[-119.88043,53.9226],[-119.88086,53.92272],[-119.88198,53.92326],[-119.88268,53.92349],[-119.88306,53.92375],[-119.88364,53.92406],[-119.88426,53.92432],[-119.88456,53.92455],[-119.88478,53.92507],[-119.88499,53.92599],[-119.88512,53.9264],[-119.8854,53.92691],[-119.8855,53.92704],[-119.8856,53.92716],[-119.88592,53.92748],[-119.88624,53.92771],[-119.88634,53.92775],[-119.88651,53.92776],[-119.88674,53.92771],[-119.88714,53.92764],[-119.88736,53.92763],[-119.88786,53.92771],[-119.88815,53.92775],[-119.88853,53.92773],[-119.88898,53.9277],[-119.88931,53.92768],[-119.88958,53.92764],[-119.88989,53.92759],[-119.89019,53.92752],[-119.89055,53.92745],[-119.89066,53.92743],[-119.89083,53.92742],[-119.89123,53.92741],[-119.89125,53.92741],[-119.89176,53.92736],[-119.89242,53.92714],[-119.89315,53.927],[-119.89371,53.92692],[-119.89426,53.92681],[-119.89469,53.92669],[-119.89476,53.92669],[-119.89487,53.92672],[-119.89506,53.92682],[-119.89539,53.92698],[-119.89567,53.92715],[-119.896,53.92734],[-119.89632,53.92753],[-119.89663,53.92777],[-119.89745,53.92852],[-119.89808,53.92896],[-119.89839,53.92922],[-119.89861,53.92945],[-119.89879,53.92971],[-119.89896,53.92997],[-119.89902,53.93006],[-119.89907,53.93013],[-119.89912,53.93018],[-119.89921,53.93025],[-119.89933,53.93032],[-119.89967,53.93045],[-119.89986,53.93048],[-119.89996,53.9305],[-119.90022,53.93051],[-119.90045,53.9305],[-119.90074,53.9305],[-119.90101,53.93049],[-119.90142,53.93049],[-119.90215,53.93056],[-119.90254,53.93064],[-119.9031,53.93081],[-119.90339,53.93091],[-119.90369,53.93108],[-119.90418,53.9314],[-119.90474,53.9318],[-119.90492,53.93201],[-119.90506,53.93223],[-119.90524,53.93255],[-119.9053,53.93268],[-119.90537,53.93284],[-119.90545,53.93299],[-119.90559,53.93325],[-119.9057,53.93337],[-119.90587,53.93348],[-119.9061,53.93359],[-119.90635,53.93373],[-119.90662,53.93384],[-119.90674,53.9339],[-119.90692,53.93399],[-119.90715,53.93415],[-119.90743,53.93439],[-119.90778,53.93471],[-119.90797,53.93486],[-119.90829,53.93504],[-119.90854,53.93511],[-119.90886,53.93516],[-119.90903,53.93518],[-119.90918,53.9352],[-119.90968,53.93518],[-119.90999,53.93516],[-119.91046,53.93513],[-119.91058,53.93513],[-119.9107,53.93514],[-119.91081,53.93515],[-119.91091,53.93516],[-119.91125,53.93523],[-119.91183,53.93535],[-119.91219,53.93545],[-119.91246,53.93558],[-119.91277,53.93573],[-119.91283,53.93577],[-119.91319,53.936],[-119.91343,53.9362],[-119.91361,53.93633],[-119.91379,53.9365],[-119.91402,53.9367],[-119.91413,53.93682],[-119.91437,53.93701],[-119.91467,53.93714],[-119.915,53.93732],[-119.91563,53.93762],[-119.9161,53.93794],[-119.91653,53.93822],[-119.91697,53.93855],[-119.91721,53.93878],[-119.91744,53.93904],[-119.91751,53.93917],[-119.91769,53.93929],[-119.91798,53.93944],[-119.91813,53.93954],[-119.9183,53.93969],[-119.91847,53.93985],[-119.91866,53.93998],[-119.91872,53.94002],[-119.91881,53.94004],[-119.91933,53.94014],[-119.91955,53.94017],[-119.91995,53.94021],[-119.92035,53.9403],[-119.92083,53.9404],[-119.92175,53.94058],[-119.92209,53.94063],[-119.92273,53.94083],[-119.9233,53.94101],[-119.92397,53.94117],[-119.92453,53.94133],[-119.92509,53.94147],[-119.92549,53.94159],[-119.92593,53.94174],[-119.92658,53.94196],[-119.92752,53.94221],[-119.92801,53.94241],[-119.92823,53.94254],[-119.92846,53.94262],[-119.92883,53.94277],[-119.92908,53.94285],[-119.92945,53.94299],[-119.92991,53.94335],[-119.93029,53.94385],[-119.93045,53.94401],[-119.93061,53.94412],[-119.93125,53.9445],[-119.9322,53.94491],[-119.93325,53.94533],[-119.93478,53.94591],[-119.93487,53.94595],[-119.9349,53.94597],[-119.93492,53.946],[-119.93493,53.94604],[-119.93494,53.94607],[-119.93491,53.94612],[-119.93488,53.94616],[-119.93408,53.94661],[-119.93255,53.94726],[-119.9324,53.9474],[-119.93242,53.94756],[-119.93363,53.94884],[-119.93443,53.94941],[-119.93532,53.94985],[-119.93632,53.95018],[-119.93674,53.9503],[-119.93715,53.95033],[-119.93757,53.9503],[-119.93806,53.95023],[-119.93889,53.95008],[-119.93952,53.95005],[-119.94029,53.9501],[-119.94146,53.95024],[-119.94215,53.95019],[-119.94279,53.95009],[-119.94319,53.94988],[-119.94345,53.94972],[-119.94539,53.94827],[-119.94578,53.94806],[-119.94639,53.94784],[-119.94723,53.9477],[-119.94778,53.94755],[-119.94827,53.94736],[-119.9491,53.94674],[-119.95057,53.94615],[-119.95125,53.94601],[-119.9518,53.94599],[-119.95204,53.94604],[-119.95228,53.94613],[-119.95255,53.9463],[-119.95325,53.9467],[-119.95401,53.94708],[-119.95474,53.94747],[-119.95546,53.9478],[-119.95665,53.94836],[-119.95725,53.9486],[-119.95878,53.94916],[-119.95939,53.94921],[-119.96016,53.94921],[-119.96116,53.94908],[-119.96244,53.9487],[-119.96438,53.94774],[-119.96547,53.94735],[-119.96583,53.94735],[-119.96613,53.94736],[-119.96652,53.94739],[-119.96684,53.94744],[-119.96723,53.94753],[-119.96779,53.94768],[-119.9687,53.94795],[-119.9695,53.94821],[-119.97126,53.94861],[-119.97188,53.94878],[-119.97274,53.94891],[-119.97305,53.94893],[-119.97319,53.94891],[-119.97326,53.94888],[-119.97331,53.94883],[-119.97336,53.94872],[-119.97335,53.94835],[-119.9735,53.94799],[-119.9737,53.94757],[-119.97383,53.94744],[-119.97418,53.94731],[-119.97463,53.94721],[-119.97537,53.94707],[-119.97567,53.94695],[-119.9759,53.94683],[-119.97598,53.9467],[-119.976,53.9466],[-119.976,53.94651],[-119.97597,53.94644],[-119.9759,53.94637],[-119.97583,53.94633],[-119.97572,53.9463],[-119.97502,53.94625],[-119.97358,53.94601],[-119.973,53.94585],[-119.97236,53.94563],[-119.97231,53.94561],[-119.97226,53.94559],[-119.97224,53.94556],[-119.97222,53.94553],[-119.97199,53.94513],[-119.97187,53.94485],[-119.97183,53.94471],[-119.97186,53.94463],[-119.97191,53.94455],[-119.97203,53.94446],[-119.97269,53.94412],[-119.97399,53.94349],[-119.9743,53.94325],[-119.97458,53.94299],[-119.9747,53.94275],[-119.97478,53.94242],[-119.9748,53.94204],[-119.97475,53.94181],[-119.97465,53.94159],[-119.9745,53.94141],[-119.97407,53.94095],[-119.97398,53.94087],[-119.97364,53.94047],[-119.97358,53.94041],[-119.97352,53.94032],[-119.97348,53.94024],[-119.97346,53.94014],[-119.97331,53.93954],[-119.97326,53.93944],[-119.97311,53.93932],[-119.97276,53.9391],[-119.97196,53.93871],[-119.97122,53.93818],[-119.9697,53.93714],[-119.96951,53.93698],[-119.96933,53.93675],[-119.96927,53.9366],[-119.96925,53.93647],[-119.96925,53.93642],[-119.96926,53.93638],[-119.96929,53.93629],[-119.96932,53.93622],[-119.96934,53.93618],[-119.96938,53.93616],[-119.96942,53.93614],[-119.96947,53.93613],[-119.96954,53.93612],[-119.96962,53.93612],[-119.96976,53.93613],[-119.97067,53.93631],[-119.97136,53.93632],[-119.97593,53.93712],[-119.97731,53.93723],[-119.97868,53.9372],[-119.98081,53.93697],[-119.98138,53.93679],[-119.98186,53.93654],[-119.98244,53.9361],[-119.98271,53.93556],[-119.98313,53.93504],[-119.98348,53.93475],[-119.98397,53.93455],[-119.98489,53.93441],[-119.98562,53.93441],[-119.98621,53.93451],[-119.98692,53.93464],[-119.98729,53.93465],[-119.98761,53.93469],[-119.9883,53.93478],[-119.98874,53.93492],[-119.9891,53.93507],[-119.98941,53.93518],[-119.98976,53.93532],[-119.99049,53.93559],[-119.99083,53.93577],[-119.99113,53.93592],[-119.9915,53.93612],[-119.99268,53.93655],[-119.99368,53.93687],[-119.99391,53.93691],[-119.99422,53.93695],[-119.99456,53.93697],[-119.99525,53.93696],[-119.99577,53.93693],[-119.99591,53.93689],[-119.99607,53.93684],[-119.99618,53.93679],[-119.99627,53.93672],[-119.99633,53.93665],[-119.99634,53.9366],[-119.99629,53.9364],[-119.99612,53.93602],[-119.99607,53.93584],[-119.99605,53.93567],[-119.99617,53.9355],[-119.99641,53.93519],[-119.99652,53.93475],[-119.99676,53.93396],[-119.9969,53.93358],[-119.99707,53.93319],[-119.99747,53.93262],[-119.99773,53.93214],[-119.9979,53.93178],[-119.99798,53.93154],[-119.99793,53.93135],[-119.99759,53.93102],[-119.99705,53.93048],[-119.99659,53.92994],[-119.99655,53.92988],[-119.99616,53.92936],[-119.99589,53.92885],[-119.99556,53.92818],[-119.99536,53.92705],[-119.99539,53.9267],[-119.9955,53.92629],[-119.99559,53.9259],[-119.99579,53.92553],[-119.996,53.92514],[-119.99609,53.92486],[-119.99618,53.92449],[-119.99626,53.92413],[-119.99624,53.92349],[-119.99625,53.92346],[-119.99627,53.92343],[-119.99631,53.92339],[-119.99649,53.92325],[-119.99683,53.92304],[-119.99721,53.92279],[-119.99756,53.92255],[-119.99843,53.92204],[-119.99896,53.92166],[-119.99938,53.9214],[-119.99964,53.92128],[-120.00023,53.92117],[-120.00055,53.9211],[-120.00088,53.92099],[-120.00109,53.92089],[-120.00123,53.92085],[-120.00132,53.92084],[-120.00132,53.91933],[-120.00132,53.9121],[-120.00132,53.91124],[-120.00132,53.90487],[-120.00132,53.89765],[-120.00132,53.89024],[-120.00132,53.88333],[-120.00132,53.88301],[-120.00132,53.87578],[-120.00132,53.86856],[-120.00132,53.86115],[-120.00132,53.85392],[-120.00132,53.84669],[-120.00132,53.83946],[-120.00132,53.83506],[-120.00132,53.83205],[-120.00133,53.82483],[-120.00133,53.8176],[-120.00133,53.81622],[-120.00133,53.81037],[-120.00133,53.80297],[-120.00133,53.79866],[-120.00133,53.79866],[-120.00133,53.79866],[-120.00109,53.79889],[-120.00098,53.79905],[-120.0006,53.80125],[-120.00033,53.80184],[-120.00023,53.802],[-119.99978,53.80296],[-119.99952,53.80347],[-119.99919,53.80393],[-119.99898,53.80411],[-119.9986,53.80433],[-119.9984,53.80442],[-119.99824,53.80447],[-119.99797,53.80452],[-119.9977,53.80454],[-119.99735,53.80452],[-119.99656,53.80453],[-119.99619,53.80449],[-119.99504,53.80434],[-119.99411,53.80419],[-119.99381,53.80413],[-119.99347,53.80409],[-119.9932,53.80407],[-119.99249,53.80405],[-119.99196,53.80399],[-119.99137,53.8038],[-119.98989,53.80332],[-119.98926,53.8031],[-119.98899,53.80291],[-119.98871,53.80264],[-119.98735,53.80178],[-119.98618,53.8012],[-119.98529,53.80064],[-119.98487,53.80044],[-119.98448,53.80032],[-119.98391,53.80024],[-119.98179,53.80021],[-119.98149,53.80016],[-119.98131,53.80008],[-119.98113,53.79994],[-119.98108,53.79979],[-119.98111,53.79967],[-119.98231,53.79893],[-119.98318,53.79793],[-119.98335,53.79758],[-119.9834,53.79721],[-119.98293,53.79249],[-119.98274,53.79157],[-119.98254,53.79134],[-119.98186,53.79078],[-119.98146,53.79052],[-119.98101,53.79031],[-119.98036,53.79015],[-119.9792,53.78992],[-119.97757,53.78978],[-119.97718,53.78971],[-119.97673,53.78959],[-119.97574,53.78937],[-119.97526,53.78922],[-119.97466,53.78893],[-119.97381,53.78832],[-119.97306,53.78749],[-119.97205,53.78644],[-119.97133,53.78577],[-119.97092,53.78544],[-119.97053,53.78528],[-119.97012,53.78515],[-119.96937,53.78497],[-119.96806,53.78437],[-119.96597,53.78331],[-119.96499,53.78279],[-119.96473,53.78259],[-119.96447,53.78217],[-119.96441,53.78199],[-119.96419,53.78136],[-119.96395,53.78102],[-119.96367,53.78086],[-119.96313,53.7807],[-119.9622,53.78055],[-119.96131,53.78051],[-119.9597,53.78051],[-119.95942,53.78048],[-119.9592,53.78041],[-119.95883,53.78034],[-119.95824,53.78018],[-119.95749,53.77987],[-119.95642,53.77917],[-119.95452,53.77809],[-119.95397,53.77778],[-119.94935,53.77534],[-119.94894,53.77521],[-119.94846,53.77514],[-119.94778,53.77513],[-119.94722,53.77507],[-119.94626,53.77502],[-119.94493,53.775],[-119.94393,53.77504],[-119.94197,53.77504],[-119.94099,53.77508],[-119.93871,53.77528],[-119.9375,53.77535],[-119.93597,53.77546],[-119.93371,53.77555],[-119.93371,53.77555],[-119.93255,53.77577],[-119.93166,53.776],[-119.93039,53.77637],[-119.92922,53.77728],[-119.92828,53.77724],[-119.92315,53.77602],[-119.91873,53.77637],[-119.91341,53.77688],[-119.90907,53.77747],[-119.90524,53.77803],[-119.90367,53.77828],[-119.90298,53.77841],[-119.90222,53.77848],[-119.90129,53.77848],[-119.89979,53.77843],[-119.89812,53.7784],[-119.89655,53.77828],[-119.88875,53.7764],[-119.88897,53.77587],[-119.88944,53.77488],[-119.88971,53.77412],[-119.88974,53.77389],[-119.88951,53.77257],[-119.88961,53.77188],[-119.88981,53.76963],[-119.88996,53.76925],[-119.89019,53.769],[-119.89038,53.76889],[-119.89201,53.76855],[-119.89398,53.76833],[-119.89475,53.7682],[-119.89516,53.76802],[-119.89558,53.76774],[-119.89595,53.76743],[-119.89619,53.7671],[-119.89624,53.76685],[-119.89621,53.76663],[-119.89586,53.76635],[-119.89561,53.76615],[-119.89529,53.76544],[-119.89497,53.76495],[-119.89469,53.76469],[-119.89431,53.76456],[-119.8937,53.76445],[-119.89301,53.76442],[-119.89164,53.76422],[-119.89111,53.76389],[-119.89081,53.76357],[-119.89076,53.76314],[-119.89046,53.76243],[-119.89025,53.76199],[-119.89054,53.76174],[-119.8908,53.76137],[-119.89188,53.76085],[-119.89252,53.76064],[-119.89315,53.7604],[-119.89391,53.75975],[-119.89586,53.75752],[-119.89623,53.75732],[-119.89684,53.75713],[-119.89717,53.757],[-119.89731,53.75691],[-119.89765,53.75661],[-119.89785,53.75619],[-119.89795,53.75564],[-119.89788,53.75522],[-119.89771,53.75506],[-119.89732,53.75488],[-119.89671,53.75474],[-119.89633,53.75461],[-119.89613,53.75448],[-119.89598,53.75427],[-119.89586,53.75393],[-119.8956,53.75362],[-119.89497,53.75337],[-119.89422,53.75318],[-119.89335,53.75297],[-119.89257,53.75274],[-119.89183,53.75254],[-119.89111,53.7523],[-119.89068,53.75212],[-119.89049,53.752],[-119.89026,53.75168],[-119.89035,53.7512],[-119.89091,53.75001],[-119.89091,53.74997],[-119.89121,53.74902],[-119.8919,53.74789],[-119.89318,53.74637],[-119.89417,53.7456],[-119.89483,53.74504],[-119.8953,53.74436],[-119.89561,53.74359],[-119.89575,53.74286],[-119.89583,53.74255],[-119.8962,53.74211],[-119.89728,53.7411],[-119.8982,53.74063],[-119.89937,53.74015],[-119.90044,53.73982],[-119.90164,53.73922],[-119.90262,53.73862],[-119.90362,53.73793],[-119.90399,53.73763],[-119.90409,53.73742],[-119.90412,53.73717],[-119.90402,53.73663],[-119.90371,53.73612],[-119.90202,53.73454],[-119.90113,53.73386],[-119.90036,53.73336],[-119.90011,53.73308],[-119.90003,53.73238],[-119.89978,53.73202],[-119.89937,53.73147],[-119.89886,53.73105],[-119.8984,53.73029],[-119.89815,53.72981],[-119.89778,53.72929],[-119.89769,53.72889],[-119.89768,53.7284],[-119.89781,53.72819],[-119.8984,53.72761],[-119.89969,53.72643],[-119.90054,53.72582],[-119.90164,53.72522],[-119.90363,53.7239],[-119.90515,53.72251],[-119.90547,53.72237],[-119.90577,53.72229],[-119.90681,53.72218],[-119.90859,53.72193],[-119.91005,53.72156],[-119.91155,53.72094],[-119.9138,53.71997],[-119.91515,53.71934],[-119.91627,53.71872],[-119.91662,53.71834],[-119.91677,53.71805],[-119.9167,53.71738],[-119.91646,53.71697],[-119.91558,53.71614],[-119.91432,53.71475],[-119.91352,53.71367],[-119.91254,53.71204],[-119.91222,53.71157],[-119.91184,53.71128],[-119.91124,53.71093],[-119.9105,53.71056],[-119.90948,53.71008],[-119.9083,53.70976],[-119.90679,53.70942],[-119.90589,53.70918],[-119.9046,53.7089],[-119.90298,53.70852],[-119.90219,53.7084],[-119.90057,53.70836],[-119.90012,53.70838],[-119.8994,53.70837],[-119.89896,53.70839],[-119.89862,53.70845],[-119.89862,53.70845],[-119.89713,53.70899],[-119.89612,53.70948],[-119.89559,53.7097],[-119.89508,53.70985],[-119.89418,53.71012],[-119.89344,53.71031],[-119.89235,53.71052],[-119.89094,53.71064],[-119.89026,53.71061],[-119.8888,53.71053],[-119.88719,53.71039],[-119.88547,53.71028],[-119.88411,53.71023],[-119.88317,53.71022],[-119.88224,53.71024],[-119.88224,53.71024],[-119.88188,53.71033],[-119.88143,53.71054],[-119.88111,53.71085],[-119.88081,53.71129],[-119.88029,53.71171],[-119.87956,53.71212],[-119.87716,53.71306],[-119.87645,53.7133],[-119.87574,53.71346],[-119.87482,53.71362],[-119.8738,53.71373],[-119.87227,53.714],[-119.87117,53.71424],[-119.87042,53.71436],[-119.87007,53.71434],[-119.86919,53.71423],[-119.86806,53.71401],[-119.86682,53.71364],[-119.8659,53.71322],[-119.86503,53.71285],[-119.86443,53.71256],[-119.86402,53.71242],[-119.86338,53.71232],[-119.86234,53.71227],[-119.86153,53.71218],[-119.85893,53.71225],[-119.85768,53.71237],[-119.85636,53.71258],[-119.85165,53.71296],[-119.84992,53.71308],[-119.84915,53.71308],[-119.84862,53.71302],[-119.84808,53.7129],[-119.84759,53.71275],[-119.84703,53.71248],[-119.84673,53.71184],[-119.84672,53.71137],[-119.84653,53.71084],[-119.84649,53.71042],[-119.84655,53.70981],[-119.84645,53.70906],[-119.84603,53.70701],[-119.84605,53.70641],[-119.84603,53.70531],[-119.84627,53.70458],[-119.84717,53.70292],[-119.84729,53.70059],[-119.8473,53.70033],[-119.84714,53.70021],[-119.84666,53.69978],[-119.84586,53.69928],[-119.84455,53.69823],[-119.84376,53.69776],[-119.84292,53.69709],[-119.84235,53.69654],[-119.84206,53.69614],[-119.84169,53.69552],[-119.84142,53.69511],[-119.8411,53.69481],[-119.84055,53.69478],[-119.83981,53.6947],[-119.8389,53.69464],[-119.83786,53.69454],[-119.83673,53.6945],[-119.83558,53.69454],[-119.8348,53.69461],[-119.83479,53.69461],[-119.83327,53.69496],[-119.83174,53.69535],[-119.83059,53.69558],[-119.83059,53.69558],[-119.82921,53.6959],[-119.82849,53.69631],[-119.827,53.69707],[-119.82588,53.69793],[-119.82475,53.69877],[-119.82344,53.69962],[-119.82239,53.70049],[-119.82142,53.70144],[-119.82076,53.70204],[-119.82055,53.70215],[-119.82021,53.70223],[-119.81967,53.70231],[-119.8166,53.70228],[-119.81506,53.70221],[-119.8147,53.70225],[-119.8147,53.70225],[-119.81425,53.70236],[-119.81392,53.70249],[-119.8136,53.70266],[-119.81318,53.70281],[-119.81283,53.70296],[-119.81238,53.70319],[-119.81223,53.70335],[-119.81185,53.70396],[-119.81162,53.70423],[-119.81127,53.70458],[-119.81086,53.70491],[-119.80984,53.70552],[-119.80908,53.70583],[-119.80813,53.70617],[-119.80643,53.70669],[-119.80603,53.70678],[-119.80555,53.70686],[-119.80507,53.7069],[-119.80455,53.70689],[-119.80378,53.70677],[-119.8032,53.70671],[-119.80209,53.70655],[-119.80092,53.70628],[-119.79991,53.70594],[-119.79869,53.70539],[-119.79787,53.70491],[-119.7971,53.7045],[-119.79622,53.70406],[-119.79545,53.70382],[-119.79441,53.70362],[-119.79334,53.70342],[-119.79273,53.70325],[-119.7923,53.70291],[-119.79206,53.70232],[-119.79194,53.70001],[-119.7918,53.69616],[-119.79176,53.6957],[-119.79163,53.69555],[-119.78976,53.69419],[-119.78348,53.69196],[-119.78168,53.6912],[-119.77927,53.68994],[-119.77866,53.68964],[-119.7781,53.68931],[-119.77772,53.689],[-119.77752,53.68871],[-119.77727,53.68823],[-119.77719,53.68774],[-119.77705,53.68722],[-119.77704,53.68688],[-119.77682,53.68612],[-119.77685,53.68556],[-119.77692,53.68514],[-119.7771,53.68482],[-119.78021,53.68306],[-119.77872,53.68038],[-119.77632,53.67969],[-119.77548,53.67936],[-119.77505,53.67911],[-119.77454,53.67866],[-119.77384,53.67623],[-119.77245,53.67503],[-119.77233,53.67489],[-119.76485,53.67334],[-119.76445,53.67315],[-119.76391,53.67273],[-119.76365,53.67244],[-119.76365,53.67205],[-119.76378,53.67171],[-119.76383,53.67138],[-119.76381,53.67117],[-119.7636,53.67104],[-119.76332,53.67072],[-119.763,53.66996],[-119.76289,53.66929],[-119.76129,53.66831],[-119.76005,53.66764],[-119.75132,53.66598],[-119.75002,53.66564],[-119.74989,53.66561],[-119.74952,53.66551],[-119.74838,53.66519],[-119.74678,53.66497],[-119.74433,53.66471],[-119.74175,53.6644],[-119.74038,53.66421],[-119.73997,53.66405],[-119.73981,53.66389],[-119.73971,53.6638],[-119.73944,53.66347],[-119.73934,53.66297],[-119.73902,53.66229],[-119.7383,53.66023],[-119.73821,53.65964],[-119.73856,53.65845],[-119.73901,53.65776],[-119.7394,53.65737],[-119.73979,53.65692],[-119.73999,53.65663],[-119.74008,53.6563],[-119.74008,53.65607],[-119.74001,53.65572],[-119.73986,53.65524],[-119.73964,53.65427],[-119.73944,53.65384],[-119.73923,53.65357],[-119.73866,53.65308],[-119.73811,53.6527],[-119.73802,53.65256],[-119.73794,53.65232],[-119.73766,53.65189],[-119.73741,53.65138],[-119.73731,53.65094],[-119.73735,53.65057],[-119.7376,53.65021],[-119.73866,53.64937],[-119.73904,53.64903],[-119.7394,53.64883],[-119.73985,53.64849],[-119.74037,53.64816],[-119.74078,53.64786],[-119.74102,53.64756],[-119.74117,53.64722],[-119.74125,53.64697],[-119.74132,53.64649],[-119.74129,53.64619],[-119.74122,53.64596],[-119.74109,53.64574],[-119.7411,53.64562],[-119.74137,53.64546],[-119.7416,53.64527],[-119.74167,53.64514],[-119.74185,53.64462],[-119.74183,53.64445],[-119.74178,53.64433],[-119.74088,53.64336],[-119.74059,53.6427],[-119.74053,53.64235],[-119.74053,53.64201],[-119.7405,53.64188],[-119.74004,53.64074],[-119.73986,53.64038],[-119.73985,53.64025],[-119.7399,53.64011],[-119.73995,53.63956],[-119.73977,53.63856],[-119.73931,53.63765],[-119.73892,53.63652],[-119.7388,53.6363],[-119.73847,53.63597],[-119.73816,53.6355],[-119.73797,53.63501],[-119.73792,53.63466],[-119.738,53.63395],[-119.738,53.63329],[-119.73791,53.63309],[-119.73765,53.63293],[-119.73739,53.63272],[-119.73732,53.6325],[-119.73764,53.63202],[-119.73769,53.63184],[-119.73767,53.63163],[-119.73757,53.63148],[-119.73738,53.63138],[-119.73535,53.63095],[-119.73475,53.6308],[-119.73351,53.63024],[-119.73324,53.63007],[-119.73134,53.62937],[-119.7306,53.62904],[-119.73015,53.62875],[-119.72948,53.62811],[-119.72886,53.62764],[-119.72835,53.62734],[-119.72795,53.62713],[-119.72715,53.62661],[-119.7265,53.6261],[-119.72593,53.62549],[-119.72567,53.62508],[-119.72563,53.62501],[-119.72461,53.62335],[-119.72389,53.62226],[-119.72359,53.62194],[-119.72311,53.62154],[-119.72236,53.62106],[-119.72141,53.62064],[-119.72117,53.62044],[-119.72096,53.62012],[-119.72076,53.61963],[-119.72064,53.61897],[-119.72042,53.61843],[-119.72021,53.61804],[-119.71991,53.61744],[-119.7198,53.61729],[-119.71957,53.6171],[-119.71884,53.6169],[-119.71869,53.61688],[-119.71834,53.6168],[-119.71803,53.61666],[-119.71761,53.61655],[-119.71709,53.61632],[-119.71694,53.61617],[-119.71686,53.61592],[-119.71687,53.61535],[-119.71693,53.61493],[-119.71693,53.61447],[-119.71686,53.61387],[-119.71647,53.6126],[-119.71646,53.61232],[-119.71656,53.61135],[-119.71659,53.61118],[-119.71676,53.61072],[-119.71694,53.61031],[-119.71707,53.6102],[-119.71736,53.61011],[-119.71793,53.61002],[-119.71882,53.60997],[-119.71927,53.60992],[-119.71946,53.60986],[-119.72785,53.60667],[-119.72823,53.60654],[-119.72937,53.60626],[-119.73123,53.60593],[-119.73241,53.60576],[-119.73399,53.60564],[-119.73448,53.60561],[-119.73465,53.60559],[-119.73503,53.60551],[-119.73538,53.60541],[-119.73586,53.60516],[-119.73605,53.60502],[-119.73636,53.60467],[-119.73682,53.60425],[-119.73721,53.60392],[-119.73826,53.60318],[-119.73867,53.60281],[-119.73898,53.60246],[-119.73926,53.60206],[-119.73964,53.60169],[-119.74058,53.60095],[-119.74101,53.60067],[-119.74247,53.59952],[-119.7431,53.59893],[-119.7432,53.59869],[-119.74325,53.5981],[-119.74336,53.59772],[-119.74346,53.59748],[-119.74378,53.59698],[-119.7441,53.59662],[-119.74503,53.5952],[-119.74536,53.5948],[-119.74577,53.59424],[-119.74613,53.59389],[-119.74665,53.59347],[-119.74804,53.59234],[-119.74889,53.5917],[-119.74945,53.59119],[-119.75002,53.5909],[-119.75006,53.59087],[-119.75059,53.59073],[-119.75131,53.59068],[-119.7522,53.5905],[-119.75443,53.59028],[-119.75539,53.59021],[-119.7566,53.59023],[-119.75759,53.59034],[-119.75842,53.59037],[-119.7594,53.59039],[-119.76052,53.59062],[-119.76145,53.591],[-119.7621,53.59112],[-119.7621,53.59112],[-119.76285,53.59116],[-119.76345,53.59111],[-119.76506,53.59082],[-119.76689,53.59046],[-119.76725,53.5904],[-119.76818,53.59022],[-119.76939,53.59002],[-119.77028,53.58998],[-119.7727,53.59005],[-119.77482,53.59032],[-119.77864,53.59087],[-119.77994,53.59098],[-119.78136,53.59118],[-119.78225,53.59144],[-119.78315,53.59179],[-119.78415,53.59229],[-119.78511,53.59273],[-119.78703,53.59386],[-119.78755,53.59444],[-119.78779,53.59476],[-119.788,53.59517],[-119.78807,53.59583],[-119.78803,53.59623],[-119.78808,53.59657],[-119.78824,53.59677],[-119.78842,53.59693],[-119.78896,53.59732],[-119.78927,53.59767],[-119.7902,53.59962],[-119.79071,53.60015],[-119.79097,53.6005],[-119.79117,53.60091],[-119.79132,53.60103],[-119.79146,53.6011],[-119.79146,53.6011],[-119.79168,53.60108],[-119.79277,53.60108],[-119.79412,53.60119],[-119.79518,53.60125],[-119.79608,53.60141],[-119.79677,53.60157],[-119.79844,53.60238],[-119.79908,53.60262],[-119.80003,53.6031],[-119.80085,53.60331],[-119.80165,53.60345],[-119.80165,53.60345],[-119.8022,53.60352],[-119.80271,53.60356],[-119.80324,53.60355],[-119.80413,53.60346],[-119.80548,53.60328],[-119.80681,53.60305],[-119.80845,53.60288],[-119.8094,53.60287],[-119.81062,53.6028],[-119.81163,53.60268],[-119.8124,53.60246],[-119.81377,53.60194],[-119.81416,53.60184],[-119.81439,53.60176],[-119.81483,53.60177],[-119.81581,53.60189],[-119.8172,53.60211],[-119.81801,53.60231],[-119.81901,53.60271],[-119.81933,53.60296],[-119.81969,53.60339],[-119.81987,53.60358],[-119.82013,53.60371],[-119.82116,53.60397],[-119.82365,53.6049],[-119.82503,53.60544],[-119.82601,53.60593],[-119.8264,53.60619],[-119.82668,53.60644],[-119.82678,53.60699],[-119.82711,53.60738],[-119.8274,53.60765],[-119.82768,53.60784],[-119.8284,53.60812],[-119.82951,53.60847],[-119.83028,53.60876],[-119.83101,53.60908],[-119.8315,53.60943],[-119.83201,53.60984],[-119.83224,53.60997],[-119.83243,53.61001],[-119.83243,53.61001],[-119.83264,53.60996],[-119.8328,53.60981],[-119.83302,53.60942],[-119.83329,53.60922],[-119.83449,53.60882],[-119.83606,53.60846],[-119.83672,53.60821],[-119.8373,53.60796],[-119.83793,53.60775],[-119.83876,53.60732],[-119.83971,53.60711],[-119.84058,53.60701],[-119.84124,53.60686],[-119.84189,53.60676],[-119.84232,53.60661],[-119.84311,53.60621],[-119.84405,53.60576],[-119.84504,53.60557],[-119.84614,53.60546],[-119.84694,53.60545],[-119.84801,53.60541],[-119.84977,53.60548],[-119.85042,53.60556],[-119.85042,53.60556],[-119.85116,53.60572],[-119.85239,53.60595],[-119.85342,53.60608],[-119.85342,53.60608],[-119.85412,53.60613],[-119.85514,53.60613],[-119.85619,53.60624],[-119.85673,53.60633],[-119.86007,53.60722],[-119.86107,53.60752],[-119.8622,53.608],[-119.86493,53.60932],[-119.86683,53.61012],[-119.8687,53.61127],[-119.86956,53.61185],[-119.8701,53.61217],[-119.87058,53.61253],[-119.87104,53.61292],[-119.87159,53.61325],[-119.87292,53.61426],[-119.87468,53.6155],[-119.87524,53.61591],[-119.8757,53.61612],[-119.87649,53.61637],[-119.87736,53.6168],[-119.87785,53.61708],[-119.87816,53.61754],[-119.87833,53.61792],[-119.87858,53.6182],[-119.87876,53.61833],[-119.87895,53.61839],[-119.87895,53.61839],[-119.87925,53.61839],[-119.87962,53.61827],[-119.88069,53.61731],[-119.88098,53.61709],[-119.88258,53.61619],[-119.88381,53.61565],[-119.88439,53.6155],[-119.88481,53.61546],[-119.88543,53.6155],[-119.88619,53.61567],[-119.88619,53.61567],[-119.88803,53.61586],[-119.88851,53.6159],[-119.88885,53.61597],[-119.88919,53.61615],[-119.88961,53.61641],[-119.89027,53.61667],[-119.89203,53.61722],[-119.89273,53.61751],[-119.89391,53.61793],[-119.89517,53.61836],[-119.89804,53.6191],[-119.89804,53.6191],[-119.89878,53.61913],[-119.89941,53.61928],[-119.90048,53.61974],[-119.90084,53.61985],[-119.90159,53.61999],[-119.90159,53.61999],[-119.90252,53.62004],[-119.90299,53.62002],[-119.90325,53.61996],[-119.90348,53.61984],[-119.90362,53.61973],[-119.90389,53.61946],[-119.90444,53.61901],[-119.90537,53.61843],[-119.90669,53.61786],[-119.90783,53.61744],[-119.90919,53.61697],[-119.91004,53.61676],[-119.9109,53.61668],[-119.91179,53.61667],[-119.91218,53.61667],[-119.91323,53.61659],[-119.91469,53.61642],[-119.916,53.61625],[-119.91703,53.61598],[-119.91816,53.61561],[-119.91944,53.61531],[-119.92106,53.6149],[-119.92177,53.61454],[-119.92365,53.61326],[-119.92697,53.61083],[-119.92892,53.60993],[-119.93025,53.60942],[-119.93112,53.60912],[-119.93149,53.60897],[-119.93159,53.60885],[-119.93157,53.60876],[-119.93149,53.60867],[-119.9313,53.60856],[-119.92997,53.60794],[-119.92922,53.60746],[-119.92872,53.60712],[-119.92773,53.60664],[-119.92645,53.60632],[-119.92561,53.60598],[-119.92514,53.60573],[-119.92338,53.60507],[-119.92231,53.60478],[-119.92173,53.6044],[-119.92091,53.60363],[-119.91983,53.603],[-119.91915,53.60272],[-119.9184,53.60247],[-119.91776,53.60216],[-119.91731,53.60181],[-119.91715,53.60153],[-119.91712,53.60133],[-119.91698,53.60111],[-119.91682,53.60091],[-119.91636,53.60052],[-119.91583,53.60018],[-119.91546,53.60002],[-119.91402,53.59985],[-119.91281,53.59964],[-119.91213,53.59943],[-119.91181,53.59921],[-119.91141,53.59876],[-119.91108,53.59827],[-119.91087,53.5979],[-119.91083,53.59747],[-119.91084,53.59703],[-119.91096,53.59668],[-119.91095,53.59623],[-119.91081,53.59601],[-119.91022,53.59536],[-119.9087,53.59357],[-119.90619,53.59075],[-119.90564,53.59017],[-119.90435,53.58907],[-119.90262,53.58774],[-119.90076,53.58636],[-119.89955,53.58548],[-119.89725,53.58419],[-119.89228,53.58122],[-119.89192,53.58089],[-119.89177,53.58038],[-119.89162,53.57971],[-119.89172,53.57915],[-119.89206,53.57848],[-119.89222,53.57822],[-119.89277,53.57759],[-119.89321,53.57702],[-119.8935,53.57646],[-119.89349,53.57607],[-119.89339,53.57592],[-119.89259,53.57525],[-119.89228,53.57491],[-119.89184,53.57454],[-119.89163,53.57431],[-119.89124,53.57415],[-119.89085,53.57401],[-119.89019,53.57389],[-119.88953,53.57384],[-119.88786,53.57361],[-119.88742,53.57348],[-119.88715,53.57334],[-119.88689,53.57315],[-119.88663,53.57286],[-119.88622,53.57254],[-119.8848,53.57184],[-119.88411,53.57153],[-119.88351,53.57121],[-119.88212,53.57043],[-119.88143,53.56984],[-119.88115,53.56955],[-119.88087,53.56921],[-119.88068,53.56882],[-119.88059,53.56873],[-119.87919,53.56797],[-119.87872,53.56776],[-119.87811,53.56754],[-119.87709,53.56729],[-119.87629,53.56706],[-119.8755,53.56702],[-119.87455,53.567],[-119.87366,53.56689],[-119.87273,53.5667],[-119.8718,53.56632],[-119.87123,53.56601],[-119.87088,53.56579],[-119.87067,53.56546],[-119.87044,53.56442],[-119.87049,53.564],[-119.87063,53.56352],[-119.8706,53.56322],[-119.87043,53.56305],[-119.86926,53.56244],[-119.86678,53.5613],[-119.86635,53.56082],[-119.86605,53.56035],[-119.86579,53.55901],[-119.86568,53.55862],[-119.86535,53.55824],[-119.86466,53.55769],[-119.86389,53.55665],[-119.86344,53.55598],[-119.86298,53.55502],[-119.86259,53.55456],[-119.86232,53.5541],[-119.8619,53.55316],[-119.86268,53.55225],[-119.86326,53.55139],[-119.86378,53.55077],[-119.86406,53.55025],[-119.86422,53.54974],[-119.8643,53.54936],[-119.86436,53.5488],[-119.86434,53.5484],[-119.8646,53.54734],[-119.86498,53.54692],[-119.86532,53.54667],[-119.86555,53.54632],[-119.86617,53.54618],[-119.86665,53.54604],[-119.86885,53.5455],[-119.86942,53.54539],[-119.87046,53.54489],[-119.87102,53.54474],[-119.87203,53.54459],[-119.87297,53.5444],[-119.87409,53.54431],[-119.87664,53.54426],[-119.87739,53.54427],[-119.87754,53.54422],[-119.8776,53.54407],[-119.87794,53.54365],[-119.87819,53.5434],[-119.87872,53.54299],[-119.88066,53.54166],[-119.88273,53.54006],[-119.88407,53.53931],[-119.88497,53.53876],[-119.88598,53.53805],[-119.88675,53.53745],[-119.88707,53.53707],[-119.88747,53.53673],[-119.88907,53.53582],[-119.88933,53.53572],[-119.89004,53.53538],[-119.89038,53.53525],[-119.8908,53.53516],[-119.89137,53.53506],[-119.89204,53.53505],[-119.8938,53.53507],[-119.8956,53.53513],[-119.89622,53.53511],[-119.89762,53.53511],[-119.89843,53.53514],[-119.89892,53.53512],[-119.89898,53.53498],[-119.89912,53.53325],[-119.89938,53.53259],[-119.89948,53.53224],[-119.89954,53.53188],[-119.89957,53.5311],[-119.89962,53.53066],[-119.8996,53.53007],[-119.8996,53.52936],[-119.89993,53.52731],[-119.89996,53.52561],[-119.90012,53.5248],[-119.90019,53.52406],[-119.90014,53.52355],[-119.90014,53.52314],[-119.90021,53.52288],[-119.90033,53.52273],[-119.90055,53.52258],[-119.9011,53.52226],[-119.90138,53.52192],[-119.90159,53.52167],[-119.90163,53.52121],[-119.90156,53.52103],[-119.90136,53.52071],[-119.90097,53.51997],[-119.90085,53.51958],[-119.90085,53.51903],[-119.90093,53.51842],[-119.90113,53.51756],[-119.90121,53.5171],[-119.9012,53.51662],[-119.9011,53.51644],[-119.90094,53.51629],[-119.90078,53.51619],[-119.90024,53.51599],[-119.89966,53.51591],[-119.89918,53.51574],[-119.89878,53.51535],[-119.89832,53.51497],[-119.89777,53.51464],[-119.89622,53.51406],[-119.89499,53.51367],[-119.89467,53.5135],[-119.89425,53.51305],[-119.8938,53.51269],[-119.89346,53.51236],[-119.89262,53.5118],[-119.89148,53.51084],[-119.88974,53.50961],[-119.8893,53.5094],[-119.88903,53.50931],[-119.88761,53.50912],[-119.887,53.50898],[-119.88664,53.5088],[-119.88612,53.50847],[-119.88538,53.50816],[-119.87999,53.50708],[-119.87806,53.50666],[-119.87748,53.50657],[-119.87703,53.50646],[-119.87669,53.5063],[-119.8763,53.50605],[-119.87614,53.50587],[-119.87609,53.50571],[-119.87609,53.50509],[-119.87594,53.50476],[-119.87577,53.50457],[-119.87514,53.50423],[-119.87331,53.50384],[-119.87233,53.50359],[-119.87092,53.50292],[-119.86891,53.5019],[-119.86662,53.50056],[-119.86612,53.5003],[-119.86554,53.50024],[-119.86519,53.50026],[-119.86519,53.50026],[-119.86259,53.50109],[-119.86106,53.50142],[-119.86106,53.50142],[-119.85925,53.50178],[-119.8583,53.502],[-119.85709,53.50225],[-119.85606,53.50242],[-119.85606,53.50242],[-119.85532,53.50266],[-119.85503,53.50285],[-119.8546,53.50353],[-119.85415,53.50511],[-119.85364,53.50587],[-119.853,53.50709],[-119.85209,53.50837],[-119.85153,53.50927],[-119.85119,53.50989],[-119.85107,53.51006],[-119.8505,53.5113],[-119.85033,53.5115],[-119.85001,53.51168],[-119.84949,53.51194],[-119.84864,53.51223],[-119.84724,53.51276],[-119.84633,53.51296],[-119.84537,53.51344],[-119.84383,53.51465],[-119.84279,53.51526],[-119.84224,53.51565],[-119.84189,53.51594],[-119.84139,53.51644],[-119.83994,53.517],[-119.83927,53.5172],[-119.8387,53.51735],[-119.8387,53.51735],[-119.83819,53.51746],[-119.83685,53.51788],[-119.83545,53.51853],[-119.83428,53.51542],[-119.82928,53.51033],[-119.82083,53.50346],[-119.81579,53.50058],[-119.81516,53.50025],[-119.81444,53.50001],[-119.81101,53.49922],[-119.81025,53.49876],[-119.80871,53.4981],[-119.80713,53.49738],[-119.8051,53.49657],[-119.8035,53.49599],[-119.80175,53.49525],[-119.8004,53.49493],[-119.79737,53.49449],[-119.79505,53.49418],[-119.794,53.49398],[-119.79158,53.49339],[-119.78955,53.49287],[-119.78766,53.49245],[-119.78692,53.4923],[-119.78636,53.49225],[-119.78593,53.49209],[-119.78556,53.49189],[-119.78495,53.49151],[-119.78477,53.49134],[-119.78464,53.49116],[-119.78457,53.49089],[-119.78456,53.4906],[-119.78448,53.49026],[-119.78435,53.48989],[-119.78401,53.48918],[-119.78389,53.48902],[-119.7833,53.48839],[-119.78298,53.4879],[-119.78261,53.48715],[-119.78256,53.48672],[-119.78249,53.48642],[-119.78241,53.48625],[-119.78221,53.48595],[-119.78222,53.48585],[-119.78235,53.48572],[-119.78291,53.48545],[-119.78329,53.48513],[-119.78424,53.48446],[-119.78541,53.48389],[-119.78597,53.4838],[-119.78648,53.48378],[-119.78707,53.48371],[-119.78744,53.48364],[-119.78787,53.48347],[-119.78846,53.48313],[-119.78915,53.48268],[-119.78945,53.48246],[-119.79009,53.48205],[-119.79068,53.48152],[-119.79102,53.48125],[-119.7914,53.48106],[-119.79192,53.48086],[-119.79245,53.48075],[-119.79295,53.4806],[-119.7932,53.48045],[-119.79351,53.4803],[-119.79384,53.48],[-119.79396,53.47976],[-119.79417,53.47875],[-119.79416,53.47861],[-119.79409,53.47837],[-119.79389,53.47799],[-119.79358,53.47766],[-119.79321,53.47737],[-119.7929,53.47716],[-119.79263,53.47694],[-119.79258,53.47683],[-119.79243,53.47605],[-119.79252,53.47515],[-119.79244,53.47452],[-119.7922,53.47326],[-119.7921,53.47297],[-119.79195,53.47267],[-119.79167,53.4723],[-119.79081,53.47164],[-119.79039,53.4715],[-119.78974,53.47133],[-119.78844,53.47076],[-119.78703,53.47028],[-119.78614,53.46982],[-119.78474,53.46893],[-119.78367,53.46819],[-119.78289,53.4675],[-119.78255,53.46706],[-119.78209,53.46652],[-119.78189,53.46618],[-119.7816,53.46596],[-119.78121,53.46573],[-119.78099,53.46556],[-119.78094,53.46525],[-119.78105,53.46486],[-119.78124,53.4646],[-119.78139,53.46437],[-119.78141,53.46407],[-119.78137,53.46361],[-119.78118,53.46252],[-119.78105,53.46201],[-119.78099,53.46116],[-119.7808,53.46065],[-119.78056,53.46024],[-119.78015,53.45992],[-119.77983,53.45961],[-119.77939,53.45905],[-119.77926,53.45846],[-119.77912,53.45811],[-119.7788,53.45773],[-119.77838,53.45719],[-119.77818,53.45698],[-119.77791,53.45675],[-119.77735,53.45646],[-119.77693,53.45618],[-119.77566,53.45542],[-119.77544,53.45522],[-119.77526,53.45486],[-119.77545,53.45427],[-119.77527,53.45293],[-119.77506,53.45237],[-119.77459,53.45185],[-119.77437,53.45148],[-119.77395,53.45092],[-119.77381,53.44942],[-119.77376,53.44843],[-119.77359,53.44781],[-119.77343,53.44697],[-119.77314,53.44598],[-119.77266,53.44461],[-119.77231,53.44401],[-119.77148,53.44335],[-119.77003,53.44261],[-119.76858,53.44204],[-119.76673,53.44138],[-119.76609,53.44122],[-119.76551,53.44099],[-119.7648,53.44034],[-119.76402,53.43988],[-119.7631,53.43955],[-119.76003,53.43872],[-119.75969,53.43868],[-119.75931,53.43865],[-119.75911,53.43854],[-119.75889,53.43774],[-119.75885,53.43744],[-119.75888,53.43726],[-119.7596,53.43642],[-119.76119,53.43466],[-119.76158,53.43417],[-119.76215,53.43358],[-119.76295,53.43282],[-119.76308,53.43262],[-119.76319,53.43236],[-119.7632,53.43215],[-119.76314,53.43191],[-119.7632,53.43171],[-119.76333,53.43152],[-119.7636,53.43127],[-119.76439,53.43069],[-119.76554,53.43011],[-119.7661,53.42988],[-119.7668,53.42964],[-119.76695,53.42955],[-119.76706,53.4294],[-119.76681,53.4292],[-119.76638,53.42911],[-119.76587,53.42897],[-119.76371,53.42858],[-119.76256,53.42821],[-119.76195,53.42793],[-119.76167,53.42759],[-119.76153,53.42728],[-119.76136,53.42701],[-119.7611,53.42677],[-119.76075,53.42656],[-119.76049,53.42636],[-119.76014,53.426],[-119.7599,53.42562],[-119.75977,53.42449],[-119.75963,53.42383],[-119.75942,53.42362],[-119.75894,53.42334],[-119.75814,53.42287],[-119.75799,53.42272],[-119.758,53.42247],[-119.75813,53.42219],[-119.75813,53.42206],[-119.75809,53.42191],[-119.75791,53.42173],[-119.75744,53.42148],[-119.75671,53.42121],[-119.75613,53.42103],[-119.75385,53.42024],[-119.75352,53.42009],[-119.75273,53.41962],[-119.75129,53.41894],[-119.75014,53.41826],[-119.75002,53.41819],[-119.748,53.41702],[-119.74784,53.41688],[-119.74776,53.41673],[-119.74781,53.41631],[-119.74784,53.41588],[-119.74801,53.4154],[-119.74797,53.41373],[-119.7479,53.4135],[-119.74744,53.41288],[-119.747,53.41239],[-119.7466,53.41211],[-119.74546,53.41146],[-119.74381,53.41064],[-119.74162,53.40945],[-119.74065,53.40901],[-119.73874,53.40813],[-119.738,53.40771],[-119.7375,53.40751],[-119.73623,53.40685],[-119.7353,53.40646],[-119.73487,53.40623],[-119.73447,53.40581],[-119.73405,53.40489],[-119.73366,53.40434],[-119.73335,53.40409],[-119.73304,53.40392],[-119.73242,53.40375],[-119.732,53.40361],[-119.73171,53.40345],[-119.73158,53.4032],[-119.73139,53.403],[-119.73137,53.40281],[-119.73142,53.40228],[-119.73158,53.40201],[-119.73175,53.40178],[-119.73226,53.40141],[-119.73259,53.40122],[-119.73344,53.40094],[-119.73369,53.40078],[-119.73383,53.40061],[-119.73399,53.40028],[-119.73404,53.40007],[-119.73403,53.39988],[-119.73374,53.39952],[-119.73331,53.39912],[-119.733,53.3988],[-119.73289,53.39859],[-119.73284,53.39822],[-119.73254,53.39758],[-119.73229,53.39722],[-119.73068,53.39591],[-119.73043,53.39564],[-119.73025,53.39534],[-119.73011,53.39498],[-119.73019,53.39478],[-119.73049,53.39448],[-119.73061,53.39432],[-119.73065,53.39421],[-119.73066,53.39409],[-119.7306,53.39396],[-119.72961,53.39237],[-119.72951,53.39185],[-119.72956,53.39156],[-119.72968,53.39114],[-119.73023,53.39008],[-119.73038,53.38917],[-119.73021,53.38889],[-119.72953,53.38849],[-119.72756,53.38777],[-119.72701,53.3876],[-119.72633,53.38745],[-119.72562,53.38732],[-119.72491,53.38729],[-119.72384,53.38715],[-119.7229,53.38704],[-119.72254,53.38694],[-119.72217,53.38678],[-119.72157,53.38669],[-119.72102,53.38669],[-119.71899,53.3868],[-119.71766,53.38683],[-119.7157,53.38711],[-119.7148,53.38718],[-119.71447,53.38724],[-119.71219,53.3875],[-119.71075,53.38768],[-119.70963,53.38797],[-119.70795,53.38823],[-119.70795,53.38823],[-119.70586,53.3888],[-119.70329,53.38952],[-119.70169,53.39005],[-119.70052,53.3904],[-119.70025,53.39042],[-119.70008,53.39037],[-119.69997,53.3903],[-119.69942,53.38945],[-119.69892,53.38877],[-119.69881,53.3886],[-119.69846,53.38807],[-119.69822,53.38776],[-119.69788,53.38751],[-119.6955,53.38625],[-119.69524,53.3861],[-119.69308,53.38498],[-119.69146,53.38448],[-119.68976,53.38406],[-119.68897,53.3838],[-119.68843,53.38374],[-119.68721,53.38375],[-119.68638,53.3837],[-119.68591,53.38362],[-119.68506,53.38342],[-119.68462,53.38323],[-119.68429,53.38305],[-119.68357,53.38258],[-119.68324,53.38226],[-119.68292,53.38192],[-119.68089,53.37987],[-119.67998,53.37923],[-119.67982,53.37905],[-119.67956,53.37865],[-119.67949,53.37845],[-119.67945,53.37822],[-119.67947,53.37809],[-119.67962,53.3779],[-119.68052,53.37716],[-119.68097,53.37685],[-119.68121,53.37664],[-119.68149,53.37632],[-119.68155,53.37613],[-119.68153,53.37597],[-119.68139,53.37573],[-119.68119,53.37555],[-119.68083,53.37501],[-119.68082,53.37499],[-119.68081,53.37428],[-119.68089,53.37348],[-119.68129,53.3726],[-119.68161,53.37205],[-119.68172,53.37174],[-119.68172,53.37123],[-119.68165,53.37086],[-119.68134,53.37041],[-119.68096,53.37018],[-119.68011,53.36993],[-119.67891,53.36974],[-119.67819,53.36945],[-119.67731,53.3692],[-119.67649,53.36893],[-119.67567,53.36877],[-119.67468,53.3686],[-119.67347,53.36822],[-119.67303,53.36814],[-119.67201,53.36787],[-119.67061,53.36746],[-119.67023,53.36742],[-119.66979,53.3674],[-119.66917,53.36745],[-119.6679,53.36758],[-119.66737,53.36769],[-119.66629,53.36781],[-119.66564,53.36783],[-119.66524,53.36789],[-119.66439,53.36781],[-119.66374,53.36768],[-119.66272,53.36751],[-119.66184,53.36742],[-119.65909,53.36704],[-119.65849,53.36693],[-119.65774,53.36689],[-119.65648,53.36687],[-119.65566,53.3669],[-119.655,53.36697],[-119.65465,53.36706],[-119.65465,53.36706],[-119.65433,53.36723],[-119.65391,53.36749],[-119.65352,53.36784],[-119.65269,53.36832],[-119.6523,53.36849],[-119.65196,53.36855],[-119.65092,53.36867],[-119.65048,53.36864],[-119.64927,53.36822],[-119.6482,53.36771],[-119.64738,53.36713],[-119.6468,53.36668],[-119.64647,53.36648],[-119.64592,53.36637],[-119.64507,53.36649],[-119.64507,53.36649],[-119.64446,53.3667],[-119.64407,53.36691],[-119.64372,53.36703],[-119.64345,53.36709],[-119.64298,53.36713],[-119.64235,53.36708],[-119.64158,53.36699],[-119.64079,53.36682],[-119.64003,53.36654],[-119.63942,53.36609],[-119.63867,53.36546],[-119.63798,53.36497],[-119.63726,53.36451],[-119.6366,53.36437],[-119.63556,53.36431],[-119.63452,53.36453],[-119.63403,53.3646],[-119.63352,53.36455],[-119.63283,53.36453],[-119.63213,53.3644],[-119.63149,53.36418],[-119.63094,53.36395],[-119.6303,53.36373],[-119.62813,53.36346],[-119.62744,53.36351],[-119.62673,53.36365],[-119.62673,53.36365],[-119.62608,53.36386],[-119.62562,53.36414],[-119.62517,53.36438],[-119.62493,53.36458],[-119.6246,53.36477],[-119.62435,53.36483],[-119.62382,53.36482],[-119.62309,53.36466],[-119.62243,53.36431],[-119.62176,53.36376],[-119.62153,53.36346],[-119.6214,53.36326],[-119.62124,53.3631],[-119.62111,53.3629],[-119.62098,53.36281],[-119.62083,53.36279],[-119.62022,53.36279],[-119.6199,53.36285],[-119.61927,53.36292],[-119.61844,53.36292],[-119.61785,53.36282],[-119.61725,53.36276],[-119.61374,53.36281],[-119.60835,53.36301],[-119.60658,53.36318],[-119.60585,53.36335],[-119.60585,53.36335],[-119.60539,53.3636],[-119.60518,53.36374],[-119.60497,53.36393],[-119.60477,53.36402],[-119.60436,53.36409],[-119.60291,53.36427],[-119.60157,53.36476],[-119.60047,53.36499],[-119.59926,53.3651],[-119.59926,53.3651],[-119.59887,53.36528],[-119.59871,53.36538],[-119.59863,53.36556],[-119.59851,53.36578],[-119.59834,53.36598],[-119.59784,53.36629],[-119.59769,53.36642],[-119.59752,53.36665],[-119.5973,53.36701],[-119.5972,53.36724],[-119.59733,53.36791],[-119.59753,53.36832],[-119.59849,53.36897],[-119.59905,53.36941],[-119.5995,53.36989],[-119.59975,53.37039],[-119.6,53.37073],[-119.60027,53.37103],[-119.60062,53.3713],[-119.60138,53.37168],[-119.60171,53.37189],[-119.60191,53.37205],[-119.60206,53.37223],[-119.60212,53.37245],[-119.6022,53.37261],[-119.60229,53.37272],[-119.60255,53.37282],[-119.60302,53.37293],[-119.60346,53.37318],[-119.60392,53.37348],[-119.60447,53.37395],[-119.60497,53.37448],[-119.6053,53.37499],[-119.60564,53.37624],[-119.60567,53.37711],[-119.60584,53.37791],[-119.60629,53.37862],[-119.60685,53.37931],[-119.60771,53.38006],[-119.60884,53.38092],[-119.60944,53.3813],[-119.60972,53.38141],[-119.61034,53.38155],[-119.6105,53.38164],[-119.61056,53.38174],[-119.6106,53.382],[-119.61056,53.38226],[-119.61033,53.38269],[-119.61003,53.38303],[-119.60975,53.38321],[-119.60913,53.3835],[-119.60845,53.38386],[-119.60773,53.38419],[-119.60724,53.38449],[-119.60708,53.38458],[-119.60684,53.38466],[-119.60635,53.38474],[-119.60577,53.38477],[-119.60463,53.38455],[-119.60327,53.38445],[-119.60171,53.3842],[-119.5999,53.38383],[-119.59782,53.38349],[-119.59747,53.38335],[-119.59658,53.38294],[-119.59479,53.38184],[-119.59011,53.37958],[-119.58285,53.37629],[-119.58094,53.37568],[-119.5807,53.37564],[-119.5801,53.37553],[-119.5797,53.37548],[-119.57885,53.37535],[-119.57846,53.37524],[-119.57822,53.3751],[-119.57811,53.375],[-119.57691,53.37316],[-119.5768,53.37306],[-119.57668,53.37298],[-119.57647,53.37289],[-119.57568,53.37243],[-119.57538,53.37222],[-119.57523,53.37218],[-119.57374,53.37216],[-119.57159,53.37218],[-119.57085,53.37221],[-119.57006,53.37215],[-119.56923,53.3722],[-119.56865,53.3722],[-119.56791,53.37214],[-119.5674,53.37208],[-119.56681,53.37193],[-119.5665,53.37176],[-119.56628,53.37158],[-119.56615,53.37154],[-119.56562,53.37144],[-119.56478,53.37134],[-119.56373,53.37124],[-119.56259,53.37122],[-119.56224,53.37117],[-119.56188,53.371],[-119.56161,53.37082],[-119.56154,53.37074],[-119.56097,53.36973],[-119.56079,53.36932],[-119.5601,53.36861],[-119.55963,53.36819],[-119.55887,53.36787],[-119.55784,53.36734],[-119.5572,53.36706],[-119.55655,53.36683],[-119.5556,53.36664],[-119.5541,53.36629],[-119.5532,53.36624],[-119.55247,53.36612],[-119.55131,53.36537],[-119.55058,53.36518],[-119.54922,53.36498],[-119.54807,53.36468],[-119.54585,53.36394],[-119.54536,53.36394],[-119.54471,53.36411],[-119.54471,53.36411],[-119.54411,53.36445],[-119.54357,53.36467],[-119.54283,53.36479],[-119.54165,53.36477],[-119.54039,53.36479],[-119.53774,53.36479],[-119.53612,53.36487],[-119.53584,53.36485],[-119.53513,53.36449],[-119.53455,53.36426],[-119.53386,53.36398],[-119.53294,53.36383],[-119.53214,53.36383],[-119.53186,53.36382],[-119.53155,53.36383],[-119.53134,53.36385],[-119.53108,53.36388],[-119.53087,53.36395],[-119.53087,53.36395],[-119.53061,53.36417],[-119.53033,53.36459],[-119.53015,53.36503],[-119.5297,53.36539],[-119.52935,53.36559],[-119.52885,53.3658],[-119.52831,53.36601],[-119.52807,53.36613],[-119.52765,53.36633],[-119.52717,53.36666],[-119.52698,53.36695],[-119.52685,53.36729],[-119.52679,53.36763],[-119.52633,53.36785],[-119.52464,53.36904],[-119.52429,53.36927],[-119.5239,53.36958],[-119.52362,53.36993],[-119.52335,53.37031],[-119.52323,53.37041],[-119.52308,53.37045],[-119.52201,53.37055],[-119.52113,53.37057],[-119.52052,53.37051],[-119.51983,53.37014],[-119.51839,53.3695],[-119.51755,53.36903],[-119.51722,53.36872],[-119.51697,53.36827],[-119.51629,53.36784],[-119.51496,53.36725],[-119.51218,53.36593],[-119.51094,53.36542],[-119.50833,53.36461],[-119.50713,53.36408],[-119.50601,53.36371],[-119.50455,53.3632],[-119.50352,53.36266],[-119.50249,53.3626],[-119.50177,53.36258],[-119.50107,53.36276],[-119.50107,53.36276],[-119.5009,53.36286],[-119.50068,53.36294],[-119.50038,53.36295],[-119.50002,53.36289],[-119.49928,53.36282],[-119.49746,53.36259],[-119.49633,53.36229],[-119.49478,53.36167],[-119.49448,53.36165],[-119.49419,53.36173],[-119.49368,53.36191],[-119.49316,53.36218],[-119.49284,53.36253],[-119.49258,53.36324],[-119.49241,53.36356],[-119.49228,53.36369],[-119.4919,53.3638],[-119.49142,53.36384],[-119.4906,53.36383],[-119.48856,53.36353],[-119.48767,53.36347],[-119.4869,53.36348],[-119.48655,53.36346],[-119.48447,53.36315],[-119.48238,53.36272],[-119.48144,53.36243],[-119.47991,53.36174],[-119.47874,53.36119],[-119.47738,53.36065],[-119.47699,53.36052],[-119.47638,53.36028],[-119.47588,53.36011],[-119.47403,53.35933],[-119.47284,53.35892],[-119.47246,53.35863],[-119.47186,53.35798],[-119.4715,53.35773],[-119.47119,53.35759],[-119.46977,53.35753],[-119.46923,53.35754],[-119.46875,53.35752],[-119.46822,53.35748],[-119.46659,53.35724],[-119.46493,53.35707],[-119.46438,53.35698],[-119.46403,53.35684],[-119.4636,53.3566],[-119.46181,53.356],[-119.46142,53.35576],[-119.46112,53.35547],[-119.46069,53.35491],[-119.4605,53.35475],[-119.46006,53.35458],[-119.4593,53.35445],[-119.45854,53.35439],[-119.45731,53.35422],[-119.45679,53.35404],[-119.45615,53.35364],[-119.45498,53.35273],[-119.45466,53.35245],[-119.45291,53.3501],[-119.45212,53.34972],[-119.45049,53.34933],[-119.449,53.34929],[-119.44745,53.34893],[-119.44692,53.34894],[-119.44652,53.349],[-119.44531,53.34925],[-119.44412,53.34955],[-119.44361,53.34978],[-119.44341,53.35009],[-119.44346,53.35047],[-119.44425,53.35104],[-119.44496,53.35161],[-119.4452,53.35195],[-119.4453,53.35228],[-119.44536,53.35271],[-119.44526,53.35296],[-119.4446,53.35348],[-119.44398,53.35373],[-119.44377,53.35394],[-119.44383,53.35476],[-119.44397,53.35499],[-119.44427,53.35528],[-119.44435,53.35539],[-119.44436,53.35561],[-119.4443,53.35577],[-119.44421,53.35584],[-119.44396,53.35593],[-119.44354,53.35602],[-119.44269,53.35614],[-119.44165,53.35623],[-119.44069,53.35621],[-119.44011,53.35621],[-119.43947,53.35615],[-119.43846,53.35615],[-119.43801,53.35617],[-119.43674,53.35617],[-119.43645,53.35623],[-119.43589,53.35631],[-119.43522,53.35644],[-119.43474,53.35657],[-119.43364,53.35691],[-119.4326,53.35727],[-119.43207,53.35742],[-119.43148,53.35766],[-119.43096,53.35789],[-119.43053,53.35811],[-119.43004,53.35841],[-119.42774,53.35991],[-119.42694,53.36048],[-119.42657,53.36083],[-119.42636,53.36095],[-119.42585,53.36116],[-119.42499,53.36148],[-119.42414,53.36169],[-119.42339,53.36176],[-119.42291,53.36185],[-119.42258,53.36194],[-119.4222,53.36209],[-119.42184,53.3623],[-119.4216,53.36255],[-119.42146,53.3628],[-119.4214,53.36308],[-119.42126,53.36329],[-119.42105,53.36342],[-119.4206,53.36351],[-119.42005,53.3637],[-119.41924,53.36407],[-119.41829,53.36457],[-119.41812,53.36462],[-119.41771,53.36467],[-119.41711,53.36468],[-119.4139,53.36493],[-119.41358,53.36498],[-119.41327,53.36512],[-119.41282,53.36538],[-119.4121,53.36574],[-119.41147,53.36617],[-119.41106,53.36635],[-119.41071,53.36655],[-119.41059,53.36665],[-119.41051,53.36678],[-119.41049,53.36695],[-119.41051,53.36772],[-119.41046,53.36814],[-119.41034,53.36855],[-119.4102,53.36898],[-119.40979,53.36974],[-119.40949,53.3703],[-119.40874,53.3715],[-119.40864,53.37176],[-119.4086,53.37202],[-119.40858,53.37327],[-119.40867,53.37379],[-119.40882,53.37404],[-119.4092,53.37438],[-119.40967,53.37471],[-119.41004,53.37501],[-119.41075,53.3753],[-119.41254,53.37586],[-119.41529,53.37661],[-119.41717,53.37697],[-119.41902,53.37754],[-119.4198,53.3776],[-119.42017,53.37773],[-119.42058,53.37801],[-119.4212,53.37836],[-119.42158,53.37854],[-119.42199,53.37876],[-119.42241,53.37904],[-119.4228,53.37945],[-119.42312,53.38001],[-119.42343,53.38027],[-119.42361,53.38052],[-119.42372,53.3808],[-119.42371,53.38103],[-119.42345,53.38175],[-119.42338,53.38192],[-119.42341,53.3822],[-119.42346,53.38243],[-119.42379,53.38285],[-119.42417,53.38318],[-119.42438,53.3837],[-119.42532,53.38497],[-119.42543,53.38528],[-119.42549,53.38619],[-119.42561,53.38685],[-119.4258,53.3873],[-119.42604,53.38751],[-119.42729,53.38806],[-119.4278,53.38826],[-119.42818,53.38845],[-119.42852,53.38865],[-119.42893,53.38915],[-119.42966,53.38991],[-119.42972,53.39004],[-119.42978,53.39053],[-119.42985,53.39111],[-119.42995,53.39141],[-119.43024,53.39168],[-119.43076,53.39192],[-119.43176,53.39221],[-119.43261,53.39271],[-119.43282,53.39288],[-119.43323,53.39335],[-119.43468,53.39468],[-119.43517,53.39507],[-119.43581,53.39539],[-119.43652,53.39562],[-119.43706,53.39575],[-119.43741,53.39579],[-119.43824,53.39583],[-119.44089,53.39619],[-119.44173,53.39633],[-119.44245,53.39653],[-119.44518,53.39739],[-119.44592,53.39773],[-119.44666,53.39803],[-119.44731,53.3982],[-119.44851,53.39842],[-119.4492,53.39852],[-119.45024,53.3987],[-119.4507,53.3989],[-119.45124,53.39911],[-119.45229,53.39939],[-119.45369,53.39968],[-119.45402,53.39978],[-119.45432,53.39994],[-119.45456,53.40002],[-119.45559,53.40002],[-119.45624,53.40008],[-119.4567,53.40015],[-119.45701,53.40023],[-119.45716,53.40025],[-119.45759,53.40018],[-119.45798,53.40015],[-119.45831,53.40016],[-119.45918,53.40029],[-119.45944,53.40032],[-119.4597,53.4004],[-119.45997,53.40052],[-119.46021,53.40063],[-119.46046,53.40076],[-119.46065,53.40089],[-119.46111,53.40124],[-119.46278,53.40233],[-119.46331,53.40279],[-119.46357,53.40303],[-119.46382,53.40318],[-119.46401,53.40324],[-119.46418,53.40326],[-119.46496,53.40317],[-119.46546,53.40304],[-119.46593,53.40288],[-119.4661,53.40275],[-119.46631,53.40252],[-119.46657,53.40217],[-119.46676,53.40212],[-119.46739,53.40213],[-119.46762,53.40215],[-119.46778,53.40221],[-119.4681,53.40246],[-119.46863,53.40269],[-119.46924,53.40305],[-119.46978,53.40327],[-119.471,53.40359],[-119.47157,53.40369],[-119.47217,53.40376],[-119.4727,53.40379],[-119.4734,53.40378],[-119.4742,53.40367],[-119.47451,53.40362],[-119.47471,53.40358],[-119.47515,53.40345],[-119.47544,53.40342],[-119.47739,53.40342],[-119.47929,53.40336],[-119.47995,53.40337],[-119.48104,53.40339],[-119.48159,53.40337],[-119.48214,53.40337],[-119.48279,53.40339],[-119.48376,53.40347],[-119.48463,53.40345],[-119.48497,53.4035],[-119.48518,53.40364],[-119.48523,53.40382],[-119.48569,53.40405],[-119.48605,53.40418],[-119.48627,53.4042],[-119.48658,53.40427],[-119.48699,53.40433],[-119.48734,53.4044],[-119.48784,53.40456],[-119.48831,53.40484],[-119.48881,53.40515],[-119.4891,53.40539],[-119.48919,53.40553],[-119.48916,53.40619],[-119.48909,53.40664],[-119.48896,53.40697],[-119.48896,53.40715],[-119.48903,53.40737],[-119.48943,53.40773],[-119.48974,53.40804],[-119.49058,53.40869],[-119.49144,53.40948],[-119.49173,53.40981],[-119.49207,53.41012],[-119.49244,53.41054],[-119.49279,53.41097],[-119.49308,53.41124],[-119.49351,53.41153],[-119.49387,53.41184],[-119.49411,53.41202],[-119.49442,53.4122],[-119.49504,53.41244],[-119.49556,53.41268],[-119.49572,53.41279],[-119.49604,53.41286],[-119.49762,53.41285],[-119.49849,53.41274],[-119.49876,53.41275],[-119.49915,53.41277],[-119.49956,53.4128],[-119.50128,53.41307],[-119.5017,53.41309],[-119.50209,53.41315],[-119.50232,53.41327],[-119.50245,53.41339],[-119.50266,53.41356],[-119.50294,53.41368],[-119.50329,53.41379],[-119.50375,53.41397],[-119.50438,53.41435],[-119.50473,53.41473],[-119.50477,53.41484],[-119.50491,53.41539],[-119.50523,53.41566],[-119.50557,53.41607],[-119.50576,53.41623],[-119.506,53.41637],[-119.50627,53.41643],[-119.50681,53.41649],[-119.50826,53.41686],[-119.50878,53.41693],[-119.50941,53.41697],[-119.51002,53.41699],[-119.51141,53.41717],[-119.51305,53.41728],[-119.51377,53.41729],[-119.51424,53.41732],[-119.51472,53.4174],[-119.515,53.41751],[-119.51646,53.41799],[-119.51688,53.41806],[-119.51723,53.4181],[-119.51815,53.41819],[-119.51933,53.41832],[-119.52,53.41848],[-119.52031,53.4186],[-119.52049,53.41874],[-119.52066,53.41887],[-119.52072,53.41899],[-119.52077,53.41935],[-119.52085,53.41966],[-119.52099,53.41989],[-119.52119,53.42011],[-119.52145,53.42033],[-119.52197,53.42059],[-119.52274,53.42081],[-119.52334,53.42105],[-119.5251,53.42182],[-119.52578,53.42214],[-119.52653,53.42241],[-119.52694,53.42263],[-119.52785,53.42305],[-119.52818,53.42324],[-119.52841,53.42341],[-119.52923,53.42394],[-119.5296,53.42412],[-119.53006,53.42427],[-119.53043,53.42436],[-119.53076,53.42446],[-119.53087,53.42452],[-119.53109,53.42502],[-119.53122,53.4252],[-119.5315,53.42584],[-119.53162,53.42604],[-119.53172,53.42629],[-119.5319,53.42662],[-119.53214,53.42695],[-119.53251,53.42733],[-119.53306,53.42784],[-119.53382,53.42845],[-119.53465,53.42916],[-119.53517,53.42948],[-119.53575,53.4298],[-119.5371,53.43051],[-119.53759,53.43093],[-119.53996,53.43241],[-119.54052,53.43278],[-119.54125,53.43312],[-119.54269,53.43364],[-119.54356,53.43385],[-119.54485,53.43402],[-119.54439,53.43404],[-119.54393,53.43405],[-119.54377,53.43408],[-119.54357,53.43414],[-119.54211,53.43468],[-119.54153,53.43497],[-119.54114,53.43528],[-119.54085,53.43565],[-119.54055,53.43613],[-119.54036,53.4363],[-119.54007,53.43648],[-119.53945,53.43663],[-119.53906,53.43679],[-119.53834,53.43717],[-119.53799,53.43729],[-119.53772,53.43731],[-119.53691,53.43727],[-119.53631,53.43729],[-119.53601,53.43727],[-119.5358,53.43723],[-119.53561,53.43717],[-119.53514,53.43692],[-119.53437,53.43669],[-119.53363,53.43656],[-119.53296,53.4365],[-119.53221,53.43644],[-119.53151,53.43642],[-119.5309,53.43646],[-119.53023,53.43656],[-119.52978,53.43658],[-119.52919,53.43656],[-119.5287,53.43653],[-119.52789,53.43642],[-119.52731,53.43635],[-119.52673,53.43632],[-119.5265,53.43631],[-119.52617,53.43635],[-119.52589,53.43641],[-119.52494,53.43651],[-119.5244,53.43654],[-119.52387,53.43661],[-119.52352,53.43663],[-119.52321,53.4367],[-119.52296,53.43678],[-119.5228,53.43685],[-119.52261,53.43688],[-119.52239,53.43687],[-119.52205,53.43691],[-119.52167,53.43698],[-119.52125,53.4371],[-119.52086,53.43726],[-119.52064,53.43738],[-119.52055,53.43748],[-119.52053,53.43763],[-119.52053,53.43789],[-119.52066,53.43845],[-119.52066,53.4389],[-119.5206,53.43917],[-119.52049,53.43937],[-119.52038,53.4396],[-119.52015,53.43984],[-119.51987,53.44004],[-119.51934,53.44036],[-119.51903,53.44055],[-119.51873,53.44072],[-119.51835,53.44098],[-119.51809,53.44123],[-119.51796,53.44146],[-119.51775,53.44181],[-119.51747,53.44212],[-119.51736,53.44236],[-119.51727,53.44284],[-119.51725,53.44327],[-119.51717,53.44356],[-119.51673,53.44428],[-119.5164,53.44483],[-119.51635,53.445],[-119.51631,53.4452],[-119.5164,53.44539],[-119.51659,53.44563],[-119.51678,53.44583],[-119.51691,53.44594],[-119.51698,53.44605],[-119.51689,53.44615],[-119.51671,53.44622],[-119.51626,53.44631],[-119.51534,53.4465],[-119.51434,53.44688],[-119.5134,53.44725],[-119.51241,53.44767],[-119.51204,53.44783],[-119.51173,53.44806],[-119.51146,53.44843],[-119.51102,53.44891],[-119.51081,53.44916],[-119.51054,53.44942],[-119.51025,53.44962],[-119.50916,53.45024],[-119.50856,53.45056],[-119.50773,53.45117],[-119.50726,53.45144],[-119.50707,53.45149],[-119.5068,53.45155],[-119.50541,53.4517],[-119.50486,53.45178],[-119.50453,53.45187],[-119.50407,53.45193],[-119.50379,53.45196],[-119.50329,53.452],[-119.50209,53.45209],[-119.50128,53.45216],[-119.5001,53.45219],[-119.4993,53.45228],[-119.49876,53.45226],[-119.49739,53.45212],[-119.49678,53.45212],[-119.49605,53.45208],[-119.49586,53.45211],[-119.49519,53.45225],[-119.49492,53.45226],[-119.49361,53.45218],[-119.49318,53.45212],[-119.49233,53.45207],[-119.49108,53.45203],[-119.49032,53.45209],[-119.49003,53.45209],[-119.48958,53.45205],[-119.48908,53.45197],[-119.48802,53.45173],[-119.48738,53.45167],[-119.48584,53.4517],[-119.48488,53.45161],[-119.48438,53.45158],[-119.48391,53.45159],[-119.48326,53.45167],[-119.48229,53.45174],[-119.48188,53.45182],[-119.48157,53.45193],[-119.4807,53.45241],[-119.48017,53.45284],[-119.48007,53.45292],[-119.47992,53.45301],[-119.47913,53.45339],[-119.47876,53.45363],[-119.47853,53.45387],[-119.47851,53.4539],[-119.47839,53.45414],[-119.47837,53.45441],[-119.4783,53.45496],[-119.47829,53.45523],[-119.47832,53.45535],[-119.47839,53.45547],[-119.47841,53.4556],[-119.47838,53.45575],[-119.47831,53.4559],[-119.47817,53.45633],[-119.47808,53.4565],[-119.47792,53.45663],[-119.47756,53.45687],[-119.47746,53.45699],[-119.47739,53.45715],[-119.4773,53.45744],[-119.4772,53.45776],[-119.47718,53.45791],[-119.47714,53.45804],[-119.477,53.4583],[-119.47669,53.45857],[-119.47664,53.45868],[-119.47662,53.45886],[-119.47671,53.45922],[-119.47669,53.45932],[-119.47616,53.46014],[-119.47575,53.46055],[-119.47574,53.46069],[-119.47579,53.46091],[-119.47581,53.46134],[-119.47588,53.46165],[-119.47589,53.46184],[-119.47582,53.46216],[-119.47575,53.46236],[-119.47563,53.46252],[-119.47542,53.46264],[-119.47527,53.46276],[-119.47515,53.46288],[-119.47507,53.46305],[-119.47482,53.46355],[-119.47469,53.46402],[-119.47469,53.46455],[-119.47477,53.46498],[-119.47475,53.46555],[-119.47469,53.46579],[-119.47455,53.46607],[-119.47455,53.4664],[-119.47461,53.46655],[-119.47476,53.4667],[-119.47503,53.46693],[-119.47525,53.46709],[-119.47535,53.4673],[-119.47538,53.46744],[-119.47531,53.4676],[-119.47518,53.46771],[-119.47513,53.46785],[-119.47513,53.46796],[-119.47517,53.46804],[-119.4753,53.46811],[-119.47542,53.46818],[-119.47555,53.46821],[-119.47568,53.46823],[-119.47576,53.46827],[-119.47585,53.46839],[-119.47594,53.4686],[-119.47598,53.46882],[-119.47601,53.46916],[-119.47594,53.46946],[-119.4759,53.46966],[-119.47596,53.46989],[-119.47611,53.47018],[-119.47624,53.47044],[-119.47635,53.4706],[-119.47655,53.47089],[-119.47696,53.47145],[-119.47714,53.47167],[-119.47749,53.47237],[-119.47779,53.47289],[-119.4781,53.47341],[-119.4782,53.47364],[-119.4782,53.47371],[-119.47814,53.47376],[-119.47806,53.47383],[-119.47791,53.47388],[-119.47755,53.47394],[-119.47724,53.474],[-119.47666,53.47415],[-119.47557,53.4743],[-119.47502,53.47436],[-119.47451,53.4744],[-119.4742,53.47443],[-119.47367,53.47448],[-119.47346,53.47449],[-119.47333,53.47451],[-119.47322,53.47454],[-119.47309,53.47462],[-119.47301,53.4747],[-119.47273,53.47487],[-119.47245,53.47501],[-119.47224,53.47507],[-119.47211,53.47509],[-119.47185,53.47511],[-119.4716,53.4751],[-119.47147,53.47509],[-119.47133,53.47506],[-119.47117,53.47503],[-119.47097,53.47497],[-119.47083,53.47494],[-119.47069,53.47494],[-119.47053,53.47495],[-119.47032,53.47498],[-119.47006,53.47503],[-119.4693,53.47519],[-119.46836,53.47533],[-119.46777,53.47539],[-119.46717,53.47549],[-119.46679,53.47555],[-119.46643,53.47563],[-119.466,53.47574],[-119.46583,53.47579],[-119.46568,53.47582],[-119.46527,53.4759],[-119.46446,53.47602],[-119.46377,53.47607],[-119.46257,53.4761],[-119.46204,53.4761],[-119.46162,53.47614],[-119.46024,53.47632],[-119.45913,53.47647],[-119.45825,53.47651],[-119.45799,53.47651],[-119.45769,53.47647],[-119.45744,53.47641],[-119.45714,53.47631],[-119.4561,53.47598],[-119.45577,53.47584],[-119.45475,53.47532],[-119.45439,53.4752],[-119.45399,53.47509],[-119.4535,53.47488],[-119.45317,53.47468],[-119.45249,53.47426],[-119.45148,53.47368],[-119.45101,53.47347],[-119.45043,53.4732],[-119.45001,53.47309],[-119.44955,53.47302],[-119.44912,53.47298],[-119.44823,53.47296],[-119.44713,53.47299],[-119.44641,53.47301],[-119.44608,53.47303],[-119.44599,53.47302],[-119.44593,53.47302],[-119.44587,53.47301],[-119.44528,53.47288],[-119.44452,53.47279],[-119.44432,53.47275],[-119.44418,53.47271],[-119.44401,53.47265],[-119.44372,53.47247],[-119.44343,53.47232],[-119.4431,53.4722],[-119.44245,53.47198],[-119.44123,53.4715],[-119.44064,53.47126],[-119.44021,53.47104],[-119.44002,53.4709],[-119.43976,53.47076],[-119.43939,53.47065],[-119.4388,53.4706],[-119.43837,53.47054],[-119.43787,53.47041],[-119.4375,53.4703],[-119.43719,53.47017],[-119.43688,53.46994],[-119.43652,53.46958],[-119.43634,53.46924],[-119.43622,53.46913],[-119.43609,53.46907],[-119.43568,53.46894],[-119.43495,53.46873],[-119.43432,53.46847],[-119.4332,53.4679],[-119.4327,53.46762],[-119.43226,53.46745],[-119.43115,53.46696],[-119.43046,53.46673],[-119.43014,53.46661],[-119.42989,53.46648],[-119.42968,53.46633],[-119.42937,53.46608],[-119.42906,53.46585],[-119.42808,53.46526],[-119.42754,53.46502],[-119.42718,53.46491],[-119.42676,53.46474],[-119.42628,53.46451],[-119.42537,53.46397],[-119.42525,53.46388],[-119.42509,53.46384],[-119.42479,53.4638],[-119.424,53.46368],[-119.42354,53.46357],[-119.42297,53.4633],[-119.42242,53.463],[-119.42185,53.46272],[-119.42154,53.46264],[-119.4212,53.46255],[-119.42069,53.46247],[-119.41972,53.46237],[-119.41954,53.46238],[-119.41938,53.46245],[-119.41924,53.46259],[-119.4191,53.46283],[-119.41883,53.46353],[-119.41868,53.46416],[-119.41849,53.46481],[-119.41834,53.46511],[-119.41794,53.46569],[-119.41775,53.46585],[-119.41747,53.46601],[-119.41649,53.46632],[-119.41602,53.46644],[-119.41545,53.46651],[-119.41456,53.46666],[-119.41407,53.46675],[-119.41379,53.46682],[-119.41355,53.46691],[-119.41308,53.46722],[-119.41278,53.4675],[-119.41149,53.46852],[-119.41098,53.46914],[-119.4108,53.46944],[-119.41069,53.46979],[-119.41072,53.47028],[-119.41069,53.47048],[-119.41049,53.47109],[-119.41035,53.47127],[-119.41006,53.47149],[-119.40984,53.47163],[-119.40966,53.47179],[-119.40944,53.47204],[-119.40924,53.47247],[-119.40904,53.47305],[-119.40891,53.47414],[-119.40877,53.47447],[-119.40829,53.47498],[-119.40778,53.47534],[-119.40753,53.47544],[-119.40639,53.47567],[-119.40581,53.47571],[-119.40395,53.47569],[-119.40361,53.47565],[-119.40307,53.47535],[-119.40285,53.47516],[-119.40263,53.47503],[-119.40228,53.47492],[-119.40182,53.47482],[-119.39886,53.47367],[-119.39801,53.47335],[-119.39748,53.47308],[-119.39619,53.47229],[-119.39419,53.47129],[-119.39348,53.4709],[-119.39284,53.47049],[-119.39246,53.47015],[-119.39218,53.46998],[-119.39161,53.46972],[-119.39097,53.46948],[-119.39021,53.4693],[-119.38887,53.46916],[-119.38837,53.46916],[-119.38772,53.46927],[-119.38735,53.46935],[-119.38692,53.46943],[-119.3865,53.46948],[-119.38628,53.46943],[-119.38525,53.46904],[-119.38359,53.46822],[-119.38326,53.46802],[-119.38292,53.46785],[-119.38223,53.46763],[-119.38156,53.46727],[-119.3809,53.46686],[-119.3804,53.46626],[-119.38014,53.46573],[-119.37988,53.46539],[-119.37864,53.46448],[-119.37847,53.46441],[-119.37674,53.46392],[-119.37594,53.46354],[-119.37525,53.46324],[-119.37443,53.463],[-119.37322,53.46271],[-119.37245,53.46253],[-119.3717,53.46244],[-119.37127,53.46241],[-119.37069,53.46241],[-119.36987,53.46246],[-119.36944,53.46241],[-119.36814,53.46218],[-119.36757,53.46217],[-119.36676,53.46223],[-119.36588,53.46239],[-119.36453,53.46271],[-119.36317,53.46303],[-119.36207,53.46341],[-119.36167,53.46353],[-119.36125,53.46364],[-119.36074,53.46381],[-119.36035,53.464],[-119.36013,53.46416],[-119.35987,53.4644],[-119.3596,53.46486],[-119.35905,53.46548],[-119.35854,53.46598],[-119.35776,53.4665],[-119.3575,53.46665],[-119.35669,53.46751],[-119.3549,53.46986],[-119.3547,53.47002],[-119.35443,53.47016],[-119.35416,53.47027],[-119.35359,53.47047],[-119.35319,53.47057],[-119.35241,53.47065],[-119.35203,53.47065],[-119.35171,53.47063],[-119.35078,53.47042],[-119.35024,53.4703],[-119.34984,53.4702],[-119.34963,53.47012],[-119.3486,53.46993],[-119.3477,53.46984],[-119.34726,53.46977],[-119.3464,53.46971],[-119.34553,53.46975],[-119.34452,53.46974],[-119.34399,53.4697],[-119.34346,53.46964],[-119.34249,53.46947],[-119.34223,53.46945],[-119.34134,53.46945],[-119.34067,53.46943],[-119.33999,53.46946],[-119.33968,53.46952],[-119.33943,53.46964],[-119.33922,53.46976],[-119.33903,53.4699],[-119.33892,53.47002],[-119.33848,53.47037],[-119.33761,53.47086],[-119.33718,53.47116],[-119.3368,53.47134],[-119.33638,53.47144],[-119.33594,53.47145],[-119.33547,53.4714],[-119.33518,53.47144],[-119.33489,53.47155],[-119.33446,53.4718],[-119.3336,53.47206],[-119.33325,53.47212],[-119.33288,53.47234],[-119.33243,53.47253],[-119.33227,53.4726],[-119.33197,53.47266],[-119.33159,53.47265],[-119.33101,53.47261],[-119.33058,53.47257],[-119.33028,53.47258],[-119.32994,53.4726],[-119.32964,53.47267],[-119.32903,53.47272],[-119.32857,53.47269],[-119.32803,53.47257],[-119.32743,53.47238],[-119.32713,53.47224],[-119.32692,53.47214],[-119.32651,53.47188],[-119.32589,53.47151],[-119.32555,53.4714],[-119.3243,53.47116],[-119.32332,53.47088],[-119.32291,53.47084],[-119.32251,53.47078],[-119.32211,53.47069],[-119.32164,53.47056],[-119.32124,53.47045],[-119.32103,53.47044],[-119.32082,53.4705],[-119.32006,53.47081],[-119.31961,53.47097],[-119.31927,53.47122],[-119.31896,53.47148],[-119.31875,53.47171],[-119.31846,53.47188],[-119.31761,53.47224],[-119.3172,53.47234],[-119.31633,53.47242],[-119.31598,53.47256],[-119.31542,53.47292],[-119.31459,53.47335],[-119.31395,53.47366],[-119.31312,53.47395],[-119.31248,53.47422],[-119.312,53.47448],[-119.31147,53.47479],[-119.31129,53.47487],[-119.31105,53.47494],[-119.31034,53.47498],[-119.31004,53.47497],[-119.3081,53.47432],[-119.30775,53.47412],[-119.30666,53.4734],[-119.30633,53.47329],[-119.30578,53.47315],[-119.30514,53.47302],[-119.3048,53.47292],[-119.30434,53.47281],[-119.30401,53.47279],[-119.30374,53.47277],[-119.30341,53.47276],[-119.30303,53.4727],[-119.30251,53.47266],[-119.30177,53.47259],[-119.3001,53.47238],[-119.29951,53.47229],[-119.29895,53.47229],[-119.29843,53.4723],[-119.29798,53.47232],[-119.29763,53.47228],[-119.29733,53.47216],[-119.2972,53.47204],[-119.29694,53.47184],[-119.2961,53.47146],[-119.29562,53.47116],[-119.29537,53.47103],[-119.29511,53.47089],[-119.29483,53.47078],[-119.29452,53.47069],[-119.29377,53.47054],[-119.29241,53.4704],[-119.29134,53.47018],[-119.2907,53.46994],[-119.28972,53.46951],[-119.28891,53.46924],[-119.28835,53.46912],[-119.28781,53.46898],[-119.28708,53.46891],[-119.2864,53.46886],[-119.2858,53.46883],[-119.28533,53.46888],[-119.28502,53.46891],[-119.28481,53.46896],[-119.28109,53.47081],[-119.28086,53.47094],[-119.28078,53.47106],[-119.28089,53.47171],[-119.28087,53.47207],[-119.28074,53.47237],[-119.28081,53.47305],[-119.28099,53.47366],[-119.28106,53.47449],[-119.28105,53.47472],[-119.28099,53.47485],[-119.28102,53.47618],[-119.28103,53.47619],[-119.25024,53.47578],[-119.25005,53.47578],[-119.24972,53.47578],[-119.24956,53.47577],[-119.24707,53.47535],[-119.24558,53.47506],[-119.24443,53.47491],[-119.24382,53.47489],[-119.24335,53.47484],[-119.24301,53.47479],[-119.2426,53.47463],[-119.24241,53.4745],[-119.24124,53.47358],[-119.24069,53.47324],[-119.2401,53.47299],[-119.2389,53.47243],[-119.23824,53.47204],[-119.23775,53.47178],[-119.2372,53.47146],[-119.2365,53.47116],[-119.23566,53.47097],[-119.23443,53.47075],[-119.23372,53.47053],[-119.23297,53.47021],[-119.23242,53.46996],[-119.2314,53.46938],[-119.23068,53.46889],[-119.23049,53.4687],[-119.23031,53.46859],[-119.22978,53.46849],[-119.22863,53.46816],[-119.22724,53.46755],[-119.22613,53.46702],[-119.22147,53.46487],[-119.22028,53.46429],[-119.21956,53.46385],[-119.2191,53.46357],[-119.2185,53.46341],[-119.21808,53.46317],[-119.21781,53.46291],[-119.21761,53.46266],[-119.21743,53.46253],[-119.21721,53.46244],[-119.21694,53.46232],[-119.21625,53.46216],[-119.21529,53.46199],[-119.21486,53.46185],[-119.21412,53.46154],[-119.21372,53.46133],[-119.21182,53.46001],[-119.21047,53.45914],[-119.20959,53.45867],[-119.20922,53.45845],[-119.20868,53.45817],[-119.20806,53.45799],[-119.20778,53.45787],[-119.20759,53.45771],[-119.20746,53.45754],[-119.20742,53.45741],[-119.20731,53.45722],[-119.20723,53.45696],[-119.20713,53.45682],[-119.20687,53.45667],[-119.20622,53.45633],[-119.20516,53.4561],[-119.20412,53.45607],[-119.20341,53.45613],[-119.20277,53.45623],[-119.20245,53.45619],[-119.20214,53.45606],[-119.20193,53.45592],[-119.20173,53.45571],[-119.20113,53.45494],[-119.20082,53.45469],[-119.20039,53.45442],[-119.19914,53.45391],[-119.19868,53.45376],[-119.1982,53.45366],[-119.19723,53.45343],[-119.19601,53.45326],[-119.19477,53.45317],[-119.19347,53.45297],[-119.19278,53.45284],[-119.19211,53.45264],[-119.19155,53.45242],[-119.191,53.45203],[-119.19065,53.4517],[-119.19027,53.45153],[-119.18994,53.45144],[-119.18872,53.45127],[-119.18756,53.45109],[-119.18707,53.45099],[-119.18645,53.45089],[-119.18528,53.45076],[-119.18463,53.45064],[-119.18427,53.4505],[-119.18376,53.45024],[-119.18283,53.4499],[-119.18229,53.44974],[-119.18169,53.44955],[-119.18083,53.44948],[-119.18024,53.44948],[-119.17984,53.44947],[-119.17934,53.44944],[-119.17846,53.44939],[-119.17657,53.44926],[-119.17464,53.44919],[-119.17192,53.4493],[-119.17167,53.44928],[-119.17149,53.44922],[-119.17131,53.44908],[-119.17114,53.44889],[-119.1708,53.44838],[-119.17044,53.44802],[-119.16987,53.4476],[-119.16937,53.44717],[-119.16859,53.44642],[-119.16832,53.44609],[-119.16818,53.44591],[-119.1681,53.44567],[-119.16811,53.44547],[-119.16813,53.44529],[-119.16822,53.445],[-119.16825,53.44432],[-119.16824,53.44363],[-119.16836,53.44329],[-119.16833,53.44277],[-119.16844,53.44254],[-119.16845,53.44223],[-119.16841,53.44214],[-119.16823,53.44196],[-119.16782,53.44176],[-119.16731,53.44138],[-119.1671,53.44118],[-119.16669,53.44087],[-119.16652,53.44068],[-119.16643,53.44048],[-119.16632,53.44028],[-119.16618,53.44012],[-119.16604,53.43985],[-119.16601,53.43963],[-119.1659,53.43951],[-119.16526,53.4392],[-119.16457,53.43893],[-119.16339,53.43833],[-119.16284,53.43795],[-119.16233,53.43765],[-119.16176,53.43738],[-119.1614,53.43719],[-119.16093,53.43706],[-119.16028,53.43688],[-119.1597,53.43664],[-119.15921,53.43639],[-119.15878,53.4362],[-119.15759,53.43589],[-119.15578,53.43539],[-119.15497,53.43524],[-119.15437,53.43518],[-119.15415,53.43518],[-119.15381,53.43525],[-119.15339,53.43539],[-119.15294,53.43547],[-119.15236,53.43546],[-119.15177,53.43545],[-119.15089,53.43539],[-119.1501,53.4353],[-119.1494,53.43523],[-119.14869,53.43518],[-119.14836,53.43519],[-119.148,53.43526],[-119.14769,53.43526],[-119.14732,53.43522],[-119.14687,53.4352],[-119.14642,53.4352],[-119.14572,53.43524],[-119.14424,53.43537],[-119.14386,53.43548],[-119.14344,53.43564],[-119.14308,53.43592],[-119.14255,53.43653],[-119.14196,53.43694],[-119.14171,53.43705],[-119.14126,53.43714],[-119.14053,53.43721],[-119.13992,53.43727],[-119.13931,53.43739],[-119.13866,53.43753],[-119.1382,53.4377],[-119.13802,53.43783],[-119.13787,53.43801],[-119.13787,53.43828],[-119.13778,53.43853],[-119.13771,53.43897],[-119.13762,53.43922],[-119.13747,53.4394],[-119.13727,53.43953],[-119.13699,53.43962],[-119.1358,53.43994],[-119.13445,53.44008],[-119.13249,53.44015],[-119.13013,53.44037],[-119.12937,53.4404],[-119.12879,53.44051],[-119.12815,53.4408],[-119.12787,53.44095],[-119.1274,53.4411],[-119.12662,53.44124],[-119.12245,53.44187],[-119.12191,53.44191],[-119.12117,53.44207],[-119.12029,53.44231],[-119.11951,53.44248],[-119.11902,53.44261],[-119.11857,53.44279],[-119.11821,53.44296],[-119.11756,53.44317],[-119.11677,53.44336],[-119.11546,53.44363],[-119.11463,53.44377],[-119.11374,53.44388],[-119.11279,53.44409],[-119.11192,53.44433],[-119.11107,53.44461],[-119.11042,53.44478],[-119.11011,53.4449],[-119.10936,53.44553],[-119.10874,53.44615],[-119.10756,53.44704],[-119.10723,53.44731],[-119.10705,53.44743],[-119.1069,53.44747],[-119.10651,53.4475],[-119.10572,53.44749],[-119.10492,53.44735],[-119.10425,53.44722],[-119.10387,53.447],[-119.10353,53.44683],[-119.10274,53.44647],[-119.10169,53.4461],[-119.10088,53.446],[-119.10006,53.44584],[-119.09945,53.44569],[-119.09908,53.44541],[-119.09885,53.44527],[-119.09849,53.44519],[-119.09789,53.44516],[-119.09737,53.44508],[-119.09686,53.445],[-119.09642,53.44487],[-119.09608,53.44472],[-119.09587,53.44457],[-119.09522,53.44429],[-119.09416,53.44376],[-119.0936,53.44361],[-119.0927,53.4431],[-119.0925,53.44302],[-119.09184,53.44288],[-119.09118,53.44271],[-119.09067,53.44264],[-119.09013,53.44262],[-119.08969,53.44253],[-119.08925,53.44239],[-119.08897,53.44236],[-119.08878,53.44233],[-119.08864,53.44234],[-119.08845,53.44234],[-119.08808,53.44233],[-119.0877,53.44229],[-119.08728,53.44215],[-119.08674,53.44201],[-119.08589,53.44187],[-119.08461,53.44162],[-119.08396,53.44155],[-119.08341,53.44154],[-119.08288,53.44161],[-119.08224,53.4416],[-119.07985,53.44165],[-119.07877,53.44172],[-119.07828,53.44178],[-119.07773,53.44192],[-119.07616,53.44229],[-119.07504,53.44249],[-119.07355,53.44269],[-119.07241,53.44296],[-119.07194,53.44305],[-119.07095,53.44339],[-119.07032,53.44369],[-119.06993,53.44405],[-119.06975,53.4441],[-119.0694,53.44414],[-119.06904,53.44413],[-119.06801,53.44399],[-119.06763,53.44385],[-119.06752,53.44375],[-119.06733,53.44333],[-119.06717,53.44319],[-119.06697,53.4431],[-119.06673,53.44302],[-119.06638,53.44297],[-119.06517,53.44298],[-119.06428,53.44293],[-119.06382,53.44288],[-119.06351,53.4428],[-119.06296,53.44259],[-119.06215,53.4422],[-119.06171,53.44203],[-119.06107,53.44166],[-119.06069,53.4414],[-119.06021,53.44099],[-119.05983,53.44078],[-119.05896,53.44051],[-119.05863,53.44034],[-119.05816,53.44006],[-119.05779,53.43968],[-119.05702,53.43917],[-119.05622,53.43856],[-119.0551,53.43777],[-119.05483,53.43754],[-119.05473,53.43731],[-119.05474,53.43703],[-119.05485,53.4368],[-119.05494,53.43654],[-119.05496,53.4363],[-119.05491,53.43601],[-119.05485,53.4358],[-119.05465,53.43547],[-119.05434,53.43495],[-119.05408,53.43439],[-119.05387,53.43383],[-119.05375,53.43331],[-119.0538,53.43272],[-119.05397,53.43244],[-119.0542,53.43223],[-119.05554,53.43075],[-119.05646,53.42954],[-119.05708,53.42892],[-119.05747,53.42839],[-119.0578,53.428],[-119.05837,53.4276],[-119.05849,53.42746],[-119.05853,53.42726],[-119.05854,53.42701],[-119.05846,53.42674],[-119.05819,53.4265],[-119.05767,53.4261],[-119.05733,53.42587],[-119.05691,53.42565],[-119.05652,53.42549],[-119.0563,53.42528],[-119.05606,53.42501],[-119.05569,53.42464],[-119.05531,53.42423],[-119.05473,53.42375],[-119.05413,53.42334],[-119.05329,53.42296],[-119.05215,53.42243],[-119.05122,53.42216],[-119.05031,53.422],[-119.04931,53.42187],[-119.04872,53.42197],[-119.04816,53.422],[-119.04729,53.42197],[-119.04648,53.42198],[-119.0456,53.42203],[-119.04433,53.42217],[-119.04326,53.42223],[-119.04274,53.42224],[-119.04224,53.4222],[-119.04154,53.4222],[-119.04085,53.42218],[-119.04039,53.42214],[-119.0398,53.42203],[-119.03925,53.42185],[-119.0383,53.42168],[-119.03797,53.42165],[-119.0377,53.42167],[-119.03742,53.4218],[-119.03635,53.42238],[-119.03563,53.42279],[-119.03535,53.42291],[-119.03499,53.423],[-119.0342,53.42315],[-119.03342,53.42327],[-119.03269,53.42344],[-119.03221,53.42357],[-119.03161,53.42377],[-119.03099,53.42397],[-119.02961,53.42442],[-119.02915,53.42453],[-119.02851,53.42466],[-119.02809,53.42468],[-119.02748,53.42465],[-119.0267,53.42468],[-119.02588,53.42461],[-119.02518,53.42449],[-119.02443,53.42434],[-119.02377,53.42417],[-119.02349,53.42409],[-119.02312,53.42403],[-119.02267,53.42399],[-119.02214,53.42399],[-119.02102,53.42408],[-119.01994,53.42425],[-119.01905,53.42433],[-119.01856,53.42438],[-119.01734,53.42444],[-119.01691,53.42456],[-119.01659,53.42471],[-119.01631,53.42494],[-119.01574,53.42537],[-119.01504,53.42605],[-119.01459,53.42658],[-119.01404,53.42759],[-119.01369,53.42839],[-119.01361,53.42876],[-119.01361,53.42916],[-119.01394,53.43014],[-119.01486,53.4325],[-119.01495,53.43317],[-119.01505,53.43336],[-119.01533,53.43422],[-119.01557,53.43513],[-119.01575,53.43604],[-119.01585,53.43737],[-119.01595,53.43782],[-119.01597,53.43805],[-119.01581,53.43831],[-119.01508,53.43914],[-119.01453,53.43968],[-119.01416,53.44018],[-119.01373,53.44099],[-119.01343,53.44195],[-119.01331,53.44254],[-119.01296,53.44294],[-119.01255,53.4431],[-119.01163,53.44338],[-119.01058,53.44388],[-119.00831,53.44459],[-119.00725,53.44501],[-119.0066,53.44547],[-119.00537,53.44618],[-119.0045,53.44656],[-119.00378,53.44671],[-119.00292,53.4468],[-119.00191,53.44677],[-119.00137,53.44679],[-119.00077,53.44696],[-118.99989,53.44727],[-118.99863,53.44803],[-119.02236,53.46965],[-119.02104,53.46954],[-119.01985,53.46944],[-119.01894,53.46929],[-119.01705,53.4692],[-119.01588,53.4692],[-119.01447,53.46934],[-119.01316,53.46952],[-119.01255,53.46969],[-119.01201,53.46992],[-119.01107,53.47036],[-119.00909,53.47113],[-119.00751,53.4716],[-119.00641,53.47172],[-119.00499,53.47193],[-119.00314,53.47235],[-119.00245,53.4725],[-119.00203,53.47259],[-119.00167,53.47275],[-119.00126,53.47302],[-119.00114,53.47305],[-119.00062,53.47318],[-118.99968,53.47331],[-118.99883,53.47339],[-118.99802,53.47352],[-118.99752,53.47369],[-118.99721,53.47392],[-118.9969,53.47418],[-118.99643,53.47476],[-118.99633,53.47516],[-118.99612,53.47666],[-118.99601,53.47718],[-118.99584,53.47756],[-118.99552,53.47812],[-118.99551,53.47895],[-118.99534,53.4795],[-118.99495,53.48],[-118.99441,53.48046],[-118.99362,53.48093],[-118.99338,53.48098],[-118.99315,53.48097],[-118.99267,53.48087],[-118.99167,53.4807],[-118.98983,53.48034],[-118.98946,53.48025],[-118.98906,53.4801],[-118.98838,53.47997],[-118.98761,53.47989],[-118.98687,53.47992],[-118.98622,53.48002],[-118.98558,53.48024],[-118.98476,53.4804],[-118.9841,53.48044],[-118.98366,53.48044],[-118.98324,53.4804],[-118.98285,53.48034],[-118.98238,53.4803],[-118.9819,53.48023],[-118.98152,53.48018],[-118.98112,53.48013],[-118.98093,53.48012],[-118.98067,53.48009],[-118.98033,53.48007],[-118.97998,53.48008],[-118.97927,53.48014],[-118.97847,53.48022],[-118.97766,53.4804],[-118.97712,53.48049],[-118.97653,53.48063],[-118.97562,53.48091],[-118.97485,53.48119],[-118.9747,53.48114],[-118.97451,53.48101],[-118.9736,53.48015],[-118.97253,53.47963],[-118.97144,53.47921],[-118.97056,53.4788],[-118.96968,53.47841],[-118.96912,53.47822],[-118.96826,53.47801],[-118.96703,53.47768],[-118.96637,53.47758],[-118.96545,53.47749],[-118.9648,53.47744],[-118.96425,53.47747],[-118.9637,53.47758],[-118.96315,53.47759],[-118.9626,53.47748],[-118.96199,53.47728],[-118.96119,53.47679],[-118.9606,53.47626],[-118.96001,53.47582],[-118.95955,53.47555],[-118.95804,53.47496],[-118.95726,53.47475],[-118.95687,53.47457],[-118.95638,53.47421],[-118.95591,53.47376],[-118.95469,53.47301],[-118.95409,53.47254],[-118.95345,53.47208],[-118.95238,53.47142],[-118.95179,53.47111],[-118.95152,53.47093],[-118.95102,53.47065],[-118.95045,53.47024],[-118.95015,53.47008],[-118.95003,53.47],[-118.94998,53.46991],[-118.94993,53.4698],[-118.94979,53.46969],[-118.94957,53.4696],[-118.94887,53.4694],[-118.94782,53.46906],[-118.94693,53.46883],[-118.94513,53.46849],[-118.94439,53.46827],[-118.94279,53.46755],[-118.94173,53.46719],[-118.94032,53.46679],[-118.9399,53.46665],[-118.93867,53.46643],[-118.93665,53.46625],[-118.93586,53.46624],[-118.93545,53.46625],[-118.93507,53.4662],[-118.93484,53.46612],[-118.93442,53.46579],[-118.93396,53.46549],[-118.9335,53.46506],[-118.93301,53.46464],[-118.93252,53.46418],[-118.93211,53.46394],[-118.93156,53.46375],[-118.93101,53.46342],[-118.93042,53.46311],[-118.92984,53.46287],[-118.92934,53.4625],[-118.92888,53.46203],[-118.92832,53.46161],[-118.92788,53.46133],[-118.92667,53.46084],[-118.92568,53.4606],[-118.92499,53.46041],[-118.92431,53.46017],[-118.92361,53.46],[-118.92231,53.4598],[-118.92192,53.45977],[-118.92149,53.45969],[-118.92042,53.45939],[-118.91988,53.45928],[-118.91965,53.45925],[-118.91938,53.45923],[-118.91886,53.45924],[-118.91865,53.45923],[-118.91841,53.45913],[-118.91795,53.45877],[-118.91764,53.45834],[-118.91752,53.45824],[-118.91738,53.45794],[-118.91736,53.45781],[-118.91726,53.45734],[-118.91713,53.45707],[-118.91684,53.45679],[-118.91656,53.45635],[-118.91629,53.45618],[-118.91602,53.45601],[-118.91575,53.45581],[-118.91536,53.45549],[-118.91512,53.45519],[-118.91501,53.45491],[-118.91488,53.45473],[-118.91457,53.45446],[-118.91393,53.45405],[-118.91376,53.45393],[-118.91318,53.45351],[-118.91284,53.45316],[-118.91269,53.45301],[-118.91241,53.45284],[-118.91198,53.45266],[-118.91162,53.45251],[-118.91105,53.45219],[-118.91049,53.45177],[-118.91006,53.45139],[-118.90931,53.45082],[-118.90896,53.45064],[-118.9082,53.4503],[-118.90716,53.44976],[-118.90653,53.4495],[-118.90579,53.44923],[-118.905,53.44904],[-118.90375,53.44893],[-118.90307,53.44879],[-118.90235,53.44859],[-118.90158,53.44827],[-118.90118,53.44803],[-118.90071,53.44762],[-118.90035,53.44727],[-118.8999,53.44693],[-118.89935,53.44667],[-118.89857,53.44639],[-118.89773,53.44612],[-118.89723,53.44595],[-118.89645,53.44565],[-118.89578,53.44545],[-118.89491,53.44523],[-118.89341,53.44489],[-118.89193,53.44471],[-118.89106,53.44455],[-118.89012,53.44444],[-118.88863,53.44429],[-118.88824,53.44422],[-118.88797,53.4441],[-118.88748,53.44378],[-118.88657,53.44333],[-118.88595,53.44306],[-118.88484,53.44274],[-118.88463,53.44268],[-118.88394,53.44244],[-118.88348,53.44233],[-118.88219,53.44196],[-118.8808,53.44163],[-118.88023,53.44154],[-118.87943,53.44138],[-118.87931,53.44134],[-118.87918,53.44138],[-118.87893,53.44159],[-118.87878,53.44169],[-118.87821,53.44204],[-118.87769,53.44238],[-118.87679,53.44288],[-118.87631,53.44318],[-118.8756,53.44347],[-118.8749,53.44367],[-118.87436,53.44386],[-118.87271,53.44479],[-118.87207,53.44505],[-118.87117,53.44521],[-118.87069,53.44525],[-118.87009,53.44528],[-118.8687,53.44525],[-118.86722,53.44512],[-118.86671,53.44512],[-118.8663,53.44509],[-118.86563,53.44496],[-118.8653,53.44493],[-118.8651,53.44494],[-118.86492,53.445],[-118.86448,53.44529],[-118.86417,53.44552],[-118.86395,53.44571],[-118.8634,53.44602],[-118.86267,53.44631],[-118.86207,53.44653],[-118.86159,53.44678],[-118.86125,53.44703],[-118.86103,53.44724],[-118.86085,53.44742],[-118.86076,53.44746],[-118.86068,53.44741],[-118.86056,53.4472],[-118.86046,53.447],[-118.86025,53.44684],[-118.85983,53.44669],[-118.85927,53.44653],[-118.85871,53.4464],[-118.85818,53.44624],[-118.85777,53.44609],[-118.85725,53.44594],[-118.85647,53.44572],[-118.85593,53.4456],[-118.85534,53.4455],[-118.85475,53.44539],[-118.85441,53.44527],[-118.85408,53.44515],[-118.85366,53.44493],[-118.85298,53.44459],[-118.85271,53.44436],[-118.85243,53.44415],[-118.8522,53.44396],[-118.85181,53.44375],[-118.85146,53.44355],[-118.85113,53.44351],[-118.85064,53.44341],[-118.85029,53.44331],[-118.84949,53.44305],[-118.84906,53.44296],[-118.8487,53.44296],[-118.84799,53.44299],[-118.84722,53.4431],[-118.84659,53.44313],[-118.8462,53.4431],[-118.84587,53.443],[-118.84548,53.44284],[-118.84492,53.44263],[-118.84419,53.44239],[-118.84388,53.44226],[-118.84349,53.44202],[-118.8433,53.44186],[-118.84307,53.44143],[-118.84275,53.44095],[-118.84229,53.4406],[-118.84189,53.4404],[-118.84147,53.44031],[-118.84031,53.44019],[-118.83943,53.44006],[-118.83849,53.43999],[-118.83693,53.43997],[-118.83627,53.43993],[-118.83564,53.43986],[-118.8352,53.43977],[-118.83482,53.43964],[-118.83418,53.43946],[-118.83361,53.43928],[-118.83301,53.43915],[-118.83261,53.43902],[-118.83234,53.43886],[-118.8322,53.43873],[-118.83217,53.43861],[-118.8324,53.43795],[-118.8324,53.43719],[-118.83242,53.43695],[-118.83239,53.4366],[-118.83216,53.43593],[-118.83186,53.43539],[-118.83152,53.435],[-118.83101,53.43459],[-118.8306,53.4343],[-118.83023,53.43413],[-118.83002,53.43406],[-118.82932,53.43398],[-118.82754,53.43374],[-118.82538,53.43364],[-118.82479,53.43358],[-118.82428,53.43348],[-118.82371,53.43345],[-118.82324,53.43348],[-118.82242,53.43352],[-118.82202,53.43349],[-118.82162,53.43345],[-118.82129,53.4334],[-118.82097,53.43333],[-118.82076,53.43328],[-118.82055,53.43323],[-118.82038,53.43315],[-118.82026,53.43303],[-118.81977,53.43243],[-118.81918,53.43183],[-118.8183,53.43122],[-118.81801,53.43084],[-118.81768,53.43025],[-118.81755,53.42997],[-118.81745,53.42967],[-118.81731,53.4294],[-118.81717,53.42928],[-118.81699,53.42923],[-118.81639,53.42896],[-118.81581,53.42861],[-118.81569,53.42849],[-118.81563,53.4284],[-118.81547,53.4282],[-118.81529,53.42809],[-118.8152,53.42793],[-118.81514,53.42776],[-118.81518,53.4275],[-118.81511,53.42736],[-118.8149,53.42726],[-118.81443,53.42713],[-118.81407,53.4269],[-118.81399,53.4268],[-118.81394,53.42665],[-118.81393,53.42647],[-118.81399,53.42627],[-118.81415,53.42576],[-118.81426,53.42537],[-118.81422,53.42517],[-118.81415,53.42503],[-118.81402,53.42465],[-118.81376,53.42426],[-118.81329,53.42372],[-118.81295,53.42343],[-118.81224,53.423],[-118.81171,53.42266],[-118.81121,53.42247],[-118.81077,53.42236],[-118.80897,53.42219],[-118.80797,53.42207],[-118.80688,53.42191],[-118.80543,53.42164],[-118.80467,53.42142],[-118.80373,53.4211],[-118.80325,53.42089],[-118.80294,53.42079],[-118.80255,53.42059],[-118.80239,53.42044],[-118.80225,53.4202],[-118.802,53.41984],[-118.80146,53.41941],[-118.80096,53.41914],[-118.80031,53.41893],[-118.79919,53.41856],[-118.79867,53.41843],[-118.79797,53.41823],[-118.7972,53.41799],[-118.79615,53.41783],[-118.79405,53.41744],[-118.79345,53.41729],[-118.79287,53.41725],[-118.79236,53.41724],[-118.79205,53.41731],[-118.79156,53.41747],[-118.79127,53.41762],[-118.79109,53.41773],[-118.79021,53.41821],[-118.78974,53.41865],[-118.78934,53.41906],[-118.78924,53.41947],[-118.78917,53.41966],[-118.78907,53.41982],[-118.78895,53.41999],[-118.7888,53.4201],[-118.7886,53.42016],[-118.7882,53.42021],[-118.78797,53.42027],[-118.78776,53.42036],[-118.78745,53.42054],[-118.78723,53.42074],[-118.78686,53.42098],[-118.78636,53.42127],[-118.78586,53.42148],[-118.78545,53.4217],[-118.78504,53.42205],[-118.78459,53.4226],[-118.78448,53.42267],[-118.78426,53.42274],[-118.78351,53.42287],[-118.78264,53.42308],[-118.78208,53.42326],[-118.78124,53.42345],[-118.78063,53.42353],[-118.78027,53.42364],[-118.77994,53.42384],[-118.77976,53.424],[-118.77967,53.42417],[-118.77964,53.42444],[-118.77956,53.42503],[-118.77952,53.4252],[-118.77943,53.42533],[-118.77923,53.42557],[-118.77881,53.42608],[-118.77668,53.42749],[-118.77629,53.42789],[-118.77589,53.42831],[-118.77572,53.42849],[-118.77569,53.42882],[-118.77581,53.42913],[-118.77624,53.42947],[-118.77672,53.42981],[-118.77696,53.43023],[-118.77684,53.43069],[-118.77642,53.43105],[-118.77535,53.43171],[-118.77447,53.43253],[-118.77381,53.43328],[-118.77308,53.43373],[-118.77242,53.43401],[-118.77133,53.4343],[-118.77067,53.4344],[-118.76788,53.4329],[-118.76256,53.43156],[-118.76061,53.43127],[-118.75858,53.43064],[-118.75739,53.43],[-118.75587,53.42915],[-118.75509,53.42874],[-118.75483,53.42861],[-118.75461,53.4286],[-118.75441,53.42863],[-118.75405,53.42882],[-118.75382,53.42908],[-118.75341,53.42969],[-118.75285,53.43061],[-118.7526,53.43112],[-118.7525,53.43156],[-118.75258,53.43195],[-118.75267,53.43226],[-118.75294,53.43279],[-118.75308,53.43309],[-118.7532,53.43334],[-118.75275,53.43341],[-118.75233,53.43357],[-118.75154,53.43402],[-118.75134,53.43427],[-118.75255,53.43461],[-118.75368,53.43481],[-118.75446,53.43505],[-118.75531,53.4354],[-118.75612,53.43568],[-118.75697,53.43608],[-118.75803,53.43661],[-118.75921,53.43717],[-118.76019,53.43777],[-118.76053,53.43798],[-118.76097,53.43828],[-118.76137,53.43868],[-118.76165,53.43906],[-118.76175,53.43931],[-118.76186,53.43958],[-118.76195,53.44011],[-118.76199,53.44064],[-118.76191,53.44101],[-118.76197,53.44139],[-118.76218,53.44172],[-118.76248,53.44199],[-118.76263,53.44218],[-118.76267,53.4423],[-118.76263,53.4424],[-118.76252,53.4425],[-118.76248,53.44272],[-118.76257,53.44318],[-118.76271,53.4436],[-118.7628,53.44396],[-118.76271,53.44429],[-118.76228,53.44481],[-118.76178,53.44533],[-118.76129,53.44568],[-118.761,53.44604],[-118.76088,53.44646],[-118.76087,53.44692],[-118.76099,53.44737],[-118.76133,53.44784],[-118.76147,53.44836],[-118.76159,53.44874],[-118.76184,53.44916],[-118.76228,53.44953],[-118.76269,53.45022],[-118.76341,53.45107],[-118.76404,53.45172],[-118.76379,53.45205],[-118.76354,53.45229],[-118.76333,53.45248],[-118.76311,53.45266],[-118.76258,53.453],[-118.7621,53.45351],[-118.76185,53.45393],[-118.76159,53.45417],[-118.76153,53.4542],[-118.76137,53.45435],[-118.76102,53.45457],[-118.76075,53.45466],[-118.75894,53.45508],[-118.75866,53.45519],[-118.75845,53.4553],[-118.75829,53.45548],[-118.75779,53.45612],[-118.75771,53.45639],[-118.75755,53.45667],[-118.75726,53.45682],[-118.75613,53.4573],[-118.75534,53.45751],[-118.75501,53.45757],[-118.75389,53.45768],[-118.7537,53.45767],[-118.75349,53.45763],[-118.75323,53.45753],[-118.7528,53.45728],[-118.75236,53.457],[-118.75184,53.45674],[-118.75137,53.45653],[-118.75125,53.45647],[-118.75113,53.45643],[-118.75025,53.4561],[-118.74942,53.45584],[-118.74888,53.45574],[-118.74833,53.45558],[-118.74784,53.45548],[-118.74739,53.45536],[-118.74702,53.45532],[-118.74637,53.45532],[-118.74537,53.45534],[-118.74445,53.45542],[-118.74338,53.45552],[-118.74245,53.45565],[-118.74202,53.45577],[-118.74135,53.45585],[-118.74048,53.45589],[-118.73988,53.45597],[-118.73933,53.45613],[-118.73871,53.45632],[-118.73829,53.45655],[-118.73789,53.45678],[-118.73742,53.45715],[-118.73667,53.4576],[-118.73588,53.45815],[-118.73526,53.45866],[-118.73482,53.45896],[-118.73429,53.45917],[-118.73376,53.45935],[-118.7334,53.45956],[-118.73311,53.45973],[-118.73298,53.45988],[-118.73289,53.46007],[-118.73287,53.46018],[-118.73289,53.46028],[-118.73317,53.46059],[-118.73348,53.46079],[-118.73368,53.46095],[-118.73383,53.4611],[-118.73384,53.46149],[-118.7337,53.46194],[-118.73356,53.46234],[-118.73352,53.46265],[-118.73358,53.46293],[-118.73374,53.46319],[-118.73392,53.46335],[-118.73407,53.46365],[-118.73423,53.46394],[-118.73428,53.46417],[-118.73427,53.46438],[-118.73408,53.46477],[-118.73388,53.46513],[-118.73385,53.46544],[-118.73373,53.46575],[-118.7335,53.46609],[-118.7332,53.46629],[-118.73274,53.4665],[-118.73225,53.46669],[-118.73199,53.46692],[-118.73181,53.46713],[-118.73156,53.46734],[-118.73124,53.46751],[-118.73056,53.4677],[-118.72982,53.46782],[-118.72915,53.46788],[-118.72859,53.46798],[-118.72788,53.46817],[-118.72761,53.46827],[-118.72733,53.46842],[-118.72712,53.46856],[-118.72693,53.4688],[-118.72636,53.4691],[-118.72571,53.46953],[-118.72471,53.47027],[-118.72384,53.47073],[-118.72219,53.47127],[-118.7205,53.47167],[-118.71889,53.47185],[-118.71724,53.47199],[-118.71539,53.47205],[-118.71426,53.47198],[-118.71335,53.47195],[-118.71207,53.47204],[-118.71077,53.47221],[-118.70923,53.47258],[-118.70751,53.47297],[-118.70642,53.4734],[-118.70547,53.47403],[-118.70364,53.47503],[-118.70133,53.4756],[-118.69951,53.47622],[-118.69923,53.47653],[-118.69872,53.47618],[-118.69856,53.47588],[-118.69807,53.47555],[-118.69731,53.4752],[-118.69642,53.47475],[-118.6956,53.4743],[-118.69491,53.47401],[-118.69466,53.47388],[-118.69455,53.47375],[-118.69452,53.47357],[-118.69487,53.47338],[-118.69525,53.47325],[-118.69552,53.47306],[-118.69583,53.47259],[-118.6959,53.47218],[-118.6963,53.47185],[-118.69723,53.47135],[-118.69758,53.47112],[-118.69792,53.47089],[-118.69805,53.47076],[-118.69813,53.4706],[-118.69823,53.47028],[-118.69839,53.4698],[-118.69839,53.4695],[-118.69861,53.46891],[-118.69866,53.46861],[-118.69868,53.46815],[-118.69847,53.4678],[-118.69817,53.46758],[-118.69755,53.46733],[-118.69707,53.46705],[-118.69641,53.46664],[-118.69577,53.46632],[-118.69507,53.46602],[-118.69414,53.46566],[-118.69292,53.46499],[-118.69249,53.46473],[-118.69135,53.46414],[-118.6906,53.46379],[-118.68992,53.46325],[-118.68929,53.46296],[-118.6874,53.46254],[-118.68651,53.46214],[-118.6854,53.46153],[-118.68411,53.46113],[-118.68342,53.46098],[-118.68261,53.46092],[-118.6818,53.46091],[-118.68123,53.46096],[-118.68085,53.46102],[-118.68058,53.46118],[-118.68042,53.46134],[-118.6803,53.46167],[-118.68007,53.46217],[-118.67944,53.46253],[-118.67785,53.46335],[-118.67731,53.46359],[-118.67663,53.46406],[-118.6765,53.46426],[-118.67631,53.46469],[-118.67607,53.46499],[-118.67568,53.46523],[-118.67487,53.46558],[-118.67408,53.46579],[-118.67327,53.46598],[-118.6727,53.46613],[-118.67226,53.46622],[-118.67201,53.46622],[-118.67156,53.46615],[-118.67041,53.46577],[-118.66962,53.46562],[-118.6688,53.46549],[-118.66788,53.46542],[-118.66722,53.46529],[-118.66688,53.4652],[-118.66643,53.46506],[-118.66576,53.46484],[-118.66536,53.46465],[-118.66453,53.46407],[-118.66353,53.46351],[-118.6625,53.46302],[-118.66172,53.4627],[-118.66093,53.46249],[-118.65984,53.46234],[-118.65929,53.46217],[-118.65854,53.46196],[-118.65764,53.46189],[-118.65716,53.46179],[-118.656,53.46151],[-118.65515,53.46122],[-118.65432,53.46085],[-118.65319,53.46029],[-118.65254,53.45991],[-118.65144,53.45903],[-118.65098,53.45868],[-118.65048,53.45844],[-118.64973,53.45814],[-118.64879,53.45778],[-118.64772,53.45741],[-118.647,53.45726],[-118.64535,53.45696],[-118.64478,53.45682],[-118.64422,53.45653],[-118.6434,53.4559],[-118.64258,53.45544],[-118.64143,53.4549],[-118.63949,53.45394],[-118.63939,53.45389],[-118.63824,53.45339],[-118.63733,53.45307],[-118.63622,53.45284],[-118.63502,53.45274],[-118.63394,53.45273],[-118.63207,53.4528],[-118.63151,53.45284],[-118.63025,53.45307],[-118.6295,53.45317],[-118.62833,53.45357],[-118.62799,53.45362],[-118.62781,53.4536],[-118.62735,53.45348],[-118.62674,53.45337],[-118.62624,53.45318],[-118.62544,53.45287],[-118.62319,53.4515],[-118.62232,53.45108],[-118.62101,53.45056],[-118.61965,53.45011],[-118.61903,53.44987],[-118.61798,53.44937],[-118.61748,53.44918],[-118.61634,53.44875],[-118.61527,53.44839],[-118.61397,53.44804],[-118.61323,53.44784],[-118.61273,53.4477],[-118.61232,53.44764],[-118.61184,53.4476],[-118.61152,53.44752],[-118.61124,53.4474],[-118.61049,53.44715],[-118.60941,53.44679],[-118.60845,53.44649],[-118.60759,53.44619],[-118.60614,53.44568],[-118.60567,53.4455],[-118.60525,53.44541],[-118.60497,53.44534],[-118.60462,53.44527],[-118.60427,53.44514],[-118.604,53.44498],[-118.60384,53.4449],[-118.60365,53.4447],[-118.60342,53.44447],[-118.60319,53.44431],[-118.60203,53.4439],[-118.60149,53.44378],[-118.60112,53.44374],[-118.60085,53.44362],[-118.60063,53.44348],[-118.60037,53.44328],[-118.59971,53.4429],[-118.59935,53.4428],[-118.59891,53.4427],[-118.59821,53.44267],[-118.59756,53.44251],[-118.59712,53.44233],[-118.59616,53.44164],[-118.59573,53.44138],[-118.59466,53.44093],[-118.5942,53.4407],[-118.59352,53.44042],[-118.59288,53.44006],[-118.59242,53.4397],[-118.59198,53.43948],[-118.59168,53.43936],[-118.59135,53.43897],[-118.59098,53.43867],[-118.59049,53.43793],[-118.59014,53.43758],[-118.59,53.43741],[-118.58968,53.43704],[-118.58924,53.4366],[-118.58898,53.4364],[-118.58836,53.43608],[-118.58753,53.43572],[-118.58521,53.43486],[-118.58265,53.43437],[-118.52654,53.47188],[-118.5269,53.47139],[-118.52712,53.47096],[-118.52719,53.47073],[-118.52721,53.47041],[-118.52727,53.47005],[-118.52713,53.46896],[-118.52691,53.46799],[-118.52659,53.46772],[-118.52551,53.46662],[-118.52445,53.4657],[-118.52384,53.46522],[-118.52362,53.46501],[-118.52319,53.46471],[-118.52287,53.46452],[-118.52242,53.46433],[-118.52155,53.46377],[-118.52038,53.46291],[-118.5199,53.46262],[-118.51942,53.46236],[-118.51903,53.46218],[-118.5185,53.46198],[-118.51707,53.46149],[-118.51653,53.46134],[-118.51558,53.46116],[-118.51399,53.46079],[-118.51326,53.46073],[-118.51286,53.46073],[-118.5123,53.46075],[-118.51155,53.46073],[-118.51089,53.4607],[-118.51016,53.46061],[-118.50918,53.46048],[-118.50794,53.46031],[-118.50725,53.46022],[-118.50664,53.46022],[-118.50592,53.46029],[-118.5046,53.46052],[-118.50429,53.46054],[-118.50384,53.46053],[-118.50278,53.46042],[-118.50185,53.46029],[-118.50136,53.46025],[-118.50124,53.46024],[-118.50071,53.46018],[-118.49952,53.46018],[-118.49906,53.46015],[-118.49847,53.46004],[-118.49745,53.45977],[-118.49702,53.45959],[-118.49674,53.45949],[-118.49654,53.45935],[-118.49614,53.45894],[-118.49605,53.45877],[-118.49602,53.45848],[-118.49613,53.45826],[-118.49639,53.45806],[-118.49663,53.4578],[-118.49673,53.45752],[-118.49669,53.45724],[-118.49669,53.45674],[-118.49654,53.45636],[-118.49631,53.45595],[-118.49577,53.45512],[-118.49516,53.45455],[-118.49476,53.45427],[-118.49409,53.45395],[-118.49408,53.45394],[-118.49351,53.45359],[-118.49279,53.45326],[-118.49218,53.45303],[-118.49164,53.45278],[-118.4912,53.45248],[-118.49017,53.45182],[-118.48963,53.45143],[-118.48931,53.45129],[-118.48895,53.45117],[-118.48856,53.45114],[-118.48808,53.45116],[-118.48759,53.45123],[-118.48733,53.45136],[-118.48707,53.45147],[-118.48688,53.45148],[-118.48591,53.45144],[-118.4854,53.45137],[-118.48462,53.45119],[-118.48431,53.45109],[-118.48352,53.45071],[-118.48323,53.45059],[-118.48295,53.45052],[-118.48253,53.45043],[-118.48209,53.45038],[-118.48152,53.45038],[-118.48105,53.45033],[-118.48055,53.45025],[-118.48015,53.45021],[-118.47967,53.45023],[-118.47912,53.45041],[-118.47779,53.45092],[-118.47712,53.45109],[-118.4764,53.45121],[-118.47592,53.4512],[-118.47551,53.45116],[-118.47496,53.45111],[-118.47394,53.45106],[-118.47314,53.45104],[-118.47238,53.45107],[-118.47176,53.45107],[-118.47127,53.45102],[-118.47034,53.45099],[-118.46917,53.45095],[-118.46821,53.45098],[-118.46671,53.4511],[-118.466,53.45128],[-118.46545,53.45155],[-118.46495,53.45196],[-118.46406,53.45279],[-118.4637,53.453],[-118.46324,53.4532],[-118.4629,53.45338],[-118.46272,53.45362],[-118.46262,53.45393],[-118.46247,53.45438],[-118.46233,53.45469],[-118.46207,53.45551],[-118.4619,53.45597],[-118.46186,53.45625],[-118.46185,53.45672],[-118.46174,53.45684],[-118.46093,53.45714],[-118.46035,53.45737],[-118.45995,53.45762],[-118.45917,53.45783],[-118.4588,53.45788],[-118.45761,53.45799],[-118.45671,53.45803],[-118.45484,53.45789],[-118.4525,53.45771],[-118.45187,53.45774],[-118.45121,53.45778],[-118.45078,53.45777],[-118.45038,53.45778],[-118.44994,53.45785],[-118.44953,53.45792],[-118.44922,53.45792],[-118.44888,53.45787],[-118.4486,53.4578],[-118.44819,53.45757],[-118.4477,53.45724],[-118.44749,53.45712],[-118.44727,53.45702],[-118.44697,53.45693],[-118.44675,53.45683],[-118.4465,53.45674],[-118.44624,53.4566],[-118.44605,53.45643],[-118.44555,53.45615],[-118.44515,53.45596],[-118.44476,53.4558],[-118.44426,53.4556],[-118.44397,53.45549],[-118.4436,53.45537],[-118.44329,53.4553],[-118.44298,53.45525],[-118.44257,53.45521],[-118.44191,53.45514],[-118.44123,53.45514],[-118.44046,53.45518],[-118.44002,53.45523],[-118.43972,53.45521],[-118.43947,53.45515],[-118.43928,53.45503],[-118.43898,53.45484],[-118.43834,53.45428],[-118.43791,53.4539],[-118.43741,53.45356],[-118.43717,53.45339],[-118.43691,53.45327],[-118.43629,53.45305],[-118.43553,53.45266],[-118.43506,53.45249],[-118.43446,53.45233],[-118.43396,53.45223],[-118.43338,53.45208],[-118.43282,53.45184],[-118.43224,53.45151],[-118.4318,53.45114],[-118.43122,53.45061],[-118.4309,53.4504],[-118.42986,53.44987],[-118.42939,53.44968],[-118.42882,53.44932],[-118.42847,53.44902],[-118.42813,53.44884],[-118.42763,53.44872],[-118.42653,53.44855],[-118.42619,53.44846],[-118.42576,53.44825],[-118.42549,53.44798],[-118.42517,53.44771],[-118.42458,53.44734],[-118.424,53.44693],[-118.42382,53.44677],[-118.42327,53.44639],[-118.42307,53.44626],[-118.42295,53.44615],[-118.4227,53.44598],[-118.42247,53.44588],[-118.4216,53.44579],[-118.42124,53.44571],[-118.42032,53.4454],[-118.41886,53.44476],[-118.41857,53.4446],[-118.41843,53.44455],[-118.41822,53.44455],[-118.41775,53.4446],[-118.41713,53.44471],[-118.41583,53.44479],[-118.41519,53.44482],[-118.4147,53.44487],[-118.41424,53.44487],[-118.41385,53.44485],[-118.41323,53.44479],[-118.41288,53.44478],[-118.41234,53.44507],[-118.41179,53.44527],[-118.40954,53.446],[-118.40849,53.44628],[-118.40731,53.44655],[-118.40545,53.44706],[-118.4049,53.44725],[-118.40431,53.44759],[-118.4038,53.44799],[-118.40333,53.44828],[-118.40262,53.44857],[-118.40188,53.44885],[-118.40134,53.44902],[-118.40081,53.44914],[-118.39953,53.44914],[-118.39937,53.4491],[-118.39903,53.44897],[-118.39876,53.44884],[-118.39857,53.44877],[-118.39841,53.44877],[-118.39817,53.44886],[-118.39793,53.449],[-118.39756,53.44912],[-118.39723,53.4492],[-118.39696,53.44924],[-118.39599,53.44926],[-118.39492,53.4492],[-118.39292,53.44905],[-118.39228,53.44891],[-118.39175,53.44886],[-118.39138,53.44889],[-118.39112,53.44897],[-118.39053,53.44937],[-118.3902,53.44956],[-118.3895,53.44977],[-118.38907,53.45003],[-118.38887,53.45038],[-118.38879,53.45074],[-118.38878,53.4511],[-118.38871,53.45131],[-118.38854,53.45146],[-118.38816,53.45165],[-118.38729,53.45192],[-118.38658,53.45209],[-118.38635,53.45212],[-118.38531,53.45235],[-118.38409,53.45278],[-118.38373,53.45286],[-118.38339,53.4529],[-118.38303,53.45278],[-118.38242,53.45252],[-118.38063,53.45196],[-118.37984,53.4518],[-118.37887,53.45172],[-118.37809,53.45173],[-118.37752,53.45177],[-118.37684,53.45192],[-118.37602,53.45219],[-118.37542,53.45245],[-118.37502,53.45268],[-118.37457,53.45319],[-118.37431,53.4538],[-118.3743,53.45394],[-118.37427,53.45459],[-118.37415,53.45492],[-118.37377,53.45533],[-118.37338,53.4557],[-118.37317,53.45594],[-118.37292,53.45611],[-118.37251,53.45625],[-118.37188,53.45637],[-118.37103,53.45644],[-118.36993,53.45657],[-118.36914,53.4566],[-118.36853,53.45657],[-118.36806,53.4566],[-118.36616,53.4569],[-118.36504,53.45704],[-118.36412,53.45718],[-118.3635,53.45724],[-118.36313,53.45725],[-118.36264,53.45724],[-118.36247,53.4572],[-118.36239,53.45715],[-118.36213,53.45689],[-118.36191,53.45659],[-118.36168,53.45639],[-118.36122,53.45618],[-118.36049,53.45575],[-118.36012,53.45558],[-118.35906,53.45541],[-118.35837,53.45527],[-118.35761,53.4552],[-118.35687,53.45519],[-118.35637,53.45514],[-118.35589,53.45504],[-118.35533,53.45481],[-118.3547,53.45427],[-118.31104,53.4213],[-118.31059,53.42096],[-118.3105,53.42112],[-118.3103,53.42126],[-118.30996,53.42145],[-118.30966,53.42165],[-118.30934,53.42179],[-118.30889,53.42192],[-118.30841,53.42197],[-118.30752,53.42199],[-118.30652,53.42197],[-118.30598,53.42191],[-118.30549,53.42188],[-118.30469,53.42193],[-118.30424,53.42199],[-118.30381,53.42213],[-118.30336,53.42231],[-118.30289,53.42257],[-118.30267,53.4226],[-118.3024,53.42256],[-118.30196,53.42249],[-118.30103,53.42217],[-118.30072,53.42212],[-118.30027,53.42209],[-118.29983,53.42203],[-118.29943,53.42187],[-118.29899,53.42161],[-118.29814,53.42093],[-118.29763,53.42061],[-118.29753,53.42048],[-118.29694,53.41996],[-118.29664,53.41978],[-118.29638,53.41966],[-118.29597,53.41957],[-118.29562,53.41951],[-118.29528,53.41945],[-118.29514,53.41941],[-118.29514,53.42482],[-118.29514,53.42509],[-118.29514,53.43223],[-118.29514,53.43946],[-118.29514,53.44669],[-118.29514,53.45391],[-118.29514,53.45419],[-118.29514,53.46132],[-118.29514,53.46855],[-118.29514,53.4711],[-118.29514,53.47578],[-118.29514,53.47592],[-118.29514,53.47608],[-118.29514,53.48301],[-118.29514,53.48328],[-118.29514,53.49042],[-118.29514,53.49765],[-118.29514,53.50488],[-118.29514,53.51211],[-118.29514,53.51238],[-118.29514,53.51951],[-118.29514,53.52674],[-118.29514,53.53397],[-118.29514,53.5412],[-118.29514,53.54147],[-118.29468,53.54147],[-118.2827,53.54148],[-118.27057,53.54149],[-118.27011,53.54149],[-118.25813,53.54149],[-118.24599,53.54149],[-118.24554,53.54149],[-118.23355,53.5415],[-118.22142,53.5415],[-118.22096,53.5415],[-118.20898,53.5415],[-118.19685,53.5415],[-118.19639,53.5415],[-118.18441,53.54149],[-118.17227,53.54149],[-118.17182,53.54149],[-118.15984,53.54148],[-118.1477,53.54148],[-118.1477,53.54861],[-118.1477,53.55584],[-118.1477,53.56307],[-118.1477,53.5703],[-118.1477,53.57057],[-118.1477,53.57771],[-118.1477,53.58494],[-118.1477,53.59216],[-118.1477,53.59939],[-118.1477,53.59966],[-118.1477,53.6068],[-118.1477,53.61403],[-118.1477,53.62126],[-118.1477,53.62848],[-118.15984,53.62849],[-118.17182,53.6285],[-118.17228,53.6285],[-118.18441,53.62851],[-118.1964,53.62851],[-118.19685,53.62851],[-118.20899,53.62851],[-118.22097,53.62851],[-118.22142,53.62851],[-118.23356,53.62851],[-118.24554,53.62851],[-118.246,53.62851],[-118.25813,53.62851],[-118.27011,53.6285],[-118.27057,53.6285],[-118.28271,53.62849],[-118.29469,53.62849],[-118.29514,53.62849],[-118.29514,53.62876],[-118.29514,53.6359],[-118.29515,53.64312],[-118.30728,53.64313],[-118.31926,53.64313],[-118.31972,53.64313],[-118.33185,53.64314],[-118.34384,53.64314],[-118.34429,53.64314],[-118.35643,53.64314],[-118.36841,53.64314],[-118.36886,53.64314],[-118.381,53.64314],[-118.39298,53.64314],[-118.39344,53.64314],[-118.40557,53.64313],[-118.41755,53.64313],[-118.41801,53.64313],[-118.43014,53.64312],[-118.44212,53.64311],[-118.44258,53.64311],[-118.44258,53.65034],[-118.44258,53.65757],[-118.44258,53.65784],[-118.44258,53.66498],[-118.44258,53.67221],[-118.44258,53.67943],[-118.44259,53.68666],[-118.44259,53.68693],[-118.44259,53.69407],[-118.44259,53.7013],[-118.44259,53.70853],[-118.44259,53.7157],[-118.44627,53.71571],[-118.44627,53.71598],[-118.44627,53.72315],[-118.44627,53.73038],[-118.44627,53.73761],[-118.44627,53.74484],[-118.44627,53.74511],[-118.44627,53.75225],[-118.44627,53.75947],[-118.4585,53.75948],[-118.47058,53.75948],[-118.47104,53.75948],[-118.48328,53.75949],[-118.49536,53.75949],[-118.49582,53.75949],[-118.50805,53.75949],[-118.52014,53.75949],[-118.52059,53.75949],[-118.53283,53.75949],[-118.54491,53.75949],[-118.54537,53.75949],[-118.55761,53.75948],[-118.56969,53.75948],[-118.57015,53.75948],[-118.58238,53.75947],[-118.59447,53.75947],[-118.59492,53.75947],[-118.60716,53.75947],[-118.61924,53.75948],[-118.6197,53.75948],[-118.63193,53.75948],[-118.64402,53.75948],[-118.64447,53.75948],[-118.65671,53.75948],[-118.66879,53.75948],[-118.66925,53.75948],[-118.68148,53.75948],[-118.69357,53.75948],[-118.69402,53.75948],[-118.70626,53.75948],[-118.71834,53.75947],[-118.7188,53.75947],[-118.73103,53.75947],[-118.74312,53.75946],[-118.74357,53.75946],[-118.75581,53.75947],[-118.76789,53.75947],[-118.76835,53.75947],[-118.78059,53.75948],[-118.79267,53.75948],[-118.79313,53.75948],[-118.80536,53.75948],[-118.81744,53.75948],[-118.8179,53.75948],[-118.83013,53.75948],[-118.84221,53.75948],[-118.84267,53.75948],[-118.8549,53.75947],[-118.86698,53.75947],[-118.86744,53.75947],[-118.87967,53.75946],[-118.89175,53.75945],[-118.89221,53.75945],[-118.89221,53.76668],[-118.89221,53.77391],[-118.89221,53.77418],[-118.89221,53.78132],[-118.89221,53.78855],[-118.89221,53.79577],[-118.89222,53.803],[-118.90448,53.80301],[-118.91659,53.80302],[-118.91704,53.80302],[-118.92931,53.80302],[-118.94142,53.80303],[-118.94187,53.80303],[-118.95414,53.80303],[-118.96625,53.80303],[-118.9667,53.80303],[-118.97897,53.80303],[-118.99108,53.80303],[-118.99153,53.80303],[-118.99153,53.8033],[-118.99154,53.81043],[-118.99154,53.81766],[-118.99154,53.82489],[-118.99154,53.83212],[-118.99154,53.83239],[-118.99154,53.83953],[-118.99154,53.84676],[-119.0038,53.84675],[-119.01591,53.84675],[-119.01637,53.84675],[-119.02863,53.84674],[-119.04074,53.84674],[-119.0412,53.84674],[-119.05345,53.84673],[-119.06555,53.84672],[-119.06601,53.84672],[-119.07825,53.84672],[-119.09034,53.84672],[-119.09079,53.84672],[-119.10304,53.84672],[-119.11512,53.84672],[-119.11558,53.84672],[-119.12782,53.84672],[-119.1399,53.84672],[-119.14036,53.84672],[-119.15259,53.84672],[-119.16468,53.84671],[-119.16513,53.84671],[-119.17736,53.84671],[-119.17829,53.84671],[-119.18462,53.84671],[-119.18828,53.84671],[-119.18943,53.84671],[-119.18989,53.84671],[-119.20212,53.84673],[-119.21421,53.84674]]]},"properties":{"OBJECTID":439,"PASITES_ID":1104,"NAME":"Willmore","TYPE":"WP","SUBTYPE":" ","STATUS":"OC","SOURCE":41,"IUCN":"IB","OC_NO":"OC 1234/65","ACRES":1137616.51529775,"HECTARES":460377.07011610002,"OC_DATE":-141069600000,"DATE_EST":-338839200000,"OC_NAME":"Willmore Wilderness Park","NOTES":""}},{"type":"Feature","id":98,"geometry":{"type":"Polygon","coordinates":[[[-119.00971,54.0613],[-119.00948,54.06163],[-119.0087,54.06252],[-119.00848,54.06268],[-119.00778,54.06326],[-119.00699,54.06384],[-119.00674,54.06393],[-119.00654,54.06408],[-119.00666,54.0642],[-119.00706,54.06442],[-119.00719,54.06467],[-119.0077,54.0648],[-119.00782,54.06482],[-119.00783,54.06482],[-119.00783,54.06482],[-119.00831,54.06482],[-119.01132,54.06226],[-119.01145,54.06214],[-119.01158,54.06203],[-119.01171,54.06192],[-119.01222,54.06148],[-119.01217,54.06135],[-119.01242,54.06132],[-119.01256,54.0612],[-119.01275,54.06127],[-119.01292,54.06125],[-119.01292,54.06125],[-119.01294,54.06124],[-119.01294,54.06124],[-119.01296,54.06122],[-119.01299,54.06121],[-119.01301,54.0612],[-119.01303,54.06119],[-119.01305,54.06118],[-119.01307,54.06116],[-119.01309,54.06115],[-119.01311,54.06114],[-119.01314,54.06113],[-119.01316,54.06112],[-119.01318,54.06111],[-119.0132,54.0611],[-119.01322,54.06108],[-119.01325,54.06107],[-119.01327,54.06106],[-119.01329,54.06105],[-119.01331,54.06104],[-119.01334,54.06103],[-119.01336,54.06102],[-119.01338,54.06101],[-119.0134,54.061],[-119.01343,54.06099],[-119.01345,54.06098],[-119.01347,54.06096],[-119.01349,54.06095],[-119.01352,54.06094],[-119.01354,54.06093],[-119.01356,54.06092],[-119.01359,54.06091],[-119.01361,54.0609],[-119.01363,54.06089],[-119.01366,54.06088],[-119.01368,54.06087],[-119.0137,54.06086],[-119.01373,54.06085],[-119.01375,54.06084],[-119.01378,54.06083],[-119.0138,54.06082],[-119.01382,54.06081],[-119.01385,54.0608],[-119.01387,54.06079],[-119.0139,54.06078],[-119.01392,54.06077],[-119.01395,54.06076],[-119.01397,54.06075],[-119.01399,54.06075],[-119.01402,54.06074],[-119.01404,54.06073],[-119.01407,54.06072],[-119.01409,54.06071],[-119.01412,54.0607],[-119.01414,54.06069],[-119.01417,54.06068],[-119.01419,54.06067],[-119.01422,54.06066],[-119.01424,54.06065],[-119.01427,54.06065],[-119.01429,54.06064],[-119.01432,54.06063],[-119.01434,54.06062],[-119.01437,54.06061],[-119.01439,54.0606],[-119.01442,54.0606],[-119.01445,54.06059],[-119.01447,54.06058],[-119.0145,54.06057],[-119.01452,54.06056],[-119.01455,54.06055],[-119.01457,54.06055],[-119.0146,54.06054],[-119.01463,54.06053],[-119.01465,54.06052],[-119.01468,54.06052],[-119.0147,54.06051],[-119.01473,54.0605],[-119.01476,54.06049],[-119.01478,54.06049],[-119.01481,54.06048],[-119.01484,54.06047],[-119.01486,54.06046],[-119.01489,54.06046],[-119.01492,54.06045],[-119.01494,54.06044],[-119.01497,54.06044],[-119.015,54.06043],[-119.01502,54.06042],[-119.01505,54.06041],[-119.01508,54.06041],[-119.0151,54.0604],[-119.01513,54.0604],[-119.01516,54.06039],[-119.01518,54.06038],[-119.01521,54.06038],[-119.01524,54.06037],[-119.01527,54.06036],[-119.01529,54.06036],[-119.01532,54.06035],[-119.01535,54.06034],[-119.01537,54.06034],[-119.0154,54.06033],[-119.01543,54.06033],[-119.01546,54.06032],[-119.01548,54.06032],[-119.01551,54.06031],[-119.01554,54.0603],[-119.01557,54.0603],[-119.0156,54.06029],[-119.01562,54.06029],[-119.01565,54.06028],[-119.01568,54.06028],[-119.01571,54.06027],[-119.01573,54.06027],[-119.01576,54.06026],[-119.01579,54.06026],[-119.01582,54.06025],[-119.01585,54.06025],[-119.01587,54.06024],[-119.0159,54.06024],[-119.01593,54.06023],[-119.01593,54.06023],[-119.01593,54.06013],[-119.01593,54.05976],[-119.0144,54.05958],[-119.0137,54.05954],[-119.01298,54.05954],[-119.01254,54.05958],[-119.01186,54.05978],[-119.01139,54.05995],[-119.01097,54.06016],[-119.01061,54.06039],[-119.00998,54.06093],[-119.00988,54.06114],[-119.00971,54.0613]]]},"properties":{"OBJECTID":98,"PASITES_ID":10104,"NAME":"Sheep Creek","TYPE":"PRA","SUBTYPE":"","STATUS":"OC","SOURCE":41,"IUCN":"NR","OC_NO":"OC 7/98","ACRES":26.832225279999999,"HECTARES":10.858616319999999,"OC_DATE":884242800000,"DATE_EST":833349600000,"OC_NAME":"Sheep Creek Provincial Recreation Area","NOTES":"Former Alberta Forest Recreation Area.  Transferred to Alberta Parks in 1996."}},{"type":"Feature","id":482,"geometry":{"type":"Polygon","coordinates":[[[-119.14649,53.89768],[-119.15149,53.89767],[-119.15175,53.89692],[-119.15193,53.89662],[-119.15215,53.89639],[-119.15243,53.89617],[-119.15258,53.89608],[-119.15261,53.89607],[-119.15296,53.89594],[-119.15308,53.89583],[-119.15331,53.89522],[-119.15344,53.89511],[-119.15386,53.895],[-119.15401,53.89491],[-119.1543,53.89471],[-119.15451,53.89465],[-119.155,53.89458],[-119.15521,53.89453],[-119.15525,53.89448],[-119.15524,53.89428],[-119.15512,53.89398],[-119.15509,53.89354],[-119.15512,53.89306],[-119.15519,53.89291],[-119.15555,53.89255],[-119.15575,53.89228],[-119.15589,53.89217],[-119.15621,53.89199],[-119.15679,53.8918],[-119.15795,53.89162],[-119.15889,53.89162],[-119.15972,53.89156],[-119.16002,53.89157],[-119.1605,53.8915],[-119.16101,53.89157],[-119.16129,53.89157],[-119.1615,53.89152],[-119.16184,53.89135],[-119.16205,53.89129],[-119.16232,53.89128],[-119.1629,53.89131],[-119.16315,53.89128],[-119.16323,53.89129],[-119.16352,53.89133],[-119.16352,53.89128],[-119.16352,53.89125],[-119.16347,53.89044],[-119.1625,53.89026],[-119.16252,53.89026],[-119.16253,53.89026],[-119.16255,53.89026],[-119.16256,53.89026],[-119.16258,53.89026],[-119.16259,53.89026],[-119.16261,53.89026],[-119.16262,53.89025],[-119.16264,53.89025],[-119.16265,53.89025],[-119.16267,53.89025],[-119.16268,53.89025],[-119.1627,53.89024],[-119.16271,53.89024],[-119.16272,53.89024],[-119.16274,53.89024],[-119.16275,53.89023],[-119.16277,53.89023],[-119.16278,53.89023],[-119.16279,53.89022],[-119.16281,53.89022],[-119.16282,53.89021],[-119.16283,53.89021],[-119.16285,53.89021],[-119.16286,53.8902],[-119.16287,53.8902],[-119.16289,53.89019],[-119.1629,53.89019],[-119.16291,53.89018],[-119.16292,53.89018],[-119.16294,53.89017],[-119.16295,53.89017],[-119.16296,53.89016],[-119.16297,53.89016],[-119.16298,53.89015],[-119.16299,53.89014],[-119.163,53.89014],[-119.16302,53.89013],[-119.16303,53.89013],[-119.16304,53.89012],[-119.16305,53.89011],[-119.16306,53.89011],[-119.16307,53.8901],[-119.16308,53.89009],[-119.16308,53.89009],[-119.16309,53.89008],[-119.1631,53.89007],[-119.16311,53.89006],[-119.16312,53.89006],[-119.16313,53.89005],[-119.16313,53.89004],[-119.16314,53.89003],[-119.16315,53.89003],[-119.16316,53.89002],[-119.16316,53.89001],[-119.16317,53.89],[-119.16318,53.88999],[-119.16318,53.88999],[-119.16319,53.88998],[-119.16319,53.88997],[-119.1632,53.88996],[-119.1632,53.88995],[-119.16321,53.88994],[-119.16321,53.88994],[-119.16321,53.88993],[-119.16322,53.88992],[-119.16322,53.88991],[-119.16322,53.8899],[-119.16323,53.88989],[-119.16323,53.88988],[-119.16323,53.88987],[-119.16323,53.88987],[-119.16324,53.88986],[-119.16324,53.88985],[-119.16324,53.88984],[-119.16324,53.88983],[-119.16324,53.88982],[-119.16324,53.88981],[-119.16324,53.8898],[-119.16324,53.88979],[-119.16324,53.88979],[-119.16324,53.88978],[-119.16324,53.88977],[-119.16323,53.88976],[-119.16323,53.88975],[-119.16316,53.88946],[-119.16303,53.88923],[-119.16303,53.88922],[-119.16302,53.88921],[-119.16302,53.8892],[-119.16301,53.8892],[-119.16301,53.88919],[-119.16301,53.88918],[-119.16301,53.88917],[-119.163,53.88916],[-119.163,53.88915],[-119.163,53.88915],[-119.163,53.88914],[-119.163,53.88913],[-119.163,53.88912],[-119.163,53.88911],[-119.163,53.8891],[-119.163,53.8891],[-119.163,53.88909],[-119.163,53.88908],[-119.163,53.88907],[-119.163,53.88906],[-119.163,53.88905],[-119.163,53.88905],[-119.163,53.88904],[-119.16301,53.88903],[-119.16301,53.88902],[-119.16301,53.88901],[-119.16301,53.889],[-119.16302,53.889],[-119.16302,53.88899],[-119.16303,53.88898],[-119.16303,53.88897],[-119.16303,53.88896],[-119.16304,53.88896],[-119.16304,53.88895],[-119.16305,53.88894],[-119.16306,53.88893],[-119.16306,53.88893],[-119.16307,53.88892],[-119.16307,53.88891],[-119.16308,53.8889],[-119.16309,53.8889],[-119.1631,53.88889],[-119.1631,53.88888],[-119.16311,53.88887],[-119.16312,53.88887],[-119.16313,53.88886],[-119.16314,53.88885],[-119.16314,53.88885],[-119.16315,53.88884],[-119.16316,53.88883],[-119.16317,53.88883],[-119.16318,53.88882],[-119.16319,53.88882],[-119.1632,53.88881],[-119.16321,53.8888],[-119.16322,53.8888],[-119.16323,53.88879],[-119.16324,53.88879],[-119.16326,53.88878],[-119.16327,53.88878],[-119.16328,53.88877],[-119.16329,53.88877],[-119.16347,53.88869],[-119.16328,53.88782],[-119.16255,53.8872],[-119.15829,53.88615],[-119.15305,53.88704],[-119.15149,53.89027],[-119.15068,53.89045],[-119.14649,53.89139],[-119.14649,53.89768]]]},"properties":{"OBJECTID":482,"PASITES_ID":10267,"NAME":"Smoky River South","TYPE":"PRA","SUBTYPE":" ","STATUS":"OC","SOURCE":41,"IUCN":"NR","OC_NO":"OC 7/98","ACRES":188.14834327,"HECTARES":76.140933129999993,"OC_DATE":884242800000,"DATE_EST":884242800000,"OC_NAME":"Smoky River South Provincial Recreation Area","NOTES":"Former Alberta Forest Recreation Area. Transferred to Alberta Parks in 1996 as Blue Bridge Provincial Recreation Area. Name changed to Smoky River South in 1998."}},{"type":"Feature","id":440,"geometry":{"type":"Polygon","coordinates":[[[-119.93859,54.17329],[-119.93926,54.17331],[-119.93987,54.17335],[-119.94081,54.17336],[-119.94137,54.17342],[-119.94185,54.17359],[-119.94302,54.17403],[-119.94347,54.17409],[-119.94555,54.17431],[-119.94587,54.17434],[-119.94619,54.17441],[-119.94644,54.17444],[-119.94778,54.17453],[-119.94862,54.17467],[-119.94915,54.17486],[-119.95013,54.17533],[-119.95068,54.17554],[-119.95132,54.17572],[-119.95185,54.17582],[-119.95256,54.17583],[-119.95317,54.17573],[-119.95354,54.17556],[-119.95385,54.1753],[-119.954,54.17504],[-119.95415,54.17476],[-119.95449,54.17448],[-119.95478,54.17431],[-119.95528,54.17419],[-119.95592,54.17414],[-119.95744,54.17394],[-119.95836,54.17378],[-119.95933,54.17366],[-119.95992,54.17347],[-119.96037,54.17315],[-119.96085,54.17277],[-119.962,54.17242],[-119.9632,54.17227],[-119.96378,54.1721],[-119.96423,54.17195],[-119.96467,54.17174],[-119.96498,54.17159],[-119.96541,54.17136],[-119.96577,54.1711],[-119.9662,54.17083],[-119.96728,54.1703],[-119.96888,54.16951],[-119.96976,54.16904],[-119.97,54.16896],[-119.97015,54.16887],[-119.97044,54.16872],[-119.97091,54.16857],[-119.97126,54.16847],[-119.9717,54.16839],[-119.97202,54.16833],[-119.97237,54.16829],[-119.97269,54.16824],[-119.9731,54.16816],[-119.97358,54.16808],[-119.97391,54.16806],[-119.9742,54.16804],[-119.97444,54.168],[-119.97469,54.16792],[-119.97507,54.16779],[-119.97533,54.1677],[-119.97552,54.16767],[-119.97566,54.16766],[-119.97582,54.16763],[-119.97595,54.16759],[-119.97606,54.16747],[-119.97615,54.16733],[-119.9763,54.16717],[-119.97665,54.1668],[-119.97678,54.16666],[-119.97706,54.16632],[-119.97721,54.16613],[-119.97749,54.16593],[-119.97809,54.1655],[-119.97839,54.16527],[-119.97847,54.16525],[-119.97855,54.16522],[-119.97864,54.16522],[-119.97874,54.16523],[-119.97919,54.16535],[-119.9796,54.16542],[-119.98024,54.16549],[-119.98052,54.16553],[-119.98077,54.16556],[-119.9811,54.16563],[-119.98121,54.16568],[-119.9813,54.16572],[-119.98209,54.16584],[-119.98232,54.16592],[-119.98254,54.16602],[-119.98283,54.16616],[-119.98316,54.16628],[-119.98372,54.16648],[-119.9844,54.1668],[-119.98492,54.16707],[-119.98538,54.16723],[-119.98561,54.16734],[-119.98587,54.1674],[-119.98633,54.16748],[-119.98661,54.16753],[-119.98682,54.16759],[-119.98698,54.16768],[-119.98712,54.16776],[-119.98743,54.16802],[-119.98774,54.16837],[-119.98811,54.16878],[-119.98863,54.16926],[-119.98899,54.16969],[-119.98913,54.16978],[-119.98934,54.16983],[-119.98964,54.16985],[-119.99071,54.16988],[-119.99137,54.16988],[-119.99246,54.16985],[-119.99351,54.16977],[-119.99442,54.16978],[-119.99522,54.16971],[-119.99585,54.16962],[-119.99604,54.16963],[-119.99618,54.16964],[-119.9963,54.16966],[-119.99652,54.16972],[-119.9968,54.16972],[-119.99724,54.16974],[-119.99733,54.16974],[-119.99757,54.16974],[-119.99782,54.16977],[-119.9981,54.16981],[-119.99864,54.16987],[-119.99903,54.16993],[-119.99934,54.17001],[-120.0011,54.17037],[-120.00132,54.1704],[-120.00132,54.16671],[-120.00132,54.15948],[-120.00132,54.15752],[-120.00132,54.15207],[-120.00132,54.14485],[-120.00132,54.13762],[-120.00132,54.1304],[-120.00133,54.12388],[-120.00133,54.12299],[-120.00133,54.11577],[-120.00133,54.10854],[-120.00133,54.10132],[-120.00133,54.09391],[-120.00133,54.08668],[-120.00134,54.07946],[-120.00134,54.07713],[-120.00134,54.07223],[-120.00134,54.06503],[-120.00134,54.06476],[-120.00133,54.05756],[-120.00133,54.05033],[-120.00133,54.0431],[-120.00133,54.0357],[-120.00133,54.02847],[-120.00133,54.02241],[-120.00133,54.02124],[-120.00133,54.01402],[-120.00133,54.01279],[-120.00134,54.00661],[-120.00134,53.99938],[-120.00134,53.99215],[-120.00133,53.98492],[-120.00133,53.97752],[-120.00133,53.97029],[-120.00133,53.96306],[-120.00133,53.95583],[-120.00132,53.94842],[-120.00132,53.9412],[-120.00132,53.93397],[-120.00132,53.92674],[-120.00132,53.92088],[-120.00132,53.92084],[-120.00123,53.92085],[-120.00109,53.92089],[-120.00088,53.92099],[-120.00055,53.9211],[-120.00023,53.92117],[-119.99964,53.92128],[-119.99938,53.9214],[-119.99896,53.92166],[-119.99843,53.92204],[-119.99756,53.92255],[-119.99721,53.92279],[-119.99683,53.92304],[-119.99649,53.92325],[-119.99631,53.92339],[-119.99627,53.92343],[-119.99625,53.92346],[-119.99624,53.92349],[-119.99626,53.92413],[-119.99618,53.92449],[-119.99609,53.92486],[-119.996,53.92514],[-119.99579,53.92553],[-119.99559,53.9259],[-119.9955,53.92629],[-119.99539,53.9267],[-119.99536,53.92705],[-119.99556,53.92818],[-119.99589,53.92885],[-119.99616,53.92936],[-119.99655,53.92988],[-119.99659,53.92994],[-119.99705,53.93048],[-119.99759,53.93102],[-119.99793,53.93135],[-119.99798,53.93154],[-119.9979,53.93178],[-119.99773,53.93214],[-119.99747,53.93262],[-119.99707,53.93319],[-119.9969,53.93358],[-119.99676,53.93396],[-119.99652,53.93475],[-119.99641,53.93519],[-119.99617,53.9355],[-119.99605,53.93567],[-119.99607,53.93584],[-119.99612,53.93602],[-119.99629,53.9364],[-119.99634,53.9366],[-119.99633,53.93665],[-119.99627,53.93672],[-119.99618,53.93679],[-119.99607,53.93684],[-119.99591,53.93689],[-119.99577,53.93693],[-119.99525,53.93696],[-119.99456,53.93697],[-119.99422,53.93695],[-119.99391,53.93691],[-119.99368,53.93687],[-119.99268,53.93655],[-119.9915,53.93612],[-119.99113,53.93592],[-119.99083,53.93577],[-119.99049,53.93559],[-119.98976,53.93532],[-119.98941,53.93518],[-119.9891,53.93507],[-119.98874,53.93492],[-119.9883,53.93478],[-119.98761,53.93469],[-119.98729,53.93465],[-119.98692,53.93464],[-119.98621,53.93451],[-119.98562,53.93441],[-119.98489,53.93441],[-119.98397,53.93455],[-119.98348,53.93475],[-119.98313,53.93504],[-119.98271,53.93556],[-119.98244,53.9361],[-119.98186,53.93654],[-119.98138,53.93679],[-119.98081,53.93697],[-119.97868,53.9372],[-119.97731,53.93723],[-119.97593,53.93712],[-119.97136,53.93632],[-119.97067,53.93631],[-119.96976,53.93613],[-119.96962,53.93612],[-119.96954,53.93612],[-119.96947,53.93613],[-119.96942,53.93614],[-119.96938,53.93616],[-119.96934,53.93618],[-119.96932,53.93622],[-119.96929,53.93629],[-119.96926,53.93638],[-119.96925,53.93642],[-119.96925,53.93647],[-119.96927,53.9366],[-119.96933,53.93675],[-119.96951,53.93698],[-119.9697,53.93714],[-119.97122,53.93818],[-119.97196,53.93871],[-119.97276,53.9391],[-119.97311,53.93932],[-119.97326,53.93944],[-119.97331,53.93954],[-119.97346,53.94014],[-119.97348,53.94024],[-119.97352,53.94032],[-119.97358,53.94041],[-119.97364,53.94047],[-119.97398,53.94087],[-119.97407,53.94095],[-119.9745,53.94141],[-119.97465,53.94159],[-119.97475,53.94181],[-119.9748,53.94204],[-119.97478,53.94242],[-119.9747,53.94275],[-119.97458,53.94299],[-119.9743,53.94325],[-119.97399,53.94349],[-119.97269,53.94412],[-119.97203,53.94446],[-119.97191,53.94455],[-119.97186,53.94463],[-119.97183,53.94471],[-119.97187,53.94485],[-119.97199,53.94513],[-119.97222,53.94553],[-119.97224,53.94556],[-119.97226,53.94559],[-119.97231,53.94561],[-119.97236,53.94563],[-119.973,53.94585],[-119.97358,53.94601],[-119.97502,53.94625],[-119.97572,53.9463],[-119.97583,53.94633],[-119.9759,53.94637],[-119.97597,53.94644],[-119.976,53.94651],[-119.976,53.9466],[-119.97598,53.9467],[-119.9759,53.94683],[-119.97567,53.94695],[-119.97537,53.94707],[-119.97463,53.94721],[-119.97418,53.94731],[-119.97383,53.94744],[-119.9737,53.94757],[-119.9735,53.94799],[-119.97335,53.94835],[-119.97336,53.94872],[-119.97331,53.94883],[-119.97326,53.94888],[-119.97319,53.94891],[-119.97305,53.94893],[-119.97274,53.94891],[-119.97188,53.94878],[-119.97126,53.94861],[-119.9695,53.94821],[-119.9687,53.94795],[-119.96779,53.94768],[-119.96723,53.94753],[-119.96684,53.94744],[-119.96652,53.94739],[-119.96613,53.94736],[-119.96583,53.94735],[-119.96547,53.94735],[-119.96438,53.94774],[-119.96244,53.9487],[-119.96116,53.94908],[-119.96016,53.94921],[-119.95939,53.94921],[-119.95878,53.94916],[-119.95725,53.9486],[-119.95665,53.94836],[-119.95546,53.9478],[-119.95474,53.94747],[-119.95401,53.94708],[-119.95325,53.9467],[-119.95255,53.9463],[-119.95228,53.94613],[-119.95204,53.94604],[-119.9518,53.94599],[-119.95125,53.94601],[-119.95057,53.94615],[-119.9491,53.94674],[-119.94827,53.94736],[-119.94778,53.94755],[-119.94723,53.9477],[-119.94639,53.94784],[-119.94578,53.94806],[-119.94539,53.94827],[-119.94345,53.94972],[-119.94319,53.94988],[-119.94279,53.95009],[-119.94215,53.95019],[-119.94146,53.95024],[-119.94029,53.9501],[-119.93952,53.95005],[-119.93889,53.95008],[-119.93806,53.95023],[-119.93757,53.9503],[-119.93715,53.95033],[-119.93674,53.9503],[-119.93632,53.95018],[-119.93532,53.94985],[-119.93443,53.94941],[-119.93363,53.94884],[-119.93242,53.94756],[-119.9324,53.9474],[-119.93255,53.94726],[-119.93408,53.94661],[-119.93488,53.94616],[-119.93491,53.94612],[-119.93494,53.94607],[-119.93493,53.94604],[-119.93492,53.946],[-119.9349,53.94597],[-119.93487,53.94595],[-119.93478,53.94591],[-119.93325,53.94533],[-119.9322,53.94491],[-119.93125,53.9445],[-119.93061,53.94412],[-119.93045,53.94401],[-119.93029,53.94385],[-119.92991,53.94335],[-119.92945,53.94299],[-119.92908,53.94285],[-119.92883,53.94277],[-119.92846,53.94262],[-119.92823,53.94254],[-119.92801,53.94241],[-119.92752,53.94221],[-119.92658,53.94196],[-119.92593,53.94174],[-119.92549,53.94159],[-119.92509,53.94147],[-119.92453,53.94133],[-119.92397,53.94117],[-119.9233,53.94101],[-119.92273,53.94083],[-119.92209,53.94063],[-119.92175,53.94058],[-119.92083,53.9404],[-119.92035,53.9403],[-119.91995,53.94021],[-119.91955,53.94017],[-119.91933,53.94014],[-119.91881,53.94004],[-119.91872,53.94002],[-119.91866,53.93998],[-119.91847,53.93985],[-119.9183,53.93969],[-119.91813,53.93954],[-119.91798,53.93944],[-119.91769,53.93929],[-119.91751,53.93917],[-119.91744,53.93904],[-119.91721,53.93878],[-119.91697,53.93855],[-119.91653,53.93822],[-119.9161,53.93794],[-119.91563,53.93762],[-119.915,53.93732],[-119.91467,53.93714],[-119.91437,53.93701],[-119.91413,53.93682],[-119.91402,53.9367],[-119.91379,53.9365],[-119.91361,53.93633],[-119.91343,53.9362],[-119.91319,53.936],[-119.91283,53.93577],[-119.91277,53.93573],[-119.91246,53.93558],[-119.91219,53.93545],[-119.91183,53.93535],[-119.91125,53.93523],[-119.91091,53.93516],[-119.91081,53.93515],[-119.9107,53.93514],[-119.91058,53.93513],[-119.91046,53.93513],[-119.90999,53.93516],[-119.90968,53.93518],[-119.90918,53.9352],[-119.90903,53.93518],[-119.90886,53.93516],[-119.90854,53.93511],[-119.90829,53.93504],[-119.90797,53.93486],[-119.90778,53.93471],[-119.90743,53.93439],[-119.90715,53.93415],[-119.90692,53.93399],[-119.90674,53.9339],[-119.90662,53.93384],[-119.90635,53.93373],[-119.9061,53.93359],[-119.90587,53.93348],[-119.9057,53.93337],[-119.90559,53.93325],[-119.90545,53.93299],[-119.90537,53.93284],[-119.9053,53.93268],[-119.90524,53.93255],[-119.90506,53.93223],[-119.90492,53.93201],[-119.90474,53.9318],[-119.90418,53.9314],[-119.90369,53.93108],[-119.90339,53.93091],[-119.9031,53.93081],[-119.90254,53.93064],[-119.90215,53.93056],[-119.90142,53.93049],[-119.90101,53.93049],[-119.90074,53.9305],[-119.90045,53.9305],[-119.90022,53.93051],[-119.89996,53.9305],[-119.89986,53.93048],[-119.89967,53.93045],[-119.89933,53.93032],[-119.89921,53.93025],[-119.89912,53.93018],[-119.89907,53.93013],[-119.89902,53.93006],[-119.89896,53.92997],[-119.89879,53.92971],[-119.89861,53.92945],[-119.89839,53.92922],[-119.89808,53.92896],[-119.89745,53.92852],[-119.89663,53.92777],[-119.89632,53.92753],[-119.896,53.92734],[-119.89567,53.92715],[-119.89539,53.92698],[-119.89506,53.92682],[-119.89487,53.92672],[-119.89476,53.92669],[-119.89469,53.92669],[-119.89426,53.92681],[-119.89371,53.92692],[-119.89315,53.927],[-119.89242,53.92714],[-119.89176,53.92736],[-119.89125,53.92741],[-119.89123,53.92741],[-119.89083,53.92742],[-119.89066,53.92743],[-119.89055,53.92745],[-119.89019,53.92752],[-119.88989,53.92759],[-119.88958,53.92764],[-119.88931,53.92768],[-119.88898,53.9277],[-119.88853,53.92773],[-119.88815,53.92775],[-119.88786,53.92771],[-119.88736,53.92763],[-119.88714,53.92764],[-119.88674,53.92771],[-119.88651,53.92776],[-119.88634,53.92775],[-119.88624,53.92771],[-119.88592,53.92748],[-119.8856,53.92716],[-119.8855,53.92704],[-119.8854,53.92691],[-119.88512,53.9264],[-119.88499,53.92599],[-119.88478,53.92507],[-119.88456,53.92455],[-119.88426,53.92432],[-119.88364,53.92406],[-119.88306,53.92375],[-119.88268,53.92349],[-119.88198,53.92326],[-119.88086,53.92272],[-119.88043,53.9226],[-119.88006,53.9225],[-119.87974,53.92245],[-119.8787,53.92239],[-119.87848,53.92236],[-119.87823,53.92237],[-119.8781,53.9224],[-119.87801,53.92245],[-119.8777,53.92274],[-119.87726,53.92311],[-119.87689,53.92333],[-119.87669,53.92343],[-119.87637,53.92356],[-119.87622,53.92358],[-119.87594,53.92365],[-119.87577,53.9237],[-119.87566,53.92376],[-119.8755,53.92383],[-119.87512,53.9241],[-119.87482,53.92427],[-119.87453,53.92441],[-119.87434,53.92458],[-119.87411,53.92493],[-119.87387,53.92515],[-119.87346,53.92535],[-119.87271,53.92558],[-119.87248,53.92563],[-119.87228,53.92569],[-119.87188,53.92579],[-119.87134,53.9259],[-119.87111,53.92593],[-119.87085,53.92592],[-119.87033,53.92587],[-119.87005,53.92585],[-119.86894,53.92571],[-119.86826,53.9256],[-119.86757,53.92547],[-119.86678,53.92527],[-119.86607,53.92501],[-119.86557,53.92477],[-119.86463,53.92426],[-119.86425,53.92411],[-119.86378,53.92399],[-119.86258,53.92364],[-119.86051,53.92296],[-119.86013,53.92284],[-119.85956,53.92273],[-119.85809,53.92262],[-119.85664,53.92256],[-119.85653,53.92255],[-119.85647,53.92253],[-119.85642,53.9225],[-119.8564,53.92245],[-119.85639,53.92225],[-119.85642,53.92179],[-119.85639,53.92163],[-119.85628,53.9214],[-119.8562,53.92098],[-119.8561,53.92058],[-119.85597,53.92031],[-119.85513,53.9187],[-119.85509,53.91838],[-119.85506,53.91806],[-119.85509,53.91766],[-119.85514,53.91717],[-119.85546,53.9165],[-119.85553,53.91613],[-119.85545,53.91555],[-119.85541,53.91538],[-119.85537,53.91523],[-119.85535,53.9151],[-119.85534,53.91501],[-119.85534,53.91491],[-119.85537,53.91469],[-119.85551,53.9142],[-119.85567,53.91343],[-119.85576,53.91324],[-119.85589,53.91301],[-119.85593,53.91282],[-119.85593,53.91264],[-119.85595,53.91247],[-119.85599,53.91232],[-119.856,53.91229],[-119.85613,53.91197],[-119.85616,53.91185],[-119.8563,53.91164],[-119.85655,53.9114],[-119.85671,53.91118],[-119.85701,53.91085],[-119.85725,53.91055],[-119.85745,53.9102],[-119.85745,53.91009],[-119.85738,53.90994],[-119.85717,53.90971],[-119.85696,53.90938],[-119.85683,53.90913],[-119.85666,53.90886],[-119.85658,53.90858],[-119.85647,53.90832],[-119.85629,53.90805],[-119.85619,53.90782],[-119.85622,53.90755],[-119.85634,53.90732],[-119.85635,53.90726],[-119.85634,53.90724],[-119.85634,53.90723],[-119.85633,53.90722],[-119.85632,53.90722],[-119.8563,53.90722],[-119.85628,53.90722],[-119.85626,53.90723],[-119.85613,53.90725],[-119.85577,53.90731],[-119.85488,53.90738],[-119.85381,53.9074],[-119.85335,53.90742],[-119.85289,53.90737],[-119.85257,53.9073],[-119.85198,53.90709],[-119.85159,53.90696],[-119.85109,53.90679],[-119.85057,53.90664],[-119.84985,53.90635],[-119.84906,53.90599],[-119.84872,53.90585],[-119.84859,53.90582],[-119.84841,53.9058],[-119.8481,53.90581],[-119.84675,53.90599],[-119.84648,53.90599],[-119.84554,53.90605],[-119.84523,53.90606],[-119.84481,53.90604],[-119.84471,53.90605],[-119.8446,53.90606],[-119.84454,53.90607],[-119.84424,53.90615],[-119.84378,53.90636],[-119.84305,53.90667],[-119.84257,53.90686],[-119.84216,53.90701],[-119.84175,53.90713],[-119.84148,53.90721],[-119.84114,53.90732],[-119.84075,53.90742],[-119.84046,53.90746],[-119.84006,53.90748],[-119.83981,53.90751],[-119.83968,53.90754],[-119.83955,53.90757],[-119.83911,53.90783],[-119.83874,53.90799],[-119.83842,53.90811],[-119.83794,53.90826],[-119.83664,53.90855],[-119.83586,53.90867],[-119.83527,53.90876],[-119.83485,53.90885],[-119.83447,53.909],[-119.83388,53.90921],[-119.83337,53.90939],[-119.833,53.90957],[-119.83256,53.90972],[-119.83212,53.90988],[-119.83161,53.9102],[-119.83135,53.91043],[-119.83131,53.91046],[-119.83123,53.91049],[-119.83117,53.9105],[-119.83111,53.91051],[-119.83106,53.9105],[-119.83101,53.91049],[-119.83098,53.91046],[-119.83095,53.91042],[-119.83092,53.91032],[-119.8309,53.91025],[-119.83096,53.90995],[-119.83102,53.90954],[-119.83107,53.90937],[-119.83114,53.90881],[-119.83115,53.90856],[-119.83118,53.90834],[-119.83116,53.90814],[-119.83117,53.90792],[-119.83118,53.90756],[-119.83118,53.90718],[-119.8312,53.90699],[-119.83121,53.90679],[-119.83121,53.90646],[-119.83119,53.90605],[-119.83113,53.90582],[-119.83101,53.9052],[-119.83082,53.90504],[-119.83051,53.90488],[-119.82998,53.90476],[-119.82947,53.90468],[-119.8279,53.90428],[-119.82703,53.90393],[-119.82665,53.90369],[-119.82604,53.90316],[-119.82553,53.90283],[-119.82512,53.90242],[-119.82428,53.90174],[-119.82275,53.90087],[-119.82228,53.90047],[-119.82199,53.90007],[-119.82177,53.89947],[-119.82154,53.89899],[-119.82139,53.89851],[-119.82128,53.89836],[-119.82117,53.89827],[-119.82099,53.8982],[-119.82075,53.89818],[-119.82049,53.89818],[-119.82035,53.89825],[-119.8201,53.89846],[-119.81973,53.89864],[-119.81962,53.89868],[-119.81906,53.89885],[-119.8187,53.89892],[-119.81844,53.89895],[-119.81819,53.89897],[-119.81772,53.89898],[-119.81761,53.89898],[-119.81751,53.899],[-119.81709,53.89909],[-119.81601,53.89926],[-119.81539,53.89939],[-119.81488,53.89948],[-119.81452,53.89952],[-119.81389,53.89947],[-119.81275,53.89932],[-119.81235,53.89919],[-119.81192,53.89908],[-119.81149,53.89904],[-119.811,53.89904],[-119.8104,53.89905],[-119.81005,53.89901],[-119.80979,53.89889],[-119.8096,53.89873],[-119.80941,53.89856],[-119.80924,53.8984],[-119.80904,53.89821],[-119.80883,53.89799],[-119.80862,53.89776],[-119.80809,53.89712],[-119.80781,53.8967],[-119.80755,53.89619],[-119.80711,53.89574],[-119.80689,53.89548],[-119.8068,53.89535],[-119.80665,53.89513],[-119.80625,53.89472],[-119.80607,53.89452],[-119.80596,53.89437],[-119.80592,53.89422],[-119.80586,53.89409],[-119.80566,53.89391],[-119.80547,53.8938],[-119.80519,53.89365],[-119.80457,53.89339],[-119.8044,53.89332],[-119.80422,53.89324],[-119.80408,53.89312],[-119.80399,53.89294],[-119.80396,53.8929],[-119.8039,53.89288],[-119.80375,53.89287],[-119.80352,53.89286],[-119.80267,53.89293],[-119.80097,53.89299],[-119.80063,53.89305],[-119.80037,53.8931],[-119.80011,53.89311],[-119.7995,53.89311],[-119.79914,53.89306],[-119.79885,53.89299],[-119.79853,53.89287],[-119.79828,53.89275],[-119.79803,53.89254],[-119.79776,53.89234],[-119.79754,53.89214],[-119.79719,53.89192],[-119.79672,53.89163],[-119.79627,53.89126],[-119.79576,53.89089],[-119.79561,53.89081],[-119.79549,53.89076],[-119.79535,53.89074],[-119.79523,53.89076],[-119.79472,53.89092],[-119.79411,53.891],[-119.79387,53.89105],[-119.7934,53.89119],[-119.79315,53.89127],[-119.7927,53.8914],[-119.79229,53.89155],[-119.79175,53.89169],[-119.79157,53.89171],[-119.79106,53.89174],[-119.79093,53.89175],[-119.79079,53.89177],[-119.79055,53.89183],[-119.7903,53.89189],[-119.78978,53.89205],[-119.78919,53.89229],[-119.78862,53.89248],[-119.78798,53.89271],[-119.78761,53.89283],[-119.78738,53.8929],[-119.78646,53.89309],[-119.78565,53.89318],[-119.78433,53.89327],[-119.78323,53.89327],[-119.78247,53.89325],[-119.78185,53.89315],[-119.78091,53.89302],[-119.7804,53.89292],[-119.77977,53.89278],[-119.77898,53.89267],[-119.77842,53.89261],[-119.77775,53.89258],[-119.77704,53.89261],[-119.77641,53.89267],[-119.77598,53.89283],[-119.77562,53.89297],[-119.77524,53.8931],[-119.77481,53.89326],[-119.77459,53.89331],[-119.77432,53.89335],[-119.77365,53.89333],[-119.77306,53.89326],[-119.77261,53.89317],[-119.77189,53.89301],[-119.77124,53.89289],[-119.77077,53.89281],[-119.77019,53.89276],[-119.76964,53.89271],[-119.7681,53.89262],[-119.76766,53.89257],[-119.76737,53.89252],[-119.76713,53.89246],[-119.76685,53.89239],[-119.76656,53.8923],[-119.76627,53.89223],[-119.76592,53.89216],[-119.76555,53.89202],[-119.76531,53.89195],[-119.76413,53.89177],[-119.76198,53.89149],[-119.7609,53.89122],[-119.76073,53.89116],[-119.76069,53.89115],[-119.76063,53.89114],[-119.76058,53.89115],[-119.76055,53.89116],[-119.76051,53.89118],[-119.76019,53.89138],[-119.75986,53.89159],[-119.75938,53.89187],[-119.75919,53.89199],[-119.75905,53.89205],[-119.75889,53.89211],[-119.75873,53.89215],[-119.75853,53.89219],[-119.75823,53.89219],[-119.75782,53.8922],[-119.75749,53.89226],[-119.75723,53.89233],[-119.75669,53.89254],[-119.75637,53.89257],[-119.75617,53.89257],[-119.75571,53.89249],[-119.75513,53.89234],[-119.75444,53.89227],[-119.75354,53.89223],[-119.75279,53.89223],[-119.75133,53.89235],[-119.74999,53.89249],[-119.74956,53.89255],[-119.74929,53.8926],[-119.74903,53.89267],[-119.74876,53.89279],[-119.74857,53.89288],[-119.74851,53.89291],[-119.74845,53.89294],[-119.74842,53.89297],[-119.74841,53.893],[-119.74837,53.89317],[-119.74805,53.89347],[-119.74789,53.89362],[-119.74749,53.89414],[-119.74703,53.89459],[-119.74682,53.8948],[-119.74661,53.89502],[-119.74637,53.89527],[-119.74611,53.89553],[-119.74591,53.89576],[-119.74559,53.89603],[-119.74526,53.89629],[-119.74514,53.89638],[-119.74489,53.89658],[-119.74459,53.89676],[-119.74442,53.89685],[-119.74418,53.89695],[-119.74394,53.89706],[-119.74373,53.89714],[-119.74352,53.89724],[-119.74315,53.89739],[-119.74245,53.89766],[-119.74188,53.89787],[-119.7415,53.89799],[-119.74116,53.89812],[-119.74073,53.89831],[-119.73963,53.89879],[-119.73875,53.89908],[-119.73796,53.89936],[-119.7378,53.89943],[-119.73767,53.89951],[-119.7376,53.89956],[-119.73756,53.89961],[-119.73742,53.9],[-119.73741,53.90025],[-119.73739,53.90049],[-119.73735,53.90082],[-119.73732,53.90099],[-119.73729,53.90125],[-119.73726,53.90139],[-119.73724,53.90157],[-119.73719,53.90177],[-119.73717,53.90194],[-119.73712,53.9021],[-119.73703,53.90241],[-119.73697,53.90268],[-119.73688,53.90293],[-119.73668,53.90332],[-119.73651,53.90356],[-119.73625,53.90401],[-119.7359,53.90448],[-119.73552,53.9049],[-119.73523,53.90519],[-119.7351,53.90542],[-119.73482,53.90572],[-119.73468,53.90591],[-119.73453,53.90619],[-119.7344,53.90652],[-119.73423,53.90691],[-119.73391,53.90762],[-119.73383,53.90792],[-119.73375,53.90818],[-119.73366,53.90847],[-119.73356,53.90873],[-119.73342,53.90901],[-119.73333,53.90937],[-119.73332,53.9094],[-119.73328,53.90943],[-119.73322,53.90945],[-119.73316,53.90947],[-119.73307,53.90948],[-119.73281,53.90949],[-119.73255,53.9095],[-119.73219,53.90946],[-119.73192,53.90942],[-119.7316,53.9094],[-119.73133,53.90938],[-119.73055,53.90927],[-119.72977,53.9092],[-119.72931,53.90915],[-119.72887,53.90912],[-119.72887,53.90912],[-119.72816,53.90911],[-119.72762,53.90915],[-119.72648,53.9091],[-119.72534,53.90904],[-119.72445,53.90906],[-119.72423,53.90909],[-119.72368,53.90924],[-119.72336,53.90936],[-119.72306,53.90952],[-119.72276,53.90967],[-119.72238,53.90984],[-119.72206,53.91005],[-119.72176,53.91024],[-119.72145,53.9105],[-119.7213,53.91078],[-119.72109,53.91103],[-119.72084,53.91127],[-119.72049,53.91146],[-119.72032,53.91155],[-119.72018,53.91164],[-119.71997,53.91197],[-119.71989,53.91205],[-119.71966,53.9121],[-119.71936,53.91216],[-119.71884,53.9122],[-119.71774,53.91234],[-119.71735,53.91241],[-119.7172,53.91246],[-119.7171,53.91252],[-119.71705,53.91255],[-119.71702,53.91259],[-119.71698,53.91298],[-119.71693,53.91347],[-119.71695,53.91369],[-119.7169,53.9139],[-119.71686,53.91408],[-119.71678,53.91421],[-119.71663,53.91438],[-119.71652,53.91448],[-119.71514,53.91524],[-119.71288,53.91635],[-119.71154,53.91732],[-119.71075,53.91819],[-119.70892,53.91942],[-119.70669,53.92114],[-119.70481,53.92321],[-119.70417,53.92394],[-119.70344,53.92462],[-119.7025,53.92528],[-119.69804,53.92714],[-119.69794,53.92715],[-119.69784,53.92714],[-119.69759,53.92709],[-119.69684,53.92688],[-119.69621,53.9268],[-119.6955,53.92669],[-119.69469,53.92664],[-119.69399,53.9266],[-119.69356,53.92653],[-119.69306,53.92643],[-119.69281,53.92637],[-119.69249,53.92633],[-119.69177,53.92637],[-119.69126,53.9264],[-119.69051,53.92633],[-119.69028,53.92631],[-119.69001,53.9263],[-119.6896,53.9263],[-119.68929,53.92638],[-119.68913,53.92643],[-119.68858,53.92654],[-119.688,53.92663],[-119.68781,53.92666],[-119.68746,53.92669],[-119.68686,53.92671],[-119.68649,53.92673],[-119.68623,53.92674],[-119.68555,53.92676],[-119.68515,53.92684],[-119.68467,53.92691],[-119.68437,53.92695],[-119.6841,53.927],[-119.68385,53.92706],[-119.68361,53.92715],[-119.68357,53.92716],[-119.68353,53.92716],[-119.68348,53.92716],[-119.68344,53.92714],[-119.68341,53.92712],[-119.68339,53.92708],[-119.68337,53.927],[-119.68317,53.92669],[-119.68298,53.92643],[-119.6828,53.92612],[-119.68276,53.92606],[-119.68251,53.92542],[-119.68237,53.92511],[-119.68224,53.92492],[-119.68206,53.92472],[-119.6816,53.92431],[-119.68139,53.92411],[-119.68125,53.92396],[-119.68099,53.92378],[-119.6806,53.92359],[-119.68003,53.92322],[-119.67952,53.9229],[-119.67914,53.92269],[-119.679,53.92266],[-119.67882,53.92264],[-119.67851,53.92261],[-119.6777,53.92253],[-119.67739,53.92253],[-119.67705,53.92253],[-119.67694,53.92252],[-119.6764,53.9224],[-119.676,53.92231],[-119.67593,53.92231],[-119.67586,53.92233],[-119.67576,53.92236],[-119.67564,53.92244],[-119.67554,53.92254],[-119.6752,53.92274],[-119.67489,53.92286],[-119.67458,53.92294],[-119.67409,53.92304],[-119.67381,53.92317],[-119.67341,53.92336],[-119.67272,53.92361],[-119.67247,53.92374],[-119.67203,53.92394],[-119.67139,53.9242],[-119.67071,53.9244],[-119.67006,53.92456],[-119.6693,53.92482],[-119.66847,53.92498],[-119.66749,53.92506],[-119.66702,53.92516],[-119.66593,53.92537],[-119.66451,53.92544],[-119.66388,53.92547],[-119.66294,53.92549],[-119.66218,53.9255],[-119.66144,53.92546],[-119.66082,53.92546],[-119.66012,53.92557],[-119.65956,53.92572],[-119.65847,53.92614],[-119.65762,53.92644],[-119.65681,53.92657],[-119.65632,53.92668],[-119.65598,53.92683],[-119.65552,53.927],[-119.65488,53.9272],[-119.65433,53.9273],[-119.65387,53.92734],[-119.65335,53.92736],[-119.65273,53.92744],[-119.65205,53.92761],[-119.65124,53.92791],[-119.65009,53.92833],[-119.64966,53.92843],[-119.64921,53.92853],[-119.64817,53.92877],[-119.64778,53.92878],[-119.6473,53.92874],[-119.6468,53.9287],[-119.64636,53.92868],[-119.64608,53.92869],[-119.64563,53.92884],[-119.64518,53.92904],[-119.64493,53.92927],[-119.64487,53.92951],[-119.64484,53.92973],[-119.64468,53.92995],[-119.6445,53.9301],[-119.64423,53.93025],[-119.6439,53.93048],[-119.64361,53.9307],[-119.64338,53.93087],[-119.64305,53.93146],[-119.64303,53.9315],[-119.64281,53.93179],[-119.64266,53.93196],[-119.64236,53.93231],[-119.64211,53.93259],[-119.64179,53.93291],[-119.64111,53.93333],[-119.64088,53.93345],[-119.64061,53.93361],[-119.64013,53.93412],[-119.64003,53.93423],[-119.63991,53.93436],[-119.63972,53.93451],[-119.63952,53.93465],[-119.63927,53.93478],[-119.63883,53.93508],[-119.63851,53.93537],[-119.63823,53.9357],[-119.63781,53.93608],[-119.63744,53.93636],[-119.637,53.93668],[-119.6352,53.93751],[-119.63506,53.9376],[-119.63489,53.93769],[-119.63476,53.9378],[-119.63467,53.93792],[-119.6347,53.93809],[-119.63483,53.93837],[-119.63491,53.93864],[-119.63512,53.93896],[-119.63536,53.93924],[-119.6354,53.93946],[-119.63537,53.93974],[-119.635,53.94048],[-119.63485,53.94079],[-119.6345,53.94136],[-119.63421,53.94204],[-119.63412,53.94242],[-119.63389,53.94305],[-119.63363,53.94364],[-119.63362,53.94366],[-119.63347,53.94395],[-119.63326,53.94446],[-119.63319,53.94479],[-119.63288,53.94537],[-119.63265,53.9458],[-119.63246,53.94613],[-119.63215,53.9467],[-119.63195,53.94707],[-119.63168,53.9477],[-119.6316,53.94792],[-119.63155,53.94799],[-119.63147,53.94804],[-119.63138,53.94809],[-119.63129,53.94813],[-119.63111,53.94817],[-119.63084,53.94824],[-119.6306,53.94832],[-119.63025,53.94839],[-119.62991,53.94845],[-119.62955,53.94853],[-119.62932,53.94856],[-119.62904,53.94858],[-119.62889,53.94859],[-119.62878,53.94859],[-119.62854,53.94859],[-119.62828,53.94861],[-119.62799,53.94865],[-119.6277,53.94869],[-119.62743,53.94873],[-119.62709,53.94875],[-119.62674,53.94873],[-119.62645,53.94874],[-119.62618,53.94879],[-119.6259,53.94883],[-119.62532,53.94893],[-119.62493,53.94899],[-119.62442,53.94907],[-119.62397,53.94915],[-119.62359,53.9492],[-119.62306,53.94929],[-119.62245,53.94941],[-119.62175,53.94952],[-119.62136,53.94961],[-119.62089,53.94974],[-119.6203,53.95003],[-119.61993,53.95019],[-119.6196,53.95033],[-119.61926,53.95043],[-119.61891,53.95051],[-119.61826,53.95074],[-119.61754,53.95093],[-119.61715,53.95106],[-119.61674,53.95124],[-119.61648,53.95141],[-119.61621,53.95156],[-119.61532,53.95183],[-119.61473,53.95197],[-119.61447,53.95203],[-119.61403,53.95212],[-119.61358,53.9522],[-119.61303,53.95225],[-119.61257,53.95221],[-119.61236,53.95219],[-119.61226,53.9522],[-119.6122,53.95221],[-119.61216,53.95223],[-119.61213,53.95225],[-119.61211,53.95227],[-119.61208,53.95232],[-119.61199,53.95259],[-119.61196,53.95264],[-119.61154,53.95292],[-119.61141,53.95309],[-119.6113,53.95325],[-119.61119,53.95358],[-119.61103,53.95406],[-119.61099,53.95427],[-119.61091,53.95451],[-119.61078,53.95477],[-119.61066,53.95515],[-119.61056,53.95539],[-119.61048,53.9556],[-119.6105,53.95581],[-119.61046,53.95594],[-119.61043,53.95606],[-119.61037,53.95615],[-119.61003,53.95636],[-119.60983,53.95648],[-119.60939,53.95666],[-119.6091,53.95686],[-119.60894,53.95702],[-119.60866,53.95732],[-119.60857,53.95757],[-119.60855,53.95784],[-119.60784,53.95874],[-119.60743,53.95921],[-119.60713,53.95949],[-119.60706,53.95953],[-119.60698,53.95955],[-119.60685,53.95959],[-119.60674,53.95963],[-119.6066,53.95968],[-119.60612,53.96005],[-119.60599,53.96015],[-119.60565,53.96038],[-119.6052,53.96075],[-119.60482,53.96122],[-119.6044,53.96151],[-119.60374,53.96184],[-119.60332,53.9621],[-119.60307,53.96244],[-119.60289,53.96275],[-119.60272,53.96329],[-119.60252,53.96372],[-119.60216,53.965],[-119.602,53.96564],[-119.60189,53.96588],[-119.60167,53.96619],[-119.60149,53.96635],[-119.60129,53.96665],[-119.6011,53.96693],[-119.60068,53.96732],[-119.60047,53.96767],[-119.60034,53.96811],[-119.60022,53.96858],[-119.60007,53.96895],[-119.59992,53.96935],[-119.5997,53.97021],[-119.59934,53.97074],[-119.59931,53.9708],[-119.59927,53.97085],[-119.59923,53.97088],[-119.59914,53.97094],[-119.5989,53.97129],[-119.59858,53.97164],[-119.59787,53.97237],[-119.5971,53.97326],[-119.59671,53.97365],[-119.5966,53.97398],[-119.59659,53.9747],[-119.59684,53.97604],[-119.5972,53.97747],[-119.59763,53.97812],[-119.59781,53.97834],[-119.59798,53.97866],[-119.598,53.97875],[-119.59799,53.97884],[-119.59797,53.97898],[-119.59765,53.97953],[-119.59738,53.97998],[-119.59702,53.98035],[-119.59632,53.9808],[-119.59575,53.9813],[-119.59535,53.98162],[-119.595,53.98194],[-119.59479,53.98208],[-119.59461,53.98226],[-119.59404,53.98272],[-119.59345,53.98301],[-119.59304,53.9832],[-119.59255,53.98337],[-119.59196,53.98357],[-119.59174,53.98366],[-119.59125,53.98383],[-119.59057,53.98403],[-119.58987,53.98407],[-119.58916,53.98415],[-119.5886,53.98425],[-119.58797,53.98441],[-119.58729,53.9845],[-119.58651,53.98456],[-119.58597,53.98457],[-119.5855,53.98449],[-119.58499,53.98441],[-119.58426,53.98431],[-119.5838,53.98439],[-119.5836,53.98445],[-119.5834,53.98454],[-119.58286,53.98494],[-119.5825,53.98506],[-119.58225,53.98514],[-119.58163,53.98542],[-119.58123,53.98568],[-119.58092,53.9859],[-119.58085,53.98627],[-119.58059,53.98716],[-119.58061,53.98779],[-119.58048,53.98847],[-119.58038,53.98863],[-119.58005,53.9889],[-119.57968,53.98912],[-119.57944,53.9892],[-119.57736,53.98944],[-119.57634,53.98968],[-119.57591,53.98999],[-119.57539,53.99028],[-119.57487,53.99041],[-119.57455,53.9906],[-119.57424,53.99084],[-119.57407,53.99162],[-119.57391,53.99213],[-119.5739,53.9925],[-119.57413,53.993],[-119.57418,53.99339],[-119.57414,53.99368],[-119.57384,53.99383],[-119.57281,53.99419],[-119.57249,53.99457],[-119.57242,53.99511],[-119.57237,53.99551],[-119.57229,53.99568],[-119.57204,53.99587],[-119.57136,53.99608],[-119.57071,53.99626],[-119.56973,53.99638],[-119.56872,53.99653],[-119.56735,53.99699],[-119.56547,53.99756],[-119.56432,53.99792],[-119.56393,53.99809],[-119.56355,53.99832],[-119.56347,53.99839],[-119.56343,53.99842],[-119.56336,53.99848],[-119.56323,53.99865],[-119.56316,53.99883],[-119.56315,53.99896],[-119.56319,53.99913],[-119.56326,53.99927],[-119.56345,53.99949],[-119.56423,54.00001],[-119.56435,54.00016],[-119.56453,54.00036],[-119.56461,54.00047],[-119.56469,54.00062],[-119.56473,54.00076],[-119.56474,54.00102],[-119.56472,54.00118],[-119.56458,54.00141],[-119.56433,54.00168],[-119.56405,54.00197],[-119.56384,54.00217],[-119.56359,54.00243],[-119.56337,54.00269],[-119.5632,54.00295],[-119.56309,54.0032],[-119.56302,54.00342],[-119.56304,54.00371],[-119.56302,54.00394],[-119.56307,54.0043],[-119.56315,54.0046],[-119.56326,54.00488],[-119.56343,54.00514],[-119.5637,54.00542],[-119.56397,54.00568],[-119.56436,54.0059],[-119.56468,54.00605],[-119.56499,54.00617],[-119.56531,54.00629],[-119.56551,54.00642],[-119.56572,54.00656],[-119.56582,54.00668],[-119.56606,54.00694],[-119.56625,54.0072],[-119.56639,54.00744],[-119.56659,54.00766],[-119.56676,54.00779],[-119.567,54.00796],[-119.56733,54.00817],[-119.56764,54.00839],[-119.56793,54.00857],[-119.56824,54.0087],[-119.56853,54.00887],[-119.5687,54.00905],[-119.56884,54.0093],[-119.56887,54.00954],[-119.5688,54.00978],[-119.56857,54.00999],[-119.56826,54.01021],[-119.56768,54.01046],[-119.5671,54.01066],[-119.56602,54.01099],[-119.56514,54.01139],[-119.56419,54.01184],[-119.56342,54.01245],[-119.56287,54.01311],[-119.56265,54.01377],[-119.56221,54.01474],[-119.56194,54.0154],[-119.56113,54.01626],[-119.56031,54.01687],[-119.55933,54.01847],[-119.55957,54.01855],[-119.5599,54.01863],[-119.56052,54.01868],[-119.56112,54.01866],[-119.5619,54.01867],[-119.56241,54.01868],[-119.56275,54.01873],[-119.56315,54.01883],[-119.56414,54.01908],[-119.56556,54.0193],[-119.56672,54.01943],[-119.56738,54.0196],[-119.56801,54.01983],[-119.5687,54.02017],[-119.56903,54.02037],[-119.56939,54.02055],[-119.57047,54.02086],[-119.57102,54.02104],[-119.57213,54.02132],[-119.57246,54.02144],[-119.57319,54.02179],[-119.57394,54.02269],[-119.57693,54.02446],[-119.57979,54.0267],[-119.58011,54.02693],[-119.5805,54.02717],[-119.58158,54.02752],[-119.58217,54.02767],[-119.58261,54.02787],[-119.58534,54.02936],[-119.58663,54.02991],[-119.58721,54.03011],[-119.58781,54.03025],[-119.58849,54.03038],[-119.59106,54.03076],[-119.59131,54.03082],[-119.59154,54.03093],[-119.59213,54.03123],[-119.59284,54.03167],[-119.59301,54.03176],[-119.59326,54.03182],[-119.59411,54.0319],[-119.5957,54.03185],[-119.59719,54.03163],[-119.59798,54.0312],[-119.59865,54.0305],[-119.59896,54.03029],[-119.59919,54.03015],[-119.59947,54.03004],[-119.59988,54.02986],[-119.60024,54.02975],[-119.60079,54.02965],[-119.60169,54.0294],[-119.60578,54.02815],[-119.60656,54.02793],[-119.60746,54.02778],[-119.6078,54.02774],[-119.6081,54.02773],[-119.60834,54.02774],[-119.60859,54.0278],[-119.60918,54.02794],[-119.60965,54.02804],[-119.61028,54.02813],[-119.61126,54.02823],[-119.61235,54.02841],[-119.61308,54.02876],[-119.61492,54.02983],[-119.61517,54.03],[-119.61529,54.03016],[-119.61538,54.03043],[-119.61537,54.03081],[-119.61398,54.03384],[-119.61399,54.03403],[-119.61405,54.03421],[-119.61496,54.03504],[-119.61499,54.03523],[-119.61498,54.03545],[-119.61477,54.03573],[-119.61446,54.03597],[-119.61374,54.03634],[-119.61179,54.03703],[-119.61139,54.03731],[-119.61119,54.03781],[-119.612,54.03861],[-119.61264,54.03937],[-119.61331,54.04018],[-119.61381,54.04091],[-119.61394,54.04127],[-119.61402,54.04146],[-119.61408,54.04173],[-119.61415,54.04198],[-119.61438,54.04219],[-119.61486,54.04237],[-119.61626,54.04255],[-119.61711,54.04273],[-119.61943,54.04293],[-119.6216,54.04351],[-119.62198,54.04371],[-119.62248,54.04405],[-119.62377,54.04499],[-119.62515,54.04582],[-119.62639,54.04638],[-119.62819,54.04807],[-119.63022,54.04937],[-119.63177,54.05117],[-119.63207,54.05156],[-119.63256,54.05226],[-119.63283,54.05274],[-119.63291,54.05284],[-119.63296,54.05298],[-119.63291,54.0531],[-119.63281,54.05321],[-119.6325,54.05348],[-119.63224,54.05375],[-119.63207,54.05401],[-119.63185,54.05426],[-119.63063,54.05498],[-119.6291,54.05567],[-119.6276,54.05597],[-119.62653,54.05615],[-119.62544,54.05634],[-119.62299,54.05648],[-119.62114,54.05674],[-119.61964,54.0573],[-119.619,54.05749],[-119.61842,54.05774],[-119.6182,54.05788],[-119.61801,54.05794],[-119.6178,54.05797],[-119.61754,54.05798],[-119.61706,54.05797],[-119.61667,54.05797],[-119.61641,54.05799],[-119.61457,54.05837],[-119.61443,54.05842],[-119.61435,54.05847],[-119.61427,54.05853],[-119.61425,54.05859],[-119.6143,54.05864],[-119.61438,54.05869],[-119.61452,54.05876],[-119.61627,54.05948],[-119.61682,54.05969],[-119.61728,54.0599],[-119.61762,54.06012],[-119.61884,54.06069],[-119.61925,54.06119],[-119.61945,54.06168],[-119.61946,54.06236],[-119.61901,54.063],[-119.60761,54.07022],[-119.60674,54.07063],[-119.60655,54.07074],[-119.60647,54.07087],[-119.60646,54.07098],[-119.60658,54.07111],[-119.60674,54.07124],[-119.60709,54.07134],[-119.60767,54.07137],[-119.60842,54.07132],[-119.60919,54.07122],[-119.61117,54.07052],[-119.61453,54.07013],[-119.61862,54.07004],[-119.61882,54.07009],[-119.61899,54.07017],[-119.61914,54.07025],[-119.61925,54.07035],[-119.61926,54.07048],[-119.61916,54.07071],[-119.61909,54.07088],[-119.6191,54.07117],[-119.61915,54.07135],[-119.61934,54.07213],[-119.61931,54.0724],[-119.61921,54.07291],[-119.61917,54.07319],[-119.6192,54.07344],[-119.61933,54.07368],[-119.61966,54.074],[-119.61974,54.07412],[-119.62001,54.07494],[-119.62004,54.07592],[-119.62012,54.07619],[-119.62019,54.07652],[-119.62009,54.07678],[-119.61974,54.07735],[-119.61934,54.07816],[-119.6194,54.07834],[-119.61957,54.07856],[-119.61988,54.07877],[-119.62033,54.07894],[-119.62089,54.079],[-119.62134,54.07903],[-119.6218,54.07916],[-119.62211,54.07932],[-119.62286,54.07978],[-119.62303,54.07996],[-119.62334,54.08027],[-119.62385,54.08077],[-119.62437,54.08148],[-119.62462,54.08174],[-119.62503,54.08229],[-119.62555,54.08271],[-119.62611,54.08304],[-119.62716,54.0835],[-119.62774,54.08373],[-119.63004,54.08446],[-119.63123,54.08489],[-119.63189,54.08519],[-119.63248,54.0857],[-119.63308,54.0862],[-119.63367,54.08663],[-119.63443,54.08725],[-119.63486,54.08759],[-119.63496,54.08777],[-119.63496,54.08803],[-119.63489,54.08822],[-119.63472,54.08844],[-119.6342,54.08891],[-119.63409,54.08914],[-119.63389,54.08961],[-119.63385,54.09],[-119.63389,54.0904],[-119.634,54.09087],[-119.63425,54.0912],[-119.63574,54.09195],[-119.6366,54.09232],[-119.63775,54.09275],[-119.63817,54.0931],[-119.63834,54.09336],[-119.63843,54.09386],[-119.63844,54.09418],[-119.63848,54.09434],[-119.63867,54.09453],[-119.63909,54.09484],[-119.63944,54.09508],[-119.63999,54.09529],[-119.64063,54.0954],[-119.6414,54.09546],[-119.64338,54.09561],[-119.64361,54.09567],[-119.6437,54.09577],[-119.64366,54.09591],[-119.64351,54.09605],[-119.64335,54.09623],[-119.64189,54.09752],[-119.64139,54.09817],[-119.64081,54.09994],[-119.64041,54.1003],[-119.63923,54.10104],[-119.63789,54.10164],[-119.63785,54.10168],[-119.63783,54.10173],[-119.63782,54.10178],[-119.63784,54.10182],[-119.63787,54.10189],[-119.63797,54.10201],[-119.63879,54.10237],[-119.63945,54.10259],[-119.64036,54.10287],[-119.64096,54.10303],[-119.64164,54.10313],[-119.64216,54.10312],[-119.64279,54.10311],[-119.64334,54.10313],[-119.6451,54.10354],[-119.64634,54.10383],[-119.64781,54.10426],[-119.64812,54.1044],[-119.64835,54.10456],[-119.64851,54.10473],[-119.64874,54.1053],[-119.64889,54.10592],[-119.6491,54.10723],[-119.64964,54.1077],[-119.65031,54.10808],[-119.65105,54.10842],[-119.6518,54.10904],[-119.65227,54.10965],[-119.6524,54.11007],[-119.65254,54.11039],[-119.65283,54.11035],[-119.65337,54.11022],[-119.65381,54.11013],[-119.65414,54.11017],[-119.65477,54.11029],[-119.65559,54.11038],[-119.65667,54.11051],[-119.65781,54.11072],[-119.6597,54.11127],[-119.66119,54.11191],[-119.66233,54.11231],[-119.66264,54.11245],[-119.66325,54.11286],[-119.66402,54.11325],[-119.66446,54.11347],[-119.66477,54.1136],[-119.66521,54.11379],[-119.66578,54.11404],[-119.66604,54.11426],[-119.6668,54.11494],[-119.66714,54.11518],[-119.66755,54.11552],[-119.66797,54.11575],[-119.66847,54.11614],[-119.66919,54.11692],[-119.6696,54.11743],[-119.67065,54.11841],[-119.67087,54.11867],[-119.67113,54.11888],[-119.67138,54.11909],[-119.67175,54.11931],[-119.67213,54.11952],[-119.67278,54.11993],[-119.67301,54.12014],[-119.67324,54.12038],[-119.67346,54.12064],[-119.67387,54.12093],[-119.67429,54.12112],[-119.67445,54.12122],[-119.67522,54.12156],[-119.67545,54.12169],[-119.67599,54.12201],[-119.67628,54.12213],[-119.67691,54.12242],[-119.67786,54.1228],[-119.67818,54.12305],[-119.67848,54.12325],[-119.67883,54.12341],[-119.67959,54.12358],[-119.67994,54.12372],[-119.68026,54.12406],[-119.68084,54.12445],[-119.68154,54.125],[-119.68164,54.12507],[-119.68233,54.12563],[-119.68275,54.12597],[-119.68313,54.12623],[-119.68384,54.12668],[-119.68467,54.1272],[-119.68509,54.12746],[-119.68553,54.12767],[-119.68594,54.12789],[-119.6864,54.1281],[-119.68684,54.12831],[-119.68719,54.12875],[-119.68739,54.12894],[-119.6876,54.12922],[-119.6877,54.12941],[-119.68774,54.12972],[-119.68775,54.12995],[-119.68792,54.13043],[-119.68818,54.13081],[-119.68831,54.1311],[-119.6884,54.13135],[-119.68882,54.13189],[-119.68903,54.13226],[-119.6894,54.13269],[-119.68966,54.13287],[-119.68988,54.13311],[-119.69042,54.13346],[-119.6911,54.1339],[-119.69169,54.13418],[-119.69247,54.13444],[-119.69264,54.1345],[-119.69276,54.13454],[-119.69302,54.13473],[-119.69335,54.13488],[-119.69407,54.1353],[-119.6944,54.13548],[-119.69501,54.13576],[-119.69578,54.13621],[-119.69649,54.13651],[-119.69677,54.13659],[-119.69726,54.1367],[-119.69758,54.13675],[-119.69787,54.13675],[-119.69839,54.13673],[-119.69864,54.13674],[-119.69882,54.13675],[-119.69908,54.13681],[-119.69943,54.13685],[-119.69982,54.13683],[-119.70019,54.13676],[-119.70059,54.13665],[-119.70151,54.13628],[-119.70186,54.13617],[-119.7023,54.1361],[-119.70327,54.13595],[-119.70371,54.13585],[-119.70397,54.13575],[-119.70423,54.13563],[-119.70449,54.13547],[-119.70471,54.13535],[-119.70489,54.13524],[-119.70499,54.13521],[-119.70512,54.13519],[-119.7059,54.13519],[-119.70681,54.13521],[-119.70777,54.13517],[-119.70864,54.13503],[-119.70929,54.13503],[-119.70955,54.13508],[-119.70986,54.13519],[-119.71031,54.13542],[-119.71088,54.13566],[-119.71161,54.13602],[-119.71216,54.13635],[-119.71255,54.13652],[-119.71298,54.13665],[-119.71363,54.13684],[-119.71429,54.13705],[-119.71462,54.1372],[-119.71492,54.1374],[-119.71521,54.1377],[-119.71593,54.13823],[-119.71644,54.13868],[-119.71678,54.13906],[-119.71713,54.13942],[-119.71754,54.13977],[-119.71803,54.14004],[-119.71847,54.14039],[-119.71906,54.14087],[-119.71997,54.14141],[-119.72032,54.14154],[-119.7207,54.14161],[-119.72105,54.14167],[-119.72163,54.14173],[-119.72292,54.1418],[-119.72501,54.14182],[-119.72535,54.14177],[-119.72587,54.14165],[-119.72633,54.1416],[-119.72708,54.14162],[-119.72894,54.14167],[-119.73011,54.1416],[-119.73041,54.14161],[-119.73085,54.1417],[-119.7311,54.14176],[-119.73147,54.14177],[-119.73203,54.14171],[-119.73233,54.14172],[-119.7326,54.14181],[-119.73321,54.1421],[-119.73414,54.14274],[-119.73499,54.14321],[-119.73575,54.14382],[-119.73619,54.14419],[-119.73661,54.14448],[-119.73684,54.14465],[-119.73692,54.14473],[-119.73696,54.14483],[-119.73714,54.14542],[-119.73724,54.1457],[-119.73758,54.14622],[-119.73768,54.14649],[-119.73772,54.14673],[-119.73776,54.14716],[-119.73783,54.14766],[-119.7378,54.14809],[-119.73779,54.14845],[-119.73781,54.14877],[-119.73785,54.14901],[-119.73789,54.14938],[-119.73794,54.14964],[-119.73802,54.14998],[-119.73804,54.15009],[-119.73805,54.15022],[-119.73806,54.15025],[-119.7381,54.15028],[-119.73817,54.15029],[-119.73833,54.15032],[-119.73877,54.15035],[-119.73946,54.15038],[-119.74013,54.15043],[-119.74078,54.1505],[-119.74135,54.15059],[-119.7418,54.15066],[-119.74234,54.15074],[-119.74292,54.15087],[-119.74387,54.15117],[-119.7451,54.15141],[-119.74552,54.15153],[-119.74629,54.15175],[-119.74729,54.15188],[-119.74802,54.15213],[-119.74869,54.15222],[-119.74975,54.15231],[-119.74999,54.15238],[-119.75036,54.15243],[-119.75065,54.15248],[-119.75097,54.15254],[-119.75111,54.15249],[-119.75145,54.15239],[-119.75179,54.15237],[-119.75257,54.15246],[-119.75295,54.15256],[-119.75383,54.15279],[-119.75433,54.15281],[-119.75484,54.15289],[-119.75507,54.15294],[-119.7553,54.15313],[-119.75566,54.15336],[-119.75601,54.15348],[-119.75642,54.1536],[-119.75671,54.15385],[-119.75727,54.15419],[-119.75745,54.1543],[-119.75766,54.15455],[-119.75781,54.1548],[-119.75793,54.15501],[-119.75808,54.15552],[-119.75839,54.156],[-119.7586,54.15628],[-119.75876,54.15653],[-119.75896,54.1567],[-119.75927,54.15689],[-119.75971,54.1573],[-119.75985,54.15735],[-119.76003,54.15739],[-119.76037,54.1574],[-119.7606,54.15736],[-119.76128,54.15723],[-119.76194,54.15712],[-119.76247,54.15695],[-119.76315,54.15666],[-119.76354,54.15645],[-119.76387,54.15625],[-119.76443,54.15593],[-119.76487,54.15566],[-119.76512,54.15545],[-119.76524,54.15538],[-119.76544,54.15537],[-119.76564,54.15539],[-119.76585,54.15542],[-119.76604,54.15548],[-119.76655,54.15585],[-119.76705,54.15614],[-119.76784,54.15641],[-119.76922,54.15688],[-119.77076,54.15755],[-119.77131,54.15779],[-119.77191,54.15796],[-119.77285,54.15809],[-119.77357,54.15825],[-119.77408,54.15841],[-119.77453,54.1586],[-119.77554,54.15937],[-119.77612,54.15997],[-119.77646,54.16047],[-119.77659,54.16218],[-119.77653,54.16312],[-119.77755,54.16232],[-119.77944,54.16105],[-119.7808,54.16023],[-119.78142,54.15975],[-119.78146,54.15972],[-119.7815,54.15969],[-119.7816,54.1595],[-119.78166,54.15935],[-119.78174,54.15908],[-119.78179,54.15899],[-119.78196,54.1589],[-119.7822,54.15882],[-119.78261,54.15871],[-119.7833,54.15843],[-119.78378,54.1582],[-119.78401,54.15814],[-119.78425,54.15809],[-119.78458,54.15806],[-119.78487,54.15804],[-119.78513,54.15802],[-119.78545,54.15798],[-119.78581,54.1579],[-119.78614,54.15786],[-119.78667,54.1578],[-119.78721,54.15764],[-119.78762,54.15756],[-119.78841,54.15741],[-119.78892,54.15737],[-119.78934,54.15734],[-119.78995,54.15725],[-119.79022,54.15722],[-119.79107,54.15722],[-119.79154,54.15724],[-119.7919,54.15724],[-119.79223,54.15722],[-119.79286,54.15714],[-119.79327,54.15713],[-119.79393,54.1571],[-119.79467,54.15712],[-119.7957,54.15722],[-119.79627,54.15721],[-119.79695,54.15721],[-119.79723,54.15718],[-119.79747,54.15717],[-119.79779,54.15721],[-119.79806,54.15727],[-119.79839,54.15731],[-119.79871,54.15735],[-119.799,54.15743],[-119.79926,54.15755],[-119.79942,54.15756],[-119.7997,54.15759],[-119.80004,54.15761],[-119.80056,54.15766],[-119.80087,54.15771],[-119.80112,54.15778],[-119.80174,54.15793],[-119.80216,54.1581],[-119.80263,54.15833],[-119.80325,54.15871],[-119.80334,54.15874],[-119.80343,54.15876],[-119.80365,54.15876],[-119.80433,54.15864],[-119.80482,54.15866],[-119.80525,54.1587],[-119.80566,54.15867],[-119.80725,54.15839],[-119.80819,54.15814],[-119.80861,54.15805],[-119.80901,54.158],[-119.80955,54.15798],[-119.81008,54.158],[-119.81126,54.15789],[-119.81196,54.15785],[-119.81219,54.15786],[-119.81231,54.15787],[-119.81238,54.15789],[-119.8125,54.15796],[-119.81262,54.15807],[-119.81272,54.15814],[-119.81281,54.15821],[-119.81348,54.15844],[-119.81407,54.15867],[-119.81508,54.15908],[-119.81534,54.15921],[-119.8154,54.15923],[-119.81546,54.15923],[-119.81554,54.15923],[-119.81561,54.15921],[-119.81572,54.15914],[-119.81601,54.1589],[-119.81641,54.15866],[-119.81661,54.15854],[-119.81681,54.15842],[-119.81716,54.15827],[-119.81754,54.15812],[-119.81787,54.15798],[-119.81808,54.15785],[-119.8183,54.15772],[-119.81855,54.15749],[-119.81879,54.15735],[-119.81917,54.15713],[-119.81953,54.15691],[-119.82015,54.15659],[-119.82055,54.15643],[-119.82107,54.15619],[-119.82129,54.1561],[-119.82154,54.15602],[-119.82219,54.15586],[-119.82236,54.15582],[-119.82262,54.15579],[-119.82287,54.15576],[-119.82309,54.15575],[-119.82389,54.15571],[-119.8239,54.15571],[-119.82445,54.15567],[-119.82461,54.15565],[-119.82474,54.15563],[-119.82508,54.15556],[-119.8252,54.15554],[-119.82535,54.15552],[-119.82588,54.15548],[-119.82659,54.15548],[-119.82724,54.15533],[-119.82773,54.15521],[-119.82806,54.15511],[-119.82846,54.15503],[-119.82868,54.15501],[-119.82889,54.15502],[-119.8291,54.15508],[-119.82927,54.15514],[-119.82938,54.15517],[-119.82958,54.15517],[-119.82981,54.15516],[-119.83062,54.15516],[-119.83099,54.15513],[-119.83137,54.15509],[-119.83253,54.15489],[-119.83341,54.15482],[-119.83393,54.15471],[-119.83496,54.15461],[-119.83576,54.15425],[-119.8359,54.15425],[-119.8361,54.15426],[-119.83625,54.15424],[-119.83677,54.15394],[-119.83778,54.15354],[-119.83828,54.15329],[-119.83887,54.15292],[-119.83913,54.15274],[-119.83941,54.15251],[-119.83947,54.15246],[-119.83954,54.15243],[-119.83958,54.15242],[-119.83962,54.15243],[-119.83969,54.15245],[-119.83985,54.1525],[-119.84016,54.15252],[-119.84057,54.15254],[-119.84125,54.15258],[-119.8416,54.15261],[-119.84195,54.15262],[-119.84243,54.15264],[-119.84297,54.15268],[-119.84335,54.15273],[-119.84474,54.15296],[-119.84575,54.15317],[-119.84614,54.15323],[-119.8465,54.15332],[-119.84669,54.15336],[-119.84687,54.15339],[-119.84702,54.15339],[-119.84751,54.15337],[-119.84789,54.15337],[-119.84846,54.15344],[-119.84849,54.15345],[-119.84934,54.15381],[-119.84992,54.15396],[-119.8501,54.15404],[-119.85035,54.15417],[-119.8506,54.1543],[-119.85093,54.15451],[-119.85101,54.15457],[-119.8511,54.15462],[-119.85118,54.1547],[-119.85138,54.1549],[-119.85195,54.15535],[-119.8522,54.15565],[-119.85226,54.15572],[-119.85234,54.15578],[-119.85243,54.15582],[-119.85256,54.15584],[-119.85289,54.15582],[-119.85333,54.15578],[-119.85414,54.15562],[-119.85485,54.15546],[-119.85545,54.15541],[-119.85649,54.15492],[-119.85692,54.15476],[-119.85727,54.15467],[-119.85742,54.15464],[-119.8576,54.15463],[-119.85795,54.15465],[-119.85835,54.15463],[-119.8587,54.15459],[-119.85933,54.15454],[-119.85994,54.15446],[-119.8605,54.15441],[-119.86088,54.15439],[-119.86155,54.15431],[-119.86167,54.1543],[-119.86177,54.15431],[-119.86186,54.15432],[-119.86228,54.15441],[-119.86266,54.15449],[-119.86316,54.15455],[-119.86414,54.15472],[-119.86488,54.15496],[-119.86505,54.15504],[-119.86527,54.1551],[-119.86556,54.15506],[-119.8658,54.15507],[-119.86599,54.15511],[-119.86633,54.15532],[-119.86664,54.15555],[-119.86698,54.15578],[-119.86725,54.15603],[-119.86766,54.15632],[-119.86825,54.1569],[-119.86848,54.15741],[-119.86863,54.15768],[-119.86874,54.15787],[-119.86885,54.15796],[-119.86924,54.15821],[-119.86928,54.15826],[-119.86929,54.15831],[-119.86927,54.15837],[-119.86921,54.15847],[-119.86916,54.15857],[-119.86916,54.15861],[-119.86917,54.15866],[-119.87103,54.16077],[-119.8711,54.16083],[-119.87114,54.16086],[-119.87119,54.16088],[-119.87124,54.16087],[-119.87128,54.16086],[-119.87135,54.16083],[-119.87144,54.1608],[-119.87153,54.16078],[-119.87213,54.16077],[-119.87279,54.16078],[-119.87342,54.16075],[-119.87368,54.16077],[-119.87392,54.1608],[-119.8742,54.16082],[-119.87441,54.16082],[-119.87469,54.16084],[-119.87506,54.16094],[-119.8757,54.16104],[-119.87601,54.16108],[-119.87634,54.1611],[-119.87741,54.16107],[-119.87826,54.16109],[-119.87871,54.16112],[-119.87901,54.16117],[-119.87955,54.16126],[-119.88005,54.16132],[-119.8804,54.16139],[-119.88071,54.16142],[-119.88121,54.16144],[-119.88181,54.16145],[-119.8838,54.16177],[-119.8842,54.16182],[-119.8845,54.16183],[-119.8848,54.16185],[-119.88532,54.16197],[-119.8857,54.16212],[-119.88605,54.16226],[-119.8862,54.1624],[-119.88635,54.16259],[-119.88646,54.16278],[-119.88652,54.163],[-119.88663,54.16316],[-119.88681,54.16332],[-119.88709,54.16343],[-119.8873,54.1635],[-119.88741,54.16359],[-119.88764,54.16378],[-119.88805,54.16432],[-119.88825,54.16455],[-119.88848,54.1647],[-119.88868,54.16476],[-119.88896,54.16481],[-119.88926,54.16482],[-119.88979,54.16482],[-119.89037,54.16487],[-119.89168,54.16504],[-119.89274,54.16526],[-119.89379,54.16554],[-119.89477,54.16586],[-119.89655,54.16623],[-119.89692,54.16636],[-119.89705,54.16643],[-119.89712,54.16651],[-119.89713,54.16661],[-119.89712,54.1667],[-119.89706,54.16687],[-119.89697,54.16705],[-119.89694,54.16736],[-119.89688,54.16761],[-119.89671,54.16787],[-119.89665,54.16803],[-119.89638,54.16837],[-119.8964,54.16844],[-119.89647,54.16849],[-119.89663,54.16854],[-119.89712,54.16869],[-119.90148,54.16989],[-119.90216,54.17016],[-119.90257,54.17024],[-119.90292,54.17026],[-119.9037,54.17023],[-119.90438,54.17032],[-119.90476,54.1704],[-119.90561,54.17078],[-119.90656,54.17126],[-119.90678,54.17128],[-119.90778,54.17118],[-119.909,54.17093],[-119.90943,54.17086],[-119.9098,54.17081],[-119.91004,54.17082],[-119.91096,54.17098],[-119.91172,54.17116],[-119.91236,54.17131],[-119.91372,54.17175],[-119.91457,54.1719],[-119.91586,54.1721],[-119.9203,54.1727],[-119.92125,54.17286],[-119.92531,54.17339],[-119.92571,54.17341],[-119.92601,54.17339],[-119.92628,54.17334],[-119.92663,54.17324],[-119.92699,54.17315],[-119.92741,54.17312],[-119.92778,54.17313],[-119.92794,54.17316],[-119.92805,54.1732],[-119.92868,54.17349],[-119.92916,54.17361],[-119.92931,54.17361],[-119.92982,54.17357],[-119.93018,54.17351],[-119.93078,54.17339],[-119.93153,54.17321],[-119.93216,54.173],[-119.93285,54.1728],[-119.93319,54.17276],[-119.93353,54.17274],[-119.93395,54.1728],[-119.93475,54.17307],[-119.93541,54.17331],[-119.93588,54.17341],[-119.93619,54.17345],[-119.93653,54.17343],[-119.93709,54.17339],[-119.93755,54.17327],[-119.938,54.17323],[-119.93859,54.17329]]]},"properties":{"OBJECTID":440,"PASITES_ID":1059,"NAME":"Kakwa Wildland","TYPE":"WPP","SUBTYPE":" ","STATUS":"OC","SOURCE":41,"IUCN":"IB","OC_NO":"OC 33/96","ACRES":162312.80193052001,"HECTARES":65685.660493019997,"OC_DATE":821862000000,"DATE_EST":821862000000,"OC_NAME":"Kakwa Wildland Provincial Park","NOTES":""}}]}