{"type":"FeatureCollection","features":[{"type":"Feature","id":44,"geometry":{"type":"Polygon","coordinates":[[[-119.97934,54.74986],[-119.97953,54.74989],[-119.97968,54.7499],[-119.98006,54.74996],[-119.98009,54.74997],[-119.98022,54.75001],[-119.98035,54.75004],[-119.98072,54.75014],[-119.98128,54.75026],[-119.9817,54.75032],[-119.98271,54.75025],[-119.98321,54.75023],[-119.98381,54.75019],[-119.98394,54.75018],[-119.98437,54.75013],[-119.98453,54.75006],[-119.98461,54.75001],[-119.98467,54.74996],[-119.98529,54.74953],[-119.98563,54.74935],[-119.98664,54.74892],[-119.98667,54.7489],[-119.98699,54.74867],[-119.98819,54.748],[-119.98931,54.74728],[-119.98964,54.74701],[-119.98968,54.74693],[-119.98992,54.74642],[-119.98998,54.7463],[-119.99009,54.74592],[-119.9903,54.74559],[-119.99039,54.74551],[-119.99065,54.74526],[-119.99111,54.74471],[-119.99133,54.7444],[-119.99164,54.74366],[-119.99176,54.74328],[-119.99183,54.74288],[-119.99179,54.74246],[-119.99199,54.74168],[-119.99215,54.74133],[-119.99238,54.74101],[-119.993,54.74046],[-119.9937,54.73995],[-119.99412,54.73959],[-119.99432,54.73942],[-119.99463,54.73912],[-119.9948,54.73889],[-119.99481,54.73887],[-119.99492,54.73884],[-119.996,54.7384],[-119.99697,54.73806],[-119.99738,54.7379],[-119.99785,54.73765],[-119.99857,54.73715],[-119.99924,54.73663],[-119.99956,54.73636],[-119.9997,54.73628],[-119.99977,54.73624],[-120.00009,54.7358],[-120.00025,54.73556],[-120.00045,54.73533],[-120.00086,54.73474],[-120.00104,54.73454],[-120.00115,54.73443],[-120.00138,54.73429],[-120.00138,54.73427],[-120.00138,54.72859],[-120.00138,54.72705],[-120.00138,54.71982],[-120.00138,54.71259],[-120.00138,54.70937],[-120.00138,54.70518],[-120.00138,54.69795],[-120.00138,54.69126],[-120.00138,54.69073],[-120.00138,54.6835],[-120.00138,54.67609],[-120.00138,54.67297],[-120.00138,54.66886],[-120.00138,54.66163],[-120.00138,54.65473],[-120.00138,54.65441],[-120.00138,54.64905],[-120.00138,54.647],[-120.00138,54.63977],[-120.00138,54.63255],[-120.00138,54.63022],[-120.00138,54.62532],[-120.00138,54.61791],[-120.00138,54.61491],[-120.00138,54.61068],[-120.00138,54.60577],[-120.00138,54.60346],[-120.00137,54.59623],[-120.00137,54.58983],[-120.00137,54.58882],[-120.00137,54.5816],[-120.00137,54.57587],[-120.00137,54.57437],[-120.00137,54.56714],[-120.00137,54.56286],[-120.00137,54.55973],[-120.00137,54.55251],[-120.00137,54.54863],[-120.00137,54.54528],[-120.00137,54.53805],[-120.00137,54.53481],[-120.00137,54.53065],[-120.00136,54.52342],[-120.00136,54.51849],[-120.00136,54.51619],[-120.00136,54.50896],[-120.00136,54.50783],[-120.00136,54.50156],[-120.00136,54.49637],[-120.00136,54.49433],[-120.00136,54.4871],[-120.00136,54.47987],[-120.00136,54.47784],[-120.00136,54.47247],[-120.00136,54.46676],[-120.00136,54.46524],[-120.00136,54.45801],[-120.00135,54.45395],[-120.00135,54.45078],[-120.00135,54.44338],[-120.00135,54.43615],[-120.00135,54.43431],[-120.00135,54.42892],[-120.00135,54.42367],[-120.00135,54.4217],[-120.00135,54.41429],[-120.00135,54.41403],[-120.00135,54.41346],[-120.00135,54.40663],[-120.00135,54.3994],[-120.00135,54.39786],[-120.00135,54.39217],[-120.00135,54.38476],[-120.00135,54.37872],[-120.00135,54.37754],[-120.00135,54.37031],[-120.00135,54.36485],[-120.00135,54.36308],[-120.00134,54.35567],[-120.00134,54.3522],[-120.00134,54.34845],[-120.00134,54.3434],[-120.00134,54.34122],[-120.00134,54.33399],[-120.00134,54.32897],[-120.00134,54.32658],[-120.00134,54.31936],[-120.00134,54.31213],[-120.00133,54.30491],[-120.00133,54.3035],[-120.00133,54.2975],[-120.00133,54.29027],[-120.00133,54.28864],[-120.00133,54.28305],[-120.00133,54.27582],[-120.00133,54.26841],[-120.00133,54.26119],[-120.00133,54.25396],[-120.00133,54.24674],[-120.00132,54.24011],[-120.00132,54.23933],[-120.00132,54.2321],[-120.00132,54.22488],[-120.00132,54.21765],[-120.00132,54.21024],[-120.00132,54.20302],[-120.00132,54.19579],[-120.00132,54.19399],[-120.00132,54.18856],[-120.00132,54.18116],[-120.00132,54.17955],[-120.00132,54.17393],[-120.00132,54.17044],[-120.00132,54.16671],[-120.00132,54.15948],[-120.00132,54.15752],[-120.00132,54.15207],[-120.00132,54.14485],[-120.00132,54.13762],[-120.00132,54.1304],[-120.00133,54.12388],[-120.00133,54.12299],[-120.00133,54.11577],[-120.00133,54.10854],[-120.00133,54.10297],[-120.00109,54.10273],[-120.00103,54.10262],[-120.00097,54.1023],[-120.00076,54.10194],[-120.0002,54.10133],[-120.00019,54.10131],[-120.00009,54.10117],[-119.99992,54.10093],[-119.99983,54.10056],[-119.99968,54.10017],[-119.99963,54.10011],[-119.99959,54.10007],[-119.99947,54.09997],[-119.99946,54.09997],[-119.99934,54.09982],[-119.99916,54.09952],[-119.99905,54.09942],[-119.99893,54.0992],[-119.99871,54.09895],[-119.99803,54.0983],[-119.9974,54.09776],[-119.99713,54.0976],[-119.9967,54.09726],[-119.99628,54.09704],[-119.99539,54.09665],[-119.99468,54.09644],[-119.99427,54.09642],[-119.99353,54.09647],[-119.99279,54.09649],[-119.99246,54.09631],[-119.99245,54.09622],[-119.99252,54.09599],[-119.99294,54.09556],[-119.99291,54.09542],[-119.99273,54.09522],[-119.99225,54.09513],[-119.99212,54.09513],[-119.99096,54.09495],[-119.99011,54.09492],[-119.98939,54.09482],[-119.98872,54.09472],[-119.98786,54.09471],[-119.98744,54.09473],[-119.98709,54.09474],[-119.9852,54.09469],[-119.98409,54.09455],[-119.98325,54.0946],[-119.98264,54.09463],[-119.9823,54.09465],[-119.98035,54.09495],[-119.97976,54.09508],[-119.97877,54.09535],[-119.97772,54.0958],[-119.97622,54.09633],[-119.97546,54.09665],[-119.9751,54.09689],[-119.97504,54.09694],[-119.97497,54.09703],[-119.97485,54.09736],[-119.97486,54.0977],[-119.97499,54.09809],[-119.97491,54.09825],[-119.97469,54.0985],[-119.97464,54.09858],[-119.97441,54.09898],[-119.97389,54.09939],[-119.97323,54.09969],[-119.97275,54.09978],[-119.97254,54.09979],[-119.97154,54.0997],[-119.97129,54.09971],[-119.97086,54.09979],[-119.9707,54.09985],[-119.97039,54.10004],[-119.96981,54.10073],[-119.96953,54.10103],[-119.96918,54.10132],[-119.96885,54.10159],[-119.96844,54.1018],[-119.96793,54.10197],[-119.96661,54.10217],[-119.96587,54.10224],[-119.96549,54.10219],[-119.96472,54.102],[-119.96406,54.10191],[-119.96363,54.10192],[-119.96245,54.10195],[-119.96226,54.10195],[-119.96158,54.10202],[-119.961,54.10217],[-119.96003,54.10256],[-119.95953,54.10286],[-119.95936,54.10307],[-119.95902,54.10324],[-119.9589,54.10336],[-119.95872,54.10366],[-119.95846,54.10401],[-119.95828,54.10437],[-119.95841,54.10477],[-119.95865,54.10511],[-119.9599,54.10577],[-119.96029,54.10601],[-119.96065,54.10646],[-119.96087,54.10688],[-119.96111,54.10759],[-119.96115,54.10805],[-119.9611,54.10835],[-119.96101,54.10853],[-119.96056,54.10947],[-119.96043,54.10986],[-119.9604,54.1103],[-119.96065,54.11113],[-119.96065,54.11157],[-119.96059,54.11168],[-119.96019,54.11228],[-119.95992,54.11243],[-119.95986,54.11251],[-119.95975,54.11281],[-119.95955,54.11312],[-119.95871,54.11373],[-119.95826,54.11395],[-119.95755,54.11423],[-119.95718,54.11432],[-119.95621,54.1143],[-119.95556,54.11425],[-119.95521,54.11425],[-119.95484,54.11425],[-119.95398,54.1144],[-119.95352,54.11447],[-119.95279,54.1145],[-119.95209,54.11447],[-119.95147,54.11439],[-119.95081,54.11434],[-119.95011,54.11432],[-119.95011,54.11432],[-119.94965,54.11434],[-119.94862,54.11438],[-119.94505,54.11432],[-119.94366,54.11444],[-119.94297,54.1144],[-119.94244,54.11427],[-119.94195,54.11411],[-119.94151,54.11392],[-119.94131,54.11381],[-119.94069,54.1135],[-119.94006,54.11309],[-119.93979,54.11288],[-119.93939,54.11271],[-119.9388,54.11262],[-119.93765,54.11241],[-119.93746,54.11239],[-119.937,54.11236],[-119.93577,54.11249],[-119.93503,54.11238],[-119.93478,54.11225],[-119.93338,54.11147],[-119.93293,54.11124],[-119.93239,54.1111],[-119.93178,54.11103],[-119.93121,54.11115],[-119.93059,54.11123],[-119.92987,54.11124],[-119.92921,54.11121],[-119.92828,54.1108],[-119.92772,54.11051],[-119.92738,54.11026],[-119.92697,54.11006],[-119.92607,54.10969],[-119.92558,54.10955],[-119.92511,54.10937],[-119.92465,54.10919],[-119.92422,54.10902],[-119.92321,54.10874],[-119.92291,54.10854],[-119.92288,54.10851],[-119.92237,54.10791],[-119.92208,54.10764],[-119.92172,54.1074],[-119.92129,54.10675],[-119.92087,54.10672],[-119.91986,54.10641],[-119.91924,54.10634],[-119.91805,54.10617],[-119.91765,54.10616],[-119.91702,54.10632],[-119.91656,54.10651],[-119.91616,54.10673],[-119.9157,54.10691],[-119.91512,54.10704],[-119.91448,54.10697],[-119.91388,54.10688],[-119.91246,54.10652],[-119.9123,54.10647],[-119.91164,54.10642],[-119.91092,54.10641],[-119.91025,54.10649],[-119.90913,54.10676],[-119.90868,54.10694],[-119.90759,54.10721],[-119.90654,54.10751],[-119.90587,54.10755],[-119.90521,54.10749],[-119.90376,54.10757],[-119.90308,54.10763],[-119.90238,54.10767],[-119.90172,54.10763],[-119.9011,54.10755],[-119.90044,54.10752],[-119.90011,54.10742],[-119.89994,54.10737],[-119.89965,54.10745],[-119.89949,54.10749],[-119.89912,54.10754],[-119.89862,54.10742],[-119.89831,54.10734],[-119.89815,54.10733],[-119.89771,54.10731],[-119.89743,54.10732],[-119.89703,54.10742],[-119.89656,54.1076],[-119.8964,54.10781],[-119.89616,54.10823],[-119.89603,54.10832],[-119.89597,54.10836],[-119.89579,54.10847],[-119.89576,54.1085],[-119.89571,54.10855],[-119.89569,54.10856],[-119.89537,54.10874],[-119.89503,54.109],[-119.89463,54.10921],[-119.89323,54.10976],[-119.89289,54.11001],[-119.89247,54.11021],[-119.8921,54.11044],[-119.89126,54.11085],[-119.89093,54.11106],[-119.89046,54.11121],[-119.88992,54.11145],[-119.88976,54.11177],[-119.88939,54.11201],[-119.88881,54.11213],[-119.88813,54.11235],[-119.88775,54.11243],[-119.88746,54.11253],[-119.88727,54.1126],[-119.88688,54.11283],[-119.88657,54.1131],[-119.8862,54.11333],[-119.88543,54.11389],[-119.88492,54.114],[-119.88448,54.11414],[-119.88434,54.1144],[-119.8837,54.11449],[-119.88231,54.11458],[-119.88223,54.11489],[-119.88189,54.11487],[-119.88158,54.11486],[-119.88132,54.11455],[-119.88139,54.11425],[-119.88136,54.11414],[-119.88129,54.11405],[-119.88123,54.11378],[-119.88094,54.11343],[-119.88059,54.11332],[-119.88059,54.11316],[-119.8809,54.11308],[-119.88116,54.11325],[-119.88115,54.11306],[-119.88138,54.11308],[-119.88169,54.11294],[-119.8816,54.11277],[-119.88119,54.11255],[-119.88095,54.11247],[-119.88071,54.11239],[-119.88037,54.11214],[-119.87999,54.11195],[-119.87966,54.11165],[-119.87921,54.11146],[-119.87837,54.11106],[-119.878,54.11083],[-119.87717,54.11042],[-119.87626,54.11007],[-119.87575,54.10992],[-119.87519,54.10981],[-119.87511,54.1098],[-119.87465,54.10974],[-119.87458,54.10973],[-119.8739,54.1097],[-119.8728,54.10946],[-119.87188,54.10936],[-119.87101,54.1094],[-119.87048,54.10928],[-119.87032,54.10927],[-119.86987,54.10855],[-119.86964,54.10817],[-119.86938,54.10786],[-119.86908,54.10763],[-119.86913,54.10754],[-119.86895,54.1072],[-119.86872,54.10687],[-119.86836,54.10611],[-119.86824,54.10569],[-119.86793,54.10541],[-119.86759,54.10517],[-119.86587,54.10439],[-119.86536,54.10425],[-119.86457,54.1038],[-119.86405,54.10367],[-119.8638,54.10364],[-119.8633,54.10345],[-119.86291,54.10322],[-119.86245,54.10298],[-119.86089,54.10215],[-119.86068,54.10199],[-119.86042,54.10178],[-119.8596,54.10136],[-119.8595,54.10132],[-119.85866,54.10102],[-119.85795,54.10084],[-119.85761,54.10076],[-119.85712,54.10061],[-119.85667,54.10042],[-119.85617,54.10027],[-119.85558,54.10027],[-119.8554,54.10028],[-119.85497,54.10044],[-119.85484,54.10078],[-119.85497,54.1011],[-119.85432,54.10124],[-119.85356,54.10129],[-119.85284,54.10131],[-119.85243,54.10109],[-119.85197,54.101],[-119.85131,54.10097],[-119.85128,54.10065],[-119.8516,54.10038],[-119.85211,54.10028],[-119.85259,54.1001],[-119.85281,54.09981],[-119.85242,54.0997],[-119.8508,54.09983],[-119.85009,54.09996],[-119.84963,54.10005],[-119.84954,54.10006],[-119.8488,54.10011],[-119.84815,54.10007],[-119.84759,54.09999],[-119.84605,54.10008],[-119.8439,54.10012],[-119.84328,54.10006],[-119.84305,54.09998],[-119.84266,54.09975],[-119.84222,54.09956],[-119.84185,54.09932],[-119.84088,54.09902],[-119.84007,54.09859],[-119.83909,54.09827],[-119.83824,54.09786],[-119.83806,54.09774],[-119.83748,54.0974],[-119.83743,54.09738],[-119.83662,54.09701],[-119.83632,54.09672],[-119.83599,54.09646],[-119.83557,54.09625],[-119.83516,54.09598],[-119.83504,54.09576],[-119.83467,54.09553],[-119.83432,54.09528],[-119.83398,54.09516],[-119.8338,54.095],[-119.83374,54.09488],[-119.83355,54.09453],[-119.83295,54.09445],[-119.83228,54.09443],[-119.831,54.09435],[-119.83054,54.09418],[-119.83002,54.09404],[-119.82948,54.09415],[-119.82942,54.09418],[-119.8291,54.09435],[-119.82899,54.09469],[-119.8293,54.09511],[-119.8289,54.09539],[-119.82773,54.09522],[-119.82753,54.09525],[-119.82737,54.0952],[-119.827,54.09498],[-119.82656,54.09478],[-119.82602,54.09465],[-119.82508,54.09449],[-119.82461,54.09441],[-119.82433,54.09436],[-119.82357,54.09417],[-119.82329,54.0941],[-119.8227,54.09404],[-119.82255,54.09404],[-119.82246,54.0939],[-119.82231,54.09367],[-119.82212,54.09285],[-119.8219,54.09249],[-119.82161,54.09217],[-119.8211,54.09204],[-119.82047,54.092],[-119.82001,54.09219],[-119.81982,54.09251],[-119.81987,54.09265],[-119.81967,54.09275],[-119.81907,54.09279],[-119.81859,54.09262],[-119.81858,54.09253],[-119.81902,54.09197],[-119.8191,54.0916],[-119.8188,54.0913],[-119.81843,54.09107],[-119.81794,54.09103],[-119.81776,54.0911],[-119.81719,54.09126],[-119.81696,54.09157],[-119.81616,54.092],[-119.81555,54.09211],[-119.81577,54.09225],[-119.81511,54.09211],[-119.81442,54.09211],[-119.81316,54.09232],[-119.813,54.09233],[-119.81247,54.09221],[-119.81263,54.09207],[-119.81244,54.09206],[-119.81241,54.09206],[-119.81126,54.09188],[-119.81072,54.09193],[-119.81011,54.09115],[-119.80978,54.09087],[-119.80952,54.09055],[-119.80922,54.09025],[-119.8082,54.08945],[-119.8078,54.08924],[-119.80742,54.089],[-119.80714,54.0887],[-119.80665,54.08855],[-119.80591,54.08858],[-119.80527,54.08868],[-119.80407,54.08894],[-119.80338,54.089],[-119.80294,54.08894],[-119.80282,54.08873],[-119.80242,54.08844],[-119.80199,54.08825],[-119.8009,54.08801],[-119.8001,54.08798],[-119.80032,54.08789],[-119.80006,54.08788],[-119.79965,54.08787],[-119.7996,54.08786],[-119.79909,54.08777],[-119.79757,54.08786],[-119.79706,54.08804],[-119.79661,54.08824],[-119.79624,54.08846],[-119.79607,54.08879],[-119.7961,54.08922],[-119.79606,54.0895],[-119.79577,54.08983],[-119.79564,54.09018],[-119.79538,54.09047],[-119.79512,54.09067],[-119.79497,54.09064],[-119.79458,54.09053],[-119.79441,54.09045],[-119.79358,54.09025],[-119.793,54.09017],[-119.79235,54.09013],[-119.79159,54.09018],[-119.7909,54.09026],[-119.79012,54.09031],[-119.7894,54.09032],[-119.78877,54.09028],[-119.78807,54.0903],[-119.78741,54.09035],[-119.78726,54.09036],[-119.78716,54.09029],[-119.78685,54.09018],[-119.78587,54.09016],[-119.78563,54.09028],[-119.78517,54.09047],[-119.78383,54.09046],[-119.78253,54.09034],[-119.78219,54.0904],[-119.78202,54.09044],[-119.78174,54.0905],[-119.78039,54.09068],[-119.77966,54.09072],[-119.77944,54.09068],[-119.77912,54.09059],[-119.77829,54.09044],[-119.77802,54.09059],[-119.77761,54.09077],[-119.77684,54.09085],[-119.77571,54.09067],[-119.77511,54.09061],[-119.77506,54.0906],[-119.7746,54.09053],[-119.77395,54.09044],[-119.77345,54.0903],[-119.7731,54.09022],[-119.77246,54.08997],[-119.77187,54.08985],[-119.7697,54.09003],[-119.76901,54.09012],[-119.76851,54.0903],[-119.76814,54.09053],[-119.76792,54.09077],[-119.76772,54.09115],[-119.76772,54.09155],[-119.76778,54.09197],[-119.76801,54.09273],[-119.76787,54.09283],[-119.76743,54.0929],[-119.76706,54.09267],[-119.76686,54.09229],[-119.76647,54.09209],[-119.76593,54.09211],[-119.76629,54.09236],[-119.7664,54.09274],[-119.766,54.09297],[-119.76548,54.09313],[-119.76498,54.09299],[-119.76457,54.09284],[-119.76446,54.09275],[-119.7645,54.09248],[-119.76428,54.09251],[-119.76356,54.09298],[-119.76241,54.09337],[-119.76192,54.09353],[-119.76092,54.09389],[-119.7604,54.09408],[-119.75996,54.09417],[-119.75988,54.09418],[-119.7594,54.09427],[-119.75931,54.09429],[-119.75866,54.09427],[-119.75808,54.09419],[-119.75803,54.09417],[-119.75773,54.094],[-119.75788,54.09389],[-119.75812,54.09372],[-119.75864,54.09384],[-119.75904,54.09389],[-119.75921,54.09392],[-119.75918,54.09389],[-119.75913,54.09386],[-119.75864,54.09371],[-119.7583,54.09353],[-119.75808,54.0932],[-119.75769,54.09298],[-119.75714,54.09287],[-119.75656,54.09279],[-119.75518,54.0929],[-119.75377,54.09294],[-119.75328,54.0929],[-119.75237,54.09297],[-119.75208,54.09312],[-119.75175,54.0939],[-119.75174,54.09392],[-119.75183,54.09417],[-119.75189,54.09432],[-119.75216,54.09463],[-119.75196,54.09489],[-119.75138,54.09474],[-119.75049,54.09451],[-119.75033,54.09451],[-119.75007,54.09447],[-119.75002,54.09446],[-119.74989,54.09444],[-119.74961,54.09439],[-119.74923,54.09432],[-119.74886,54.09417],[-119.74879,54.09414],[-119.74856,54.0939],[-119.74852,54.09385],[-119.74848,54.09376],[-119.74855,54.09351],[-119.74853,54.09338],[-119.74827,54.09306],[-119.74787,54.09284],[-119.74704,54.09261],[-119.74677,54.0926],[-119.74624,54.09248],[-119.74579,54.09231],[-119.74541,54.09207],[-119.74548,54.09197],[-119.74519,54.09184],[-119.74483,54.09159],[-119.74457,54.09126],[-119.74427,54.09097],[-119.7439,54.09073],[-119.74347,54.09053],[-119.74298,54.0904],[-119.74235,54.09037],[-119.74199,54.0903],[-119.74049,54.09003],[-119.74,54.09002],[-119.73938,54.09012],[-119.73895,54.09031],[-119.73846,54.0905],[-119.73797,54.09063],[-119.73779,54.09055],[-119.73742,54.09044],[-119.73733,54.09041],[-119.7367,54.09036],[-119.73546,54.0904],[-119.73459,54.09028],[-119.73399,54.09022],[-119.73282,54.0902],[-119.73246,54.09028],[-119.73194,54.09044],[-119.72925,54.09109],[-119.72824,54.09123],[-119.7275,54.09128],[-119.72612,54.09128],[-119.72548,54.09124],[-119.72507,54.09119],[-119.72489,54.09117],[-119.72461,54.09111],[-119.72438,54.09106],[-119.72362,54.0909],[-119.72215,54.09053],[-119.72174,54.09047],[-119.72061,54.09006],[-119.71964,54.08984],[-119.71824,54.0897],[-119.71753,54.08972],[-119.71679,54.08979],[-119.71585,54.08998],[-119.7155,54.09001],[-119.71489,54.08999],[-119.71473,54.08994],[-119.71436,54.08985],[-119.71392,54.08965],[-119.71336,54.08957],[-119.71255,54.08966],[-119.71242,54.08966],[-119.71188,54.0897],[-119.71124,54.08967],[-119.71015,54.08945],[-119.70958,54.08938],[-119.70891,54.08936],[-119.7082,54.08939],[-119.70752,54.08949],[-119.70644,54.08981],[-119.7054,54.09017],[-119.70481,54.09031],[-119.70417,54.09039],[-119.70341,54.0904],[-119.7028,54.09052],[-119.70023,54.09084],[-119.70007,54.09101],[-119.7,54.09108],[-119.70007,54.09116],[-119.70022,54.09134],[-119.70007,54.09147],[-119.69992,54.0916],[-119.70004,54.09196],[-119.69982,54.09228],[-119.69961,54.09234],[-119.69932,54.09243],[-119.69868,54.0925],[-119.6979,54.09251],[-119.69721,54.09248],[-119.69668,54.09234],[-119.69533,54.09181],[-119.69481,54.09168],[-119.69436,54.0915],[-119.69398,54.09128],[-119.69311,54.09094],[-119.69274,54.09075],[-119.69122,54.09013],[-119.68951,54.0898],[-119.6889,54.08972],[-119.68835,54.08959],[-119.68775,54.08949],[-119.68742,54.08941],[-119.68615,54.08907],[-119.6857,54.08889],[-119.68534,54.08864],[-119.68494,54.08842],[-119.68458,54.08816],[-119.68381,54.0877],[-119.68298,54.08728],[-119.68267,54.08707],[-119.68252,54.08702],[-119.68215,54.08686],[-119.68179,54.08667],[-119.68177,54.08666],[-119.68167,54.08657],[-119.68128,54.08655],[-119.68097,54.08662],[-119.68088,54.08667],[-119.68081,54.0867],[-119.6801,54.08668],[-119.67965,54.08687],[-119.67865,54.08719],[-119.67831,54.08735],[-119.67813,54.0874],[-119.67794,54.08741],[-119.67724,54.0878],[-119.6771,54.08789],[-119.67696,54.08799],[-119.67683,54.08817],[-119.67668,54.08828],[-119.67653,54.08855],[-119.6759,54.08874],[-119.67547,54.08895],[-119.67507,54.08921],[-119.67471,54.08944],[-119.67461,54.08964],[-119.67457,54.08971],[-119.67455,54.0898],[-119.67461,54.08992],[-119.6749,54.0905],[-119.6749,54.09083],[-119.67481,54.09122],[-119.67461,54.09134],[-119.67442,54.09145],[-119.67399,54.09166],[-119.67328,54.09214],[-119.67288,54.09236],[-119.67257,54.09264],[-119.67223,54.09289],[-119.67186,54.09309],[-119.67175,54.09347],[-119.67122,54.09362],[-119.66901,54.09371],[-119.66833,54.0938],[-119.66797,54.09389],[-119.66779,54.09393],[-119.66734,54.09412],[-119.6673,54.09416],[-119.66706,54.0944],[-119.66661,54.09459],[-119.6659,54.09464],[-119.66526,54.09472],[-119.66489,54.09494],[-119.66435,54.09508],[-119.66366,54.09503],[-119.66311,54.09491],[-119.66241,54.09483],[-119.66119,54.09469],[-119.66064,54.09457],[-119.66004,54.09448],[-119.65948,54.0946],[-119.65905,54.09481],[-119.65884,54.09513],[-119.65871,54.09551],[-119.65862,54.09565],[-119.65834,54.0959],[-119.65784,54.09615],[-119.65751,54.09647],[-119.65705,54.09662],[-119.6559,54.09664],[-119.65454,54.0966],[-119.65408,54.09664],[-119.65364,54.09674],[-119.65312,54.09684],[-119.65281,54.0966],[-119.65256,54.09665],[-119.65219,54.09679],[-119.6516,54.09706],[-119.65147,54.09724],[-119.65126,54.09736],[-119.65086,54.0975],[-119.65041,54.0977],[-119.65007,54.09794],[-119.65006,54.09794],[-119.64978,54.09822],[-119.64961,54.09833],[-119.64939,54.09846],[-119.64907,54.09872],[-119.64864,54.0994],[-119.64838,54.0997],[-119.64817,54.10003],[-119.64794,54.1008],[-119.6479,54.10122],[-119.64793,54.10129],[-119.64808,54.10157],[-119.64839,54.10186],[-119.64874,54.1021],[-119.64961,54.10294],[-119.64964,54.10297],[-119.64988,54.10328],[-119.65007,54.10348],[-119.65074,54.10415],[-119.65099,54.10447],[-119.65102,54.10489],[-119.65087,54.10525],[-119.65103,54.10561],[-119.6516,54.10618],[-119.65179,54.10651],[-119.6518,54.10738],[-119.6519,54.10778],[-119.65193,54.10822],[-119.65189,54.10851],[-119.65187,54.10863],[-119.65174,54.109],[-119.65166,54.1094],[-119.65173,54.1098],[-119.65167,54.1099],[-119.65154,54.11023],[-119.65126,54.11052],[-119.65091,54.11081],[-119.65012,54.11126],[-119.65007,54.11128],[-119.64961,54.11143],[-119.64907,54.11156],[-119.64869,54.1117],[-119.64802,54.11172],[-119.64714,54.11136],[-119.64574,54.11126],[-119.64496,54.11128],[-119.64439,54.1114],[-119.64394,54.1116],[-119.64361,54.11184],[-119.6434,54.11215],[-119.64337,54.11256],[-119.64372,54.11296],[-119.6434,54.1136],[-119.64313,54.11388],[-119.64239,54.11436],[-119.64157,54.11478],[-119.64093,54.11486],[-119.64031,54.11479],[-119.63983,54.11461],[-119.63848,54.11403],[-119.63807,54.11382],[-119.63771,54.11357],[-119.63742,54.11352],[-119.63715,54.11347],[-119.63667,54.11329],[-119.63593,54.11282],[-119.63464,54.11222],[-119.63423,54.112],[-119.63371,54.11184],[-119.63311,54.11175],[-119.6326,54.11171],[-119.63247,54.1118],[-119.63215,54.11196],[-119.63121,54.11232],[-119.63001,54.11299],[-119.62969,54.11325],[-119.62927,54.11383],[-119.62811,54.1146],[-119.62754,54.11472],[-119.62681,54.11471],[-119.6262,54.11462],[-119.62564,54.11451],[-119.62508,54.11452],[-119.62488,54.11452],[-119.62462,54.11459],[-119.62438,54.11465],[-119.62421,54.11473],[-119.62375,54.11496],[-119.6233,54.11507],[-119.62277,54.11567],[-119.62269,54.11576],[-119.62216,54.11633],[-119.62192,54.11665],[-119.62135,54.11833],[-119.62093,54.11889],[-119.62064,54.11919],[-119.62026,54.11942],[-119.61959,54.11945],[-119.61888,54.11944],[-119.61699,54.11979],[-119.61597,54.12017],[-119.61561,54.12018],[-119.61431,54.12029],[-119.61372,54.12038],[-119.61317,54.1205],[-119.613,54.12058],[-119.61275,54.1207],[-119.61243,54.12079],[-119.61207,54.1209],[-119.61161,54.12124],[-119.61118,54.12173],[-119.61085,54.12247],[-119.61055,54.12279],[-119.61033,54.1229],[-119.61025,54.12299],[-119.61003,54.12326],[-119.60944,54.12396],[-119.60852,54.12488],[-119.60835,54.125],[-119.60833,54.12501],[-119.60822,54.12508],[-119.60816,54.12512],[-119.60773,54.12533],[-119.60591,54.12598],[-119.60544,54.1262],[-119.60424,54.12658],[-119.60273,54.12687],[-119.60218,54.127],[-119.60171,54.12724],[-119.60098,54.12772],[-119.60034,54.12825],[-119.60009,54.12839],[-119.60002,54.12844],[-119.59965,54.12884],[-119.59963,54.12888],[-119.5992,54.1295],[-119.59884,54.13022],[-119.5987,54.1304],[-119.59859,54.13053],[-119.59832,54.13096],[-119.5982,54.13133],[-119.59828,54.13171],[-119.59845,54.13205],[-119.59866,54.13237],[-119.59935,54.13295],[-119.59921,54.13327],[-119.59872,54.13373],[-119.59809,54.13406],[-119.59779,54.13434],[-119.59744,54.13458],[-119.59715,54.13487],[-119.59688,54.13507],[-119.59613,54.13564],[-119.59592,54.13577],[-119.59498,54.1364],[-119.59445,54.13701],[-119.59409,54.13763],[-119.59404,54.1377],[-119.59391,54.13808],[-119.59394,54.13823],[-119.59398,54.13847],[-119.59417,54.13893],[-119.5949,54.13931],[-119.59536,54.13949],[-119.59597,54.13966],[-119.59634,54.14014],[-119.59694,54.14088],[-119.59758,54.1414],[-119.59775,54.14173],[-119.59776,54.14214],[-119.59764,54.14302],[-119.59744,54.14336],[-119.59711,54.14363],[-119.59667,54.14381],[-119.59636,54.14409],[-119.59628,54.14436],[-119.59622,54.14445],[-119.5957,54.14459],[-119.59527,54.14477],[-119.59521,54.14479],[-119.59508,54.14485],[-119.59481,54.14498],[-119.59448,54.14524],[-119.59407,54.14517],[-119.59403,54.14485],[-119.59403,54.14484],[-119.59405,54.14441],[-119.59368,54.14418],[-119.59353,54.14401],[-119.59349,54.14456],[-119.59356,54.14485],[-119.59358,54.14494],[-119.59385,54.14523],[-119.59429,54.14542],[-119.59439,54.14553],[-119.5945,54.14576],[-119.59502,54.14634],[-119.59521,54.14667],[-119.59563,54.14721],[-119.59594,54.1479],[-119.59599,54.14842],[-119.59614,54.1488],[-119.59638,54.14909],[-119.59659,54.1494],[-119.59711,54.14997],[-119.59732,54.15029],[-119.59734,54.15031],[-119.59736,54.15032],[-119.59764,54.1506],[-119.59766,54.15096],[-119.59786,54.15128],[-119.5979,54.15166],[-119.59766,54.15198],[-119.59753,54.15208],[-119.59734,54.15224],[-119.59711,54.15235],[-119.59691,54.15245],[-119.59624,54.15247],[-119.59555,54.1524],[-119.59483,54.15241],[-119.59464,54.15275],[-119.59471,54.15357],[-119.59482,54.15382],[-119.59497,54.1539],[-119.59515,54.15355],[-119.59514,54.15313],[-119.59522,54.15272],[-119.59547,54.1526],[-119.59583,54.15263],[-119.59655,54.15263],[-119.59709,54.15251],[-119.59744,54.15235],[-119.59753,54.15231],[-119.59782,54.15208],[-119.59786,54.15205],[-119.59823,54.15183],[-119.59823,54.15208],[-119.59824,54.15217],[-119.59818,54.15235],[-119.59803,54.15287],[-119.59806,54.15315],[-119.59778,54.15408],[-119.59756,54.15441],[-119.59739,54.15476],[-119.5974,54.15517],[-119.59746,54.15546],[-119.59747,54.15556],[-119.59731,54.15628],[-119.59697,54.1567],[-119.59684,54.15709],[-119.59683,54.15752],[-119.59669,54.15802],[-119.59677,54.15825],[-119.59677,54.15839],[-119.59668,54.15848],[-119.59618,54.159],[-119.59597,54.15931],[-119.59589,54.15944],[-119.59574,54.15949],[-119.59552,54.15957],[-119.59527,54.15988],[-119.5952,54.16004],[-119.5947,54.16049],[-119.59389,54.1614],[-119.5935,54.16216],[-119.59295,54.16226],[-119.59276,54.16225],[-119.59279,54.1619],[-119.593,54.16108],[-119.59303,54.15949],[-119.59303,54.15937],[-119.59295,54.15899],[-119.5931,54.15859],[-119.59334,54.15826],[-119.59367,54.15799],[-119.59396,54.15771],[-119.59415,54.15735],[-119.59438,54.15703],[-119.59446,54.15661],[-119.59443,54.1562],[-119.59458,54.15582],[-119.59491,54.15555],[-119.59515,54.15523],[-119.59514,54.15485],[-119.59504,54.15495],[-119.59492,54.15515],[-119.59464,54.15545],[-119.59426,54.15568],[-119.59416,54.15609],[-119.5941,54.15654],[-119.59362,54.15768],[-119.59273,54.15854],[-119.5926,54.15893],[-119.59255,54.15936],[-119.59252,54.15949],[-119.59226,54.16061],[-119.59227,54.16102],[-119.59247,54.16133],[-119.59261,54.16169],[-119.5925,54.16209],[-119.59227,54.16241],[-119.59175,54.16256],[-119.59069,54.16281],[-119.59025,54.163],[-119.58996,54.16328],[-119.5896,54.16352],[-119.58914,54.1637],[-119.58873,54.16391],[-119.58837,54.16415],[-119.58808,54.16444],[-119.58783,54.16476],[-119.58762,54.1651],[-119.58745,54.16559],[-119.58735,54.16588],[-119.58736,54.16662],[-119.5874,54.16672],[-119.58745,54.16682],[-119.58753,54.16702],[-119.58781,54.16722],[-119.58816,54.16766],[-119.58821,54.16789],[-119.58846,54.1682],[-119.58904,54.16921],[-119.5892,54.16956],[-119.58941,54.17019],[-119.58942,54.17034],[-119.5893,54.17072],[-119.58913,54.17102],[-119.58873,54.17133],[-119.58827,54.17151],[-119.58771,54.17163],[-119.58745,54.17167],[-119.58711,54.17173],[-119.58521,54.17242],[-119.58477,54.17261],[-119.58414,54.1728],[-119.5836,54.17286],[-119.58301,54.17297],[-119.58254,54.17315],[-119.58213,54.17337],[-119.58177,54.17361],[-119.58144,54.17387],[-119.58138,54.17395],[-119.58119,54.17418],[-119.58105,54.17455],[-119.58101,54.17497],[-119.58106,54.17539],[-119.58115,54.17565],[-119.58078,54.17585],[-119.58014,54.17582],[-119.57973,54.17603],[-119.57922,54.17618],[-119.57861,54.17628],[-119.57804,54.17641],[-119.57753,54.17656],[-119.57705,54.17674],[-119.57629,54.17719],[-119.57535,54.17756],[-119.57511,54.17768],[-119.57492,54.17777],[-119.57464,54.17795],[-119.57458,54.17799],[-119.57427,54.17827],[-119.574,54.17857],[-119.57384,54.17893],[-119.57384,54.17942],[-119.57419,54.18003],[-119.57443,54.18029],[-119.57448,54.18038],[-119.57462,54.18103],[-119.57449,54.18117],[-119.57423,54.18144],[-119.57424,54.18145],[-119.57445,54.18175],[-119.57454,54.18259],[-119.57464,54.18277],[-119.57478,54.18299],[-119.57491,54.18321],[-119.57511,54.18356],[-119.57513,54.18361],[-119.57532,54.18437],[-119.57536,54.18458],[-119.57511,54.185],[-119.57464,54.18578],[-119.57403,54.18681],[-119.57406,54.18705],[-119.57345,54.18838],[-119.57339,54.18858],[-119.57329,54.18891],[-119.57311,54.18955],[-119.57309,54.18999],[-119.57314,54.19041],[-119.5733,54.19076],[-119.57368,54.19099],[-119.57383,54.19136],[-119.57404,54.19168],[-119.57435,54.19196],[-119.57459,54.19227],[-119.57464,54.19231],[-119.57492,54.19253],[-119.57511,54.19262],[-119.57537,54.19273],[-119.57638,54.19341],[-119.57659,54.19372],[-119.57709,54.19413],[-119.57748,54.19441],[-119.57832,54.19475],[-119.57936,54.19503],[-119.57981,54.19522],[-119.58091,54.19542],[-119.58107,54.19548],[-119.5811,54.19581],[-119.5811,54.19582],[-119.58105,54.19632],[-119.58073,54.19699],[-119.58052,54.19733],[-119.58025,54.19762],[-119.57991,54.19787],[-119.57961,54.19815],[-119.57946,54.19852],[-119.57932,54.19873],[-119.57918,54.19904],[-119.57901,54.19973],[-119.57873,54.20015],[-119.57852,54.20077],[-119.57837,54.20122],[-119.57831,54.20138],[-119.57797,54.20209],[-119.57775,54.20242],[-119.57726,54.20259],[-119.57682,54.20278],[-119.57688,54.20304],[-119.5769,54.20308],[-119.5782,54.20367],[-119.57853,54.20393],[-119.57882,54.20421],[-119.57894,54.2046],[-119.57903,54.20534],[-119.57897,54.20573],[-119.57888,54.20626],[-119.57831,54.20777],[-119.57818,54.20797],[-119.57815,54.20812],[-119.57782,54.20885],[-119.57741,54.20952],[-119.57714,54.20981],[-119.57683,54.21026],[-119.5767,54.21045],[-119.57667,54.21054],[-119.57655,54.21082],[-119.57638,54.21163],[-119.57622,54.212],[-119.57614,54.21213],[-119.57582,54.21268],[-119.57555,54.21298],[-119.57534,54.21331],[-119.57519,54.21369],[-119.57511,54.21382],[-119.57497,54.21402],[-119.57465,54.21432],[-119.57406,54.21485],[-119.57343,54.21512],[-119.57311,54.2152],[-119.57212,54.21555],[-119.5717,54.21575],[-119.57119,54.21591],[-119.5701,54.21619],[-119.56914,54.21647],[-119.56899,54.2165],[-119.56844,54.21654],[-119.56797,54.21636],[-119.56658,54.21625],[-119.56528,54.2161],[-119.5647,54.21599],[-119.56379,54.21561],[-119.56277,54.2153],[-119.56246,54.21517],[-119.56233,54.21511],[-119.5617,54.21502],[-119.56013,54.21501],[-119.55864,54.21499],[-119.55788,54.215],[-119.55757,54.21509],[-119.55685,54.2153],[-119.55508,54.21561],[-119.55454,54.21579],[-119.55419,54.21601],[-119.55399,54.21634],[-119.55355,54.21745],[-119.55349,54.21767],[-119.55346,54.21779],[-119.55325,54.21818],[-119.55272,54.21879],[-119.5519,54.21922],[-119.55126,54.21914],[-119.55012,54.2189],[-119.54966,54.2188],[-119.54953,54.21878],[-119.54904,54.21861],[-119.5479,54.21834],[-119.5477,54.21826],[-119.54681,54.21809],[-119.54529,54.21808],[-119.54457,54.21811],[-119.54397,54.21821],[-119.54298,54.21855],[-119.54255,54.21874],[-119.54223,54.219],[-119.54185,54.21918],[-119.54147,54.21932],[-119.54108,54.21954],[-119.5408,54.21984],[-119.54067,54.22022],[-119.54029,54.22091],[-119.54016,54.22129],[-119.54007,54.22169],[-119.53986,54.22202],[-119.53958,54.22233],[-119.53939,54.22267],[-119.5389,54.2233],[-119.53877,54.22367],[-119.53869,54.22406],[-119.53874,54.22441],[-119.53864,54.2248],[-119.53864,54.22489],[-119.53865,54.22523],[-119.53879,54.22559],[-119.53868,54.2258],[-119.5387,54.22686],[-119.5388,54.22725],[-119.539,54.22758],[-119.53944,54.22778],[-119.54048,54.22806],[-119.54109,54.22816],[-119.54215,54.22844],[-119.5426,54.22864],[-119.5429,54.22888],[-119.54302,54.22929],[-119.54308,54.22969],[-119.54309,54.23057],[-119.54296,54.23095],[-119.54274,54.23128],[-119.54245,54.23158],[-119.54196,54.23175],[-119.54141,54.23187],[-119.54099,54.23193],[-119.54097,54.2324],[-119.54096,54.23274],[-119.54095,54.23296],[-119.54061,54.23314],[-119.54051,54.23328],[-119.54046,54.23355],[-119.54042,54.2338],[-119.5403,54.23402],[-119.5394,54.23464],[-119.53879,54.23511],[-119.53863,54.23541],[-119.53858,54.23576],[-119.53871,54.23614],[-119.5389,54.23632],[-119.53919,54.23648],[-119.53983,54.23671],[-119.54049,54.23683],[-119.54151,54.23696],[-119.54274,54.23699],[-119.54434,54.23695],[-119.54563,54.23699],[-119.54636,54.23707],[-119.54676,54.23716],[-119.5472,54.23734],[-119.54755,54.23765],[-119.548,54.23821],[-119.54841,54.23855],[-119.54879,54.23884],[-119.54935,54.2393],[-119.55002,54.23975],[-119.55046,54.24029],[-119.55076,54.24081],[-119.55104,54.24124],[-119.5513,54.24158],[-119.55152,54.24191],[-119.55167,54.24216],[-119.55183,54.24241],[-119.55201,54.24268],[-119.55214,54.24295],[-119.55226,54.24322],[-119.55239,54.24351],[-119.55276,54.24403],[-119.553,54.24433],[-119.55358,54.24479],[-119.55422,54.24491],[-119.55466,54.24504],[-119.5552,54.24526],[-119.55563,54.24546],[-119.55604,54.24577],[-119.55632,54.24606],[-119.55649,54.24646],[-119.55658,54.24688],[-119.55656,54.24727],[-119.55664,54.24749],[-119.55677,54.24766],[-119.55718,54.24791],[-119.55778,54.24804],[-119.55836,54.24813],[-119.55889,54.24818],[-119.55964,54.24809],[-119.56028,54.24797],[-119.56094,54.24791],[-119.56218,54.24785],[-119.56251,54.24788],[-119.56282,54.248],[-119.56307,54.2482],[-119.56326,54.2485],[-119.56335,54.24877],[-119.56344,54.24903],[-119.56362,54.24935],[-119.5639,54.25016],[-119.56402,54.25053],[-119.56411,54.25101],[-119.56458,54.2519],[-119.56485,54.25213],[-119.56521,54.25234],[-119.56961,54.25369],[-119.57032,54.25419],[-119.57118,54.25471],[-119.57171,54.25492],[-119.57233,54.25506],[-119.57331,54.25522],[-119.57413,54.25539],[-119.57518,54.25557],[-119.57617,54.25568],[-119.57706,54.25584],[-119.57766,54.25603],[-119.57805,54.25624],[-119.57885,54.25665],[-119.58073,54.2574],[-119.58142,54.25771],[-119.58196,54.25808],[-119.5831,54.25886],[-119.58414,54.25945],[-119.58451,54.25963],[-119.58465,54.25969],[-119.5848,54.25973],[-119.58496,54.25974],[-119.58505,54.25974],[-119.58511,54.25974],[-119.58556,54.25946],[-119.58584,54.2593],[-119.58614,54.25918],[-119.58631,54.25912],[-119.58681,54.25904],[-119.58705,54.25904],[-119.58724,54.25906],[-119.5877,54.2593],[-119.588,54.25947],[-119.58834,54.25961],[-119.58917,54.25975],[-119.58967,54.25981],[-119.59015,54.25981],[-119.59094,54.25978],[-119.59166,54.25967],[-119.59264,54.25957],[-119.59357,54.25947],[-119.59453,54.25929],[-119.59521,54.25907],[-119.59555,54.25887],[-119.59591,54.25853],[-119.59638,54.25824],[-119.59706,54.25798],[-119.59793,54.25774],[-119.5983,54.2576],[-119.5986,54.25742],[-119.5988,54.25724],[-119.59894,54.25704],[-119.59926,54.25671],[-119.59941,54.25645],[-119.59943,54.25616],[-119.59946,54.25592],[-119.59936,54.2557],[-119.59935,54.25547],[-119.59941,54.25523],[-119.5995,54.25502],[-119.59954,54.25485],[-119.59963,54.25468],[-119.59976,54.25467],[-119.59991,54.25467],[-119.60002,54.25472],[-119.60011,54.25481],[-119.60033,54.2551],[-119.60052,54.25533],[-119.60064,54.25554],[-119.60081,54.2559],[-119.60087,54.25616],[-119.60097,54.25631],[-119.60112,54.25648],[-119.60127,54.25664],[-119.6015,54.25676],[-119.60172,54.2569],[-119.60198,54.25715],[-119.60234,54.25742],[-119.60269,54.25757],[-119.60303,54.25768],[-119.6035,54.25785],[-119.60388,54.25806],[-119.60431,54.25842],[-119.60492,54.25875],[-119.60547,54.25899],[-119.60554,54.25915],[-119.6055,54.25938],[-119.60553,54.25961],[-119.60556,54.25972],[-119.60563,54.25978],[-119.6062,54.25998],[-119.60669,54.26015],[-119.60725,54.26027],[-119.60775,54.26037],[-119.60812,54.26047],[-119.60885,54.26058],[-119.60945,54.26069],[-119.60999,54.26072],[-119.61043,54.26071],[-119.61099,54.2607],[-119.61135,54.26064],[-119.61162,54.26054],[-119.61233,54.26021],[-119.6129,54.26005],[-119.61355,54.25998],[-119.61378,54.25999],[-119.61395,54.26004],[-119.61421,54.26017],[-119.61453,54.26042],[-119.61467,54.26068],[-119.61468,54.26103],[-119.61457,54.26126],[-119.61435,54.26144],[-119.6139,54.26168],[-119.61359,54.26195],[-119.61355,54.26209],[-119.61359,54.26224],[-119.61372,54.26246],[-119.61397,54.26246],[-119.61433,54.26254],[-119.61463,54.26267],[-119.61492,54.26281],[-119.61508,54.26295],[-119.61629,54.2644],[-119.61651,54.26494],[-119.61661,54.26602],[-119.61683,54.2663],[-119.61729,54.26665],[-119.61764,54.26687],[-119.6186,54.26753],[-119.62011,54.26838],[-119.62142,54.26888],[-119.62213,54.26898],[-119.62266,54.26902],[-119.62608,54.26901],[-119.62667,54.26902],[-119.6271,54.26914],[-119.62821,54.26962],[-119.62902,54.27004],[-119.62959,54.27046],[-119.6302,54.27136],[-119.63096,54.27201],[-119.63184,54.27267],[-119.63249,54.27311],[-119.63312,54.27347],[-119.63384,54.27375],[-119.63405,54.27391],[-119.63423,54.27414],[-119.63481,54.27531],[-119.6356,54.27605],[-119.63706,54.27719],[-119.63858,54.27812],[-119.63954,54.27863],[-119.63996,54.2791],[-119.64038,54.27955],[-119.64088,54.27987],[-119.64154,54.28009],[-119.6441,54.28032],[-119.6448,54.2805],[-119.64526,54.28066],[-119.6456,54.28082],[-119.64652,54.28131],[-119.64744,54.28206],[-119.64815,54.28277],[-119.6489,54.2838],[-119.6491,54.284],[-119.64989,54.28454],[-119.65038,54.28473],[-119.65091,54.28487],[-119.65151,54.28498],[-119.65227,54.28505],[-119.65295,54.28517],[-119.65319,54.28521],[-119.65341,54.28526],[-119.65465,54.28564],[-119.65596,54.28601],[-119.65613,54.28609],[-119.65626,54.28616],[-119.6563,54.28618],[-119.6565,54.28632],[-119.65665,54.28639],[-119.6568,54.28645],[-119.65697,54.28647],[-119.65715,54.28653],[-119.65731,54.28664],[-119.6575,54.28681],[-119.6577,54.28695],[-119.65794,54.28709],[-119.65844,54.28739],[-119.6589,54.2877],[-119.65981,54.28826],[-119.66094,54.28884],[-119.66182,54.28936],[-119.6621,54.28963],[-119.66233,54.28989],[-119.66239,54.29006],[-119.6624,54.29019],[-119.66225,54.29046],[-119.66208,54.29084],[-119.66205,54.29124],[-119.66214,54.29138],[-119.66226,54.29143],[-119.66251,54.2915],[-119.6631,54.29151],[-119.66348,54.29155],[-119.66376,54.29169],[-119.66406,54.29201],[-119.66436,54.29223],[-119.66511,54.2927],[-119.66543,54.29297],[-119.66593,54.29328],[-119.66623,54.29356],[-119.66644,54.29385],[-119.66656,54.29392],[-119.66672,54.29396],[-119.66729,54.29408],[-119.66766,54.29418],[-119.66798,54.29432],[-119.66811,54.29442],[-119.66823,54.29464],[-119.66831,54.29482],[-119.66847,54.29516],[-119.66845,54.29534],[-119.66835,54.29551],[-119.66818,54.2956],[-119.66793,54.29566],[-119.66767,54.29572],[-119.66743,54.29576],[-119.66719,54.29582],[-119.66712,54.29588],[-119.66716,54.29598],[-119.66727,54.2961],[-119.66749,54.29624],[-119.66784,54.29645],[-119.66809,54.29655],[-119.66837,54.29665],[-119.66884,54.29678],[-119.66902,54.29684],[-119.66927,54.29697],[-119.66955,54.29717],[-119.66971,54.29731],[-119.66988,54.29743],[-119.6705,54.29772],[-119.67103,54.29795],[-119.67164,54.29837],[-119.67193,54.29854],[-119.67215,54.29864],[-119.67283,54.29882],[-119.67317,54.29895],[-119.67349,54.29904],[-119.67383,54.29916],[-119.67407,54.29929],[-119.67435,54.29941],[-119.67471,54.29966],[-119.67508,54.29997],[-119.67552,54.30023],[-119.67715,54.301],[-119.67868,54.30159],[-119.67995,54.30211],[-119.68069,54.30249],[-119.68102,54.30278],[-119.68129,54.30314],[-119.6817,54.30354],[-119.68189,54.30397],[-119.68178,54.30419],[-119.68144,54.30439],[-119.68083,54.3046],[-119.6803,54.30479],[-119.67953,54.30504],[-119.67878,54.30531],[-119.67826,54.30565],[-119.67797,54.30604],[-119.67761,54.30627],[-119.67719,54.3064],[-119.67703,54.30647],[-119.67704,54.30656],[-119.67731,54.3066],[-119.67786,54.30655],[-119.6788,54.30635],[-119.68042,54.30606],[-119.68166,54.30595],[-119.68266,54.30598],[-119.68293,54.30599],[-119.68313,54.30608],[-119.68318,54.30647],[-119.68332,54.30672],[-119.68355,54.30697],[-119.68367,54.30723],[-119.68385,54.30764],[-119.68382,54.30789],[-119.68374,54.30803],[-119.68371,54.30815],[-119.68375,54.30839],[-119.68381,54.30867],[-119.68384,54.30906],[-119.6839,54.30951],[-119.68396,54.30979],[-119.68404,54.31004],[-119.68403,54.31023],[-119.68394,54.31051],[-119.68388,54.31066],[-119.68382,54.31085],[-119.68378,54.31092],[-119.68373,54.31096],[-119.68366,54.31099],[-119.6838,54.3111],[-119.68406,54.31129],[-119.68427,54.3115],[-119.6845,54.31169],[-119.68535,54.31215],[-119.68583,54.31234],[-119.6862,54.3128],[-119.68634,54.3129],[-119.68711,54.31317],[-119.68754,54.31328],[-119.68886,54.31369],[-119.68947,54.31383],[-119.68998,54.31401],[-119.69068,54.3143],[-119.69163,54.31458],[-119.6933,54.31543],[-119.69483,54.31621],[-119.69522,54.31639],[-119.69577,54.31652],[-119.69679,54.31684],[-119.69748,54.31709],[-119.6981,54.31735],[-119.69882,54.31775],[-119.69929,54.31807],[-119.69961,54.31839],[-119.69982,54.31868],[-119.7002,54.3193],[-119.70035,54.31962],[-119.70059,54.32006],[-119.70104,54.32098],[-119.70123,54.32132],[-119.7016,54.32161],[-119.70218,54.32197],[-119.70278,54.32234],[-119.70314,54.32255],[-119.70368,54.32298],[-119.70409,54.32331],[-119.70444,54.32352],[-119.70489,54.32372],[-119.70717,54.32489],[-119.7077,54.32517],[-119.70825,54.3254],[-119.70954,54.32591],[-119.71012,54.32614],[-119.71072,54.32633],[-119.71188,54.32668],[-119.71268,54.32698],[-119.71306,54.32717],[-119.71325,54.32739],[-119.71337,54.32776],[-119.71343,54.32821],[-119.71352,54.32859],[-119.71376,54.32929],[-119.71402,54.33012],[-119.71424,54.3311],[-119.71432,54.3322],[-119.71436,54.33283],[-119.7146,54.33366],[-119.71477,54.3341],[-119.71505,54.33439],[-119.71559,54.33474],[-119.71642,54.33513],[-119.717,54.33535],[-119.71864,54.33578],[-119.71903,54.33593],[-119.71926,54.33611],[-119.71938,54.33638],[-119.7195,54.33679],[-119.71976,54.33698],[-119.72003,54.33712],[-119.72259,54.33841],[-119.72294,54.33854],[-119.72328,54.33864],[-119.72578,54.33916],[-119.7263,54.33924],[-119.72678,54.33926],[-119.72758,54.33907],[-119.72846,54.33884],[-119.72895,54.33877],[-119.72937,54.33877],[-119.72979,54.33885],[-119.73054,54.33931],[-119.73122,54.33986],[-119.73157,54.34019],[-119.73267,54.34112],[-119.73287,54.34131],[-119.73297,54.34147],[-119.73302,54.34201],[-119.7331,54.34229],[-119.73349,54.3429],[-119.73352,54.34319],[-119.73329,54.34355],[-119.73301,54.34398],[-119.73292,54.34428],[-119.73291,54.34456],[-119.73297,54.34484],[-119.73311,54.34509],[-119.73354,54.34539],[-119.73454,54.34584],[-119.73492,54.34603],[-119.73552,54.3465],[-119.73584,54.3468],[-119.7361,54.34691],[-119.73654,54.34701],[-119.73713,54.34707],[-119.73774,54.34713],[-119.73819,54.34724],[-119.73864,54.34744],[-119.73941,54.34785],[-119.73993,54.34812],[-119.7403,54.3483],[-119.74082,54.34846],[-119.74125,54.34862],[-119.74171,54.34884],[-119.74225,54.34915],[-119.74258,54.34946],[-119.7428,54.34963],[-119.74315,54.34985],[-119.74398,54.35025],[-119.74438,54.35048],[-119.74484,54.35071],[-119.74536,54.35088],[-119.74608,54.35108],[-119.74646,54.3513],[-119.7467,54.35157],[-119.74685,54.35192],[-119.74687,54.3523],[-119.74615,54.3529],[-119.74617,54.35328],[-119.74621,54.35348],[-119.74631,54.35382],[-119.74642,54.35407],[-119.74657,54.3543],[-119.74666,54.35445],[-119.74672,54.35455],[-119.74679,54.35479],[-119.74673,54.35512],[-119.74657,54.35539],[-119.74623,54.35558],[-119.74511,54.35596],[-119.74456,54.35604],[-119.74378,54.3561],[-119.7432,54.35608],[-119.74247,54.35606],[-119.74163,54.35603],[-119.74064,54.35598],[-119.74018,54.35598],[-119.73948,54.35607],[-119.73881,54.3562],[-119.73846,54.35631],[-119.73817,54.3565],[-119.73789,54.35671],[-119.73764,54.35695],[-119.73739,54.35714],[-119.73669,54.35742],[-119.73603,54.35769],[-119.73571,54.35787],[-119.7356,54.35802],[-119.73562,54.35817],[-119.73577,54.35834],[-119.73608,54.35857],[-119.73655,54.3589],[-119.73689,54.3592],[-119.73721,54.35948],[-119.73733,54.35968],[-119.73736,54.36003],[-119.73733,54.36032],[-119.73737,54.36049],[-119.73753,54.3606],[-119.73782,54.36068],[-119.7381,54.3608],[-119.73821,54.36096],[-119.73813,54.36114],[-119.73795,54.36133],[-119.73707,54.36209],[-119.73682,54.36291],[-119.73644,54.36321],[-119.73603,54.3636],[-119.73579,54.36377],[-119.7353,54.36398],[-119.73484,54.36414],[-119.73442,54.36439],[-119.7342,54.36474],[-119.73403,54.36485],[-119.73317,54.36511],[-119.73283,54.36525],[-119.73277,54.36554],[-119.7328,54.36585],[-119.73284,54.36608],[-119.73271,54.36632],[-119.73258,54.36652],[-119.7325,54.36689],[-119.73252,54.36713],[-119.73282,54.36726],[-119.73331,54.36739],[-119.73376,54.36754],[-119.73406,54.36768],[-119.73432,54.36781],[-119.73445,54.36796],[-119.73448,54.36821],[-119.73449,54.36845],[-119.73437,54.36862],[-119.73372,54.36889],[-119.73352,54.36906],[-119.73347,54.36921],[-119.73347,54.36964],[-119.73342,54.36985],[-119.733,54.37013],[-119.73283,54.37035],[-119.73266,54.37112],[-119.73263,54.37179],[-119.73265,54.37254],[-119.73261,54.37274],[-119.73233,54.373],[-119.73147,54.37342],[-119.73125,54.37357],[-119.73104,54.37379],[-119.73081,54.3742],[-119.73067,54.37489],[-119.73068,54.37501],[-119.73107,54.37574],[-119.73258,54.3766],[-119.73329,54.37695],[-119.73396,54.37742],[-119.73537,54.37789],[-119.73656,54.37871],[-119.73707,54.37912],[-119.73768,54.37952],[-119.73918,54.38061],[-119.73939,54.38082],[-119.73967,54.38102],[-119.74024,54.38133],[-119.74041,54.38139],[-119.74055,54.38152],[-119.74058,54.38173],[-119.74037,54.38197],[-119.73992,54.38224],[-119.73973,54.3826],[-119.73937,54.38309],[-119.73919,54.38332],[-119.73918,54.3836],[-119.73931,54.38371],[-119.74021,54.38399],[-119.74066,54.38418],[-119.7413,54.38433],[-119.74162,54.3843],[-119.7421,54.38422],[-119.74288,54.384],[-119.74349,54.38394],[-119.74402,54.38398],[-119.74632,54.38428],[-119.74775,54.38438],[-119.74824,54.38443],[-119.74881,54.38456],[-119.7494,54.38476],[-119.74947,54.38478],[-119.74979,54.38496],[-119.74992,54.38505],[-119.75002,54.38512],[-119.75005,54.38514],[-119.75139,54.38605],[-119.75271,54.3869],[-119.75471,54.38815],[-119.75548,54.38671],[-119.75577,54.38601],[-119.756,54.38568],[-119.75652,54.38513],[-119.75688,54.38485],[-119.75764,54.38406],[-119.75849,54.38329],[-119.75942,54.38172],[-119.75992,54.38079],[-119.76109,54.37944],[-119.7615,54.37866],[-119.76154,54.37852],[-119.76164,54.37821],[-119.76173,54.37793],[-119.76225,54.37629],[-119.76259,54.37571],[-119.76302,54.37525],[-119.76321,54.37508],[-119.76328,54.37501],[-119.76375,54.37457],[-119.7639,54.3743],[-119.76432,54.3737],[-119.76469,54.37305],[-119.76501,54.37243],[-119.76521,54.37209],[-119.76562,54.37152],[-119.76575,54.37136],[-119.76631,54.37085],[-119.76671,54.37054],[-119.76713,54.37027],[-119.76766,54.36999],[-119.76853,54.36943],[-119.76887,54.36912],[-119.76946,54.36852],[-119.76987,54.36789],[-119.7705,54.36671],[-119.77181,54.36424],[-119.77204,54.36391],[-119.77343,54.36253],[-119.77405,54.36198],[-119.77491,54.36105],[-119.77545,54.36039],[-119.77577,54.36008],[-119.77633,54.35929],[-119.77653,54.35896],[-119.77708,54.35841],[-119.77776,54.35743],[-119.77809,54.35716],[-119.779,54.35602],[-119.77923,54.35577],[-119.77952,54.35557],[-119.78023,54.35522],[-119.78072,54.35505],[-119.78223,54.35503],[-119.78429,54.35508],[-119.78536,54.35498],[-119.78585,54.3549],[-119.78628,54.35478],[-119.78662,54.35463],[-119.78708,54.35437],[-119.78762,54.35415],[-119.78805,54.35403],[-119.78822,54.35396],[-119.78842,54.35381],[-119.78888,54.35349],[-119.78921,54.35317],[-119.78976,54.35228],[-119.79024,54.35184],[-119.79122,54.35114],[-119.79178,54.35078],[-119.79315,54.34975],[-119.79344,54.34951],[-119.79424,54.34879],[-119.79453,54.34851],[-119.79468,54.34835],[-119.79485,54.34807],[-119.79488,54.34771],[-119.79484,54.34726],[-119.7948,54.34691],[-119.79468,54.34653],[-119.79446,54.3459],[-119.79444,54.34552],[-119.79455,54.34522],[-119.79494,54.34473],[-119.79548,54.34406],[-119.7957,54.34366],[-119.79577,54.34353],[-119.79589,54.34321],[-119.79592,54.34291],[-119.79579,54.34264],[-119.79564,54.34246],[-119.79534,54.34223],[-119.79494,54.34201],[-119.79409,54.34156],[-119.79375,54.34135],[-119.79339,54.34108],[-119.79304,54.34079],[-119.79284,54.34063],[-119.79259,54.3405],[-119.79219,54.34043],[-119.79136,54.34032],[-119.79048,54.34009],[-119.79005,54.33994],[-119.78976,54.33979],[-119.78962,54.33962],[-119.7896,54.33942],[-119.78972,54.33926],[-119.78987,54.33917],[-119.79007,54.33912],[-119.7906,54.33911],[-119.79273,54.33922],[-119.79324,54.33915],[-119.79345,54.33911],[-119.79376,54.33927],[-119.79408,54.33933],[-119.79474,54.33938],[-119.79597,54.33954],[-119.79827,54.33999],[-119.79875,54.34015],[-119.80006,54.34028],[-119.80064,54.34042],[-119.80052,54.34074],[-119.80024,54.34103],[-119.80008,54.34136],[-119.80043,54.3416],[-119.80102,54.34171],[-119.8014,54.34176],[-119.80164,54.34181],[-119.80208,54.34201],[-119.8018,54.34229],[-119.8017,54.34243],[-119.8017,54.34266],[-119.80188,54.34291],[-119.80263,54.34297],[-119.80313,54.34281],[-119.80342,54.34254],[-119.80363,54.34221],[-119.80376,54.34213],[-119.8041,54.34204],[-119.80428,54.34204],[-119.8047,54.34223],[-119.80509,54.34288],[-119.80525,54.34319],[-119.80544,54.34336],[-119.80566,54.34331],[-119.80624,54.34273],[-119.8064,54.34251],[-119.80652,54.34244],[-119.80687,54.34238],[-119.80714,54.34241],[-119.80733,54.34249],[-119.8079,54.34289],[-119.80823,54.3436],[-119.80861,54.34384],[-119.80901,54.34388],[-119.8093,54.34386],[-119.80986,54.34374],[-119.81004,54.34372],[-119.81041,54.34384],[-119.81058,54.34419],[-119.81039,54.34538],[-119.81044,54.34546],[-119.81083,54.34552],[-119.81163,54.34546],[-119.81218,54.34546],[-119.81222,54.34553],[-119.81222,54.34569],[-119.81206,54.34634],[-119.81209,54.34676],[-119.81233,54.34682],[-119.81244,54.34662],[-119.81273,54.34634],[-119.81314,54.34612],[-119.8134,54.34608],[-119.81366,54.34619],[-119.81376,54.34659],[-119.81372,54.347],[-119.81321,54.34708],[-119.8131,54.34707],[-119.81243,54.34713],[-119.81234,54.34734],[-119.81233,54.34752],[-119.8124,54.34771],[-119.81261,54.34782],[-119.81295,54.34792],[-119.81317,54.34794],[-119.81388,54.34789],[-119.81446,54.34778],[-119.81486,54.34778],[-119.81561,54.34801],[-119.81605,54.34821],[-119.81621,54.34825],[-119.81653,54.34812],[-119.81677,54.3478],[-119.817,54.34764],[-119.81725,54.34764],[-119.81763,54.34787],[-119.81782,54.34804],[-119.81823,54.34851],[-119.81852,54.34849],[-119.81884,54.34795],[-119.819,54.34776],[-119.81923,54.34765],[-119.81949,54.34758],[-119.82019,54.34754],[-119.82086,54.34758],[-119.82141,54.34771],[-119.82202,54.34774],[-119.82242,54.34748],[-119.82276,54.34718],[-119.82328,54.34707],[-119.82353,54.34711],[-119.82377,54.34724],[-119.8239,54.34746],[-119.8239,54.34761],[-119.82371,54.34794],[-119.82308,54.34849],[-119.82293,54.34875],[-119.823,54.3488],[-119.82341,54.34901],[-119.82393,54.34917],[-119.82456,54.3495],[-119.82446,54.34965],[-119.82369,54.3501],[-119.82302,54.3506],[-119.82261,54.35082],[-119.82215,54.35099],[-119.82134,54.35123],[-119.82099,54.35167],[-119.82064,54.35193],[-119.8205,54.35231],[-119.82051,54.35275],[-119.82059,54.35317],[-119.8208,54.3535],[-119.8211,54.35379],[-119.82157,54.35398],[-119.82213,54.35408],[-119.82228,54.35408],[-119.82269,54.35401],[-119.82295,54.35401],[-119.82362,54.35408],[-119.82418,54.35421],[-119.82452,54.35435],[-119.82459,54.35443],[-119.82448,54.35467],[-119.8244,54.35476],[-119.82407,54.35498],[-119.82392,54.35504],[-119.82366,54.35522],[-119.82322,54.35541],[-119.82273,54.35558],[-119.82216,54.35571],[-119.82185,54.35598],[-119.8216,54.35628],[-119.82147,54.35665],[-119.82142,54.35707],[-119.82152,54.35746],[-119.82175,54.35778],[-119.82208,54.35804],[-119.82217,54.35806],[-119.82281,54.35805],[-119.82337,54.35794],[-119.82377,54.35782],[-119.8246,54.35789],[-119.82477,54.35795],[-119.82496,54.3581],[-119.82479,54.35829],[-119.82458,54.35838],[-119.82407,54.35853],[-119.82363,54.35874],[-119.82322,54.35975],[-119.82326,54.35982],[-119.82347,54.35998],[-119.82368,54.36005],[-119.82484,54.36028],[-119.82555,54.36031],[-119.82617,54.3604],[-119.82665,54.36057],[-119.82698,54.36082],[-119.82751,54.36143],[-119.82773,54.36177],[-119.82818,54.36194],[-119.82835,54.36197],[-119.82848,54.36185],[-119.82843,54.36175],[-119.82856,54.36158],[-119.8287,54.36145],[-119.82978,54.36094],[-119.83007,54.36089],[-119.83067,54.36099],[-119.83159,54.36138],[-119.83212,54.36166],[-119.83233,54.36186],[-119.83237,54.36208],[-119.83242,54.36226],[-119.83278,54.36297],[-119.83281,54.36311],[-119.83299,54.36376],[-119.83302,54.36552],[-119.83298,54.36593],[-119.83289,54.36631],[-119.83272,54.36665],[-119.83243,54.36693],[-119.83194,54.3671],[-119.83131,54.36719],[-119.8306,54.36723],[-119.82994,54.36731],[-119.82954,54.36749],[-119.82951,54.36754],[-119.82944,54.36794],[-119.82945,54.36811],[-119.82956,54.36834],[-119.82977,54.36865],[-119.83019,54.36888],[-119.8307,54.36925],[-119.83087,54.36934],[-119.83118,54.36962],[-119.83158,54.36984],[-119.83194,54.37008],[-119.83211,54.3703],[-119.83209,54.37033],[-119.83188,54.37073],[-119.83189,54.37115],[-119.83202,54.37138],[-119.83255,54.37201],[-119.83296,54.37244],[-119.83317,54.37256],[-119.83401,54.37297],[-119.83437,54.37321],[-119.83459,54.37354],[-119.8345,54.37393],[-119.83436,54.37403],[-119.83416,54.37418],[-119.83328,54.37457],[-119.8326,54.37498],[-119.83258,54.37501],[-119.83252,54.37508],[-119.83246,54.37516],[-119.83236,54.37538],[-119.83241,54.37567],[-119.83252,54.37575],[-119.8329,54.37587],[-119.83306,54.37619],[-119.83315,54.37627],[-119.83434,54.3767],[-119.83429,54.37687],[-119.83439,54.37725],[-119.8346,54.37754],[-119.83464,54.37756],[-119.83501,54.3778],[-119.83536,54.37798],[-119.83595,54.3781],[-119.83667,54.37811],[-119.83716,54.37802],[-119.83744,54.37786],[-119.83792,54.37756],[-119.838,54.37751],[-119.83861,54.37696],[-119.83921,54.37621],[-119.83959,54.37562],[-119.84019,54.37544],[-119.84073,54.37552],[-119.84154,54.376],[-119.84199,54.37618],[-119.84317,54.37636],[-119.84392,54.37633],[-119.84436,54.37618],[-119.84476,54.37596],[-119.8454,54.3759],[-119.84562,54.37593],[-119.84503,54.3768],[-119.84472,54.37756],[-119.84459,54.37788],[-119.84432,54.37816],[-119.84383,54.37921],[-119.8436,54.37952],[-119.8434,54.3799],[-119.84329,54.37999],[-119.84312,54.38057],[-119.84317,54.38074],[-119.84323,54.38096],[-119.84353,54.38125],[-119.84429,54.38175],[-119.8447,54.38193],[-119.84613,54.38244],[-119.84902,54.38322],[-119.84911,54.38335],[-119.84905,54.38383],[-119.84918,54.3842],[-119.84945,54.38449],[-119.84964,54.38458],[-119.84988,54.3847],[-119.8501,54.38479],[-119.85012,54.38479],[-119.85034,54.38488],[-119.85096,54.38496],[-119.85137,54.38506],[-119.85149,54.38509],[-119.85199,54.38524],[-119.85241,54.38544],[-119.85219,54.38554],[-119.85192,54.38562],[-119.85148,54.38581],[-119.85115,54.38587],[-119.85105,54.38601],[-119.85099,54.38642],[-119.85112,54.38681],[-119.85137,54.38712],[-119.85166,54.38786],[-119.85178,54.38835],[-119.85185,54.38866],[-119.85201,54.38902],[-119.85223,54.38934],[-119.85294,54.38981],[-119.85335,54.39068],[-119.85365,54.39124],[-119.8539,54.39201],[-119.85393,54.3922],[-119.85396,54.39243],[-119.85445,54.3935],[-119.85466,54.39383],[-119.85506,54.39417],[-119.85533,54.39432],[-119.85594,54.39452],[-119.8563,54.39465],[-119.8567,54.39486],[-119.85703,54.39519],[-119.85699,54.39555],[-119.8569,54.39574],[-119.85673,54.39585],[-119.85623,54.39597],[-119.85551,54.39607],[-119.85484,54.39612],[-119.85447,54.39627],[-119.85445,54.39628],[-119.85369,54.39674],[-119.85282,54.39715],[-119.85082,54.3978],[-119.8505,54.39807],[-119.85032,54.39817],[-119.8501,54.3982],[-119.84964,54.39827],[-119.84956,54.39828],[-119.84907,54.39846],[-119.84868,54.39868],[-119.84837,54.39893],[-119.84788,54.39874],[-119.8473,54.39862],[-119.84667,54.39855],[-119.84599,54.39861],[-119.84553,54.3988],[-119.84462,54.39943],[-119.84447,54.39953],[-119.84371,54.39955],[-119.84156,54.39949],[-119.84112,54.39943],[-119.84097,54.3994],[-119.84026,54.3989],[-119.8397,54.39878],[-119.83903,54.39884],[-119.83849,54.39898],[-119.83745,54.39928],[-119.83744,54.39929],[-119.83685,54.39942],[-119.83679,54.39944],[-119.83659,54.39952],[-119.83594,54.39977],[-119.83464,54.40036],[-119.83391,54.40083],[-119.83365,54.40113],[-119.83359,54.40151],[-119.83321,54.40174],[-119.83278,54.40193],[-119.8325,54.4021],[-119.83171,54.40266],[-119.8314,54.40293],[-119.83057,54.40379],[-119.83026,54.40406],[-119.82919,54.40524],[-119.82887,54.4055],[-119.82828,54.40605],[-119.82806,54.40637],[-119.82794,54.40665],[-119.82791,54.40673],[-119.82743,54.40734],[-119.82737,54.40775],[-119.82757,54.40808],[-119.82782,54.40839],[-119.82791,54.40881],[-119.82786,54.40906],[-119.82582,54.40987],[-119.82541,54.41009],[-119.82508,54.41032],[-119.82507,54.41034],[-119.82481,54.41064],[-119.82462,54.41092],[-119.82459,54.41096],[-119.82444,54.41132],[-119.82424,54.41165],[-119.82395,54.41198],[-119.82351,54.4125],[-119.82299,54.41278],[-119.82244,54.41337],[-119.82235,54.41354],[-119.82233,54.41378],[-119.82238,54.41407],[-119.82239,54.41413],[-119.82223,54.41424],[-119.82197,54.41441],[-119.82092,54.41524],[-119.82028,54.4157],[-119.81987,54.41591],[-119.81934,54.41607],[-119.81874,54.41619],[-119.8177,54.41648],[-119.81725,54.41669],[-119.81667,54.41721],[-119.81604,54.41789],[-119.81583,54.41822],[-119.81595,54.4186],[-119.81623,54.41883],[-119.81625,54.41891],[-119.81642,54.41914],[-119.81683,54.4196],[-119.81722,54.41969],[-119.81708,54.41984],[-119.81721,54.42015],[-119.81718,54.42055],[-119.81698,54.42087],[-119.81665,54.42111],[-119.81599,54.4215],[-119.81587,54.42162],[-119.81581,54.42166],[-119.81529,54.422],[-119.81376,54.42262],[-119.81329,54.4228],[-119.81302,54.42291],[-119.81272,54.42321],[-119.81252,54.42336],[-119.81213,54.42378],[-119.81211,54.42379],[-119.81188,54.42416],[-119.81185,54.42471],[-119.81193,54.42495],[-119.81206,54.42513],[-119.81201,54.42552],[-119.81234,54.42636],[-119.81232,54.42667],[-119.81217,54.42703],[-119.8118,54.42771],[-119.81112,54.42822],[-119.81072,54.42843],[-119.81036,54.42868],[-119.8102,54.42889],[-119.81012,54.42899],[-119.80968,54.43007],[-119.80959,54.43021],[-119.80952,54.43043],[-119.80904,54.43083],[-119.80887,54.43096],[-119.80864,54.43112],[-119.80774,54.43195],[-119.80706,54.43246],[-119.80626,54.4329],[-119.806,54.4332],[-119.80593,54.43335],[-119.80582,54.43354],[-119.80493,54.43458],[-119.80476,54.43473],[-119.80421,54.43533],[-119.80399,54.43588],[-119.80385,54.43612],[-119.8037,54.43638],[-119.8036,54.43678],[-119.8036,54.4372],[-119.80367,54.43795],[-119.80392,54.43885],[-119.80396,54.43974],[-119.80407,54.44014],[-119.8039,54.44091],[-119.80366,54.44143],[-119.80356,54.44212],[-119.80356,54.44253],[-119.80342,54.44289],[-119.80315,54.44319],[-119.80308,54.44335],[-119.803,54.44354],[-119.80298,54.44362],[-119.80296,54.4437],[-119.80297,54.44398],[-119.80291,54.44439],[-119.80259,54.44511],[-119.80248,54.44587],[-119.80266,54.44626],[-119.80272,54.44671],[-119.80266,54.44691],[-119.80258,54.44707],[-119.80196,54.44763],[-119.80166,54.44789],[-119.80128,54.44813],[-119.80099,54.44825],[-119.80095,54.44827],[-119.80025,54.44845],[-119.79989,54.4487],[-119.79932,54.44914],[-119.7979,54.45014],[-119.79736,54.45045],[-119.79692,54.45064],[-119.7967,54.45076],[-119.79571,54.45129],[-119.79535,54.45152],[-119.79523,54.45165],[-119.79523,54.45185],[-119.79518,54.45251],[-119.79501,54.45276],[-119.79473,54.45335],[-119.79437,54.45369],[-119.79404,54.4541],[-119.79388,54.45431],[-119.79357,54.45459],[-119.793,54.45517],[-119.79265,54.45544],[-119.79191,54.45593],[-119.79179,54.45606],[-119.7905,54.45693],[-119.78984,54.45749],[-119.78953,54.45779],[-119.78948,54.45795],[-119.78949,54.45799],[-119.78981,54.45915],[-119.79004,54.45971],[-119.79014,54.46042],[-119.79035,54.46134],[-119.79038,54.46209],[-119.7903,54.4625],[-119.79004,54.46297],[-119.78953,54.4636],[-119.78912,54.46416],[-119.78905,54.46425],[-119.78889,54.46463],[-119.78864,54.46495],[-119.78854,54.46501],[-119.78854,54.46502],[-119.78839,54.46527],[-119.78834,54.46542],[-119.78833,54.46558],[-119.78835,54.46608],[-119.78832,54.4667],[-119.78833,54.46694],[-119.78853,54.46777],[-119.78854,54.46779],[-119.78876,54.46809],[-119.78913,54.4688],[-119.78921,54.46891],[-119.78933,54.46905],[-119.7899,54.46973],[-119.7901,54.47009],[-119.79043,54.47056],[-119.7903,54.47165],[-119.79027,54.47227],[-119.79025,54.47245],[-119.79022,54.47262],[-119.79025,54.47272],[-119.79032,54.47298],[-119.79054,54.47324],[-119.79092,54.47354],[-119.79115,54.47369],[-119.79128,54.47378],[-119.79168,54.47398],[-119.79213,54.47432],[-119.79275,54.47476],[-119.79289,54.47497],[-119.79296,54.47554],[-119.79277,54.47588],[-119.79239,54.47611],[-119.79224,54.47629],[-119.79204,54.47652],[-119.79189,54.47673],[-119.79133,54.47733],[-119.79114,54.47768],[-119.79092,54.47793],[-119.79066,54.47839],[-119.79046,54.47864],[-119.7904,54.47878],[-119.79015,54.47936],[-119.79014,54.47967],[-119.79011,54.47985],[-119.78992,54.48105],[-119.78969,54.48274],[-119.78961,54.48405],[-119.78966,54.48474],[-119.78967,54.48599],[-119.78967,54.48621],[-119.78971,54.48647],[-119.78979,54.48708],[-119.7898,54.48713],[-119.7898,54.48716],[-119.78981,54.48721],[-119.78983,54.488],[-119.78999,54.48837],[-119.79044,54.48915],[-119.7911,54.49051],[-119.79132,54.49085],[-119.79146,54.4912],[-119.79178,54.49148],[-119.79218,54.49175],[-119.79242,54.49201],[-119.79284,54.4926],[-119.79294,54.49353],[-119.79316,54.49431],[-119.79343,54.49525],[-119.79374,54.49633],[-119.79388,54.4967],[-119.79423,54.49742],[-119.79446,54.49764],[-119.79462,54.49772],[-119.795,54.49788],[-119.79565,54.49843],[-119.79599,54.49877],[-119.79663,54.49922],[-119.79675,54.49934],[-119.79691,54.49951],[-119.79701,54.49998],[-119.79702,54.50001],[-119.79705,54.50008],[-119.79713,54.50025],[-119.797,54.50044],[-119.797,54.5007],[-119.79706,54.50087],[-119.79707,54.50107],[-119.7969,54.50131],[-119.79672,54.50153],[-119.79652,54.50177],[-119.79649,54.5018],[-119.79637,54.50199],[-119.79631,54.50238],[-119.79628,54.5024],[-119.79627,54.50243],[-119.79627,54.50275],[-119.79631,54.50302],[-119.79647,54.50362],[-119.7966,54.50392],[-119.79695,54.5044],[-119.79696,54.50444],[-119.79704,54.5046],[-119.79706,54.50494],[-119.79723,54.50529],[-119.79749,54.50571],[-119.79774,54.50601],[-119.79805,54.50629],[-119.79829,54.5066],[-119.79849,54.50693],[-119.79882,54.50719],[-119.79911,54.50754],[-119.79944,54.50775],[-119.79985,54.50797],[-119.80017,54.50823],[-119.80027,54.50837],[-119.80037,54.50861],[-119.80077,54.50894],[-119.801,54.50912],[-119.80102,54.50913],[-119.80159,54.50971],[-119.80186,54.51005],[-119.80225,54.51023],[-119.8028,54.51083],[-119.80296,54.511],[-119.80364,54.51223],[-119.80386,54.51256],[-119.80418,54.51328],[-119.80434,54.51358],[-119.80439,54.51364],[-119.80447,54.51399],[-119.80458,54.51444],[-119.8047,54.51479],[-119.80484,54.51521],[-119.80507,54.51553],[-119.80535,54.51582],[-119.80567,54.51608],[-119.80575,54.51616],[-119.80595,54.51636],[-119.8063,54.5166],[-119.8065,54.51697],[-119.80745,54.51778],[-119.80778,54.51804],[-119.80809,54.51831],[-119.80862,54.51896],[-119.80865,54.51901],[-119.80875,54.51931],[-119.80874,54.51972],[-119.8086,54.52009],[-119.80801,54.52065],[-119.80792,54.52103],[-119.8082,54.52176],[-119.80829,54.52216],[-119.80828,54.52259],[-119.80813,54.52294],[-119.80819,54.52335],[-119.8082,54.52338],[-119.80834,54.5237],[-119.80856,54.52399],[-119.80878,54.52432],[-119.80891,54.52462],[-119.80894,54.52469],[-119.80932,54.52491],[-119.80986,54.52505],[-119.81059,54.52507],[-119.81119,54.52517],[-119.81173,54.5253],[-119.8122,54.52548],[-119.81294,54.52596],[-119.8133,54.52614],[-119.81336,54.52617],[-119.81377,54.5265],[-119.81406,54.52674],[-119.81401,54.52671],[-119.81422,54.52703],[-119.81457,54.52728],[-119.81518,54.52784],[-119.8157,54.52844],[-119.81592,54.52876],[-119.81607,54.52914],[-119.81609,54.52952],[-119.81631,54.53029],[-119.81638,54.53061],[-119.8164,54.5307],[-119.81642,54.53088],[-119.81648,54.53155],[-119.8163,54.53195],[-119.81642,54.53205],[-119.81654,54.53248],[-119.81661,54.53311],[-119.8165,54.5335],[-119.81654,54.53434],[-119.81672,54.53469],[-119.81692,54.5355],[-119.81713,54.53583],[-119.81743,54.53611],[-119.8178,54.53634],[-119.81828,54.53651],[-119.81911,54.53678],[-119.81928,54.53685],[-119.81964,54.5371],[-119.81985,54.53741],[-119.82003,54.53776],[-119.82011,54.53802],[-119.82015,54.53814],[-119.82019,54.53857],[-119.82018,54.53915],[-119.82017,54.53946],[-119.82037,54.53979],[-119.8206,54.54011],[-119.82083,54.54088],[-119.82092,54.54129],[-119.82095,54.54168],[-119.82097,54.54172],[-119.82098,54.54226],[-119.82096,54.5423],[-119.82079,54.54251],[-119.82079,54.54295],[-119.82086,54.54337],[-119.82111,54.54374],[-119.82129,54.54404],[-119.82176,54.54466],[-119.82216,54.54488],[-119.82239,54.5452],[-119.82244,54.54525],[-119.82265,54.5455],[-119.8229,54.54588],[-119.82313,54.54628],[-119.82324,54.54635],[-119.82336,54.54658],[-119.82377,54.54679],[-119.82417,54.54705],[-119.82443,54.54735],[-119.82473,54.54764],[-119.82524,54.54825],[-119.82543,54.54853],[-119.82607,54.54918],[-119.82613,54.54921],[-119.82623,54.54927],[-119.82647,54.54941],[-119.82665,54.54953],[-119.82679,54.54964],[-119.82721,54.55006],[-119.82726,54.55061],[-119.82699,54.55135],[-119.82681,54.5517],[-119.82668,54.55204],[-119.82705,54.55228],[-119.82719,54.55248],[-119.82727,54.5526],[-119.8274,54.5529],[-119.82746,54.55343],[-119.8275,54.55392],[-119.82754,54.55396],[-119.8277,54.55413],[-119.82777,54.55422],[-119.82778,54.55439],[-119.82778,54.55488],[-119.8278,54.55552],[-119.82784,54.55572],[-119.82798,54.55588],[-119.82806,54.55593],[-119.82853,54.55615],[-119.82881,54.55628],[-119.82889,54.5563],[-119.82901,54.55636],[-119.82929,54.55657],[-119.82967,54.5568],[-119.82991,54.55697],[-119.82995,54.55702],[-119.83016,54.55749],[-119.83028,54.55787],[-119.83031,54.55831],[-119.83038,54.55867],[-119.83041,54.55873],[-119.83039,54.55915],[-119.83034,54.55957],[-119.8303,54.55971],[-119.83022,54.55996],[-119.83021,54.55998],[-119.83002,54.56029],[-119.82962,54.56092],[-119.82931,54.56125],[-119.8288,54.56186],[-119.82859,54.56218],[-119.82853,54.56262],[-119.82851,54.56272],[-119.82839,54.56344],[-119.82837,54.56395],[-119.82844,54.56401],[-119.82869,54.56424],[-119.82875,54.56437],[-119.82899,54.56455],[-119.82937,54.56479],[-119.83019,54.56522],[-119.83057,54.56545],[-119.83089,54.56572],[-119.83127,54.56644],[-119.83134,54.56685],[-119.83136,54.56711],[-119.83137,54.56728],[-119.83135,54.56772],[-119.83125,54.56807],[-119.83117,54.56851],[-119.83119,54.56863],[-119.83122,54.56864],[-119.83119,54.56897],[-119.83117,54.56912],[-119.83107,54.56974],[-119.83086,54.57037],[-119.83086,54.57044],[-119.83096,54.57098],[-119.83118,54.57129],[-119.83149,54.57157],[-119.83167,54.57166],[-119.83259,54.57187],[-119.83415,54.57233],[-119.83471,54.57242],[-119.83519,54.57257],[-119.8356,54.57279],[-119.83607,54.57296],[-119.83627,54.57334],[-119.83668,54.57401],[-119.8368,54.57434],[-119.83695,54.57475],[-119.83706,54.57525],[-119.8371,54.57544],[-119.83721,54.57583],[-119.83744,54.57627],[-119.83748,54.57637],[-119.83796,54.57675],[-119.83854,54.57705],[-119.83899,54.57728],[-119.83901,54.57729],[-119.83938,54.57744],[-119.84041,54.57774],[-119.84101,54.57785],[-119.84155,54.57798],[-119.84203,54.57815],[-119.8424,54.57839],[-119.8425,54.57849],[-119.8436,54.57903],[-119.84366,54.57907],[-119.8438,54.5791],[-119.84398,54.57913],[-119.8443,54.57926],[-119.84512,54.57969],[-119.84527,54.57986],[-119.84557,54.58079],[-119.84572,54.58115],[-119.84582,54.58157],[-119.84587,54.58177],[-119.84611,54.58187],[-119.84666,54.58199],[-119.84725,54.58217],[-119.84767,54.58237],[-119.84816,54.58253],[-119.84832,54.58263],[-119.84853,54.58266],[-119.85023,54.58327],[-119.85071,54.58344],[-119.85123,54.58358],[-119.85147,54.58364],[-119.85176,54.58371],[-119.85355,54.58399],[-119.85411,54.58414],[-119.85421,54.58419],[-119.85563,54.58468],[-119.85613,54.58484],[-119.85663,54.585],[-119.85799,54.58556],[-119.85842,54.58577],[-119.8591,54.58618],[-119.85978,54.58638],[-119.86033,54.5865],[-119.8615,54.58671],[-119.8626,54.58696],[-119.86321,54.58709],[-119.86377,54.58718],[-119.86381,54.58719],[-119.86424,54.58724],[-119.8645,54.58727],[-119.86497,54.58736],[-119.86581,54.58772],[-119.86593,54.58778],[-119.86644,54.58794],[-119.86739,54.58829],[-119.86783,54.58848],[-119.8684,54.58881],[-119.86863,54.58894],[-119.8687,54.58899],[-119.86885,54.58908],[-119.86939,54.58941],[-119.87083,54.59041],[-119.87122,54.59064],[-119.87128,54.59069],[-119.87139,54.59074],[-119.87198,54.59122],[-119.87229,54.5915],[-119.87269,54.59181],[-119.87294,54.5921],[-119.87317,54.59243],[-119.87341,54.59275],[-119.87364,54.59308],[-119.8744,54.59403],[-119.8746,54.59438],[-119.87472,54.59478],[-119.87506,54.59503],[-119.87554,54.5952],[-119.87563,54.5953],[-119.87568,54.5956],[-119.87555,54.59594],[-119.87552,54.59622],[-119.8755,54.59632],[-119.87559,54.59666],[-119.87606,54.59683],[-119.87639,54.59698],[-119.87639,54.59701],[-119.8767,54.59725],[-119.8768,54.59733],[-119.87708,54.59763],[-119.87722,54.59801],[-119.87733,54.59841],[-119.8774,54.59884],[-119.8774,54.59917],[-119.87745,54.59929],[-119.87753,54.5997],[-119.87761,54.59988],[-119.87771,54.59993],[-119.87869,54.6005],[-119.87881,54.60055],[-119.87889,54.60056],[-119.87921,54.6007],[-119.88003,54.60112],[-119.88046,54.60133],[-119.88095,54.6015],[-119.88175,54.60194],[-119.88219,54.60213],[-119.88253,54.60239],[-119.8828,54.60269],[-119.88352,54.60318],[-119.88392,54.6034],[-119.884,54.60345],[-119.8843,54.60364],[-119.88461,54.60391],[-119.88532,54.6044],[-119.88571,54.60463],[-119.88607,54.60487],[-119.88641,54.60523],[-119.88663,54.60556],[-119.88723,54.6066],[-119.88746,54.60692],[-119.88756,54.60711],[-119.88809,54.60799],[-119.88828,54.60835],[-119.88901,54.60929],[-119.88902,54.60929],[-119.88948,54.60972],[-119.88962,54.60985],[-119.88981,54.61009],[-119.88982,54.61025],[-119.88974,54.61065],[-119.88974,54.61068],[-119.88972,54.61194],[-119.88949,54.61269],[-119.88948,54.61285],[-119.88945,54.61309],[-119.88948,54.61313],[-119.88966,54.61344],[-119.88976,54.61383],[-119.88971,54.61424],[-119.88959,54.61462],[-119.88948,54.61473],[-119.8893,54.6149],[-119.8893,54.61525],[-119.88948,54.61554],[-119.88971,54.61593],[-119.88985,54.61632],[-119.89015,54.6179],[-119.89017,54.61798],[-119.89025,54.61817],[-119.89065,54.61909],[-119.89076,54.61949],[-119.8907,54.61989],[-119.89067,54.6203],[-119.89072,54.62073],[-119.89062,54.62111],[-119.8904,54.62142],[-119.88985,54.62201],[-119.88948,54.62243],[-119.88907,54.62289],[-119.88901,54.623],[-119.88889,54.62322],[-119.88875,54.62357],[-119.88857,54.62384],[-119.88828,54.62428],[-119.8879,54.62497],[-119.88788,54.62501],[-119.88783,54.62508],[-119.88768,54.62531],[-119.8873,54.62593],[-119.88697,54.62627],[-119.88674,54.62642],[-119.88655,54.62653],[-119.88625,54.62682],[-119.88619,54.62722],[-119.886,54.62799],[-119.88597,54.6284],[-119.88598,54.62883],[-119.88606,54.62901],[-119.8861,54.62906],[-119.88615,54.62918],[-119.88618,54.62926],[-119.8859,54.63041],[-119.88576,54.63077],[-119.88565,54.63115],[-119.88538,54.63173],[-119.8853,54.63183],[-119.88521,54.63189],[-119.8849,54.63216],[-119.88474,54.63254],[-119.88428,54.63355],[-119.8842,54.63394],[-119.88473,54.63456],[-119.88488,54.63491],[-119.88475,54.63527],[-119.88455,54.6356],[-119.8844,54.63594],[-119.88432,54.63634],[-119.8843,54.6367],[-119.88397,54.63747],[-119.88387,54.63784],[-119.88363,54.63859],[-119.88311,54.63963],[-119.88303,54.63977],[-119.88291,54.63995],[-119.88276,54.64031],[-119.88268,54.6404],[-119.88247,54.64063],[-119.88167,54.64126],[-119.88128,54.64149],[-119.88057,54.64198],[-119.88023,54.64224],[-119.87947,54.64275],[-119.87871,54.6432],[-119.87848,54.64331],[-119.8779,54.64379],[-119.87764,54.64413],[-119.87765,54.6445],[-119.87762,54.64467],[-119.87759,54.64488],[-119.87746,54.64525],[-119.87742,54.64557],[-119.87737,54.64604],[-119.87726,54.64642],[-119.87706,54.64668],[-119.87692,54.64679],[-119.8767,54.64696],[-119.87667,54.64699],[-119.87665,54.64701],[-119.87625,54.64723],[-119.87617,54.64726],[-119.87579,54.64742],[-119.87526,54.64757],[-119.8741,54.64783],[-119.87346,54.64793],[-119.87274,54.64794],[-119.87205,54.64791],[-119.8701,54.64771],[-119.86866,54.6478],[-119.86797,54.64781],[-119.86736,54.64773],[-119.86672,54.64767],[-119.86485,54.64743],[-119.86428,54.64732],[-119.86424,54.64731],[-119.86364,54.64725],[-119.86335,54.6472],[-119.86231,54.64711],[-119.86172,54.64703],[-119.86102,54.64699],[-119.86025,54.647],[-119.85966,54.64712],[-119.85937,54.64726],[-119.85923,54.64733],[-119.85902,54.64736],[-119.85861,54.64742],[-119.85807,54.64757],[-119.8578,54.64769],[-119.85762,54.64777],[-119.85696,54.64822],[-119.85656,54.64855],[-119.85628,54.64884],[-119.85588,54.64949],[-119.8558,54.64977],[-119.85572,54.65022],[-119.85572,54.65036],[-119.85562,54.65073],[-119.85566,54.65113],[-119.85585,54.65148],[-119.85584,54.65152],[-119.85579,54.65149],[-119.85587,54.65185],[-119.8566,54.65279],[-119.8568,54.65314],[-119.85695,54.65351],[-119.85696,54.65391],[-119.85694,54.65413],[-119.85694,54.6544],[-119.85694,54.65481],[-119.85687,54.6552],[-119.85678,54.65601],[-119.85679,54.65644],[-119.85685,54.65663],[-119.8569,54.65685],[-119.85703,54.65724],[-119.85708,54.65759],[-119.85719,54.65806],[-119.8574,54.6584],[-119.85745,54.65875],[-119.85735,54.65904],[-119.85745,54.65965],[-119.85756,54.66005],[-119.8578,54.66084],[-119.85789,54.66126],[-119.85802,54.66163],[-119.85802,54.66163],[-119.85826,54.66195],[-119.85843,54.66232],[-119.85845,54.66274],[-119.85856,54.66314],[-119.85866,54.66373],[-119.85868,54.66391],[-119.85869,54.664],[-119.85861,54.66439],[-119.85861,54.66454],[-119.85862,54.66496],[-119.85862,54.66503],[-119.85835,54.66513],[-119.85822,54.66549],[-119.85842,54.66581],[-119.85896,54.66594],[-119.85922,54.66608],[-119.85938,54.66615],[-119.8596,54.66649],[-119.85974,54.66687],[-119.86001,54.66718],[-119.86032,54.66745],[-119.86072,54.66767],[-119.86132,54.66776],[-119.86222,54.66814],[-119.86252,54.66825],[-119.86282,54.66831],[-119.86328,54.6685],[-119.86368,54.66872],[-119.86378,54.66877],[-119.8641,54.66893],[-119.86424,54.66899],[-119.86501,54.66929],[-119.86582,54.66972],[-119.86587,54.66977],[-119.86614,54.67004],[-119.86679,54.67057],[-119.86701,54.6709],[-119.86716,54.67129],[-119.86748,54.67182],[-119.86783,54.67245],[-119.8679,54.67288],[-119.86819,54.67362],[-119.86821,54.67414],[-119.86796,54.6748],[-119.86753,54.67545],[-119.86714,54.6759],[-119.86694,54.67601],[-119.86663,54.67608],[-119.86638,54.67614],[-119.86587,54.67632],[-119.86581,54.67635],[-119.86549,54.67652],[-119.8652,54.67683],[-119.86513,54.67686],[-119.86502,54.67695],[-119.86503,54.67725],[-119.86508,54.67804],[-119.86505,54.67839],[-119.86481,54.67937],[-119.86481,54.67982],[-119.86493,54.68021],[-119.86518,54.68054],[-119.86531,54.68067],[-119.86556,54.6808],[-119.86611,54.68095],[-119.86624,54.68097],[-119.86666,54.6811],[-119.86688,54.68122],[-119.86737,54.68152],[-119.86757,54.68169],[-119.86774,54.68191],[-119.86781,54.68212],[-119.86782,54.68235],[-119.8678,54.68245],[-119.86753,54.68305],[-119.86752,54.68313],[-119.86749,54.68349],[-119.86748,54.68356],[-119.86739,54.68395],[-119.86747,54.68435],[-119.86768,54.68468],[-119.86779,54.68479],[-119.86791,54.68501],[-119.86816,54.68533],[-119.86845,54.68563],[-119.86881,54.68589],[-119.86923,54.68613],[-119.86928,54.68612],[-119.87004,54.6863],[-119.87054,54.68648],[-119.87087,54.68664],[-119.87125,54.6869],[-119.87233,54.68719],[-119.87293,54.6873],[-119.87373,54.68755],[-119.87439,54.68781],[-119.87524,54.68823],[-119.87547,54.68837],[-119.8757,54.68843],[-119.8767,54.68892],[-119.87784,54.68947],[-119.87866,54.6899],[-119.87995,54.6905],[-119.88047,54.69072],[-119.88086,54.69088],[-119.88129,54.69109],[-119.88175,54.69127],[-119.88218,54.69147],[-119.88268,54.69163],[-119.88338,54.69191],[-119.88371,54.69213],[-119.88409,54.69231],[-119.8843,54.69245],[-119.88455,54.69256],[-119.88472,54.69269],[-119.88516,54.69314],[-119.88613,54.69393],[-119.88644,54.6942],[-119.88672,54.69449],[-119.88737,54.69504],[-119.88838,54.69581],[-119.88869,54.69609],[-119.88901,54.6964],[-119.88927,54.69666],[-119.88948,54.69684],[-119.88959,54.69693],[-119.88998,54.69716],[-119.89004,54.69721],[-119.89068,54.69766],[-119.89106,54.69794],[-119.8916,54.69836],[-119.89221,54.69862],[-119.89262,54.69883],[-119.89281,54.69894],[-119.89321,54.69943],[-119.89355,54.69968],[-119.89418,54.70022],[-119.89475,54.7008],[-119.89585,54.70199],[-119.89632,54.70236],[-119.89662,54.70247],[-119.89726,54.70255],[-119.89782,54.70267],[-119.89844,54.70286],[-119.89897,54.70294],[-119.90032,54.70306],[-119.90095,54.70315],[-119.90155,54.70328],[-119.90194,54.70343],[-119.90202,54.70346],[-119.90254,54.70361],[-119.90295,54.70383],[-119.90316,54.70396],[-119.90319,54.70409],[-119.90322,54.70459],[-119.90336,54.70497],[-119.90343,54.70508],[-119.90352,54.70517],[-119.90382,54.70544],[-119.90424,54.70583],[-119.90475,54.70644],[-119.90515,54.70719],[-119.90515,54.70737],[-119.90517,54.70831],[-119.90514,54.70836],[-119.9051,54.70841],[-119.9046,54.70884],[-119.90449,54.70897],[-119.90422,54.70927],[-119.90398,54.70958],[-119.90354,54.71022],[-119.9035,54.71064],[-119.90346,54.71087],[-119.9034,54.71104],[-119.90306,54.71128],[-119.90302,54.71134],[-119.90305,54.7117],[-119.9032,54.71239],[-119.90321,54.71244],[-119.90322,54.71258],[-119.90324,54.71339],[-119.90305,54.71419],[-119.90306,54.71437],[-119.90312,54.71458],[-119.90329,54.71541],[-119.90335,54.71559],[-119.9035,54.71576],[-119.9038,54.71603],[-119.90421,54.71626],[-119.90576,54.71671],[-119.90658,54.71689],[-119.907,54.71689],[-119.90829,54.71683],[-119.90917,54.71689],[-119.90979,54.71698],[-119.90994,54.71703],[-119.91025,54.71722],[-119.91062,54.71742],[-119.91106,54.71762],[-119.912,54.71797],[-119.91253,54.71825],[-119.91361,54.71887],[-119.91398,54.71911],[-119.91422,54.71929],[-119.91424,54.71931],[-119.91469,54.71961],[-119.91471,54.71963],[-119.91488,54.7198],[-119.91526,54.72019],[-119.91552,54.7205],[-119.91582,54.72079],[-119.91633,54.72141],[-119.9167,54.72174],[-119.91752,54.72211],[-119.91792,54.72238],[-119.91824,54.72265],[-119.91852,54.72296],[-119.91876,54.72328],[-119.91896,54.72362],[-119.91902,54.72367],[-119.91906,54.72387],[-119.91909,54.72402],[-119.91913,54.72491],[-119.91911,54.72504],[-119.91889,54.72567],[-119.91878,54.72605],[-119.9185,54.72679],[-119.91845,54.72703],[-119.91816,54.72851],[-119.91819,54.72971],[-119.91822,54.73015],[-119.91827,54.73039],[-119.91847,54.73077],[-119.91854,54.73088],[-119.91938,54.73204],[-119.91954,54.73216],[-119.91992,54.73239],[-119.92087,54.73277],[-119.92185,54.73311],[-119.92232,54.73328],[-119.92322,54.73367],[-119.92349,54.73382],[-119.9236,54.73391],[-119.92388,54.73425],[-119.92411,54.73452],[-119.92412,54.73453],[-119.92418,54.73478],[-119.92471,54.73366],[-119.92481,54.73344],[-119.92534,54.73241],[-119.92537,54.73233],[-119.9253,54.73206],[-119.92552,54.73167],[-119.92597,54.73103],[-119.92622,54.73073],[-119.92679,54.73016],[-119.92717,54.72972],[-119.92731,54.72956],[-119.92786,54.72898],[-119.92817,54.7287],[-119.92921,54.72794],[-119.92997,54.72747],[-119.93047,54.72725],[-119.93121,54.72706],[-119.9313,54.72702],[-119.93148,54.72693],[-119.93165,54.72688],[-119.93344,54.72668],[-119.93419,54.72669],[-119.93489,54.72673],[-119.93555,54.72679],[-119.93625,54.72682],[-119.93692,54.72688],[-119.93751,54.72699],[-119.93779,54.72702],[-119.93816,54.72706],[-119.93948,54.72733],[-119.93994,54.72743],[-119.94047,54.72754],[-119.9414,54.72766],[-119.94243,54.72781],[-119.94306,54.72778],[-119.94372,54.72771],[-119.94436,54.72762],[-119.94552,54.72739],[-119.94678,54.7272],[-119.94729,54.72704],[-119.94734,54.72701],[-119.94773,54.72684],[-119.94822,54.72667],[-119.94866,54.72647],[-119.94905,54.72637],[-119.94927,54.72635],[-119.95079,54.72633],[-119.95154,54.72634],[-119.95241,54.72638],[-119.95297,54.72641],[-119.95366,54.72646],[-119.95487,54.72667],[-119.95598,54.72692],[-119.95608,54.72696],[-119.95622,54.72701],[-119.9579,54.72762],[-119.95834,54.72783],[-119.95884,54.72802],[-119.95931,54.72819],[-119.96015,54.72857],[-119.96064,54.72877],[-119.96098,54.72904],[-119.96151,54.72963],[-119.96211,54.73023],[-119.96219,54.73032],[-119.96236,54.7305],[-119.96289,54.73155],[-119.96303,54.73188],[-119.96348,54.73258],[-119.96385,54.73329],[-119.96406,54.73363],[-119.96411,54.73362],[-119.96434,54.7341],[-119.96442,54.73423],[-119.96447,54.73432],[-119.96456,54.7345],[-119.96465,54.7347],[-119.96471,54.73478],[-119.96478,54.73489],[-119.96492,54.735],[-119.96518,54.73518],[-119.96528,54.73525],[-119.96608,54.7357],[-119.96626,54.73581],[-119.96642,54.73595],[-119.96715,54.73704],[-119.96737,54.73745],[-119.9675,54.73772],[-119.9676,54.73813],[-119.96767,54.73856],[-119.96771,54.74036],[-119.96776,54.7408],[-119.96802,54.74164],[-119.96811,54.74196],[-119.96846,54.74269],[-119.96886,54.74338],[-119.96904,54.74364],[-119.96915,54.74383],[-119.96953,54.74434],[-119.96987,54.74506],[-119.97004,54.74542],[-119.97025,54.74577],[-119.97037,54.74609],[-119.97043,54.74618],[-119.97073,54.74641],[-119.97127,54.74686],[-119.97277,54.7478],[-119.97317,54.74808],[-119.97381,54.74846],[-119.97473,54.74888],[-119.97517,54.74909],[-119.97564,54.74927],[-119.97615,54.74943],[-119.97674,54.74955],[-119.97737,54.74963],[-119.97763,54.74965],[-119.97805,54.74969],[-119.97934,54.74986]]]},"properties":{"WMUNIT_NAME":"Narraway","WMUNIT_CODE":"00445","GlobalID":"{1870FEE9-6A18-4DFD-9B78-847A9154316D}","OBJECTID":44,"Shape__Area":1148211751.6361547,"Shape__Length":230070.47825694317}},{"type":"Feature","id":48,"geometry":{"type":"Polygon","coordinates":[[[-118.86149,54.26803],[-118.86122,54.27077],[-118.86097,54.27334],[-118.85979,54.28543],[-118.85822,54.30163],[-118.85801,54.30374],[-118.85696,54.31456],[-118.85544,54.33024],[-118.854,54.34516],[-118.85318,54.35355],[-118.85296,54.35589],[-118.84974,54.36126],[-118.8402,54.3772],[-118.83575,54.38462],[-118.83604,54.38486],[-118.83651,54.38542],[-118.83678,54.38584],[-118.83686,54.38596],[-118.83825,54.38785],[-118.83882,54.38863],[-118.84044,54.39052],[-118.8412,54.39147],[-118.84189,54.39197],[-118.84238,54.39223],[-118.84538,54.39352],[-118.84549,54.39356],[-118.84567,54.39362],[-118.84626,54.39383],[-118.84762,54.3941],[-118.84864,54.39442],[-118.84901,54.3946],[-118.84944,54.39493],[-118.85028,54.39573],[-118.85089,54.39658],[-118.85165,54.3975],[-118.85293,54.39828],[-118.85344,54.39874],[-118.85701,54.40179],[-118.85868,54.40327],[-118.85935,54.40387],[-118.86009,54.40444],[-118.86072,54.40486],[-118.86105,54.405],[-118.86222,54.4054],[-118.86443,54.40619],[-118.86576,54.4067],[-118.86685,54.40709],[-118.86879,54.4079],[-118.87012,54.40834],[-118.87085,54.40852],[-118.87145,54.40863],[-118.87315,54.40883],[-118.87392,54.40889],[-118.87466,54.40892],[-118.87598,54.40893],[-118.87682,54.409],[-118.87777,54.40922],[-118.8793,54.40982],[-118.8799,54.41017],[-118.88034,54.41047],[-118.88069,54.41078],[-118.88104,54.41115],[-118.8815,54.41157],[-118.88191,54.4119],[-118.8822,54.41205],[-118.88267,54.41221],[-118.88329,54.41245],[-118.8834,54.41241],[-118.88375,54.41253],[-118.88651,54.4138],[-118.88839,54.41461],[-118.88925,54.41489],[-118.89022,54.41518],[-118.89187,54.41555],[-118.89567,54.41622],[-118.89764,54.41655],[-118.89922,54.41683],[-118.90094,54.41724],[-118.90258,54.41773],[-118.90393,54.41805],[-118.90597,54.41812],[-118.90983,54.41816],[-118.91092,54.41812],[-118.91243,54.41802],[-118.91271,54.41803],[-118.91614,54.41778],[-118.91916,54.41746],[-118.92029,54.4174],[-118.92076,54.41743],[-118.92369,54.41797],[-118.92482,54.41816],[-118.92585,54.41831],[-118.92893,54.41877],[-118.93048,54.41901],[-118.93227,54.41924],[-118.93369,54.4194],[-118.935,54.41951],[-118.93627,54.41969],[-118.93716,54.41986],[-118.93762,54.41999],[-118.93844,54.42033],[-118.94022,54.42123],[-118.9407,54.42154],[-118.94109,54.42187],[-118.94161,54.42243],[-118.9419,54.42275],[-118.9424,54.4234],[-118.9428,54.42387],[-118.94288,54.42409],[-118.94426,54.4257],[-118.94446,54.42594],[-118.94463,54.4261],[-118.94484,54.42624],[-118.94436,54.42676],[-118.94402,54.42722],[-118.94313,54.42826],[-118.94251,54.42888],[-118.94238,54.42911],[-118.94205,54.42945],[-118.9395,54.43239],[-118.93889,54.43321],[-118.93877,54.43349],[-118.93871,54.43378],[-118.93872,54.43406],[-118.93895,54.43465],[-118.93934,54.43517],[-118.94024,54.43617],[-118.94045,54.43652],[-118.94055,54.43678],[-118.94059,54.43708],[-118.94057,54.43733],[-118.94044,54.4379],[-118.94032,54.43815],[-118.94014,54.4384],[-118.93988,54.43866],[-118.93939,54.43927],[-118.93896,54.43985],[-118.93874,54.44043],[-118.93869,54.44109],[-118.93876,54.44172],[-118.93925,54.44531],[-118.93981,54.44945],[-118.94032,54.45349],[-118.94049,54.45582],[-118.94049,54.45673],[-118.94057,54.4583],[-118.9408,54.46182],[-118.941,54.46336],[-118.94113,54.46407],[-118.94153,54.46638],[-118.94173,54.46736],[-118.94193,54.46893],[-118.94196,54.46916],[-118.94224,54.46995],[-118.94287,54.47132],[-118.94293,54.47153],[-118.94313,54.47233],[-118.9445,54.47548],[-118.94483,54.47604],[-118.94496,54.47622],[-118.94566,54.47688],[-118.9463,54.47741],[-118.94689,54.4779],[-118.94716,54.47816],[-118.94812,54.47895],[-118.9497,54.48035],[-118.95154,54.4819],[-118.95431,54.4844],[-118.95471,54.48497],[-118.9568,54.48847],[-118.95733,54.48967],[-118.95751,54.49003],[-118.95764,54.49017],[-118.95784,54.4904],[-118.95878,54.49111],[-118.95912,54.49159],[-118.9595,54.49228],[-118.95992,54.49325],[-118.96022,54.49364],[-118.96086,54.49438],[-118.96137,54.49491],[-118.96261,54.49628],[-118.96446,54.49843],[-118.96497,54.49918],[-118.96544,54.50002],[-118.96598,54.50119],[-118.96623,54.50164],[-118.96633,54.50186],[-118.96686,54.50304],[-118.96881,54.50688],[-118.96911,54.50753],[-118.96941,54.50804],[-118.97018,54.50963],[-118.96979,54.50972],[-118.96641,54.51034],[-118.96566,54.51056],[-118.96498,54.51086],[-118.96415,54.51139],[-118.96368,54.5119],[-118.96332,54.51252],[-118.96322,54.51292],[-118.96316,54.51328],[-118.96354,54.51582],[-118.96356,54.51596],[-118.96373,54.51596],[-118.96434,54.51596],[-118.9653,54.51609],[-118.96593,54.51614],[-118.96738,54.51617],[-118.96792,54.51623],[-118.9687,54.51633],[-118.96935,54.51627],[-118.96943,54.51627],[-118.96971,54.51627],[-118.96995,54.51635],[-118.97038,54.51655],[-118.97076,54.51677],[-118.97091,54.51694],[-118.9712,54.5173],[-118.97127,54.51755],[-118.9713,54.51778],[-118.97125,54.51812],[-118.97123,54.51852],[-118.97126,54.51885],[-118.97126,54.51941],[-118.97136,54.51962],[-118.97152,54.51982],[-118.97173,54.51998],[-118.9732,54.5199],[-118.97471,54.51987],[-118.97539,54.51992],[-118.97608,54.51989],[-118.9763,54.51992],[-118.97669,54.51993],[-118.97703,54.51998],[-118.97729,54.52001],[-118.97837,54.52],[-118.97855,54.52017],[-118.97862,54.52027],[-118.97885,54.52016],[-118.97932,54.52035],[-118.97969,54.52057],[-118.97993,54.52083],[-118.98038,54.52088],[-118.98057,54.52083],[-118.98065,54.52074],[-118.98087,54.52042],[-118.981,54.52004],[-118.9809,54.51954],[-118.98108,54.51933],[-118.98172,54.51915],[-118.98218,54.51901],[-118.98219,54.51901],[-118.9824,54.51896],[-118.98266,54.51895],[-118.9831,54.51895],[-118.98364,54.51909],[-118.98407,54.51928],[-118.98478,54.51975],[-118.98603,54.52041],[-118.98808,54.52104],[-118.98856,54.52122],[-118.98879,54.52138],[-118.98817,54.52129],[-118.9882,54.52139],[-118.98856,54.52161],[-118.9892,54.52153],[-118.98964,54.52162],[-118.98987,54.52151],[-118.99082,54.52162],[-118.99205,54.52181],[-118.99304,54.52191],[-118.99372,54.52186],[-118.99416,54.52165],[-118.99462,54.52128],[-118.99497,54.52099],[-118.99498,54.52096],[-118.99523,54.52065],[-118.9954,54.5203],[-118.99564,54.51998],[-118.99591,54.5197],[-118.99661,54.5192],[-118.99699,54.51898],[-118.997,54.51896],[-118.99725,54.51868],[-118.99742,54.51843],[-118.99804,54.51787],[-118.99845,54.51765],[-118.99878,54.5174],[-118.99876,54.51712],[-118.99866,54.51687],[-118.99881,54.5165],[-118.99888,54.51623],[-118.99892,54.51611],[-118.99898,54.5157],[-118.99924,54.51539],[-118.99987,54.51485],[-118.99991,54.51482],[-119.00002,54.51474],[-119.00012,54.51467],[-119.00022,54.5146],[-119.00054,54.51432],[-119.00091,54.51408],[-119.00128,54.51389],[-119.00137,54.51383],[-119.00152,54.51374],[-119.00299,54.51287],[-119.00317,54.51281],[-119.00354,54.51255],[-119.00373,54.5124],[-119.00394,54.51215],[-119.00432,54.51201],[-119.00468,54.5118],[-119.00492,54.51162],[-119.00507,54.51156],[-119.00565,54.51142],[-119.00601,54.51123],[-119.00651,54.51097],[-119.00686,54.51093],[-119.00691,54.51094],[-119.00716,54.51096],[-119.00737,54.511],[-119.00753,54.51102],[-119.00774,54.51107],[-119.00784,54.5111],[-119.00817,54.51132],[-119.00823,54.51147],[-119.00826,54.51153],[-119.00821,54.5117],[-119.0082,54.51213],[-119.00827,54.51228],[-119.00848,54.51246],[-119.00912,54.51256],[-119.01,54.51261],[-119.01005,54.51261],[-119.01051,54.51254],[-119.01056,54.51251],[-119.01062,54.51241],[-119.01074,54.51221],[-119.01076,54.51203],[-119.01064,54.51173],[-119.01039,54.51138],[-119.01012,54.51115],[-119.00974,54.51091],[-119.00966,54.51087],[-119.00916,54.51077],[-119.00879,54.5106],[-119.00859,54.51047],[-119.00846,54.51025],[-119.00851,54.50997],[-119.00859,54.50987],[-119.00875,54.50973],[-119.00893,54.50962],[-119.00937,54.5094],[-119.00969,54.50934],[-119.00994,54.50928],[-119.01057,54.50917],[-119.01074,54.50916],[-119.01112,54.50913],[-119.01182,54.50916],[-119.01215,54.50919],[-119.01221,54.50917],[-119.01265,54.509],[-119.0127,54.50898],[-119.01286,54.50889],[-119.01359,54.50834],[-119.01396,54.5081],[-119.01496,54.50775],[-119.01567,54.50757],[-119.01647,54.50747],[-119.01683,54.50748],[-119.0171,54.5075],[-119.01781,54.50762],[-119.01883,54.50777],[-119.01955,54.5079],[-119.01981,54.50782],[-119.01983,54.50782],[-119.01985,54.50741],[-119.01981,54.50692],[-119.01981,54.50684],[-119.01965,54.50661],[-119.01932,54.50629],[-119.01895,54.50587],[-119.01886,54.50561],[-119.01892,54.50505],[-119.01896,54.50492],[-119.01908,54.50467],[-119.01968,54.50407],[-119.01981,54.50396],[-119.02055,54.50336],[-119.02074,54.50325],[-119.02111,54.503],[-119.02152,54.50278],[-119.02197,54.5026],[-119.02258,54.50247],[-119.02281,54.50244],[-119.02442,54.50225],[-119.02503,54.50216],[-119.02563,54.50206],[-119.02591,54.50204],[-119.02621,54.50197],[-119.02637,54.50186],[-119.02678,54.50159],[-119.02696,54.50147],[-119.02746,54.50124],[-119.02818,54.50103],[-119.02839,54.50099],[-119.02934,54.50073],[-119.02982,54.50068],[-119.03063,54.5006],[-119.03104,54.5005],[-119.03144,54.50036],[-119.03189,54.50025],[-119.0321,54.50024],[-119.03241,54.50023],[-119.03256,54.50022],[-119.03307,54.50016],[-119.03376,54.50023],[-119.03409,54.50025],[-119.03453,54.50026],[-119.03522,54.50021],[-119.03634,54.50006],[-119.03643,54.50006],[-119.03664,54.50005],[-119.03676,54.50003],[-119.03684,54.50002],[-119.0369,54.50001],[-119.03702,54.49999],[-119.03781,54.49987],[-119.03833,54.49972],[-119.03853,54.49964],[-119.03881,54.4992],[-119.03883,54.49917],[-119.03909,54.49898],[-119.03925,54.49884],[-119.03962,54.49859],[-119.03992,54.49837],[-119.04071,54.49775],[-119.04114,54.49751],[-119.04163,54.49725],[-119.04252,54.49712],[-119.04267,54.49704],[-119.04314,54.49686],[-119.04429,54.49652],[-119.04459,54.4964],[-119.04474,54.49631],[-119.04496,54.4961],[-119.045,54.49599],[-119.04513,54.49573],[-119.04528,54.49558],[-119.04573,54.49523],[-119.04555,54.49498],[-119.04527,54.49439],[-119.04523,54.49435],[-119.045,54.49414],[-119.04499,54.49414],[-119.04482,54.49378],[-119.0447,54.49336],[-119.04467,54.49292],[-119.04469,54.49268],[-119.04466,54.49228],[-119.0449,54.49168],[-119.045,54.49154],[-119.04507,54.49146],[-119.04525,54.49141],[-119.04569,54.49119],[-119.04586,54.49108],[-119.04629,54.49082],[-119.04726,54.49069],[-119.04757,54.49067],[-119.04823,54.49068],[-119.04879,54.49076],[-119.04924,54.49075],[-119.04987,54.49057],[-119.05006,54.49055],[-119.05077,54.49051],[-119.05126,54.49052],[-119.05146,54.49059],[-119.05189,54.49081],[-119.05236,54.49113],[-119.0526,54.49126],[-119.05292,54.49132],[-119.0533,54.49132],[-119.05391,54.49121],[-119.05444,54.49106],[-119.05474,54.49078],[-119.0551,54.49052],[-119.05524,54.49037],[-119.05544,54.48992],[-119.05553,54.48977],[-119.05579,54.4888],[-119.05587,54.4885],[-119.05635,54.48746],[-119.05651,54.48724],[-119.05657,54.48712],[-119.05714,54.4861],[-119.05729,54.48588],[-119.05758,54.48544],[-119.05775,54.48527],[-119.05794,54.48509],[-119.05879,54.48456],[-119.05948,54.48426],[-119.06004,54.48414],[-119.06025,54.48413],[-119.06048,54.48402],[-119.06204,54.48412],[-119.0639,54.48434],[-119.06466,54.48448],[-119.06519,54.48459],[-119.06599,54.48486],[-119.06622,54.4849],[-119.067,54.48516],[-119.06774,54.48541],[-119.06822,54.4855],[-119.0691,54.4858],[-119.06958,54.48579],[-119.06991,54.48566],[-119.07006,54.48557],[-119.0702,54.48548],[-119.07044,54.4853],[-119.07066,54.48512],[-119.0709,54.48481],[-119.0712,54.48409],[-119.07182,54.48304],[-119.072,54.48268],[-119.07222,54.48235],[-119.07236,54.48196],[-119.07255,54.48164],[-119.07291,54.48132],[-119.07311,54.48106],[-119.07351,54.48084],[-119.07405,54.48068],[-119.07461,54.48055],[-119.07531,54.48051],[-119.07634,54.4805],[-119.07735,54.48045],[-119.07797,54.48052],[-119.07881,54.48059],[-119.07959,54.48058],[-119.08018,54.48045],[-119.08044,54.48037],[-119.08065,54.4803],[-119.08088,54.47998],[-119.08092,54.47989],[-119.08105,54.47962],[-119.08111,54.47921],[-119.08108,54.47851],[-119.08108,54.47835],[-119.08088,54.47773],[-119.08077,54.47761],[-119.08015,54.4775],[-119.08005,54.47745],[-119.07975,54.47718],[-119.07987,54.47687],[-119.08038,54.47649],[-119.08064,54.4764],[-119.08126,54.4763],[-119.08189,54.47631],[-119.08204,54.47633],[-119.08248,54.47639],[-119.0826,54.4764],[-119.08295,54.47652],[-119.08335,54.47665],[-119.08375,54.47666],[-119.08405,54.47668],[-119.08444,54.47671],[-119.08588,54.4768],[-119.0871,54.477],[-119.08761,54.47715],[-119.08803,54.47734],[-119.08887,54.47776],[-119.08937,54.47793],[-119.08977,54.47816],[-119.09012,54.47842],[-119.09026,54.47848],[-119.09087,54.47847],[-119.09116,54.47833],[-119.09146,54.47799],[-119.09151,54.47781],[-119.09168,54.47721],[-119.09188,54.47687],[-119.09217,54.47658],[-119.09255,54.47635],[-119.09344,54.47597],[-119.09359,54.47594],[-119.09394,54.47582],[-119.0945,54.4757],[-119.09514,54.47569],[-119.09539,54.47582],[-119.09554,54.47589],[-119.09581,54.47618],[-119.09595,54.47655],[-119.09597,54.47697],[-119.09603,54.47706],[-119.09632,54.4775],[-119.09644,54.47763],[-119.09668,54.47771],[-119.09781,54.47776],[-119.0985,54.47781],[-119.09907,54.47792],[-119.10002,54.47829],[-119.10071,54.47867],[-119.10139,54.47898],[-119.10185,54.47911],[-119.10227,54.47918],[-119.1025,54.4792],[-119.10296,54.47918],[-119.10315,54.47913],[-119.10358,54.47889],[-119.10387,54.47862],[-119.10405,54.47841],[-119.10408,54.47793],[-119.10391,54.47783],[-119.10395,54.47754],[-119.10467,54.47707],[-119.10506,54.47685],[-119.10527,54.4768],[-119.10575,54.4768],[-119.10646,54.47684],[-119.10709,54.47693],[-119.1075,54.47702],[-119.10764,54.47708],[-119.10768,54.47711],[-119.108,54.47732],[-119.10815,54.47749],[-119.10826,54.47762],[-119.10843,54.47788],[-119.10858,54.47826],[-119.10863,54.47868],[-119.10862,54.47913],[-119.10867,54.47956],[-119.10885,54.4799],[-119.10886,54.47991],[-119.10897,54.48006],[-119.10955,54.48028],[-119.10974,54.48029],[-119.1101,54.48038],[-119.11111,54.48042],[-119.11188,54.48041],[-119.11245,54.4803],[-119.11288,54.48017],[-119.11324,54.4799],[-119.11328,54.47987],[-119.11456,54.47927],[-119.11478,54.4792],[-119.11508,54.47914],[-119.11557,54.47915],[-119.11565,54.47918],[-119.11603,54.47916],[-119.11646,54.47884],[-119.1165,54.47875],[-119.11649,54.47824],[-119.11628,54.47809],[-119.11603,54.47779],[-119.11579,54.47747],[-119.11573,54.47706],[-119.11582,54.47664],[-119.11601,54.47614],[-119.11634,54.47557],[-119.11647,54.47539],[-119.11664,54.47528],[-119.11722,54.4747],[-119.11738,54.47434],[-119.11742,54.4739],[-119.11736,54.47376],[-119.11713,54.47362],[-119.11682,54.47335],[-119.11656,54.47305],[-119.11641,54.47276],[-119.11638,54.47271],[-119.11622,54.47249],[-119.11573,54.47183],[-119.11577,54.47173],[-119.11605,54.47136],[-119.11628,54.47112],[-119.11659,54.47087],[-119.11728,54.47036],[-119.11762,54.4701],[-119.11847,54.4697],[-119.11898,54.46954],[-119.11974,54.46962],[-119.12027,54.46971],[-119.12048,54.46978],[-119.12059,54.46981],[-119.12079,54.46986],[-119.1212,54.47008],[-119.12147,54.47038],[-119.12181,54.47108],[-119.12182,54.47135],[-119.12182,54.4715],[-119.12226,54.47214],[-119.12255,54.47249],[-119.12277,54.47275],[-119.12277,54.47277],[-119.123,54.47308],[-119.12327,54.47338],[-119.12368,54.47404],[-119.12384,54.47439],[-119.12393,54.47477],[-119.12367,54.47523],[-119.12359,54.47547],[-119.12337,54.47579],[-119.12314,54.47602],[-119.12238,54.47661],[-119.12229,54.47678],[-119.1224,54.47694],[-119.12328,54.47779],[-119.12405,54.47825],[-119.12439,54.47842],[-119.12506,54.47858],[-119.12558,54.47875],[-119.12601,54.47895],[-119.12723,54.47933],[-119.12739,54.47932],[-119.12756,54.47925],[-119.12766,54.4791],[-119.12777,54.47891],[-119.12789,54.47846],[-119.12794,54.47826],[-119.12799,54.47811],[-119.12824,54.47773],[-119.12839,54.47743],[-119.12907,54.47646],[-119.12966,54.47588],[-119.13068,54.47511],[-119.13111,54.47491],[-119.13162,54.47476],[-119.13223,54.47466],[-119.13288,54.47461],[-119.13335,54.47458],[-119.13422,54.47452],[-119.13764,54.47464],[-119.13835,54.47472],[-119.14023,54.47509],[-119.14079,54.47526],[-119.14165,54.47568],[-119.14251,54.47614],[-119.14273,54.47636],[-119.14281,54.47671],[-119.14265,54.47729],[-119.14268,54.47768],[-119.14284,54.47779],[-119.14316,54.47792],[-119.14336,54.47797],[-119.14376,54.47791],[-119.14424,54.47774],[-119.14479,54.4776],[-119.14552,54.47755],[-119.14579,54.47755],[-119.14766,54.47756],[-119.14815,54.4776],[-119.14852,54.47771],[-119.14901,54.47792],[-119.14938,54.47818],[-119.14968,54.4785],[-119.14994,54.47884],[-119.1505,54.47972],[-119.15056,54.4799],[-119.15065,54.48016],[-119.15074,54.48023],[-119.15078,54.48026],[-119.15093,54.48039],[-119.15104,54.48047],[-119.15172,54.48103],[-119.15206,54.48176],[-119.15211,54.48213],[-119.15199,54.48244],[-119.15182,54.48261],[-119.15169,54.48269],[-119.15084,54.48296],[-119.15035,54.48304],[-119.14976,54.48303],[-119.14889,54.48321],[-119.14835,54.48336],[-119.14758,54.48337],[-119.14707,54.48353],[-119.1467,54.48379],[-119.14596,54.48403],[-119.1458,54.48415],[-119.14576,54.48418],[-119.14571,54.48424],[-119.14564,54.48458],[-119.1458,54.48468],[-119.14603,54.48483],[-119.14651,54.48504],[-119.14708,54.48519],[-119.1477,54.48528],[-119.14891,54.48554],[-119.1495,54.48569],[-119.15005,54.4859],[-119.15054,54.48606],[-119.15096,54.48628],[-119.15104,54.48644],[-119.15096,54.48667],[-119.15088,54.4871],[-119.15088,54.48713],[-119.15068,54.48794],[-119.15082,54.48834],[-119.151,54.48872],[-119.15116,54.48894],[-119.15157,54.4891],[-119.1519,54.48914],[-119.15264,54.48911],[-119.15326,54.48902],[-119.15385,54.48888],[-119.15584,54.48864],[-119.15665,54.48863],[-119.15807,54.48873],[-119.15809,54.48873],[-119.15855,54.48878],[-119.15869,54.4888],[-119.15921,54.48904],[-119.15962,54.48932],[-119.15998,54.48966],[-119.1607,54.49057],[-119.16109,54.49091],[-119.16151,54.49106],[-119.162,54.49103],[-119.16266,54.49083],[-119.16405,54.49024],[-119.16471,54.49014],[-119.16548,54.4901],[-119.16628,54.49013],[-119.16696,54.49025],[-119.16782,54.49046],[-119.16839,54.49068],[-119.16919,54.49125],[-119.16935,54.49133],[-119.16952,54.49154],[-119.16971,54.49168],[-119.17004,54.49194],[-119.17023,54.49206],[-119.17036,54.49217],[-119.17054,54.49243],[-119.1708,54.49273],[-119.17086,54.493],[-119.17082,54.49312],[-119.17058,54.49347],[-119.17056,54.49359],[-119.17093,54.49399],[-119.171,54.49402],[-119.1711,54.49408],[-119.17164,54.49424],[-119.17172,54.49435],[-119.17181,54.49443],[-119.1719,54.4945],[-119.17198,54.49452],[-119.17214,54.49463],[-119.17212,54.49486],[-119.17229,54.49523],[-119.17235,54.49531],[-119.17253,54.49541],[-119.17263,54.4955],[-119.17428,54.49645],[-119.17504,54.49697],[-119.17644,54.49802],[-119.17695,54.49822],[-119.17752,54.49839],[-119.17828,54.49852],[-119.17869,54.49865],[-119.1791,54.49896],[-119.17958,54.49925],[-119.17981,54.49948],[-119.17997,54.49957],[-119.18033,54.49962],[-119.18085,54.49952],[-119.18162,54.49903],[-119.18256,54.49874],[-119.18262,54.49867],[-119.18299,54.4985],[-119.18329,54.49851],[-119.18369,54.49852],[-119.18376,54.49853],[-119.18386,54.49854],[-119.18483,54.49883],[-119.18582,54.49927],[-119.18608,54.49931],[-119.18678,54.49936],[-119.18721,54.49942],[-119.18775,54.49958],[-119.18832,54.49971],[-119.18911,54.49997],[-119.18924,54.50001],[-119.18927,54.50002],[-119.19022,54.50042],[-119.19066,54.50062],[-119.19146,54.50108],[-119.19168,54.50125],[-119.19223,54.50155],[-119.19226,54.50157],[-119.19257,54.50182],[-119.19259,54.50184],[-119.19296,54.50218],[-119.19313,54.50236],[-119.19319,54.50241],[-119.19327,54.50257],[-119.19333,54.5028],[-119.19355,54.50311],[-119.19408,54.50359],[-119.19442,54.50401],[-119.19495,54.50487],[-119.19519,54.50543],[-119.19517,54.50556],[-119.19502,54.50596],[-119.19491,54.50617],[-119.19465,54.50643],[-119.19353,54.5077],[-119.19349,54.5078],[-119.1932,54.50842],[-119.19316,54.50845],[-119.19287,54.50898],[-119.19278,54.50914],[-119.19268,54.50924],[-119.1924,54.50981],[-119.19227,54.51004],[-119.19227,54.51021],[-119.19258,54.51131],[-119.19258,54.51189],[-119.19247,54.51221],[-119.19218,54.51264],[-119.19219,54.51299],[-119.19229,54.51317],[-119.19244,54.51331],[-119.19255,54.51337],[-119.1929,54.51346],[-119.19333,54.51338],[-119.19367,54.51322],[-119.19408,54.5131],[-119.1944,54.51304],[-119.19491,54.51304],[-119.19529,54.51309],[-119.19554,54.51322],[-119.19576,54.5135],[-119.19604,54.51399],[-119.1962,54.51464],[-119.19624,54.51478],[-119.19626,54.51579],[-119.19638,54.5161],[-119.19647,54.5162],[-119.19655,54.5163],[-119.19668,54.51639],[-119.19715,54.51659],[-119.19725,54.51662],[-119.19766,54.5166],[-119.1981,54.51651],[-119.1984,54.5164],[-119.19849,54.51634],[-119.1987,54.5162],[-119.19884,54.51611],[-119.19918,54.51593],[-119.19987,54.51577],[-119.20005,54.51575],[-119.20035,54.51579],[-119.20085,54.51613],[-119.20092,54.5162],[-119.20105,54.51633],[-119.20113,54.51646],[-119.20193,54.51712],[-119.20275,54.51808],[-119.20303,54.51834],[-119.20331,54.51854],[-119.20341,54.51859],[-119.2035,54.51861],[-119.20443,54.51917],[-119.20475,54.5193],[-119.20499,54.51945],[-119.20547,54.51989],[-119.20574,54.52037],[-119.20587,54.52064],[-119.20622,54.52093],[-119.20655,54.52122],[-119.20671,54.52125],[-119.20674,54.52139],[-119.20669,54.52162],[-119.20656,54.52181],[-119.20623,54.52199],[-119.20596,54.52211],[-119.20527,54.52223],[-119.20492,54.52226],[-119.20458,54.52222],[-119.20414,54.52199],[-119.20403,54.5219],[-119.20383,54.52182],[-119.20338,54.52166],[-119.20319,54.5216],[-119.20296,54.52158],[-119.20255,54.52165],[-119.20246,54.52167],[-119.20225,54.52178],[-119.20216,54.52185],[-119.20205,54.52201],[-119.20206,54.52247],[-119.20214,54.52277],[-119.20221,54.52288],[-119.20234,54.523],[-119.20251,54.52312],[-119.20273,54.52324],[-119.20298,54.52336],[-119.20311,54.52343],[-119.20341,54.5236],[-119.20374,54.52389],[-119.20391,54.52416],[-119.20396,54.52425],[-119.2044,54.52521],[-119.2045,54.52548],[-119.2047,54.52581],[-119.20479,54.52599],[-119.20488,54.52615],[-119.2051,54.52626],[-119.20546,54.52634],[-119.20565,54.52645],[-119.20607,54.52668],[-119.20631,54.52695],[-119.20655,54.5273],[-119.20746,54.52815],[-119.20784,54.5285],[-119.20849,54.52897],[-119.20861,54.52905],[-119.2089,54.5292],[-119.20896,54.52922],[-119.20913,54.52927],[-119.20942,54.52932],[-119.21002,54.52935],[-119.21182,54.52938],[-119.21247,54.52945],[-119.21308,54.5295],[-119.21372,54.5296],[-119.21414,54.52976],[-119.2144,54.52992],[-119.21457,54.53007],[-119.21455,54.53059],[-119.2145,54.53066],[-119.21428,54.53093],[-119.21427,54.53095],[-119.21419,54.53097],[-119.21348,54.53144],[-119.2131,54.53174],[-119.2128,54.53199],[-119.21276,54.53206],[-119.21252,54.53221],[-119.21233,54.53231],[-119.21173,54.53271],[-119.21159,54.53293],[-119.21156,54.53303],[-119.21156,54.53336],[-119.21155,54.53354],[-119.21162,54.53361],[-119.21177,54.5337],[-119.21214,54.53379],[-119.21287,54.53387],[-119.21347,54.53401],[-119.21439,54.534],[-119.21499,54.53403],[-119.2159,54.53413],[-119.21626,54.53422],[-119.21638,54.53426],[-119.21668,54.53446],[-119.21704,54.53485],[-119.21707,54.5349],[-119.2172,54.53512],[-119.21726,54.53534],[-119.21724,54.53555],[-119.21695,54.53569],[-119.21673,54.53576],[-119.21653,54.53588],[-119.21638,54.53612],[-119.21639,54.5363],[-119.21646,54.53648],[-119.21655,54.53661],[-119.21678,54.53668],[-119.21772,54.53674],[-119.21813,54.53676],[-119.21847,54.53684],[-119.21905,54.53704],[-119.21913,54.53704],[-119.21998,54.53708],[-119.22076,54.53719],[-119.2214,54.53731],[-119.22141,54.53732],[-119.2217,54.53743],[-119.22191,54.53752],[-119.22211,54.53765],[-119.22226,54.5378],[-119.22252,54.538],[-119.22262,54.53805],[-119.22268,54.53807],[-119.2228,54.53811],[-119.223,54.53814],[-119.22313,54.53824],[-119.22355,54.53839],[-119.22364,54.53842],[-119.22446,54.53837],[-119.22488,54.5384],[-119.22514,54.53844],[-119.2257,54.53861],[-119.22632,54.53885],[-119.22668,54.53896],[-119.22721,54.5392],[-119.22905,54.54014],[-119.22997,54.54062],[-119.23039,54.54087],[-119.23081,54.54108],[-119.23081,54.5411],[-119.23172,54.54157],[-119.23211,54.54181],[-119.23245,54.54209],[-119.23268,54.54226],[-119.23287,54.54245],[-119.23307,54.54276],[-119.23318,54.54287],[-119.23339,54.54327],[-119.23351,54.54352],[-119.23359,54.54359],[-119.23368,54.54365],[-119.23396,54.54386],[-119.23414,54.54399],[-119.23431,54.54411],[-119.23457,54.54432],[-119.23466,54.54441],[-119.23473,54.54466],[-119.23471,54.54471],[-119.23455,54.54483],[-119.23429,54.54494],[-119.23414,54.54495],[-119.234,54.54496],[-119.23368,54.54493],[-119.23356,54.54492],[-119.23326,54.54482],[-119.23308,54.54472],[-119.23297,54.54468],[-119.23247,54.54461],[-119.23241,54.54461],[-119.23226,54.54468],[-119.23176,54.54498],[-119.2313,54.54518],[-119.23082,54.54525],[-119.23076,54.5453],[-119.23063,54.54542],[-119.23062,54.54546],[-119.231,54.54619],[-119.23117,54.54638],[-119.23127,54.54652],[-119.23139,54.54728],[-119.23144,54.54739],[-119.23155,54.54754],[-119.23176,54.5478],[-119.23203,54.54802],[-119.23215,54.54815],[-119.23251,54.54837],[-119.23284,54.54856],[-119.2332,54.54879],[-119.23352,54.54892],[-119.23368,54.54892],[-119.23373,54.54892],[-119.23389,54.54889],[-119.234,54.54876],[-119.23394,54.54866],[-119.23385,54.54861],[-119.23368,54.54847],[-119.23357,54.54837],[-119.23311,54.54812],[-119.23292,54.54793],[-119.23283,54.54781],[-119.23281,54.54767],[-119.23282,54.54734],[-119.23287,54.54717],[-119.23306,54.54698],[-119.23304,54.54676],[-119.23293,54.54653],[-119.23309,54.54622],[-119.23359,54.54586],[-119.23368,54.54582],[-119.23388,54.54572],[-119.23414,54.54572],[-119.23429,54.54571],[-119.23464,54.54578],[-119.23507,54.54597],[-119.2356,54.54626],[-119.23584,54.54651],[-119.23657,54.54707],[-119.23726,54.54741],[-119.23785,54.54781],[-119.23805,54.54793],[-119.238,54.54798],[-119.23818,54.54803],[-119.23937,54.54901],[-119.24036,54.54945],[-119.24124,54.54983],[-119.24167,54.55004],[-119.24191,54.55022],[-119.24202,54.55033],[-119.24221,54.55045],[-119.24249,54.55057],[-119.24273,54.55071],[-119.24289,54.55077],[-119.24314,54.55084],[-119.24353,54.551],[-119.24387,54.55113],[-119.2441,54.55115],[-119.24419,54.55114],[-119.24468,54.55108],[-119.24546,54.55105],[-119.24645,54.55111],[-119.24658,54.55113],[-119.24707,54.55119],[-119.24764,54.55133],[-119.24803,54.55151],[-119.24829,54.5517],[-119.24853,54.55193],[-119.24877,54.55212],[-119.24903,54.55223],[-119.24927,54.55233],[-119.24955,54.55251],[-119.2496,54.55253],[-119.24989,54.55268],[-119.25002,54.55275],[-119.25014,54.55281],[-119.25044,54.55296],[-119.2506,54.55302],[-119.25109,54.55305],[-119.25142,54.55303],[-119.25186,54.55302],[-119.25239,54.55303],[-119.25293,54.55311],[-119.25343,54.55314],[-119.25399,54.55307],[-119.25459,54.55295],[-119.25531,54.55277],[-119.25642,54.55256],[-119.25654,54.55254],[-119.25662,54.55252],[-119.25709,54.55238],[-119.25788,54.55231],[-119.25858,54.5523],[-119.25886,54.55226],[-119.25928,54.55226],[-119.25933,54.55227],[-119.25955,54.55231],[-119.26011,54.55249],[-119.26017,54.55254],[-119.26024,54.55259],[-119.26037,54.55275],[-119.26047,54.55292],[-119.26062,54.55308],[-119.26077,54.5532],[-119.26086,54.55331],[-119.26123,54.5537],[-119.26137,54.55379],[-119.26168,54.55407],[-119.26202,54.55433],[-119.26256,54.55457],[-119.26308,54.55475],[-119.26342,54.55489],[-119.26357,54.55492],[-119.26404,54.5549],[-119.26473,54.5547],[-119.26477,54.55468],[-119.26483,54.5546],[-119.26506,54.55422],[-119.26509,54.55333],[-119.26472,54.55303],[-119.26465,54.55295],[-119.26462,54.55254],[-119.26462,54.55247],[-119.26469,54.55221],[-119.26477,54.55212],[-119.26505,54.55195],[-119.2652,54.5519],[-119.26551,54.55175],[-119.26601,54.55158],[-119.26647,54.55153],[-119.26724,54.55175],[-119.2677,54.55194],[-119.26834,54.55192],[-119.26891,54.55174],[-119.26937,54.55142],[-119.26954,54.55112],[-119.26954,54.55108],[-119.26978,54.55081],[-119.27023,54.55051],[-119.27068,54.5503],[-119.27099,54.55014],[-119.27119,54.55009],[-119.27167,54.5499],[-119.27176,54.54987],[-119.27198,54.5498],[-119.27217,54.54968],[-119.2724,54.54947],[-119.27268,54.54928],[-119.27316,54.5488],[-119.27324,54.54866],[-119.27348,54.54852],[-119.27366,54.54837],[-119.27394,54.54804],[-119.27405,54.54794],[-119.27419,54.54768],[-119.27419,54.54731],[-119.27416,54.54717],[-119.27407,54.54701],[-119.27349,54.54648],[-119.27342,54.54643],[-119.2732,54.5462],[-119.273,54.5461],[-119.27284,54.54596],[-119.27271,54.54579],[-119.27266,54.54559],[-119.27267,54.5454],[-119.27271,54.54531],[-119.27276,54.5452],[-119.27317,54.5447],[-119.27364,54.54434],[-119.27458,54.54426],[-119.2749,54.54428],[-119.27596,54.54438],[-119.27614,54.54439],[-119.27627,54.54441],[-119.27704,54.54441],[-119.27793,54.54445],[-119.27829,54.54452],[-119.27911,54.54463],[-119.27985,54.54465],[-119.28057,54.54467],[-119.28089,54.5447],[-119.28129,54.54471],[-119.28163,54.5447],[-119.28215,54.54464],[-119.28255,54.5445],[-119.28307,54.54433],[-119.28318,54.54425],[-119.28394,54.54403],[-119.28404,54.54402],[-119.28441,54.54396],[-119.28451,54.54394],[-119.28499,54.54383],[-119.28515,54.5437],[-119.28502,54.54355],[-119.2848,54.54343],[-119.28451,54.54344],[-119.28431,54.54344],[-119.28404,54.54347],[-119.28292,54.54358],[-119.28215,54.5436],[-119.28165,54.54355],[-119.28095,54.5434],[-119.28066,54.5432],[-119.28063,54.54312],[-119.28063,54.54267],[-119.28095,54.54208],[-119.28103,54.542],[-119.2813,54.54182],[-119.28177,54.54163],[-119.2822,54.54155],[-119.2831,54.5415],[-119.28366,54.54138],[-119.28404,54.54124],[-119.28417,54.54119],[-119.28451,54.54112],[-119.28483,54.54106],[-119.28535,54.54097],[-119.28545,54.54097],[-119.28592,54.54104],[-119.28632,54.54111],[-119.2868,54.54116],[-119.28685,54.54118],[-119.28747,54.54124],[-119.28763,54.54129],[-119.28835,54.54127],[-119.28898,54.54117],[-119.28954,54.54102],[-119.29003,54.54084],[-119.29048,54.54065],[-119.29086,54.54041],[-119.2913,54.54018],[-119.29163,54.53994],[-119.29223,54.5396],[-119.2926,54.53913],[-119.29282,54.53888],[-119.29286,54.53882],[-119.29314,54.53853],[-119.29355,54.53831],[-119.29371,54.53826],[-119.29493,54.53808],[-119.29507,54.53806],[-119.2958,54.53807],[-119.29604,54.53808],[-119.29624,54.53809],[-119.29638,54.53816],[-119.2966,54.53835],[-119.29662,54.53843],[-119.29651,54.53881],[-119.29637,54.53907],[-119.29609,54.53949],[-119.29608,54.53953],[-119.29606,54.53984],[-119.2961,54.54004],[-119.29618,54.54017],[-119.29641,54.54032],[-119.29665,54.54038],[-119.29694,54.54037],[-119.29706,54.54037],[-119.29717,54.54035],[-119.29724,54.54029],[-119.29739,54.54012],[-119.29752,54.53991],[-119.29761,54.53975],[-119.2978,54.53951],[-119.29798,54.53934],[-119.29811,54.53927],[-119.29856,54.53921],[-119.29889,54.53909],[-119.29923,54.5389],[-119.29928,54.53881],[-119.29922,54.53815],[-119.29922,54.53808],[-119.29924,54.53772],[-119.29937,54.53725],[-119.29946,54.53707],[-119.29954,54.53673],[-119.29959,54.53633],[-119.29968,54.53608],[-119.2999,54.53582],[-119.30016,54.53569],[-119.30044,54.53545],[-119.3007,54.53536],[-119.30107,54.53537],[-119.30122,54.53541],[-119.30143,54.53553],[-119.30157,54.53567],[-119.30176,54.53583],[-119.30194,54.53592],[-119.3022,54.53599],[-119.30269,54.53597],[-119.30316,54.5358],[-119.30359,54.5356],[-119.30393,54.53536],[-119.30395,54.53533],[-119.30397,54.5349],[-119.30422,54.53459],[-119.30457,54.53433],[-119.3051,54.53419],[-119.30572,54.53417],[-119.30645,54.53404],[-119.30673,54.53404],[-119.30751,54.53403],[-119.30794,54.53407],[-119.30809,54.53412],[-119.30824,54.5342],[-119.30869,54.53437],[-119.30923,54.53447],[-119.30929,54.53448],[-119.30965,54.53457],[-119.30969,54.53458],[-119.30978,54.5346],[-119.30991,54.5346],[-119.31131,54.5343],[-119.31146,54.53423],[-119.31182,54.53415],[-119.31241,54.53406],[-119.31285,54.53396],[-119.31342,54.53377],[-119.31374,54.5337],[-119.31395,54.53369],[-119.31428,54.53373],[-119.31436,54.53377],[-119.31449,54.53393],[-119.31456,54.53411],[-119.31472,54.5342],[-119.31479,54.5342],[-119.31529,54.5342],[-119.31603,54.53417],[-119.31679,54.53418],[-119.3171,54.5342],[-119.31773,54.53426],[-119.3182,54.53424],[-119.31898,54.53411],[-119.31908,54.53406],[-119.31942,54.53385],[-119.31985,54.53363],[-119.32026,54.53346],[-119.3208,54.5333],[-119.32168,54.53311],[-119.32213,54.53307],[-119.32218,54.53307],[-119.32238,54.53306],[-119.32289,54.53302],[-119.32378,54.53303],[-119.32397,54.53302],[-119.32443,54.53294],[-119.32501,54.53277],[-119.32531,54.53257],[-119.32551,54.53243],[-119.32571,54.53218],[-119.32603,54.532],[-119.32687,54.53201],[-119.32704,54.53203],[-119.32754,54.53204],[-119.32782,54.53182],[-119.32803,54.53154],[-119.32816,54.53136],[-119.32831,54.53093],[-119.32842,54.53066],[-119.32846,54.53055],[-119.32868,54.53034],[-119.32881,54.53022],[-119.32976,54.5298],[-119.32981,54.52977],[-119.3301,54.52953],[-119.3306,54.52906],[-119.33068,54.52892],[-119.33095,54.52863],[-119.33148,54.52792],[-119.33184,54.52734],[-119.33202,54.52725],[-119.33241,54.52718],[-119.33255,54.5272],[-119.33275,54.52727],[-119.33305,54.52737],[-119.33324,54.52768],[-119.33329,54.52799],[-119.33328,54.5281],[-119.33313,54.52827],[-119.33319,54.52851],[-119.33352,54.52872],[-119.33397,54.52878],[-119.33435,54.52871],[-119.33441,54.52869],[-119.33446,54.52867],[-119.33488,54.52834],[-119.33488,54.52834],[-119.33506,54.52824],[-119.33541,54.52799],[-119.33582,54.52777],[-119.33636,54.52761],[-119.33705,54.52758],[-119.33776,54.52753],[-119.33848,54.52739],[-119.3386,54.52735],[-119.33898,54.52729],[-119.33932,54.52717],[-119.3397,54.52699],[-119.33983,54.52691],[-119.3401,54.52662],[-119.34016,54.52642],[-119.34016,54.52588],[-119.34006,54.52572],[-119.3398,54.52511],[-119.33968,54.52441],[-119.33966,54.52419],[-119.33968,54.5238],[-119.33972,54.52363],[-119.3398,54.52343],[-119.33981,54.52339],[-119.33988,54.52303],[-119.33999,54.52218],[-119.34007,54.52169],[-119.34004,54.52111],[-119.3401,54.52085],[-119.34029,54.52052],[-119.34057,54.5202],[-119.34091,54.5199],[-119.34164,54.5194],[-119.34217,54.51912],[-119.34248,54.51891],[-119.34294,54.51869],[-119.34333,54.51843],[-119.34436,54.51792],[-119.3452,54.51756],[-119.34561,54.51731],[-119.34606,54.51709],[-119.34657,54.51689],[-119.34732,54.51655],[-119.3475,54.51647],[-119.34781,54.51639],[-119.34814,54.51638],[-119.34823,54.51641],[-119.34857,54.51662],[-119.3487,54.51678],[-119.34869,54.51699],[-119.3487,54.51709],[-119.34871,54.51714],[-119.34866,54.51725],[-119.34854,54.51735],[-119.34848,54.51738],[-119.34832,54.51753],[-119.34825,54.51777],[-119.34834,54.51792],[-119.34841,54.51794],[-119.34862,54.51796],[-119.34935,54.51796],[-119.34961,54.51794],[-119.34975,54.51791],[-119.35109,54.51788],[-119.35178,54.51785],[-119.35206,54.51783],[-119.35221,54.5178],[-119.35234,54.51769],[-119.35233,54.51762],[-119.35221,54.5175],[-119.35206,54.51725],[-119.35197,54.51714],[-119.35172,54.51674],[-119.35157,54.5162],[-119.3515,54.51593],[-119.35144,54.5155],[-119.35144,54.5154],[-119.35161,54.51508],[-119.35155,54.51474],[-119.35151,54.51465],[-119.35146,54.51418],[-119.35142,54.51368],[-119.35137,54.51348],[-119.35137,54.51327],[-119.35144,54.51323],[-119.35144,54.51318],[-119.35138,54.51265],[-119.3516,54.51241],[-119.35186,54.51222],[-119.352,54.51214],[-119.35255,54.51194],[-119.35352,54.51175],[-119.35396,54.51157],[-119.35426,54.51137],[-119.35455,54.51111],[-119.35465,54.51099],[-119.35469,54.51094],[-119.35474,54.51077],[-119.35473,54.51021],[-119.35479,54.50995],[-119.35501,54.50949],[-119.35526,54.50928],[-119.3554,54.50922],[-119.35559,54.50916],[-119.35598,54.50916],[-119.35606,54.50918],[-119.35629,54.5093],[-119.35642,54.50944],[-119.35639,54.50968],[-119.35639,54.50973],[-119.3564,54.50982],[-119.35652,54.51004],[-119.35681,54.51017],[-119.35703,54.51028],[-119.35734,54.51036],[-119.35768,54.51037],[-119.35822,54.51028],[-119.35853,54.51012],[-119.35882,54.50987],[-119.35917,54.50958],[-119.35956,54.50931],[-119.35961,54.50928],[-119.36008,54.50901],[-119.36014,54.50897],[-119.36015,54.50896],[-119.36039,54.50884],[-119.36057,54.50878],[-119.36109,54.50877],[-119.36149,54.50885],[-119.36174,54.50896],[-119.36176,54.50897],[-119.36186,54.50909],[-119.36191,54.50937],[-119.36188,54.50953],[-119.36167,54.50973],[-119.36128,54.50996],[-119.36128,54.50998],[-119.36128,54.51],[-119.36107,54.51015],[-119.36088,54.51021],[-119.36078,54.51036],[-119.36083,54.51053],[-119.36093,54.51063],[-119.36129,54.51066],[-119.3617,54.51062],[-119.36215,54.51056],[-119.36401,54.5102],[-119.36426,54.51017],[-119.3645,54.51011],[-119.36484,54.50999],[-119.36511,54.50983],[-119.36527,54.50969],[-119.36523,54.50931],[-119.36511,54.50916],[-119.36505,54.50915],[-119.36441,54.50901],[-119.36435,54.50897],[-119.36403,54.50875],[-119.36382,54.50855],[-119.3638,54.50842],[-119.36385,54.50835],[-119.36417,54.50811],[-119.36535,54.5076],[-119.36557,54.50754],[-119.3657,54.50754],[-119.36603,54.50758],[-119.36631,54.50761],[-119.36666,54.50759],[-119.36685,54.50753],[-119.3669,54.50749],[-119.36697,54.50747],[-119.36703,54.50739],[-119.3671,54.50721],[-119.36719,54.50711],[-119.36828,54.50646],[-119.36832,54.50645],[-119.36862,54.50643],[-119.36906,54.50657],[-119.36936,54.50673],[-119.36965,54.50684],[-119.36979,54.50698],[-119.37003,54.50711],[-119.37031,54.50715],[-119.37082,54.50701],[-119.3713,54.50678],[-119.37189,54.50636],[-119.37227,54.50618],[-119.3723,54.50609],[-119.37253,54.5059],[-119.37256,54.50587],[-119.37268,54.50564],[-119.3729,54.50555],[-119.37369,54.50536],[-119.37408,54.50528],[-119.37431,54.50531],[-119.3746,54.50542],[-119.37494,54.50549],[-119.37501,54.50554],[-119.37512,54.50569],[-119.37527,54.50625],[-119.37549,54.50645],[-119.37593,54.5067],[-119.37606,54.50675],[-119.37633,54.5068],[-119.37677,54.50684],[-119.37741,54.50692],[-119.37829,54.50694],[-119.37988,54.50653],[-119.38,54.50649],[-119.38032,54.50636],[-119.38053,54.50624],[-119.38058,54.50623],[-119.38165,54.50598],[-119.383,54.50575],[-119.3837,54.50555],[-119.38379,54.50553],[-119.38415,54.50527],[-119.38455,54.50511],[-119.38482,54.50506],[-119.38522,54.50499],[-119.38529,54.50497],[-119.38549,54.50492],[-119.38587,54.50487],[-119.38652,54.50485],[-119.38692,54.5048],[-119.38768,54.50461],[-119.38827,54.50456],[-119.38842,54.50459],[-119.38882,54.50469],[-119.38927,54.50492],[-119.38948,54.50505],[-119.38974,54.5053],[-119.38998,54.50548],[-119.39068,54.50578],[-119.39085,54.506],[-119.39091,54.50619],[-119.39094,54.50645],[-119.39109,54.50654],[-119.39149,54.50672],[-119.39183,54.50696],[-119.392,54.50704],[-119.39236,54.50716],[-119.39278,54.50718],[-119.39297,54.50713],[-119.39312,54.50701],[-119.3935,54.50672],[-119.39369,54.5065],[-119.39395,54.50636],[-119.39406,54.50633],[-119.39434,54.50633],[-119.39474,54.5064],[-119.39513,54.50651],[-119.39527,54.50656],[-119.39537,54.50663],[-119.3956,54.50689],[-119.39573,54.5072],[-119.39581,54.50739],[-119.39592,54.50751],[-119.39599,54.50765],[-119.39605,54.50775],[-119.39603,54.50794],[-119.39587,54.50812],[-119.3957,54.50826],[-119.3957,54.50846],[-119.39599,54.50888],[-119.39619,54.50899],[-119.39652,54.50917],[-119.39722,54.50938],[-119.39765,54.50937],[-119.39774,54.50936],[-119.3981,54.50932],[-119.39831,54.50928],[-119.39847,54.50921],[-119.39875,54.50909],[-119.39932,54.50899],[-119.39956,54.50894],[-119.40045,54.50893],[-119.4012,54.50896],[-119.40161,54.50899],[-119.40162,54.50899],[-119.40189,54.50902],[-119.40252,54.50916],[-119.40304,54.50933],[-119.40353,54.50951],[-119.40392,54.5096],[-119.40434,54.50973],[-119.40538,54.50996],[-119.40593,54.51004],[-119.40694,54.51002],[-119.40748,54.51004],[-119.40815,54.5101],[-119.40868,54.51018],[-119.40915,54.51026],[-119.40979,54.51049],[-119.41004,54.5106],[-119.41046,54.51078],[-119.4105,54.5108],[-119.41085,54.51092],[-119.41103,54.51092],[-119.41168,54.51096],[-119.41281,54.51108],[-119.41338,54.51125],[-119.4139,54.5114],[-119.41432,54.51164],[-119.41463,54.51192],[-119.41493,54.51224],[-119.41529,54.51247],[-119.41579,54.51274],[-119.41609,54.51283],[-119.41652,54.51291],[-119.41684,54.51295],[-119.4171,54.51305],[-119.41715,54.51308],[-119.41759,54.5131],[-119.41846,54.51322],[-119.41903,54.51352],[-119.41913,54.5136],[-119.41923,54.51376],[-119.41942,54.51393],[-119.41953,54.51401],[-119.42014,54.51436],[-119.42061,54.51452],[-119.42109,54.51452],[-119.42155,54.5145],[-119.422,54.51442],[-119.4221,54.51439],[-119.42236,54.51422],[-119.42242,54.51413],[-119.42275,54.51392],[-119.42277,54.51389],[-119.42296,54.51375],[-119.42311,54.51363],[-119.42339,54.51335],[-119.42369,54.51308],[-119.42402,54.5129],[-119.42474,54.51233],[-119.42521,54.51217],[-119.42561,54.51195],[-119.42592,54.51181],[-119.42628,54.51181],[-119.42673,54.51194],[-119.42734,54.5122],[-119.42761,54.51228],[-119.42816,54.51226],[-119.42832,54.51224],[-119.42857,54.51216],[-119.429,54.51205],[-119.42933,54.51193],[-119.43013,54.51149],[-119.43032,54.51116],[-119.43044,54.51068],[-119.4305,54.51033],[-119.43047,54.5097],[-119.43027,54.50925],[-119.43028,54.50901],[-119.4303,54.50899],[-119.43042,54.50882],[-119.43069,54.50853],[-119.43096,54.50842],[-119.43131,54.50828],[-119.43185,54.5082],[-119.43235,54.50834],[-119.43257,54.50846],[-119.43272,54.50867],[-119.43284,54.50899],[-119.43298,54.50937],[-119.43314,54.5097],[-119.43337,54.50994],[-119.43372,54.51011],[-119.4342,54.51023],[-119.43468,54.51023],[-119.43525,54.51021],[-119.43529,54.51021],[-119.43572,54.51013],[-119.43588,54.5101],[-119.43616,54.51001],[-119.43643,54.50996],[-119.43657,54.50988],[-119.43708,54.50973],[-119.43819,54.5093],[-119.43832,54.50923],[-119.43908,54.50899],[-119.43939,54.50889],[-119.44006,54.50885],[-119.44052,54.50889],[-119.44065,54.50895],[-119.44075,54.50899],[-119.44101,54.50908],[-119.44145,54.50907],[-119.44156,54.50901],[-119.44157,54.50899],[-119.44164,54.50889],[-119.44187,54.50819],[-119.44185,54.50798],[-119.44198,54.50758],[-119.44212,54.50742],[-119.44246,54.50731],[-119.44272,54.5072],[-119.44293,54.50708],[-119.44301,54.50697],[-119.44312,54.50665],[-119.44313,54.50643],[-119.44311,54.50623],[-119.44324,54.50577],[-119.44341,54.50563],[-119.44366,54.50554],[-119.44409,54.50541],[-119.44452,54.50542],[-119.44488,54.50546],[-119.44519,54.50554],[-119.44593,54.50548],[-119.44679,54.50549],[-119.44743,54.5056],[-119.44758,54.50566],[-119.44772,54.50571],[-119.44778,54.5058],[-119.44806,54.50595],[-119.44816,54.50603],[-119.44817,54.50619],[-119.448,54.50624],[-119.44782,54.50638],[-119.44793,54.50656],[-119.44817,54.50658],[-119.44833,54.5066],[-119.44866,54.50651],[-119.44872,54.50631],[-119.4487,54.50611],[-119.44885,54.50587],[-119.44908,54.50578],[-119.44938,54.50575],[-119.44966,54.5058],[-119.44988,54.50591],[-119.45005,54.50634],[-119.45005,54.50658],[-119.44991,54.50716],[-119.44992,54.50758],[-119.44985,54.50766],[-119.45008,54.50769],[-119.45066,54.50795],[-119.45077,54.50813],[-119.45088,54.50825],[-119.45106,54.50831],[-119.45118,54.50832],[-119.45142,54.50817],[-119.45223,54.50791],[-119.45265,54.50783],[-119.45285,54.5079],[-119.45297,54.50802],[-119.45303,54.50823],[-119.45316,54.50842],[-119.45349,54.50851],[-119.45371,54.50863],[-119.45382,54.50879],[-119.45383,54.50898],[-119.45382,54.50899],[-119.45372,54.50909],[-119.45339,54.50918],[-119.45347,54.50927],[-119.45371,54.50941],[-119.45411,54.50952],[-119.45447,54.50956],[-119.45475,54.5097],[-119.45492,54.5099],[-119.45487,54.51009],[-119.45466,54.51019],[-119.45438,54.51027],[-119.45426,54.51035],[-119.45437,54.51061],[-119.45469,54.51073],[-119.4548,54.51079],[-119.45501,54.51101],[-119.45532,54.51127],[-119.45571,54.51148],[-119.45602,54.51178],[-119.45634,54.51204],[-119.45661,54.51235],[-119.45662,54.51241],[-119.45653,54.51274],[-119.45614,54.51293],[-119.45555,54.51287],[-119.45545,54.51287],[-119.45503,54.51296],[-119.4549,54.51301],[-119.45472,54.51321],[-119.45472,54.51347],[-119.45492,54.51366],[-119.4554,54.51384],[-119.45555,54.51391],[-119.4559,54.51415],[-119.45606,54.51443],[-119.45592,54.51481],[-119.4556,54.51523],[-119.45536,54.51536],[-119.45495,54.51554],[-119.45473,54.51562],[-119.45405,54.51575],[-119.45417,54.51591],[-119.45434,54.51601],[-119.4545,54.51603],[-119.45503,54.51604],[-119.45535,54.51613],[-119.45546,54.51622],[-119.45547,54.51622],[-119.45563,54.51645],[-119.45588,54.51709],[-119.45609,54.51745],[-119.45611,54.51778],[-119.45593,54.51807],[-119.45586,54.5181],[-119.45552,54.51829],[-119.45552,54.51834],[-119.45563,54.51851],[-119.4558,54.51863],[-119.45592,54.51876],[-119.45628,54.51897],[-119.45643,54.51918],[-119.45639,54.51943],[-119.45624,54.51951],[-119.45597,54.51957],[-119.45488,54.51963],[-119.45466,54.51967],[-119.45441,54.51978],[-119.45455,54.5202],[-119.45464,54.52043],[-119.45475,54.52062],[-119.45487,54.5207],[-119.45514,54.52085],[-119.45521,54.52086],[-119.45562,54.52103],[-119.45601,54.52105],[-119.45626,54.52078],[-119.45665,54.52052],[-119.45683,54.52045],[-119.45726,54.52044],[-119.45745,54.52048],[-119.45771,54.52057],[-119.45792,54.52085],[-119.45781,54.52104],[-119.45748,54.52123],[-119.45735,54.52143],[-119.4572,54.52149],[-119.45697,54.52155],[-119.4566,54.52156],[-119.45647,54.52157],[-119.45624,54.52163],[-119.45614,54.52169],[-119.4564,54.52187],[-119.45653,54.52217],[-119.45647,54.52222],[-119.45612,54.52234],[-119.45599,54.52236],[-119.45594,54.52237],[-119.45551,54.52255],[-119.45551,54.52257],[-119.45623,54.52254],[-119.45641,54.5227],[-119.45648,54.52284],[-119.45662,54.52301],[-119.45671,54.52336],[-119.4569,54.52344],[-119.45696,54.52347],[-119.45719,54.52352],[-119.45765,54.52355],[-119.45773,54.52377],[-119.45774,54.52384],[-119.45764,54.52394],[-119.45682,54.52446],[-119.45621,54.52466],[-119.45581,54.52471],[-119.45555,54.52479],[-119.45556,54.52501],[-119.45606,54.52515],[-119.45651,54.52516],[-119.45673,54.52519],[-119.45694,54.52526],[-119.45707,54.52544],[-119.45707,54.52551],[-119.45646,54.52598],[-119.45633,54.52613],[-119.45653,54.52626],[-119.4572,54.5264],[-119.45739,54.52641],[-119.45758,54.52665],[-119.45774,54.52695],[-119.45775,54.52707],[-119.45764,54.52745],[-119.45757,54.5276],[-119.45751,54.52782],[-119.45726,54.52812],[-119.45715,54.52824],[-119.45721,54.52848],[-119.45729,54.52851],[-119.45778,54.52841],[-119.45798,54.52826],[-119.45801,54.5281],[-119.45796,54.52801],[-119.45792,54.52778],[-119.45793,54.52774],[-119.45819,54.52754],[-119.45848,54.52753],[-119.45874,54.52771],[-119.45893,54.52793],[-119.45922,54.52839],[-119.4593,54.52847],[-119.45959,54.52863],[-119.45972,54.52874],[-119.46028,54.52885],[-119.46047,54.52884],[-119.46076,54.52884],[-119.46093,54.52882],[-119.46093,54.52882],[-119.46135,54.52874],[-119.46178,54.52873],[-119.46208,54.52892],[-119.46251,54.52926],[-119.4627,54.52948],[-119.46288,54.53022],[-119.46278,54.5305],[-119.46279,54.5306],[-119.46281,54.53067],[-119.46286,54.53084],[-119.46294,54.53094],[-119.46296,54.53097],[-119.46328,54.53123],[-119.46352,54.53136],[-119.4638,54.5316],[-119.46399,54.53188],[-119.4642,54.53192],[-119.4643,54.53192],[-119.46444,54.53174],[-119.46481,54.53146],[-119.46517,54.53127],[-119.46555,54.53112],[-119.46595,54.53094],[-119.46598,54.53093],[-119.46641,54.53088],[-119.46663,54.53094],[-119.46676,54.53098],[-119.46686,54.53107],[-119.46692,54.53124],[-119.46692,54.53162],[-119.46689,54.53166],[-119.46686,54.5321],[-119.4669,54.5325],[-119.467,54.53281],[-119.46706,54.53284],[-119.46732,54.53322],[-119.46751,54.53357],[-119.46765,54.53374],[-119.4679,54.53379],[-119.46857,54.53385],[-119.46896,54.5339],[-119.46927,54.53407],[-119.46949,54.53421],[-119.46983,54.53441],[-119.47,54.53445],[-119.47064,54.53447],[-119.47118,54.53464],[-119.47142,54.53495],[-119.47158,54.53534],[-119.47174,54.53568],[-119.472,54.53598],[-119.47212,54.53607],[-119.47213,54.53614],[-119.47232,54.5363],[-119.4726,54.53641],[-119.47283,54.53645],[-119.4733,54.53662],[-119.47354,54.53669],[-119.47401,54.53696],[-119.47408,54.537],[-119.47416,54.5371],[-119.4744,54.53721],[-119.47455,54.53734],[-119.47513,54.53778],[-119.47566,54.53805],[-119.47613,54.53821],[-119.47617,54.53841],[-119.4761,54.53858],[-119.47598,54.53868],[-119.47554,54.53868],[-119.47527,54.53872],[-119.47484,54.53882],[-119.47451,54.53901],[-119.47434,54.53926],[-119.47439,54.53951],[-119.47461,54.53962],[-119.4751,54.53968],[-119.47602,54.53967],[-119.47629,54.5397],[-119.47664,54.53975],[-119.47678,54.53979],[-119.47706,54.53997],[-119.47713,54.54003],[-119.47714,54.54008],[-119.47733,54.54033],[-119.47749,54.54049],[-119.47767,54.54059],[-119.47794,54.54066],[-119.47861,54.54095],[-119.47896,54.54104],[-119.47897,54.54118],[-119.47876,54.5415],[-119.47865,54.54158],[-119.47825,54.54179],[-119.4781,54.54201],[-119.47808,54.54212],[-119.47821,54.54242],[-119.47892,54.54242],[-119.47915,54.54236],[-119.47932,54.54219],[-119.47947,54.54214],[-119.47982,54.54221],[-119.47988,54.54253],[-119.47979,54.54292],[-119.4796,54.54329],[-119.47892,54.54333],[-119.47879,54.54339],[-119.47874,54.54344],[-119.47904,54.54364],[-119.47921,54.54372],[-119.47933,54.54393],[-119.48,54.54399],[-119.48023,54.54398],[-119.48008,54.54379],[-119.47997,54.54369],[-119.48005,54.54351],[-119.48014,54.54352],[-119.48061,54.54369],[-119.48086,54.54401],[-119.4809,54.54411],[-119.48159,54.54424],[-119.48159,54.54422],[-119.48174,54.54429],[-119.48172,54.54461],[-119.4814,54.54462],[-119.48148,54.5445],[-119.48148,54.54447],[-119.4813,54.54435],[-119.48112,54.54446],[-119.48085,54.54475],[-119.48061,54.54506],[-119.48053,54.54523],[-119.48035,54.54523],[-119.48029,54.54514],[-119.48028,54.54509],[-119.48043,54.54498],[-119.48016,54.54483],[-119.47999,54.5447],[-119.4798,54.54471],[-119.47974,54.54474],[-119.4795,54.54502],[-119.47951,54.54522],[-119.47968,54.54533],[-119.47996,54.54557],[-119.48026,54.54567],[-119.4798,54.54588],[-119.4792,54.54596],[-119.47905,54.54608],[-119.47921,54.54626],[-119.47946,54.54627],[-119.48003,54.54623],[-119.48024,54.54618],[-119.48039,54.5461],[-119.48059,54.54603],[-119.48061,54.54626],[-119.48047,54.54648],[-119.48042,54.54653],[-119.48007,54.54673],[-119.48001,54.54675],[-119.47995,54.5471],[-119.48027,54.54738],[-119.4803,54.54753],[-119.48024,54.54778],[-119.48005,54.54803],[-119.47993,54.54802],[-119.47968,54.54795],[-119.47937,54.5479],[-119.47918,54.54791],[-119.47891,54.54803],[-119.47885,54.54809],[-119.47881,54.54821],[-119.47893,54.54891],[-119.47895,54.54908],[-119.47905,54.54939],[-119.47932,54.54969],[-119.47996,54.55022],[-119.48012,54.55033],[-119.48035,54.55065],[-119.48058,54.55083],[-119.48106,54.55117],[-119.48112,54.55136],[-119.48112,54.55146],[-119.48087,54.55157],[-119.48071,54.55158],[-119.48071,54.55168],[-119.48085,54.55196],[-119.48112,54.55238],[-119.48136,54.55257],[-119.48149,54.55262],[-119.4817,54.55244],[-119.48207,54.55245],[-119.48226,54.55256],[-119.4824,54.55277],[-119.48243,54.55333],[-119.4825,54.5534],[-119.4831,54.55372],[-119.48329,54.55393],[-119.48329,54.55427],[-119.48314,54.55475],[-119.48316,54.55478],[-119.48357,54.55484],[-119.48372,54.55484],[-119.48401,54.55492],[-119.48422,54.55503],[-119.48445,54.55515],[-119.48448,54.5552],[-119.48482,54.55545],[-119.48499,54.55549],[-119.48509,54.55556],[-119.48531,54.5557],[-119.4853,54.55601],[-119.48514,54.55609],[-119.48499,54.55613],[-119.48477,54.55629],[-119.48519,54.55642],[-119.48556,54.55634],[-119.48587,54.55625],[-119.4861,54.55624],[-119.48634,54.55642],[-119.48636,54.55653],[-119.48624,54.55668],[-119.48568,54.55681],[-119.48577,54.55692],[-119.48621,54.55711],[-119.48655,54.55721],[-119.48701,54.55711],[-119.48722,54.55721],[-119.48739,54.55736],[-119.48746,54.55797],[-119.48756,54.55837],[-119.48766,54.55844],[-119.48871,54.55853],[-119.48905,54.55884],[-119.48942,54.55907],[-119.49018,54.55951],[-119.4906,54.55971],[-119.49063,54.55974],[-119.49164,54.56],[-119.49198,54.56008],[-119.49199,54.56054],[-119.49205,54.56062],[-119.49235,54.56088],[-119.49252,54.56099],[-119.49276,54.56109],[-119.49338,54.56117],[-119.49386,54.56133],[-119.49402,54.56134],[-119.49434,54.56121],[-119.49433,54.56118],[-119.49417,54.56097],[-119.49422,54.56085],[-119.49438,54.56066],[-119.4946,54.56069],[-119.4947,54.56072],[-119.49502,54.56089],[-119.49533,54.56101],[-119.49552,54.56104],[-119.49627,54.56106],[-119.49679,54.56094],[-119.49708,54.56082],[-119.49725,54.56108],[-119.49714,54.56126],[-119.49707,54.56144],[-119.49728,54.56154],[-119.49737,54.56154],[-119.49809,54.5614],[-119.49819,54.56109],[-119.49883,54.56104],[-119.49891,54.56105],[-119.49906,54.56137],[-119.49943,54.56159],[-119.4998,54.56177],[-119.49988,54.56186],[-119.49989,54.56186],[-119.50002,54.56193],[-119.50011,54.56198],[-119.50036,54.56201],[-119.50054,54.56201],[-119.50094,54.56211],[-119.50126,54.56221],[-119.50127,54.56249],[-119.50141,54.56276],[-119.50153,54.56285],[-119.50157,54.56289],[-119.50172,54.56291],[-119.50245,54.563],[-119.50299,54.56297],[-119.50312,54.56293],[-119.50327,54.56281],[-119.50346,54.56279],[-119.50367,54.56285],[-119.50416,54.56313],[-119.50445,54.56328],[-119.50471,54.56337],[-119.5048,54.56338],[-119.50501,54.56346],[-119.50551,54.56408],[-119.50578,54.56436],[-119.50605,54.5645],[-119.50623,54.56455],[-119.50719,54.5647],[-119.50788,54.5649],[-119.50845,54.56501],[-119.50868,54.56503],[-119.50885,54.5651],[-119.50922,54.56529],[-119.50928,54.5653],[-119.50954,54.56532],[-119.50978,54.56527],[-119.50987,54.56523],[-119.51025,54.56499],[-119.51043,54.56497],[-119.5107,54.56509],[-119.51093,54.56551],[-119.51114,54.56581],[-119.51136,54.56599],[-119.51136,54.56715],[-119.51136,54.57218],[-119.51144,54.57217],[-119.51188,54.5722],[-119.51228,54.57228],[-119.51341,54.57263],[-119.51437,54.57297],[-119.51478,54.57316],[-119.51508,54.57328],[-119.51567,54.57353],[-119.51579,54.57361],[-119.51625,54.57381],[-119.5166,54.5739],[-119.51835,54.57426],[-119.51879,54.57441],[-119.52019,54.57474],[-119.52038,54.57481],[-119.52065,54.57487],[-119.52086,54.57494],[-119.52188,54.57513],[-119.52264,54.57528],[-119.52296,54.57537],[-119.52328,54.57547],[-119.52355,54.57559],[-119.52381,54.57575],[-119.52476,54.57662],[-119.52491,54.57688],[-119.52501,54.57707],[-119.52508,54.57729],[-119.52521,54.57755],[-119.5254,54.57793],[-119.52605,54.57946],[-119.52661,54.58102],[-119.52678,54.58159],[-119.5274,54.58313],[-119.52751,54.5834],[-119.52848,54.58424],[-119.5288,54.58443],[-119.53039,54.58542],[-119.53085,54.58563],[-119.53117,54.58576],[-119.53155,54.58582],[-119.53233,54.58584],[-119.53432,54.58575],[-119.53518,54.58564],[-119.536,54.58548],[-119.53653,54.5854],[-119.53734,54.58524],[-119.53781,54.58518],[-119.53935,54.5849],[-119.54068,54.58466],[-119.54136,54.58454],[-119.54157,54.58453],[-119.54194,54.58459],[-119.54278,54.58464],[-119.54357,54.58492],[-119.54399,54.58511],[-119.54494,54.58546],[-119.54575,54.58598],[-119.54614,54.58616],[-119.54667,54.58628],[-119.54683,54.58629],[-119.54696,54.58625],[-119.54778,54.58589],[-119.54848,54.58554],[-119.54887,54.58525],[-119.54926,54.585],[-119.54971,54.58482],[-119.55006,54.58468],[-119.55087,54.5844],[-119.55155,54.58405],[-119.55217,54.58369],[-119.55336,54.5831],[-119.55427,54.58269],[-119.55454,54.58253],[-119.55477,54.58244],[-119.555,54.58232],[-119.55541,54.58205],[-119.55623,54.58114],[-119.55695,54.58023],[-119.55863,54.5783],[-119.55879,54.57813],[-119.55887,54.57802],[-119.55913,54.57784],[-119.56006,54.57739],[-119.56146,54.5766],[-119.56234,54.5761],[-119.56327,54.57563],[-119.56351,54.57548],[-119.5639,54.57529],[-119.5646,54.57486],[-119.56493,54.57468],[-119.56511,54.57459],[-119.56527,54.57444],[-119.56607,54.57413],[-119.56647,54.57393],[-119.56689,54.57374],[-119.56819,54.57299],[-119.56906,54.57238],[-119.57026,54.57181],[-119.57066,54.57167],[-119.5713,54.57154],[-119.5719,54.57129],[-119.57233,54.57096],[-119.57313,54.5706],[-119.57371,54.57039],[-119.57409,54.57011],[-119.57461,54.56999],[-119.57528,54.56978],[-119.57613,54.56954],[-119.57677,54.56938],[-119.57777,54.56911],[-119.57852,54.56889],[-119.58005,54.56822],[-119.58073,54.56801],[-119.58147,54.5678],[-119.58324,54.56725],[-119.58423,54.56698],[-119.58522,54.56665],[-119.58658,54.56625],[-119.5879,54.56586],[-119.58841,54.56571],[-119.58908,54.56553],[-119.59021,54.56517],[-119.59447,54.56381],[-119.59632,54.56323],[-119.59781,54.56278],[-119.59876,54.56253],[-119.59975,54.56215],[-119.60075,54.56182],[-119.60342,54.56101],[-119.6069,54.55987],[-119.60917,54.55916],[-119.6093,54.55914],[-119.60978,54.55903],[-119.61004,54.55899],[-119.61086,54.55881],[-119.61112,54.55881],[-119.61215,54.55894],[-119.61373,54.55908],[-119.61449,54.55917],[-119.6152,54.55929],[-119.61568,54.55935],[-119.61611,54.55941],[-119.61652,54.55946],[-119.61688,54.55947],[-119.61723,54.5594],[-119.61749,54.55929],[-119.61764,54.5591],[-119.6177,54.55887],[-119.61775,54.55808],[-119.6179,54.55748],[-119.61789,54.55665],[-119.61798,54.55642],[-119.61809,54.55635],[-119.61827,54.55628],[-119.61868,54.55613],[-119.61916,54.556],[-119.62098,54.5554],[-119.62253,54.55494],[-119.6245,54.5543],[-119.62707,54.55349],[-119.62865,54.553],[-119.6292,54.55284],[-119.62973,54.55261],[-119.62984,54.5525],[-119.62986,54.55236],[-119.62948,54.55166],[-119.62936,54.55091],[-119.62928,54.55031],[-119.62914,54.54991],[-119.62908,54.54973],[-119.62895,54.54948],[-119.62869,54.54869],[-119.62866,54.54838],[-119.6284,54.547],[-119.62839,54.54678],[-119.62831,54.54657],[-119.62793,54.54618],[-119.62739,54.54583],[-119.62681,54.54562],[-119.62665,54.54546],[-119.62647,54.54517],[-119.62635,54.54493],[-119.62616,54.54468],[-119.62592,54.54431],[-119.62569,54.54401],[-119.62553,54.54369],[-119.62547,54.54347],[-119.6255,54.54324],[-119.62559,54.54299],[-119.62571,54.54251],[-119.62573,54.54234],[-119.62583,54.54201],[-119.62599,54.5411],[-119.62604,54.54043],[-119.62611,54.54013],[-119.6262,54.53992],[-119.62632,54.53974],[-119.6264,54.53952],[-119.62642,54.53934],[-119.6261,54.53842],[-119.62595,54.5378],[-119.62575,54.53719],[-119.62562,54.53687],[-119.62544,54.53656],[-119.6253,54.53621],[-119.62509,54.53556],[-119.62504,54.53521],[-119.62506,54.53495],[-119.62541,54.5336],[-119.62549,54.53339],[-119.62555,54.5331],[-119.62554,54.53285],[-119.62542,54.53259],[-119.62508,54.53205],[-119.62488,54.53181],[-119.62423,54.53129],[-119.62393,54.53108],[-119.62342,54.53079],[-119.62305,54.53064],[-119.62268,54.53053],[-119.62225,54.53036],[-119.62172,54.53018],[-119.62126,54.52999],[-119.62078,54.52977],[-119.61963,54.52908],[-119.61896,54.52859],[-119.6187,54.52831],[-119.61862,54.52802],[-119.61861,54.52736],[-119.61856,54.52706],[-119.61843,54.52682],[-119.61815,54.52659],[-119.61771,54.52633],[-119.61729,54.52605],[-119.61594,54.52524],[-119.61455,54.52439],[-119.61387,54.52391],[-119.61334,54.52346],[-119.61264,54.5228],[-119.61237,54.52248],[-119.61209,54.52222],[-119.61151,54.52176],[-119.6108,54.52138],[-119.61034,54.52124],[-119.6101,54.52121],[-119.60985,54.52118],[-119.60944,54.52117],[-119.60909,54.52119],[-119.60877,54.52124],[-119.60849,54.52132],[-119.60833,54.52135],[-119.60818,54.52137],[-119.60781,54.52151],[-119.60749,54.52159],[-119.60721,54.52164],[-119.60652,54.52165],[-119.6061,54.52162],[-119.60572,54.52157],[-119.60497,54.5215],[-119.60482,54.52147],[-119.60467,54.52136],[-119.60451,54.52109],[-119.60441,54.52084],[-119.60443,54.52064],[-119.60455,54.52045],[-119.60506,54.52007],[-119.60522,54.52001],[-119.60535,54.51992],[-119.60556,54.51984],[-119.60578,54.51967],[-119.60587,54.51942],[-119.60627,54.51858],[-119.60617,54.51836],[-119.60197,54.51234],[-119.60188,54.51224],[-119.60139,54.512],[-119.60113,54.51183],[-119.6009,54.5116],[-119.60053,54.5112],[-119.59998,54.5108],[-119.59976,54.51071],[-119.5994,54.51043],[-119.59927,54.51019],[-119.59921,54.50999],[-119.599,54.50991],[-119.59873,54.50986],[-119.59743,54.50975],[-119.59623,54.50968],[-119.59558,54.50966],[-119.59489,54.50944],[-119.59419,54.50914],[-119.59406,54.50905],[-119.59401,54.50893],[-119.59407,54.50884],[-119.59442,54.50846],[-119.5945,54.50832],[-119.5945,54.50811],[-119.59433,54.50794],[-119.5936,54.50744],[-119.59299,54.50696],[-119.59247,54.50661],[-119.59218,54.50647],[-119.59205,54.50636],[-119.59187,54.50598],[-119.59167,54.5054],[-119.59151,54.50518],[-119.59123,54.50512],[-119.59018,54.50505],[-119.58986,54.50501],[-119.58959,54.50493],[-119.58913,54.50468],[-119.58873,54.50434],[-119.58858,54.50407],[-119.5884,54.50349],[-119.58824,54.50324],[-119.5879,54.50292],[-119.58725,54.50242],[-119.58611,54.50174],[-119.58596,54.50158],[-119.5865,54.50158],[-119.58696,54.50158],[-119.5994,54.50158],[-119.61168,54.50158],[-119.61215,54.50158],[-119.62459,54.50158],[-119.63687,54.50157],[-119.63734,54.50157],[-119.64056,54.50157],[-119.64056,54.50157],[-119.64021,54.50145],[-119.63957,54.50107],[-119.6394,54.50097],[-119.63882,54.50076],[-119.63811,54.50067],[-119.63641,54.50091],[-119.63615,54.50095],[-119.63454,54.5006],[-119.63391,54.50024],[-119.63396,54.50001],[-119.63396,54.5],[-119.63396,54.5],[-119.63383,54.49995],[-119.63299,54.49965],[-119.6334,54.49956],[-119.63491,54.49948],[-119.63502,54.49945],[-119.63517,54.49917],[-119.63512,54.49874],[-119.63507,54.49866],[-119.63475,54.49848],[-119.63428,54.49831],[-119.63392,54.49805],[-119.63365,54.49774],[-119.63343,54.49741],[-119.63335,54.49653],[-119.63314,54.49542],[-119.63317,54.49522],[-119.63338,54.49491],[-119.63347,54.49453],[-119.63342,54.49392],[-119.63321,54.49379],[-119.63275,54.49361],[-119.63194,54.49317],[-119.6315,54.493],[-119.63123,54.49266],[-119.63112,54.4924],[-119.6311,54.49223],[-119.63125,54.49123],[-119.63116,54.49108],[-119.63083,54.49081],[-119.63004,54.49038],[-119.62953,54.49024],[-119.62914,54.49021],[-119.62882,54.49022],[-119.62813,54.49029],[-119.62754,54.49042],[-119.62711,54.49042],[-119.6265,54.49016],[-119.62622,54.48987],[-119.62602,54.4893],[-119.62611,54.48909],[-119.62617,54.4887],[-119.62612,54.48826],[-119.62599,54.48785],[-119.6256,54.48712],[-119.62524,54.48679],[-119.62479,54.48666],[-119.62417,54.48661],[-119.62403,54.4865],[-119.62401,54.48622],[-119.62408,54.48585],[-119.62434,54.48549],[-119.62481,54.48536],[-119.62523,54.48515],[-119.62553,54.48487],[-119.62576,54.48457],[-119.62578,54.48447],[-119.62543,54.48384],[-119.62527,54.48364],[-119.62494,54.48334],[-119.62501,54.48323],[-119.62518,54.48317],[-119.62523,54.48292],[-119.62516,54.48277],[-119.62439,54.48251],[-119.62435,54.48247],[-119.62477,54.48189],[-119.62491,54.48154],[-119.625,54.48115],[-119.62487,54.48082],[-119.62406,54.4804],[-119.62378,54.48002],[-119.62344,54.47927],[-119.62306,54.47904],[-119.62263,54.47887],[-119.62238,54.47848],[-119.62216,54.47826],[-119.62183,54.47813],[-119.62166,54.47782],[-119.62214,54.47783],[-119.62273,54.47792],[-119.62328,54.47805],[-119.62397,54.47806],[-119.62441,54.47787],[-119.62468,54.47758],[-119.62488,54.47726],[-119.62508,54.47716],[-119.62529,54.47729],[-119.62499,54.47781],[-119.62526,54.47782],[-119.62569,54.47762],[-119.62631,54.47709],[-119.62699,54.47695],[-119.62671,54.47665],[-119.62655,54.47629],[-119.62628,54.47617],[-119.62601,54.4762],[-119.62543,54.47643],[-119.62511,54.47626],[-119.62499,54.47604],[-119.62495,54.47589],[-119.62444,54.47525],[-119.62387,54.47476],[-119.62398,54.47452],[-119.62469,54.4745],[-119.62504,54.47447],[-119.62537,54.47445],[-119.62595,54.47432],[-119.62612,54.47399],[-119.62612,54.47386],[-119.62573,54.47378],[-119.62563,54.47379],[-119.62507,54.47325],[-119.62452,54.47263],[-119.6243,54.47229],[-119.62428,54.47218],[-119.62462,54.47202],[-119.62483,54.47201],[-119.62584,54.47219],[-119.62654,54.47225],[-119.6267,54.47194],[-119.62665,54.47183],[-119.62704,54.47141],[-119.62704,54.47128],[-119.62663,54.47057],[-119.6265,54.4703],[-119.62657,54.4702],[-119.62712,54.46978],[-119.62712,54.46963],[-119.62652,54.46906],[-119.62617,54.46879],[-119.62594,54.46869],[-119.62557,54.46887],[-119.62514,54.46888],[-119.62483,54.46877],[-119.62494,54.46842],[-119.6249,54.46823],[-119.62492,54.46785],[-119.62498,54.4678],[-119.62548,54.46783],[-119.62601,54.46797],[-119.62639,54.4682],[-119.6267,54.46827],[-119.62687,54.46816],[-119.6271,54.46786],[-119.62743,54.4675],[-119.62743,54.46716],[-119.62734,54.46676],[-119.62727,54.4667],[-119.62692,54.46664],[-119.62616,54.46658],[-119.62591,54.46649],[-119.62556,54.46601],[-119.62539,54.46587],[-119.62512,54.46594],[-119.62489,54.46624],[-119.6249,54.46628],[-119.62524,54.4665],[-119.62531,54.46666],[-119.62469,54.4667],[-119.62434,54.46659],[-119.62421,54.46646],[-119.62417,54.46616],[-119.62385,54.46593],[-119.62376,54.46589],[-119.62334,54.46584],[-119.62325,54.46565],[-119.6239,54.46558],[-119.62417,54.46545],[-119.62424,54.46538],[-119.62458,54.46523],[-119.62461,54.46498],[-119.62443,54.46488],[-119.62394,54.46473],[-119.62376,54.4646],[-119.62361,54.4641],[-119.62352,54.46404],[-119.623,54.46389],[-119.62239,54.46365],[-119.62228,54.46338],[-119.62234,54.46298],[-119.62246,54.46286],[-119.62277,54.46276],[-119.62343,54.46266],[-119.62387,54.46243],[-119.62429,54.46206],[-119.62427,54.46183],[-119.62422,54.46174],[-119.62393,54.46155],[-119.62325,54.4612],[-119.62255,54.46127],[-119.62247,54.46117],[-119.6225,54.46077],[-119.62259,54.4604],[-119.62252,54.4602],[-119.62226,54.46011],[-119.62165,54.46006],[-119.62164,54.46004],[-119.62196,54.45978],[-119.62247,54.45953],[-119.62235,54.45925],[-119.62212,54.45906],[-119.62228,54.45901],[-119.62314,54.45892],[-119.62364,54.45883],[-119.62409,54.45864],[-119.62422,54.45855],[-119.62425,54.45828],[-119.62383,54.45769],[-119.62381,54.45758],[-119.62408,54.45729],[-119.62423,54.45719],[-119.6241,54.45693],[-119.62378,54.45672],[-119.62322,54.45662],[-119.62294,54.45637],[-119.62169,54.45588],[-119.62136,54.4559],[-119.62106,54.45595],[-119.62077,54.45586],[-119.62036,54.45565],[-119.61991,54.45536],[-119.61973,54.4546],[-119.61964,54.45445],[-119.61939,54.45431],[-119.61896,54.4542],[-119.61888,54.45413],[-119.61909,54.45383],[-119.61997,54.45341],[-119.6208,54.45297],[-119.62085,54.45289],[-119.62053,54.45273],[-119.62005,54.45261],[-119.61999,54.45258],[-119.61975,54.45225],[-119.61982,54.45202],[-119.6202,54.45162],[-119.62073,54.45137],[-119.62095,54.45113],[-119.62093,54.45099],[-119.62063,54.45087],[-119.62039,54.45082],[-119.62015,54.45069],[-119.61983,54.4504],[-119.61977,54.45027],[-119.62017,54.45019],[-119.62093,54.45015],[-119.62114,54.45011],[-119.62107,54.44987],[-119.62059,54.44971],[-119.62,54.4496],[-119.61962,54.44938],[-119.61942,54.44918],[-119.61953,54.44908],[-119.61995,54.44894],[-119.62002,54.44888],[-119.62005,54.4487],[-119.62007,54.44867],[-119.62009,54.44863],[-119.62013,54.44852],[-119.62041,54.44835],[-119.62054,54.44839],[-119.62054,54.44866],[-119.6207,54.44861],[-119.62146,54.44822],[-119.62145,54.44816],[-119.62106,54.44804],[-119.62109,54.44754],[-119.62103,54.44734],[-119.62079,54.44724],[-119.61943,54.44708],[-119.6194,54.44676],[-119.61949,54.44669],[-119.6204,54.4468],[-119.62057,54.44675],[-119.62098,54.44654],[-119.6217,54.44603],[-119.62184,54.44588],[-119.6219,54.44568],[-119.62161,54.44533],[-119.62167,54.44497],[-119.62165,54.44489],[-119.62062,54.44471],[-119.6206,54.44468],[-119.62072,54.44432],[-119.62091,54.44407],[-119.62098,54.44402],[-119.62223,54.44409],[-119.62233,54.44408],[-119.62262,54.44381],[-119.62269,54.4434],[-119.62313,54.44321],[-119.62368,54.44305],[-119.62331,54.44285],[-119.62302,54.44276],[-119.62296,54.44259],[-119.62311,54.44225],[-119.62352,54.44203],[-119.62391,54.44187],[-119.62398,54.4418],[-119.62407,54.44142],[-119.62374,54.44114],[-119.62346,54.44097],[-119.62354,54.44089],[-119.62416,54.44076],[-119.62448,54.44044],[-119.62408,54.44024],[-119.62351,54.44011],[-119.62336,54.43994],[-119.62341,54.43978],[-119.62358,54.43945],[-119.62387,54.43918],[-119.62386,54.43884],[-119.62392,54.4388],[-119.62427,54.43869],[-119.62442,54.43874],[-119.62471,54.43899],[-119.62478,54.439],[-119.62519,54.43891],[-119.62514,54.43834],[-119.62542,54.43811],[-119.62553,54.43797],[-119.62507,54.43755],[-119.62514,54.4375],[-119.62574,54.43749],[-119.62584,54.43744],[-119.62603,54.43712],[-119.62605,54.43703],[-119.62689,54.43701],[-119.62719,54.43715],[-119.62756,54.43739],[-119.62826,54.43766],[-119.62843,54.43755],[-119.62867,54.43726],[-119.62902,54.437],[-119.62922,54.43678],[-119.62916,54.4367],[-119.62862,54.43657],[-119.62819,54.4365],[-119.62809,54.43625],[-119.62852,54.43605],[-119.62852,54.43576],[-119.62818,54.43536],[-119.62822,54.43512],[-119.62847,54.43482],[-119.62858,54.43446],[-119.62861,54.43425],[-119.62854,54.43405],[-119.62824,54.43383],[-119.62822,54.43375],[-119.62875,54.43346],[-119.62932,54.43342],[-119.62882,54.43318],[-119.62913,54.43306],[-119.62946,54.43299],[-119.62962,54.43287],[-119.62979,54.43259],[-119.63036,54.43237],[-119.63081,54.4323],[-119.63094,54.43223],[-119.63102,54.43207],[-119.63128,54.43195],[-119.63154,54.43187],[-119.63158,54.43158],[-119.63192,54.43157],[-119.63202,54.43151],[-119.6323,54.43105],[-119.63262,54.43095],[-119.63278,54.43094],[-119.63314,54.43077],[-119.63306,54.43062],[-119.63258,54.43049],[-119.63228,54.43015],[-119.6329,54.43009],[-119.63286,54.42985],[-119.63273,54.42974],[-119.63275,54.42941],[-119.63315,54.42937],[-119.6333,54.4294],[-119.63349,54.42924],[-119.63353,54.42915],[-119.63313,54.4289],[-119.63326,54.42871],[-119.6341,54.4286],[-119.63444,54.42849],[-119.63444,54.42836],[-119.63395,54.42771],[-119.63384,54.42746],[-119.63526,54.42735],[-119.63539,54.42729],[-119.63567,54.427],[-119.63582,54.42665],[-119.6359,54.42655],[-119.63667,54.42622],[-119.63669,54.42616],[-119.63661,54.42582],[-119.63665,54.42564],[-119.63711,54.42579],[-119.63718,54.42561],[-119.6371,54.42544],[-119.63737,54.42544],[-119.63767,54.42556],[-119.63782,54.42548],[-119.63805,54.42516],[-119.63765,54.42493],[-119.6376,54.4248],[-119.63794,54.4247],[-119.6385,54.42482],[-119.63886,54.42485],[-119.6388,54.42457],[-119.63913,54.4246],[-119.63968,54.42473],[-119.63978,54.42473],[-119.6401,54.42454],[-119.63962,54.42433],[-119.6396,54.42406],[-119.63978,54.42398],[-119.64029,54.42397],[-119.64043,54.42403],[-119.64076,54.42424],[-119.64083,54.42422],[-119.6411,54.42394],[-119.64161,54.42403],[-119.64185,54.42414],[-119.64203,54.42407],[-119.64224,54.42404],[-119.64268,54.42391],[-119.64328,54.42384],[-119.64366,54.42375],[-119.64365,54.42362],[-119.6433,54.42336],[-119.6433,54.42332],[-119.6437,54.42324],[-119.64381,54.42317],[-119.64398,54.42299],[-119.6442,54.42303],[-119.64449,54.42315],[-119.64469,54.42309],[-119.64495,54.42291],[-119.64518,54.42289],[-119.64587,54.42291],[-119.64613,54.42289],[-119.64608,54.42268],[-119.64596,54.42255],[-119.64632,54.42255],[-119.64639,54.42259],[-119.64686,54.4225],[-119.64669,54.42211],[-119.64772,54.42189],[-119.64713,54.42164],[-119.64731,54.42144],[-119.64783,54.42152],[-119.64789,54.42151],[-119.64803,54.42127],[-119.64815,54.42121],[-119.64835,54.42119],[-119.64872,54.42137],[-119.64912,54.42119],[-119.64926,54.42108],[-119.64958,54.42098],[-119.65061,54.42086],[-119.65084,54.42075],[-119.65097,54.42072],[-119.65155,54.42074],[-119.65242,54.42033],[-119.65307,54.42015],[-119.65428,54.42022],[-119.65504,54.42032],[-119.65549,54.42021],[-119.65563,54.4202],[-119.65623,54.42025],[-119.65679,54.42015],[-119.65702,54.42008],[-119.65712,54.4203],[-119.65802,54.42069],[-119.65805,54.42085],[-119.6585,54.42083],[-119.65878,54.42077],[-119.65856,54.42061],[-119.659,54.42048],[-119.65951,54.42055],[-119.65962,54.42053],[-119.65992,54.42004],[-119.66024,54.41999],[-119.66062,54.42018],[-119.66098,54.42022],[-119.6612,54.42035],[-119.66131,54.42038],[-119.66151,54.42018],[-119.66198,54.42008],[-119.66213,54.42011],[-119.66231,54.42018],[-119.66246,54.42],[-119.66253,54.41974],[-119.66304,54.41967],[-119.66405,54.41959],[-119.66448,54.41963],[-119.66481,54.41951],[-119.66551,54.41978],[-119.66509,54.42018],[-119.66534,54.42019],[-119.66579,54.42009],[-119.66597,54.41995],[-119.66636,54.42003],[-119.66681,54.42022],[-119.66717,54.42032],[-119.66748,54.42035],[-119.66782,54.42013],[-119.66827,54.4199],[-119.66858,54.41967],[-119.66873,54.41953],[-119.66904,54.41948],[-119.66919,54.41948],[-119.66959,54.41962],[-119.67018,54.41974],[-119.67057,54.41952],[-119.67092,54.41928],[-119.67134,54.41905],[-119.67263,54.41884],[-119.67365,54.41887],[-119.67472,54.41939],[-119.67521,54.41929],[-119.67536,54.41931],[-119.67574,54.41943],[-119.67663,54.41939],[-119.67711,54.41932],[-119.67748,54.41932],[-119.67785,54.41922],[-119.67825,54.41902],[-119.6783,54.41902],[-119.67887,54.41918],[-119.67933,54.41921],[-119.67946,54.41916],[-119.67959,54.41905],[-119.67988,54.41915],[-119.68023,54.41921],[-119.68031,54.41909],[-119.68021,54.41899],[-119.68038,54.4188],[-119.6807,54.41854],[-119.68085,54.41846],[-119.68105,54.41865],[-119.68145,54.41862],[-119.68174,54.41879],[-119.68195,54.4186],[-119.68214,54.41825],[-119.68246,54.41797],[-119.68273,54.41768],[-119.68292,54.41733],[-119.68317,54.41725],[-119.68335,54.417],[-119.68352,54.4169],[-119.68357,54.41682],[-119.68357,54.41677],[-119.68372,54.41654],[-119.6838,54.41649],[-119.6839,54.41636],[-119.68397,54.41602],[-119.68414,54.41591],[-119.68436,54.4159],[-119.68461,54.41579],[-119.68494,54.4156],[-119.68515,54.41563],[-119.68577,54.41585],[-119.68634,54.41598],[-119.68673,54.41598],[-119.68703,54.41593],[-119.68749,54.41574],[-119.68787,54.4155],[-119.68882,54.41512],[-119.68919,54.41505],[-119.68978,54.4148],[-119.68993,54.41476],[-119.69064,54.41434],[-119.69094,54.41397],[-119.69112,54.41385],[-119.69132,54.41388],[-119.69167,54.41398],[-119.69167,54.41381],[-119.69186,54.41375],[-119.69215,54.41372],[-119.69224,54.41365],[-119.69292,54.41345],[-119.69309,54.41308],[-119.69331,54.41304],[-119.69349,54.41304],[-119.69371,54.41281],[-119.6938,54.41276],[-119.69421,54.41264],[-119.69439,54.41272],[-119.69478,54.41263],[-119.69492,54.41247],[-119.69508,54.41247],[-119.69509,54.41238],[-119.69535,54.41231],[-119.69569,54.41234],[-119.69591,54.41219],[-119.69595,54.41212],[-119.69593,54.4117],[-119.69597,54.41158],[-119.69622,54.41153],[-119.69634,54.41148],[-119.69666,54.41094],[-119.69701,54.4109],[-119.69736,54.41082],[-119.69744,54.41068],[-119.69757,54.41055],[-119.69763,54.41051],[-119.69769,54.41046],[-119.69771,54.41042],[-119.69779,54.41022],[-119.69759,54.41015],[-119.69736,54.41014],[-119.69743,54.40998],[-119.69706,54.40979],[-119.69723,54.40973],[-119.69749,54.4097],[-119.69768,54.40974],[-119.69776,54.40964],[-119.69778,54.40958],[-119.69793,54.4096],[-119.69797,54.40942],[-119.69826,54.40935],[-119.69841,54.40924],[-119.6985,54.40924],[-119.69855,54.40933],[-119.69869,54.40942],[-119.69891,54.40937],[-119.69908,54.40943],[-119.69914,54.40959],[-119.69922,54.40964],[-119.69944,54.40957],[-119.69946,54.40943],[-119.6997,54.40932],[-119.69968,54.40922],[-119.70013,54.40916],[-119.70015,54.40905],[-119.70034,54.40895],[-119.70055,54.40895],[-119.70055,54.40907],[-119.70067,54.40919],[-119.70084,54.40916],[-119.70096,54.40906],[-119.70112,54.409],[-119.70125,54.40906],[-119.70127,54.40919],[-119.70164,54.4092],[-119.7017,54.4091],[-119.70203,54.40909],[-119.70228,54.40882],[-119.70259,54.40868],[-119.70277,54.40865],[-119.70284,54.40865],[-119.70303,54.40883],[-119.7033,54.40882],[-119.70381,54.40872],[-119.70403,54.40864],[-119.70445,54.40873],[-119.70475,54.4089],[-119.70518,54.40863],[-119.7051,54.40841],[-119.70494,54.40834],[-119.70516,54.40812],[-119.70513,54.40808],[-119.70525,54.40796],[-119.70549,54.40805],[-119.70576,54.40809],[-119.70599,54.40821],[-119.7061,54.40821],[-119.70653,54.40807],[-119.70663,54.40797],[-119.70695,54.40808],[-119.70704,54.40814],[-119.70696,54.40833],[-119.70705,54.40838],[-119.70714,54.4084],[-119.70741,54.40838],[-119.70756,54.40826],[-119.70756,54.40813],[-119.708,54.40813],[-119.70847,54.40814],[-119.70866,54.40808],[-119.70868,54.40804],[-119.70857,54.40796],[-119.709,54.40766],[-119.70919,54.40753],[-119.70921,54.40746],[-119.70933,54.4074],[-119.7096,54.4074],[-119.70967,54.40735],[-119.70963,54.40725],[-119.70973,54.40708],[-119.70985,54.40711],[-119.70992,54.40715],[-119.71023,54.40721],[-119.7104,54.40716],[-119.71039,54.40709],[-119.71048,54.40696],[-119.7105,54.40683],[-119.7104,54.40677],[-119.71054,54.40661],[-119.71071,54.40661],[-119.71132,54.40673],[-119.71157,54.40674],[-119.71171,54.407],[-119.71188,54.40718],[-119.71207,54.40715],[-119.71215,54.40706],[-119.71232,54.40708],[-119.71249,54.40717],[-119.71254,54.40714],[-119.71288,54.40733],[-119.71291,54.4074],[-119.7133,54.40754],[-119.71346,54.4074],[-119.71371,54.40746],[-119.71388,54.40787],[-119.71402,54.40793],[-119.71423,54.40795],[-119.71438,54.40812],[-119.71456,54.40804],[-119.71483,54.40786],[-119.71534,54.40787],[-119.71546,54.40782],[-119.71572,54.40764],[-119.71609,54.40752],[-119.71639,54.40727],[-119.71655,54.40738],[-119.7167,54.40777],[-119.71706,54.40785],[-119.71719,54.40775],[-119.71717,54.40769],[-119.71751,54.40765],[-119.7175,54.40775],[-119.71757,54.40781],[-119.71774,54.40786],[-119.7179,54.4078],[-119.71802,54.40765],[-119.71838,54.40774],[-119.71845,54.40773],[-119.71855,54.40764],[-119.71881,54.40769],[-119.71888,54.40764],[-119.71884,54.40742],[-119.71873,54.4072],[-119.71827,54.40677],[-119.71845,54.40674],[-119.71907,54.4068],[-119.71915,54.40679],[-119.71957,54.40683],[-119.71994,54.40694],[-119.71996,54.40741],[-119.72025,54.40743],[-119.72034,54.40741],[-119.72039,54.40719],[-119.72042,54.40717],[-119.7205,54.40702],[-119.72065,54.40691],[-119.7208,54.40686],[-119.72117,54.40689],[-119.72147,54.40685],[-119.72196,54.40686],[-119.72217,54.40678],[-119.72226,54.40659],[-119.72207,54.4065],[-119.72227,54.40635],[-119.72233,54.40634],[-119.72235,54.40619],[-119.72211,54.40613],[-119.72191,54.40604],[-119.72194,54.40587],[-119.72253,54.40571],[-119.72271,54.40585],[-119.7228,54.40603],[-119.72295,54.40619],[-119.72315,54.40611],[-119.72327,54.40591],[-119.72354,54.40593],[-119.72389,54.40584],[-119.7239,54.40572],[-119.72398,54.40561],[-119.72421,54.40568],[-119.72431,54.40566],[-119.72454,54.40571],[-119.72454,54.40577],[-119.72477,54.40581],[-119.72493,54.40568],[-119.72508,54.40561],[-119.72534,54.40566],[-119.72539,54.40565],[-119.72556,54.40577],[-119.72588,54.40582],[-119.72597,54.40577],[-119.72628,54.40576],[-119.72673,54.40602],[-119.7273,54.40607],[-119.72745,54.40603],[-119.72762,54.40593],[-119.72788,54.40602],[-119.72813,54.40598],[-119.72812,54.40586],[-119.72842,54.40591],[-119.72849,54.40582],[-119.72846,54.4056],[-119.72869,54.40565],[-119.72871,54.4057],[-119.72893,54.40575],[-119.72917,54.40569],[-119.72916,54.40562],[-119.72933,54.40552],[-119.72979,54.40541],[-119.73017,54.40527],[-119.73029,54.40512],[-119.73022,54.40486],[-119.7304,54.40471],[-119.73067,54.40491],[-119.73092,54.40484],[-119.73124,54.40455],[-119.73118,54.40445],[-119.73141,54.40428],[-119.73198,54.40418],[-119.73253,54.40404],[-119.73291,54.40402],[-119.73352,54.4037],[-119.73423,54.40321],[-119.73497,54.40275],[-119.73512,54.4027],[-119.73557,54.40275],[-119.73581,54.40271],[-119.73595,54.40253],[-119.73637,54.40232],[-119.73651,54.40231],[-119.73689,54.40233],[-119.73736,54.40211],[-119.73752,54.40209],[-119.73774,54.40186],[-119.73787,54.40149],[-119.73789,54.40119],[-119.73787,54.4011],[-119.73804,54.39896],[-119.73804,54.39834],[-119.73823,54.39818],[-119.73919,54.39785],[-119.73973,54.39726],[-119.7401,54.39702],[-119.74092,54.39662],[-119.74138,54.39643],[-119.74197,54.39633],[-119.74269,54.3963],[-119.74315,54.3961],[-119.74352,54.39586],[-119.74366,54.3957],[-119.74369,54.39463],[-119.74362,54.39422],[-119.74364,54.39379],[-119.74372,54.39338],[-119.74375,54.39251],[-119.74396,54.39217],[-119.74409,54.39179],[-119.74409,54.39092],[-119.74361,54.38983],[-119.74338,54.38951],[-119.74322,54.38915],[-119.74276,54.38849],[-119.74293,54.38814],[-119.74318,54.38783],[-119.74388,54.38733],[-119.74479,54.38697],[-119.74529,54.38681],[-119.74588,54.3867],[-119.74642,54.38656],[-119.74677,54.38631],[-119.74701,54.38599],[-119.74734,54.38572],[-119.74856,54.38506],[-119.7494,54.38476],[-119.74881,54.38456],[-119.74824,54.38443],[-119.74775,54.38438],[-119.74632,54.38428],[-119.74402,54.38398],[-119.74349,54.38394],[-119.74288,54.384],[-119.7421,54.38422],[-119.74162,54.3843],[-119.7413,54.38433],[-119.74066,54.38418],[-119.74021,54.38399],[-119.73931,54.38371],[-119.73918,54.3836],[-119.73919,54.38332],[-119.73937,54.38309],[-119.73973,54.3826],[-119.73992,54.38224],[-119.74037,54.38197],[-119.74058,54.38173],[-119.74055,54.38152],[-119.74041,54.38139],[-119.74024,54.38133],[-119.73967,54.38102],[-119.73939,54.38082],[-119.73918,54.38061],[-119.73768,54.37952],[-119.73707,54.37912],[-119.73656,54.37871],[-119.73537,54.37789],[-119.73396,54.37742],[-119.73329,54.37695],[-119.73258,54.3766],[-119.73107,54.37574],[-119.73068,54.37501],[-119.73067,54.37489],[-119.73081,54.3742],[-119.73104,54.37379],[-119.73125,54.37357],[-119.73147,54.37342],[-119.73233,54.373],[-119.73261,54.37274],[-119.73265,54.37254],[-119.73263,54.37179],[-119.73266,54.37112],[-119.73283,54.37035],[-119.733,54.37013],[-119.73342,54.36985],[-119.73347,54.36964],[-119.73347,54.36921],[-119.73352,54.36906],[-119.73372,54.36889],[-119.73437,54.36862],[-119.73449,54.36845],[-119.73448,54.36821],[-119.73445,54.36796],[-119.73432,54.36781],[-119.73406,54.36768],[-119.73376,54.36754],[-119.73331,54.36739],[-119.73282,54.36726],[-119.73252,54.36713],[-119.7325,54.36689],[-119.73258,54.36652],[-119.73271,54.36632],[-119.73284,54.36608],[-119.7328,54.36585],[-119.73277,54.36554],[-119.73283,54.36525],[-119.73317,54.36511],[-119.73403,54.36485],[-119.7342,54.36474],[-119.73442,54.36439],[-119.73484,54.36414],[-119.7353,54.36398],[-119.73579,54.36377],[-119.73603,54.3636],[-119.73644,54.36321],[-119.73682,54.36291],[-119.73707,54.36209],[-119.73795,54.36133],[-119.73813,54.36114],[-119.73821,54.36096],[-119.7381,54.3608],[-119.73782,54.36068],[-119.73753,54.3606],[-119.73737,54.36049],[-119.73733,54.36032],[-119.73736,54.36003],[-119.73733,54.35968],[-119.73721,54.35948],[-119.73689,54.3592],[-119.73655,54.3589],[-119.73608,54.35857],[-119.73577,54.35834],[-119.73562,54.35817],[-119.7356,54.35802],[-119.73571,54.35787],[-119.73603,54.35769],[-119.73669,54.35742],[-119.73739,54.35714],[-119.73764,54.35695],[-119.73789,54.35671],[-119.73817,54.3565],[-119.73846,54.35631],[-119.73881,54.3562],[-119.73948,54.35607],[-119.74018,54.35598],[-119.74064,54.35598],[-119.74163,54.35603],[-119.74247,54.35606],[-119.7432,54.35608],[-119.74378,54.3561],[-119.74456,54.35604],[-119.74511,54.35596],[-119.74623,54.35558],[-119.74657,54.35539],[-119.74673,54.35512],[-119.74679,54.35479],[-119.74672,54.35455],[-119.74666,54.35445],[-119.74657,54.3543],[-119.74642,54.35407],[-119.74631,54.35382],[-119.74621,54.35348],[-119.74617,54.35328],[-119.74615,54.3529],[-119.74687,54.3523],[-119.74685,54.35192],[-119.7467,54.35157],[-119.74646,54.3513],[-119.74608,54.35108],[-119.74536,54.35088],[-119.74484,54.35071],[-119.74438,54.35048],[-119.74398,54.35025],[-119.74315,54.34985],[-119.7428,54.34963],[-119.74258,54.34946],[-119.74225,54.34915],[-119.74171,54.34884],[-119.74125,54.34862],[-119.74082,54.34846],[-119.7403,54.3483],[-119.73993,54.34812],[-119.73941,54.34785],[-119.73864,54.34744],[-119.73819,54.34724],[-119.73774,54.34713],[-119.73713,54.34707],[-119.73654,54.34701],[-119.7361,54.34691],[-119.73584,54.3468],[-119.73552,54.3465],[-119.73492,54.34603],[-119.73454,54.34584],[-119.73354,54.34539],[-119.73311,54.34509],[-119.73297,54.34484],[-119.73291,54.34456],[-119.73292,54.34428],[-119.73301,54.34398],[-119.73329,54.34355],[-119.73352,54.34319],[-119.73349,54.3429],[-119.7331,54.34229],[-119.73302,54.34201],[-119.73297,54.34147],[-119.73287,54.34131],[-119.73267,54.34112],[-119.73157,54.34019],[-119.73122,54.33986],[-119.73054,54.33931],[-119.72979,54.33885],[-119.72937,54.33877],[-119.72895,54.33877],[-119.72846,54.33884],[-119.72758,54.33907],[-119.72678,54.33926],[-119.7263,54.33924],[-119.72578,54.33916],[-119.72328,54.33864],[-119.72294,54.33854],[-119.72259,54.33841],[-119.72003,54.33712],[-119.71976,54.33698],[-119.7195,54.33679],[-119.71938,54.33638],[-119.71926,54.33611],[-119.71903,54.33593],[-119.71864,54.33578],[-119.717,54.33535],[-119.71642,54.33513],[-119.71559,54.33474],[-119.71505,54.33439],[-119.71477,54.3341],[-119.7146,54.33366],[-119.71436,54.33283],[-119.71432,54.3322],[-119.71424,54.3311],[-119.71402,54.33012],[-119.71376,54.32929],[-119.71352,54.32859],[-119.71343,54.32821],[-119.71337,54.32776],[-119.71325,54.32739],[-119.71306,54.32717],[-119.71268,54.32698],[-119.71188,54.32668],[-119.71072,54.32633],[-119.71012,54.32614],[-119.70954,54.32591],[-119.70825,54.3254],[-119.7077,54.32517],[-119.70717,54.32489],[-119.70489,54.32372],[-119.70444,54.32352],[-119.70409,54.32331],[-119.70368,54.32298],[-119.70314,54.32255],[-119.70278,54.32234],[-119.70218,54.32197],[-119.7016,54.32161],[-119.70123,54.32132],[-119.70104,54.32098],[-119.70059,54.32006],[-119.70035,54.31962],[-119.7002,54.3193],[-119.69982,54.31868],[-119.69961,54.31839],[-119.69929,54.31807],[-119.69882,54.31775],[-119.6981,54.31735],[-119.69748,54.31709],[-119.69679,54.31684],[-119.69577,54.31652],[-119.69522,54.31639],[-119.69483,54.31621],[-119.6933,54.31543],[-119.69163,54.31458],[-119.69068,54.3143],[-119.68998,54.31401],[-119.68947,54.31383],[-119.68886,54.31369],[-119.68754,54.31328],[-119.68711,54.31317],[-119.68634,54.3129],[-119.6862,54.3128],[-119.68583,54.31234],[-119.68535,54.31215],[-119.6845,54.31169],[-119.68427,54.3115],[-119.68406,54.31129],[-119.6838,54.3111],[-119.68366,54.31099],[-119.68373,54.31096],[-119.68378,54.31092],[-119.68382,54.31085],[-119.68388,54.31066],[-119.68394,54.31051],[-119.68403,54.31023],[-119.68404,54.31004],[-119.68396,54.30979],[-119.6839,54.30951],[-119.68384,54.30906],[-119.68381,54.30867],[-119.68375,54.30839],[-119.68371,54.30815],[-119.68374,54.30803],[-119.68382,54.30789],[-119.68385,54.30764],[-119.68367,54.30723],[-119.68355,54.30697],[-119.68332,54.30672],[-119.68318,54.30647],[-119.68313,54.30608],[-119.68293,54.30599],[-119.68266,54.30598],[-119.68166,54.30595],[-119.68042,54.30606],[-119.6788,54.30635],[-119.67786,54.30655],[-119.67731,54.3066],[-119.67704,54.30656],[-119.67703,54.30647],[-119.67719,54.3064],[-119.67761,54.30627],[-119.67797,54.30604],[-119.67826,54.30565],[-119.67878,54.30531],[-119.67953,54.30504],[-119.6803,54.30479],[-119.68083,54.3046],[-119.68144,54.30439],[-119.68178,54.30419],[-119.68189,54.30397],[-119.6817,54.30354],[-119.68129,54.30314],[-119.68102,54.30278],[-119.68069,54.30249],[-119.67995,54.30211],[-119.67868,54.30159],[-119.67715,54.301],[-119.67552,54.30023],[-119.67508,54.29997],[-119.67471,54.29966],[-119.67435,54.29941],[-119.67407,54.29929],[-119.67383,54.29916],[-119.67349,54.29904],[-119.67317,54.29895],[-119.67283,54.29882],[-119.67215,54.29864],[-119.67193,54.29854],[-119.67164,54.29837],[-119.67103,54.29795],[-119.6705,54.29772],[-119.66988,54.29743],[-119.66971,54.29731],[-119.66955,54.29717],[-119.66927,54.29697],[-119.66902,54.29684],[-119.66884,54.29678],[-119.66837,54.29665],[-119.66809,54.29655],[-119.66784,54.29645],[-119.66749,54.29624],[-119.66727,54.2961],[-119.66716,54.29598],[-119.66712,54.29588],[-119.66719,54.29582],[-119.66743,54.29576],[-119.66767,54.29572],[-119.66793,54.29566],[-119.66818,54.2956],[-119.66835,54.29551],[-119.66845,54.29534],[-119.66847,54.29516],[-119.66831,54.29482],[-119.66823,54.29464],[-119.66811,54.29442],[-119.66798,54.29432],[-119.66766,54.29418],[-119.66729,54.29408],[-119.66672,54.29396],[-119.66656,54.29392],[-119.66644,54.29385],[-119.66623,54.29356],[-119.66593,54.29328],[-119.66543,54.29297],[-119.66511,54.2927],[-119.66436,54.29223],[-119.66406,54.29201],[-119.66376,54.29169],[-119.66348,54.29155],[-119.6631,54.29151],[-119.66251,54.2915],[-119.66226,54.29143],[-119.66214,54.29138],[-119.66205,54.29124],[-119.66208,54.29084],[-119.66225,54.29046],[-119.6624,54.29019],[-119.66239,54.29006],[-119.66233,54.28989],[-119.6621,54.28963],[-119.66182,54.28936],[-119.66094,54.28884],[-119.65981,54.28826],[-119.6589,54.2877],[-119.65844,54.28739],[-119.65794,54.28709],[-119.6577,54.28695],[-119.6575,54.28681],[-119.65731,54.28664],[-119.65715,54.28653],[-119.65697,54.28647],[-119.6568,54.28645],[-119.65665,54.28639],[-119.6565,54.28632],[-119.6563,54.28618],[-119.65626,54.28616],[-119.65613,54.28609],[-119.65596,54.28601],[-119.65465,54.28564],[-119.65341,54.28526],[-119.65319,54.28521],[-119.65295,54.28517],[-119.65227,54.28505],[-119.65151,54.28498],[-119.65091,54.28487],[-119.65038,54.28473],[-119.64989,54.28454],[-119.6491,54.284],[-119.6489,54.2838],[-119.64815,54.28277],[-119.64744,54.28206],[-119.64652,54.28131],[-119.6456,54.28082],[-119.64526,54.28066],[-119.6448,54.2805],[-119.6441,54.28032],[-119.64154,54.28009],[-119.64088,54.27987],[-119.64038,54.27955],[-119.63996,54.2791],[-119.63954,54.27863],[-119.63858,54.27812],[-119.63706,54.27719],[-119.6356,54.27605],[-119.63481,54.27531],[-119.63423,54.27414],[-119.63405,54.27391],[-119.63384,54.27375],[-119.63312,54.27347],[-119.63249,54.27311],[-119.63184,54.27267],[-119.63096,54.27201],[-119.6302,54.27136],[-119.62959,54.27046],[-119.62902,54.27004],[-119.62821,54.26962],[-119.6271,54.26914],[-119.62667,54.26902],[-119.62608,54.26901],[-119.62266,54.26902],[-119.62213,54.26898],[-119.62142,54.26888],[-119.62011,54.26838],[-119.6186,54.26753],[-119.61764,54.26687],[-119.61729,54.26665],[-119.61683,54.2663],[-119.61661,54.26602],[-119.61651,54.26494],[-119.61629,54.2644],[-119.61508,54.26295],[-119.61492,54.26281],[-119.61463,54.26267],[-119.61433,54.26254],[-119.61397,54.26246],[-119.61372,54.26246],[-119.61359,54.26224],[-119.61355,54.26209],[-119.61359,54.26195],[-119.6139,54.26168],[-119.61435,54.26144],[-119.61457,54.26126],[-119.61468,54.26103],[-119.61467,54.26068],[-119.61453,54.26042],[-119.61421,54.26017],[-119.61395,54.26004],[-119.61378,54.25999],[-119.61355,54.25998],[-119.6129,54.26005],[-119.61233,54.26021],[-119.61162,54.26054],[-119.61135,54.26064],[-119.61099,54.2607],[-119.61043,54.26071],[-119.60999,54.26072],[-119.60945,54.26069],[-119.60885,54.26058],[-119.60812,54.26047],[-119.60775,54.26037],[-119.60725,54.26027],[-119.60669,54.26015],[-119.6062,54.25998],[-119.60563,54.25978],[-119.60556,54.25972],[-119.60553,54.25961],[-119.6055,54.25938],[-119.60554,54.25915],[-119.60547,54.25899],[-119.60492,54.25875],[-119.60431,54.25842],[-119.60388,54.25806],[-119.6035,54.25785],[-119.60303,54.25768],[-119.60269,54.25757],[-119.60234,54.25742],[-119.60198,54.25715],[-119.60172,54.2569],[-119.6015,54.25676],[-119.60127,54.25664],[-119.60112,54.25648],[-119.60097,54.25631],[-119.60087,54.25616],[-119.60081,54.2559],[-119.60064,54.25554],[-119.60052,54.25533],[-119.60033,54.2551],[-119.60011,54.25481],[-119.60002,54.25472],[-119.59991,54.25467],[-119.59976,54.25467],[-119.59963,54.25468],[-119.59954,54.25485],[-119.5995,54.25502],[-119.59941,54.25523],[-119.59935,54.25547],[-119.59936,54.2557],[-119.59946,54.25592],[-119.59943,54.25616],[-119.59941,54.25645],[-119.59926,54.25671],[-119.59894,54.25704],[-119.5988,54.25724],[-119.5986,54.25742],[-119.5983,54.2576],[-119.59793,54.25774],[-119.59706,54.25798],[-119.59638,54.25824],[-119.59591,54.25853],[-119.59555,54.25887],[-119.59521,54.25907],[-119.59453,54.25929],[-119.59357,54.25947],[-119.59264,54.25957],[-119.59166,54.25967],[-119.59094,54.25978],[-119.59015,54.25981],[-119.58967,54.25981],[-119.58917,54.25975],[-119.58834,54.25961],[-119.588,54.25947],[-119.5877,54.2593],[-119.58724,54.25906],[-119.58705,54.25904],[-119.58681,54.25904],[-119.58631,54.25912],[-119.58614,54.25918],[-119.58584,54.2593],[-119.58556,54.25946],[-119.58511,54.25974],[-119.58505,54.25974],[-119.58496,54.25974],[-119.5848,54.25973],[-119.58465,54.25969],[-119.58451,54.25963],[-119.58414,54.25945],[-119.5831,54.25886],[-119.58196,54.25808],[-119.58142,54.25771],[-119.58073,54.2574],[-119.57885,54.25665],[-119.57805,54.25624],[-119.57766,54.25603],[-119.57706,54.25584],[-119.57617,54.25568],[-119.57518,54.25557],[-119.57413,54.25539],[-119.57331,54.25522],[-119.57233,54.25506],[-119.57171,54.25492],[-119.57118,54.25471],[-119.57032,54.25419],[-119.56961,54.25369],[-119.56521,54.25234],[-119.56485,54.25213],[-119.56458,54.2519],[-119.56411,54.25101],[-119.56402,54.25053],[-119.5639,54.25016],[-119.56362,54.24935],[-119.56344,54.24903],[-119.56335,54.24877],[-119.56326,54.2485],[-119.56307,54.2482],[-119.56282,54.248],[-119.56251,54.24788],[-119.56218,54.24785],[-119.56094,54.24791],[-119.56028,54.24797],[-119.55964,54.24809],[-119.55889,54.24818],[-119.55836,54.24813],[-119.55778,54.24804],[-119.55718,54.24791],[-119.55677,54.24766],[-119.55664,54.24749],[-119.55656,54.24727],[-119.55658,54.24688],[-119.55649,54.24646],[-119.55632,54.24606],[-119.55604,54.24577],[-119.55563,54.24546],[-119.5552,54.24526],[-119.55466,54.24504],[-119.55422,54.24491],[-119.55358,54.24479],[-119.553,54.24433],[-119.55276,54.24403],[-119.55239,54.24351],[-119.55226,54.24322],[-119.55214,54.24295],[-119.55201,54.24268],[-119.55183,54.24241],[-119.55167,54.24216],[-119.55152,54.24191],[-119.5513,54.24158],[-119.55104,54.24124],[-119.55076,54.24081],[-119.55046,54.24029],[-119.55002,54.23975],[-119.54935,54.2393],[-119.54879,54.23884],[-119.54841,54.23855],[-119.548,54.23821],[-119.54755,54.23765],[-119.5472,54.23734],[-119.54676,54.23716],[-119.54636,54.23707],[-119.54563,54.23699],[-119.54434,54.23695],[-119.54274,54.23699],[-119.54151,54.23696],[-119.54049,54.23683],[-119.53983,54.23671],[-119.53919,54.23648],[-119.5389,54.23632],[-119.53871,54.23614],[-119.53858,54.23576],[-119.53863,54.23541],[-119.53879,54.23511],[-119.5394,54.23464],[-119.5403,54.23402],[-119.54042,54.2338],[-119.54046,54.23355],[-119.54051,54.23328],[-119.54061,54.23314],[-119.54095,54.23296],[-119.54096,54.23274],[-119.54097,54.2324],[-119.54099,54.23193],[-119.5408,54.23196],[-119.54013,54.23203],[-119.53972,54.23212],[-119.53958,54.23215],[-119.53938,54.23217],[-119.53891,54.23222],[-119.53747,54.23266],[-119.53738,54.23268],[-119.53549,54.23339],[-119.53506,54.2336],[-119.53468,54.23383],[-119.53403,54.23435],[-119.53384,54.23469],[-119.5338,54.23512],[-119.53385,54.23555],[-119.53413,54.23584],[-119.53456,54.2365],[-119.53504,54.23704],[-119.53509,54.23713],[-119.53505,54.23742],[-119.53472,54.2377],[-119.53414,54.23829],[-119.53352,54.23885],[-119.53313,54.23909],[-119.53272,54.2393],[-119.53267,54.23934],[-119.53249,54.2395],[-119.53237,54.23953],[-119.53234,54.23953],[-119.53214,54.23962],[-119.53202,54.23966],[-119.5319,54.23971],[-119.53141,54.23988],[-119.53071,54.23993],[-119.52955,54.24014],[-119.52901,54.24018],[-119.5281,54.24018],[-119.52747,54.24027],[-119.52703,54.24047],[-119.52656,54.24063],[-119.52598,54.24075],[-119.52583,54.24104],[-119.52587,54.2419],[-119.52569,54.24225],[-119.52547,54.24259],[-119.52515,54.24291],[-119.52513,54.24293],[-119.5249,54.24317],[-119.52467,54.24329],[-119.52451,54.24338],[-119.52397,54.24353],[-119.52303,54.24389],[-119.52263,54.24411],[-119.52236,54.24429],[-119.52199,54.24455],[-119.52159,54.24485],[-119.52146,54.24498],[-119.52131,54.24513],[-119.52107,54.24545],[-119.52064,54.24613],[-119.52053,54.24651],[-119.52034,54.24675],[-119.52029,54.24681],[-119.52008,54.24714],[-119.51981,54.24723],[-119.51959,54.24731],[-119.51884,54.24778],[-119.51861,54.2481],[-119.51848,54.24848],[-119.51848,54.24892],[-119.51885,54.24915],[-119.51906,54.24992],[-119.51914,54.25001],[-119.51917,54.25008],[-119.51923,54.25024],[-119.51907,54.25078],[-119.51897,54.25092],[-119.51863,54.25142],[-119.51837,54.25172],[-119.51805,54.25198],[-119.51789,54.25216],[-119.51757,54.25273],[-119.51683,54.25327],[-119.51623,54.25365],[-119.51558,54.25397],[-119.51537,54.25408],[-119.5144,54.25436],[-119.5139,54.25456],[-119.51358,54.25463],[-119.51293,54.25464],[-119.5127,54.25471],[-119.51249,54.25474],[-119.51248,54.25474],[-119.51181,54.25474],[-119.51138,54.25465],[-119.51089,54.25449],[-119.5108,54.25443],[-119.51089,54.25414],[-119.51103,54.25397],[-119.51114,54.25384],[-119.51152,54.25319],[-119.51158,54.25313],[-119.51164,54.25283],[-119.51148,54.25247],[-119.51134,54.2521],[-119.51111,54.25178],[-119.51078,54.25151],[-119.51034,54.25132],[-119.50984,54.25115],[-119.50741,54.25069],[-119.50662,54.25069],[-119.50496,54.25097],[-119.50368,54.2511],[-119.50288,54.2511],[-119.50137,54.25115],[-119.50016,54.25123],[-119.50003,54.25124],[-119.50002,54.25124],[-119.49989,54.25126],[-119.49969,54.25129],[-119.49877,54.25141],[-119.4981,54.25147],[-119.49732,54.25147],[-119.49662,54.25142],[-119.49595,54.25126],[-119.4954,54.25123],[-119.49392,54.25127],[-119.49188,54.25151],[-119.49074,54.25134],[-119.49003,54.25134],[-119.48894,54.2515],[-119.48822,54.25149],[-119.48793,54.25151],[-119.48766,54.25162],[-119.48748,54.25167],[-119.48713,54.25176],[-119.4867,54.25192],[-119.48573,54.25189],[-119.48402,54.25171],[-119.48282,54.25171],[-119.4816,54.25166],[-119.48131,54.2516],[-119.48094,54.25137],[-119.48041,54.25077],[-119.47961,54.25033],[-119.47912,54.25016],[-119.47855,54.25004],[-119.47791,54.25003],[-119.47708,54.25005],[-119.47652,54.25011],[-119.47518,54.25022],[-119.47512,54.25023],[-119.47466,54.25029],[-119.47435,54.25033],[-119.47424,54.25036],[-119.47398,54.25045],[-119.47357,54.25066],[-119.4733,54.25096],[-119.47308,54.25162],[-119.47308,54.25175],[-119.47296,54.25214],[-119.47303,54.25249],[-119.47323,54.25269],[-119.4731,54.25319],[-119.47318,54.25358],[-119.47312,54.25398],[-119.4731,54.25415],[-119.47287,54.25437],[-119.47287,54.25464],[-119.47285,54.25475],[-119.47278,54.25489],[-119.47277,54.255],[-119.4727,54.25504],[-119.47263,54.25518],[-119.47219,54.25568],[-119.4719,54.25597],[-119.47143,54.25652],[-119.47128,54.25661],[-119.47076,54.25688],[-119.47052,54.25697],[-119.47015,54.25706],[-119.46915,54.25724],[-119.46888,54.25726],[-119.4686,54.25725],[-119.46837,54.2572],[-119.46817,54.2571],[-119.46763,54.25696],[-119.46714,54.25679],[-119.46594,54.25611],[-119.46564,54.25584],[-119.46539,54.25553],[-119.46535,54.2551],[-119.46541,54.25424],[-119.46539,54.25398],[-119.46537,54.25381],[-119.46519,54.25346],[-119.46489,54.25318],[-119.46448,54.25296],[-119.46314,54.2524],[-119.46264,54.25225],[-119.46245,54.25225],[-119.46192,54.25225],[-119.46133,54.25236],[-119.46083,54.25252],[-119.46044,54.25274],[-119.46005,54.25286],[-119.45969,54.25319],[-119.45928,54.2534],[-119.45861,54.25391],[-119.45853,54.25399],[-119.45832,54.2542],[-119.45816,54.25501],[-119.45725,54.25538],[-119.45686,54.25561],[-119.45642,54.25581],[-119.4558,54.2559],[-119.45519,54.25581],[-119.45486,54.25554],[-119.45425,54.25499],[-119.45391,54.25428],[-119.45388,54.25399],[-119.45386,54.25385],[-119.45367,54.25352],[-119.45359,54.25331],[-119.45353,54.25315],[-119.45309,54.25296],[-119.45229,54.25273],[-119.45203,54.25266],[-119.45165,54.25248],[-119.45085,54.25233],[-119.45016,54.25228],[-119.45008,54.25228],[-119.44962,54.25227],[-119.44866,54.25226],[-119.44796,54.2523],[-119.4475,54.2521],[-119.44714,54.25186],[-119.44697,54.25165],[-119.44682,54.2514],[-119.44628,54.25055],[-119.44626,54.25008],[-119.44626,54.25001],[-119.44657,54.24924],[-119.44694,54.24863],[-119.44741,54.24831],[-119.44765,54.24799],[-119.44792,54.24732],[-119.44783,54.24685],[-119.4478,54.24676],[-119.44757,54.24621],[-119.44745,54.24614],[-119.44724,54.24602],[-119.44624,54.24589],[-119.44503,54.24568],[-119.44435,54.24562],[-119.44351,54.24562],[-119.44297,54.2457],[-119.44261,54.24594],[-119.44109,54.24675],[-119.44105,54.24677],[-119.44045,54.24697],[-119.43991,54.2471],[-119.43814,54.24742],[-119.43749,54.24747],[-119.43741,54.24747],[-119.43538,54.24751],[-119.43483,54.24754],[-119.43407,54.24762],[-119.43129,54.2474],[-119.43076,54.24731],[-119.43062,54.24723],[-119.43058,54.24709],[-119.43061,54.24697],[-119.43071,54.24677],[-119.43102,54.24617],[-119.43115,54.24555],[-119.43114,54.24524],[-119.43126,54.24472],[-119.43122,54.24452],[-119.43105,54.24458],[-119.43091,54.2447],[-119.43064,54.24503],[-119.43032,54.2458],[-119.4301,54.24597],[-119.42973,54.24609],[-119.42952,54.24627],[-119.4294,54.24652],[-119.42919,54.24665],[-119.42883,54.24666],[-119.42874,54.24663],[-119.42867,54.24645],[-119.42874,54.24603],[-119.42892,54.24601],[-119.42914,54.24592],[-119.42932,54.24573],[-119.42932,54.24549],[-119.42916,54.24531],[-119.42874,54.2451],[-119.42837,54.24501],[-119.42813,54.24499],[-119.42789,54.245],[-119.42693,54.2452],[-119.4266,54.2454],[-119.42599,54.24591],[-119.42578,54.24598],[-119.42534,54.24618],[-119.42505,54.24618],[-119.42459,54.24618],[-119.42456,54.24618],[-119.42443,54.24616],[-119.42413,54.24597],[-119.42382,54.2456],[-119.42346,54.24524],[-119.42336,54.24473],[-119.42337,54.24408],[-119.4235,54.24248],[-119.42343,54.24207],[-119.42326,54.24184],[-119.42313,54.24176],[-119.42293,54.24167],[-119.42271,54.24155],[-119.42221,54.24135],[-119.42166,54.2412],[-119.42041,54.24106],[-119.41955,54.24108],[-119.41893,54.24115],[-119.41828,54.24127],[-119.41764,54.24135],[-119.41714,54.24131],[-119.41616,54.24132],[-119.41478,54.24141],[-119.41406,54.24149],[-119.41247,54.24177],[-119.41238,54.24181],[-119.40999,54.24279],[-119.40831,54.24352],[-119.40816,54.24359],[-119.40741,54.24404],[-119.40707,54.24431],[-119.40654,54.24492],[-119.40631,54.24525],[-119.40612,54.24559],[-119.40603,54.246],[-119.40603,54.24678],[-119.40603,54.2469],[-119.406,54.24741],[-119.40576,54.24764],[-119.40475,54.24796],[-119.40419,54.24809],[-119.40359,54.24817],[-119.40193,54.248],[-119.40164,54.24791],[-119.4012,54.24771],[-119.40069,54.24755],[-119.40023,54.24736],[-119.40002,54.24729],[-119.39975,54.2472],[-119.39955,54.2471],[-119.3989,54.24678],[-119.39819,54.24629],[-119.3976,54.24603],[-119.39753,54.24577],[-119.39734,54.24537],[-119.39729,54.24496],[-119.3973,54.24451],[-119.39742,54.24413],[-119.39721,54.24382],[-119.3969,54.24381],[-119.39685,54.24359],[-119.39669,54.24344],[-119.39616,54.24331],[-119.39576,54.2433],[-119.39539,54.24335],[-119.39458,54.24354],[-119.3929,54.2438],[-119.3921,54.24389],[-119.3915,54.24398],[-119.39052,54.2443],[-119.38944,54.24459],[-119.38841,54.2449],[-119.38758,54.24532],[-119.38734,54.24542],[-119.38575,54.24608],[-119.38477,54.24641],[-119.38387,54.24678],[-119.38386,54.24678],[-119.38301,54.24719],[-119.38266,54.24745],[-119.3822,54.24763],[-119.3818,54.24784],[-119.38138,54.24801],[-119.38094,54.24825],[-119.38064,54.24849],[-119.38013,54.24866],[-119.37957,54.24879],[-119.37912,54.2488],[-119.37888,54.24876],[-119.37813,54.24849],[-119.37784,54.24843],[-119.37685,54.24809],[-119.37614,54.24805],[-119.37498,54.24794],[-119.37479,54.24792],[-119.37452,54.24792],[-119.374,54.24791],[-119.37332,54.24785],[-119.37288,54.24778],[-119.37267,54.24775],[-119.37219,54.24758],[-119.37181,54.24731],[-119.37127,54.24717],[-119.37096,54.24715],[-119.37061,54.24697],[-119.37039,54.24699],[-119.37012,54.24702],[-119.36997,54.24706],[-119.36948,54.24711],[-119.36884,54.24703],[-119.36816,54.24681],[-119.36813,54.24678],[-119.36794,54.24661],[-119.36781,54.24641],[-119.36732,54.24606],[-119.36722,54.24587],[-119.36722,54.24577],[-119.36713,54.24525],[-119.36689,54.24492],[-119.36657,54.24465],[-119.36648,54.24455],[-119.36603,54.24405],[-119.36543,54.24359],[-119.36527,54.24352],[-119.36464,54.24344],[-119.36435,54.24346],[-119.36401,54.24354],[-119.36335,54.2436],[-119.36259,54.24361],[-119.36231,54.24363],[-119.3619,54.24366],[-119.36123,54.24373],[-119.36062,54.24384],[-119.36004,54.244],[-119.35833,54.24435],[-119.35724,54.24461],[-119.35637,54.24475],[-119.35605,54.2448],[-119.35488,54.24502],[-119.35426,54.24509],[-119.3531,54.24528],[-119.35197,54.2455],[-119.34994,54.24583],[-119.34959,54.24588],[-119.34948,54.24591],[-119.34903,54.246],[-119.34629,54.2465],[-119.34531,54.24652],[-119.34405,54.24667],[-119.34357,54.24678],[-119.34292,54.24692],[-119.34228,54.24711],[-119.34155,54.24733],[-119.34135,54.24739],[-119.34031,54.24781],[-119.33935,54.24821],[-119.33849,54.24864],[-119.33804,54.24883],[-119.33729,54.2493],[-119.33728,54.2493],[-119.33684,54.24948],[-119.33583,54.24995],[-119.33572,54.25001],[-119.33571,54.25001],[-119.33512,54.25028],[-119.33463,54.25045],[-119.33419,54.25064],[-119.33378,54.25085],[-119.33353,54.25113],[-119.33308,54.25132],[-119.33299,54.25139],[-119.3327,54.25164],[-119.33195,54.25204],[-119.33161,54.2523],[-119.33123,54.25254],[-119.33099,54.25285],[-119.33063,54.2531],[-119.33022,54.25331],[-119.32955,54.25337],[-119.32832,54.25352],[-119.32782,54.25336],[-119.32755,54.25307],[-119.32734,54.25326],[-119.32685,54.25309],[-119.32629,54.25301],[-119.32565,54.25296],[-119.32506,54.25282],[-119.32494,54.25282],[-119.32447,54.25282],[-119.32287,54.25282],[-119.32218,54.25286],[-119.32092,54.25302],[-119.32039,54.25316],[-119.3198,54.25326],[-119.31934,54.25331],[-119.31776,54.25402],[-119.31747,54.25416],[-119.31692,54.25442],[-119.31668,54.25454],[-119.31644,54.25458],[-119.31612,54.25465],[-119.31551,54.25458],[-119.31514,54.25434],[-119.31455,54.25403],[-119.31418,54.25383],[-119.31336,54.25323],[-119.31309,54.25294],[-119.31275,54.25268],[-119.31238,54.25233],[-119.31228,54.25221],[-119.31166,54.2515],[-119.31144,54.25129],[-119.31126,54.25103],[-119.31086,54.25074],[-119.31041,54.25053],[-119.31026,54.25045],[-119.30982,54.25034],[-119.30943,54.25033],[-119.30901,54.25037],[-119.3069,54.25028],[-119.30629,54.25029],[-119.3057,54.25038],[-119.30527,54.25035],[-119.3048,54.25041],[-119.30342,54.2505],[-119.30293,54.25035],[-119.30255,54.25013],[-119.30242,54.25001],[-119.30242,54.25001],[-119.30233,54.24994],[-119.30196,54.24963],[-119.30154,54.24923],[-119.30017,54.24828],[-119.29993,54.24817],[-119.29964,54.24805],[-119.29946,54.248],[-119.29914,54.2479],[-119.29845,54.24786],[-119.29777,54.24793],[-119.29721,54.24805],[-119.29674,54.24823],[-119.29634,54.24845],[-119.29551,54.24931],[-119.29532,54.24961],[-119.29507,54.2499],[-119.29503,54.24993],[-119.29497,54.25001],[-119.29496,54.25001],[-119.29479,54.25021],[-119.29416,54.25073],[-119.29333,54.25135],[-119.29288,54.25178],[-119.2925,54.25201],[-119.29191,54.25257],[-119.29153,54.25287],[-119.29112,54.2532],[-119.29009,54.25387],[-119.28992,54.25403],[-119.2898,54.25415],[-119.28956,54.25445],[-119.28936,54.2548],[-119.28922,54.25511],[-119.2891,54.25553],[-119.28895,54.25647],[-119.28901,54.25691],[-119.28905,54.2572],[-119.28939,54.25792],[-119.28962,54.25825],[-119.29073,54.25943],[-119.29103,54.25971],[-119.29123,54.26005],[-119.29158,54.2603],[-119.29187,54.26059],[-119.29198,54.26074],[-119.29219,54.26126],[-119.29221,54.26133],[-119.29233,54.26219],[-119.29222,54.26257],[-119.29196,54.26287],[-119.29166,54.26305],[-119.29126,54.2632],[-119.29107,54.26327],[-119.29051,54.2634],[-119.28983,54.26344],[-119.2892,54.26337],[-119.28862,54.26326],[-119.28795,54.26321],[-119.28727,54.26325],[-119.28724,54.26325],[-119.28663,54.26335],[-119.28627,54.26346],[-119.28556,54.26366],[-119.28498,54.26378],[-119.28447,54.26394],[-119.28209,54.26482],[-119.2811,54.2651],[-119.27975,54.26535],[-119.27918,54.26547],[-119.27871,54.2656],[-119.27704,54.26607],[-119.27603,54.26639],[-119.27506,54.26673],[-119.27492,54.2668],[-119.27446,54.26702],[-119.27336,54.26755],[-119.27289,54.26773],[-119.27256,54.26781],[-119.27224,54.26784],[-119.27177,54.26801],[-119.27138,54.26818],[-119.27064,54.26828],[-119.26993,54.26826],[-119.26725,54.26808],[-119.26534,54.26788],[-119.26324,54.26759],[-119.26226,54.26742],[-119.26172,54.26732],[-119.25915,54.26673],[-119.25784,54.26644],[-119.2572,54.26638],[-119.25578,54.26634],[-119.25515,54.26637],[-119.25382,54.26653],[-119.25319,54.26668],[-119.2528,54.26686],[-119.25228,54.26702],[-119.25184,54.26721],[-119.25156,54.2675],[-119.25136,54.26765],[-119.25088,54.26802],[-119.25048,54.26821],[-119.25014,54.26832],[-119.25002,54.26836],[-119.24992,54.26839],[-119.24989,54.2684],[-119.24896,54.26876],[-119.24741,54.26923],[-119.24675,54.26966],[-119.24655,54.26974],[-119.24618,54.2699],[-119.2454,54.27036],[-119.24497,54.27056],[-119.24458,54.27079],[-119.24413,54.27097],[-119.24326,54.27136],[-119.24314,54.27143],[-119.24279,54.27164],[-119.2422,54.27212],[-119.24191,54.2724],[-119.24154,54.27296],[-119.24049,54.27386],[-119.24024,54.27417],[-119.23968,54.27474],[-119.23945,54.27489],[-119.23787,54.27575],[-119.23771,54.27588],[-119.23766,54.2759],[-119.2373,54.27608],[-119.23726,54.27611],[-119.23718,54.27617],[-119.2366,54.27658],[-119.2363,54.27685],[-119.23613,54.2772],[-119.23585,54.2775],[-119.23569,54.27785],[-119.23569,54.27825],[-119.23558,54.27907],[-119.23562,54.27948],[-119.2358,54.27984],[-119.23612,54.28013],[-119.23649,54.28084],[-119.23654,54.28127],[-119.23653,54.28132],[-119.23605,54.28145],[-119.23495,54.28164],[-119.23418,54.28224],[-119.23394,54.28252],[-119.23387,54.28258],[-119.23357,54.28281],[-119.23285,54.28313],[-119.23222,54.2834],[-119.23166,54.28354],[-119.22985,54.28383],[-119.22925,54.28398],[-119.2286,54.28408],[-119.22708,54.28412],[-119.22652,54.28399],[-119.22527,54.28384],[-119.22492,54.28384],[-119.22452,54.28384],[-119.22445,54.28385],[-119.22382,54.28391],[-119.22322,54.28404],[-119.22269,54.28418],[-119.2222,54.28436],[-119.22185,54.28461],[-119.22162,54.28493],[-119.22132,54.28516],[-119.22062,54.28571],[-119.2204,54.28602],[-119.22047,54.28687],[-119.21973,54.28694],[-119.21895,54.28695],[-119.21829,54.2869],[-119.21767,54.28683],[-119.21719,54.28665],[-119.2163,54.28627],[-119.2159,54.28618],[-119.21568,54.28617],[-119.21494,54.28625],[-119.21441,54.28635],[-119.21333,54.28664],[-119.21256,54.28676],[-119.21226,54.28676],[-119.21196,54.28676],[-119.2114,54.28671],[-119.21131,54.2867],[-119.2111,54.28664],[-119.2102,54.28646],[-119.20973,54.28642],[-119.20887,54.28647],[-119.20817,54.2865],[-119.20657,54.28643],[-119.20543,54.28665],[-119.20433,54.28694],[-119.20387,54.28714],[-119.20351,54.28738],[-119.2032,54.28765],[-119.20301,54.28797],[-119.20287,54.28833],[-119.20313,54.28912],[-119.20321,54.28954],[-119.2028,54.29035],[-119.20271,54.29053],[-119.20243,54.29081],[-119.20194,54.291],[-119.20141,54.29114],[-119.20074,54.2911],[-119.20028,54.29093],[-119.2001,54.29057],[-119.20009,54.29035],[-119.20006,54.28969],[-119.2,54.28948],[-119.19995,54.2893],[-119.19991,54.28928],[-119.19955,54.28908],[-119.19945,54.28901],[-119.19897,54.28868],[-119.19873,54.2886],[-119.19831,54.28856],[-119.19808,54.2886],[-119.1966,54.28911],[-119.19555,54.2894],[-119.1949,54.2895],[-119.19426,54.28951],[-119.19379,54.28948],[-119.19346,54.2895],[-119.19076,54.28984],[-119.18992,54.2899],[-119.18936,54.28997],[-119.18886,54.29016],[-119.18865,54.29033],[-119.18861,54.29036],[-119.18832,54.29064],[-119.18812,54.29065],[-119.18727,54.29068],[-119.18473,54.29075],[-119.18354,54.29076],[-119.18278,54.29082],[-119.18219,54.29095],[-119.18132,54.29119],[-119.18067,54.29147],[-119.17983,54.2919],[-119.17907,54.2924],[-119.17865,54.29264],[-119.17785,54.29292],[-119.17733,54.29304],[-119.17567,54.29327],[-119.17493,54.29329],[-119.17446,54.2933],[-119.17411,54.29331],[-119.1734,54.29337],[-119.17307,54.29343],[-119.17106,54.29386],[-119.17054,54.29401],[-119.16817,54.29493],[-119.16706,54.29566],[-119.16674,54.29594],[-119.16639,54.29618],[-119.16563,54.2967],[-119.16538,54.29681],[-119.16475,54.29709],[-119.1643,54.29732],[-119.16364,54.2976],[-119.16359,54.29762],[-119.16335,54.29766],[-119.16288,54.29767],[-119.16256,54.29764],[-119.16065,54.29764],[-119.16014,54.29764],[-119.15948,54.29764],[-119.15916,54.2976],[-119.15885,54.29757],[-119.15836,54.29755],[-119.15815,54.29755],[-119.15743,54.29758],[-119.15732,54.2976],[-119.15683,54.29769],[-119.15628,54.29788],[-119.15536,54.29818],[-119.15437,54.29842],[-119.15351,54.29853],[-119.15332,54.29854],[-119.15277,54.29858],[-119.14994,54.29859],[-119.14968,54.29859],[-119.14947,54.29858],[-119.14826,54.29853],[-119.14624,54.29834],[-119.1459,54.29836],[-119.14572,54.29837],[-119.14556,54.2984],[-119.14488,54.29846],[-119.14336,54.29847],[-119.14275,54.29837],[-119.14222,54.29824],[-119.14137,54.29795],[-119.14125,54.29791],[-119.1412,54.29788],[-119.14085,54.29768],[-119.14076,54.29761],[-119.14019,54.29717],[-119.13995,54.29694],[-119.13965,54.29655],[-119.13952,54.2962],[-119.13948,54.29569],[-119.13946,54.29533],[-119.13927,54.29498],[-119.13886,54.29479],[-119.13855,54.29469],[-119.13784,54.29446],[-119.13729,54.29425],[-119.13692,54.2941],[-119.13532,54.29369],[-119.13256,54.29304],[-119.13106,54.29257],[-119.1304,54.29251],[-119.12925,54.29231],[-119.12725,54.29214],[-119.12584,54.29208],[-119.12522,54.29215],[-119.12495,54.29215],[-119.12485,54.29216],[-119.12464,54.29209],[-119.12448,54.29206],[-119.12408,54.29197],[-119.12348,54.29188],[-119.12235,54.29164],[-119.12173,54.29155],[-119.1203,54.29108],[-119.11991,54.29085],[-119.11956,54.2906],[-119.11914,54.29038],[-119.11791,54.28972],[-119.11742,54.28956],[-119.11719,54.28947],[-119.11688,54.28935],[-119.11643,54.28926],[-119.11552,54.289],[-119.1154,54.28894],[-119.11481,54.28886],[-119.11422,54.28882],[-119.1141,54.28878],[-119.11348,54.28876],[-119.11296,54.28891],[-119.1123,54.28914],[-119.11199,54.28925],[-119.11161,54.28949],[-119.1116,54.28961],[-119.11185,54.28979],[-119.1118,54.29019],[-119.11168,54.29038],[-119.11158,54.29053],[-119.11141,54.29089],[-119.11107,54.29113],[-119.11067,54.29137],[-119.11045,54.29145],[-119.1099,54.29143],[-119.10951,54.29129],[-119.10909,54.29104],[-119.10841,54.29048],[-119.10831,54.29038],[-119.10812,54.29019],[-119.10764,54.28981],[-119.10673,54.28933],[-119.10626,54.28913],[-119.10562,54.28887],[-119.10514,54.2887],[-119.10459,54.28859],[-119.10416,54.28839],[-119.10376,54.28815],[-119.10328,54.28799],[-119.1022,54.28772],[-119.10157,54.28765],[-119.10088,54.28761],[-119.10047,54.28756],[-119.10024,54.28753],[-119.09996,54.28755],[-119.09963,54.28759],[-119.0995,54.28759],[-119.09891,54.28762],[-119.09861,54.28769],[-119.09809,54.28802],[-119.0981,54.28855],[-119.098,54.28894],[-119.09776,54.28928],[-119.09772,54.28942],[-119.09773,54.28963],[-119.09777,54.29017],[-119.09771,54.29038],[-119.09755,54.29096],[-119.09733,54.29116],[-119.09677,54.29144],[-119.09595,54.29189],[-119.09462,54.2923],[-119.09349,54.29235],[-119.09303,54.29241],[-119.09283,54.29242],[-119.09224,54.29254],[-119.09147,54.29258],[-119.09085,54.29256],[-119.09022,54.29249],[-119.08886,54.29238],[-119.08812,54.29229],[-119.08755,54.29218],[-119.08732,54.29212],[-119.08629,54.29185],[-119.08594,54.2917],[-119.08536,54.29169],[-119.08497,54.29174],[-119.08471,54.29184],[-119.08447,54.29199],[-119.08435,54.29207],[-119.08396,54.29225],[-119.08391,54.29227],[-119.08363,54.29256],[-119.083,54.29308],[-119.08272,54.29337],[-119.08199,54.29383],[-119.08026,54.29464],[-119.07955,54.29513],[-119.07827,54.29584],[-119.07789,54.29644],[-119.07737,54.29703],[-119.07692,54.2976],[-119.07671,54.29787],[-119.07665,54.29795],[-119.07662,54.29836],[-119.07646,54.29871],[-119.07602,54.29915],[-119.07585,54.29926],[-119.07536,54.29943],[-119.07498,54.29949],[-119.07474,54.29953],[-119.07452,54.29954],[-119.07401,54.29955],[-119.0734,54.29947],[-119.07255,54.29926],[-119.0718,54.29908],[-119.06896,54.29855],[-119.06773,54.29838],[-119.06734,54.29829],[-119.06605,54.29804],[-119.06538,54.298],[-119.06502,54.29801],[-119.06319,54.29805],[-119.0625,54.29811],[-119.06233,54.29814],[-119.0613,54.29833],[-119.06073,54.29846],[-119.06023,54.29861],[-119.05983,54.29867],[-119.05939,54.29878],[-119.05922,54.29882],[-119.059,54.29887],[-119.05753,54.29891],[-119.05685,54.29887],[-119.05626,54.29877],[-119.05441,54.29855],[-119.05381,54.29851],[-119.05361,54.29849],[-119.05317,54.29837],[-119.05192,54.29823],[-119.05121,54.29823],[-119.0506,54.29819],[-119.05,54.29812],[-119.04953,54.29806],[-119.04936,54.29803],[-119.04868,54.29804],[-119.04805,54.29797],[-119.04744,54.29792],[-119.04673,54.2979],[-119.04631,54.29788],[-119.04538,54.29782],[-119.04475,54.29775],[-119.04434,54.29761],[-119.04378,54.29742],[-119.04337,54.29721],[-119.04302,54.29696],[-119.0421,54.29614],[-119.04184,54.29584],[-119.04083,54.29412],[-119.04067,54.29375],[-119.04029,54.29299],[-119.04003,54.29225],[-119.04008,54.29201],[-119.03975,54.29108],[-119.03927,54.29038],[-119.03866,54.28947],[-119.03865,54.28938],[-119.03754,54.28824],[-119.03733,54.28797],[-119.03681,54.2873],[-119.03625,54.28689],[-119.036,54.28682],[-119.03551,54.28666],[-119.03497,54.28653],[-119.03438,54.28643],[-119.03384,54.2863],[-119.0332,54.28624],[-119.03261,54.28615],[-119.0319,54.28619],[-119.03124,54.28626],[-119.03065,54.28637],[-119.03009,54.28651],[-119.0296,54.28668],[-119.02875,54.28709],[-119.02818,54.28765],[-119.02792,54.28837],[-119.02709,54.28967],[-119.02658,54.28984],[-119.02565,54.29021],[-119.02535,54.29039],[-119.02498,54.29061],[-119.02489,54.29067],[-119.02452,54.29072],[-119.02431,54.29075],[-119.02383,54.29059],[-119.0233,54.29039],[-119.02292,54.29024],[-119.02249,54.29003],[-119.02098,54.28909],[-119.01932,54.28778],[-119.01902,54.2875],[-119.01864,54.2868],[-119.01813,54.2858],[-119.01753,54.28518],[-119.01716,54.28495],[-119.01636,54.28452],[-119.01589,54.28434],[-119.01461,54.28375],[-119.01435,54.2835],[-119.01394,54.28316],[-119.01377,54.28303],[-119.01338,54.28281],[-119.01302,54.28257],[-119.0126,54.28236],[-119.01232,54.28213],[-119.01193,54.28182],[-119.01157,54.28157],[-119.01112,54.28138],[-119.01057,54.28125],[-119.01009,54.28107],[-119.00953,54.28095],[-119.00904,54.28079],[-119.00828,54.28061],[-119.00804,54.28049],[-119.00753,54.28032],[-119.00713,54.2801],[-119.00471,54.27921],[-119.00429,54.27899],[-119.00325,54.2787],[-119.00302,54.27867],[-119.00276,54.27853],[-119.00197,54.27811],[-119.0015,54.27796],[-119.00134,54.27793],[-119.00084,54.27783],[-119.00014,54.27766],[-119.00002,54.27763],[-118.99997,54.27761],[-118.9995,54.2775],[-118.99919,54.27742],[-118.99862,54.27731],[-118.99759,54.277],[-118.99701,54.27688],[-118.99591,54.27673],[-118.99516,54.27663],[-118.99388,54.2765],[-118.99306,54.27649],[-118.99241,54.27648],[-118.99101,54.27643],[-118.99037,54.27638],[-118.98965,54.27642],[-118.98736,54.27649],[-118.98731,54.27649],[-118.98703,54.27648],[-118.98678,54.27641],[-118.98501,54.27612],[-118.98416,54.27595],[-118.98386,54.27588],[-118.98334,54.27573],[-118.98271,54.27564],[-118.98244,54.27557],[-118.98218,54.2755],[-118.98173,54.27532],[-118.98092,54.27488],[-118.98007,54.27446],[-118.97809,54.27378],[-118.97691,54.27359],[-118.97579,54.27334],[-118.97497,54.27322],[-118.97456,54.27316],[-118.9745,54.27315],[-118.97402,54.27303],[-118.97357,54.27284],[-118.97279,54.27277],[-118.97178,54.27253],[-118.9693,54.27216],[-118.96736,54.27198],[-118.9662,54.27175],[-118.96573,54.27157],[-118.96535,54.27134],[-118.96509,54.27101],[-118.96516,54.27062],[-118.96539,54.27026],[-118.96568,54.26998],[-118.96596,54.26978],[-118.96611,54.26972],[-118.96644,54.26949],[-118.96806,54.26906],[-118.96844,54.26881],[-118.96845,54.26881],[-118.96866,54.26854],[-118.96869,54.2685],[-118.96922,54.26766],[-118.9694,54.26752],[-118.96965,54.26721],[-118.9702,54.26617],[-118.97022,54.26608],[-118.97029,54.26578],[-118.97033,54.26536],[-118.9703,54.26499],[-118.97016,54.26449],[-118.96992,54.26413],[-118.96984,54.26404],[-118.96959,54.26387],[-118.96918,54.26364],[-118.9686,54.26353],[-118.96835,54.26353],[-118.96634,54.26356],[-118.96549,54.26362],[-118.96492,54.26375],[-118.96441,54.26393],[-118.96346,54.26432],[-118.96308,54.26455],[-118.96263,54.26477],[-118.96231,54.26489],[-118.96215,54.26495],[-118.96077,54.26558],[-118.96021,54.26573],[-118.95976,54.26592],[-118.95913,54.26612],[-118.95821,54.26638],[-118.95761,54.26643],[-118.95672,54.26644],[-118.95605,54.2664],[-118.95542,54.26632],[-118.95491,54.26617],[-118.9545,54.26601],[-118.95399,54.26578],[-118.95361,54.26554],[-118.95341,54.26519],[-118.9534,54.26498],[-118.95347,54.26478],[-118.95378,54.2645],[-118.95456,54.26404],[-118.95529,54.26355],[-118.95614,54.26313],[-118.95694,54.26265],[-118.95723,54.26244],[-118.95762,54.26222],[-118.95812,54.26204],[-118.95856,54.26184],[-118.95947,54.26132],[-118.95973,54.26116],[-118.95999,54.26087],[-118.96058,54.25987],[-118.96073,54.25951],[-118.96081,54.25879],[-118.96065,54.2583],[-118.96057,54.2582],[-118.96004,54.25769],[-118.95969,54.25743],[-118.95921,54.25725],[-118.95859,54.25717],[-118.95804,54.25705],[-118.95744,54.25696],[-118.95591,54.25698],[-118.95522,54.25705],[-118.95364,54.25752],[-118.95316,54.2577],[-118.95271,54.25783],[-118.95191,54.2579],[-118.95136,54.25802],[-118.95074,54.25814],[-118.9501,54.25807],[-118.94996,54.25799],[-118.94972,54.25787],[-118.9495,54.25764],[-118.9494,54.25754],[-118.94916,54.25722],[-118.94894,54.25684],[-118.94876,54.25655],[-118.94842,54.25628],[-118.94762,54.25575],[-118.94685,54.25537],[-118.94634,54.25521],[-118.94598,54.25496],[-118.94471,54.25434],[-118.94403,54.25409],[-118.94375,54.25399],[-118.94334,54.25377],[-118.94271,54.2537],[-118.94134,54.2536],[-118.93872,54.25365],[-118.93776,54.25364],[-118.9373,54.25374],[-118.93717,54.25377],[-118.93668,54.25394],[-118.93635,54.25409],[-118.93597,54.25425],[-118.93578,54.25434],[-118.93554,54.25441],[-118.93512,54.25449],[-118.93469,54.25461],[-118.93352,54.25488],[-118.93148,54.25547],[-118.93096,54.25557],[-118.93011,54.25574],[-118.92934,54.25575],[-118.92895,54.25571],[-118.928,54.25551],[-118.92623,54.25522],[-118.92496,54.255],[-118.92449,54.25492],[-118.9238,54.25479],[-118.92364,54.25476],[-118.92327,54.25465],[-118.92286,54.25438],[-118.9227,54.25409],[-118.92248,54.25368],[-118.9222,54.25328],[-118.92203,54.25291],[-118.92172,54.25275],[-118.92058,54.25209],[-118.92025,54.25183],[-118.91973,54.25122],[-118.91942,54.25094],[-118.91865,54.25002],[-118.91862,54.25001],[-118.91852,54.24994],[-118.9176,54.2493],[-118.9168,54.24886],[-118.91633,54.24868],[-118.91583,54.24853],[-118.91526,54.2484],[-118.91404,54.24822],[-118.91336,54.24816],[-118.91273,54.24808],[-118.9123,54.24806],[-118.91203,54.24804],[-118.91062,54.2481],[-118.90997,54.24817],[-118.90874,54.24836],[-118.90844,54.24845],[-118.90829,54.24856],[-118.9072,54.24881],[-118.90679,54.2489],[-118.90557,54.24912],[-118.90486,54.24927],[-118.90433,54.24932],[-118.90359,54.24934],[-118.90286,54.24932],[-118.90221,54.24925],[-118.9015,54.2491],[-118.9009,54.24905],[-118.90032,54.249],[-118.89995,54.24895],[-118.8997,54.24892],[-118.89949,54.24891],[-118.89897,54.2489],[-118.897,54.24871],[-118.89637,54.24862],[-118.89503,54.24852],[-118.89315,54.24826],[-118.89197,54.24804],[-118.88944,54.24773],[-118.88812,54.24762],[-118.8873,54.2476],[-118.88666,54.24759],[-118.88625,54.24761],[-118.88525,54.24768],[-118.88463,54.24777],[-118.88424,54.24786],[-118.88399,54.24792],[-118.88355,54.24805],[-118.88273,54.24845],[-118.88262,54.24856],[-118.88244,54.24876],[-118.88236,54.24915],[-118.88248,54.24948],[-118.88272,54.24979],[-118.88272,54.24993],[-118.88272,54.25001],[-118.88272,54.25003],[-118.88271,54.25018],[-118.88294,54.25096],[-118.8831,54.25131],[-118.88321,54.2517],[-118.88335,54.25203],[-118.88348,54.25278],[-118.88343,54.2541],[-118.88342,54.25448],[-118.88328,54.25511],[-118.88314,54.25591],[-118.8831,54.25725],[-118.8832,54.25817],[-118.8832,54.25852],[-118.88305,54.25979],[-118.88278,54.26055],[-118.88249,54.26084],[-118.88233,54.26096],[-118.88202,54.26103],[-118.88156,54.26121],[-118.88118,54.26133],[-118.88105,54.26137],[-118.88062,54.26157],[-118.88014,54.26175],[-118.87957,54.26187],[-118.87906,54.26203],[-118.87745,54.26246],[-118.87716,54.26263],[-118.87655,54.26289],[-118.87598,54.26304],[-118.87525,54.26304],[-118.87496,54.26306],[-118.87449,54.26309],[-118.87403,54.26312],[-118.87313,54.26317],[-118.87249,54.26325],[-118.87213,54.26333],[-118.87121,54.2634],[-118.87061,54.26353],[-118.86967,54.26391],[-118.86892,54.26437],[-118.86808,54.26503],[-118.86703,54.26556],[-118.86577,54.26617],[-118.86541,54.26641],[-118.86477,54.26697],[-118.86449,54.2671],[-118.86317,54.26771],[-118.86247,54.26795],[-118.86231,54.26798],[-118.86206,54.26803],[-118.86149,54.26803]]]},"properties":{"WMUNIT_NAME":"Redrock Creek","WMUNIT_CODE":"00355","GlobalID":"{B0EE76B9-F9BA-4495-A972-75F7217C0B5A}","OBJECTID":48,"Shape__Area":1452978583.0568173,"Shape__Length":244480.87164901986}},{"type":"Feature","id":54,"geometry":{"type":"Polygon","coordinates":[[[-119.15332,54.29854],[-119.15351,54.29853],[-119.15437,54.29842],[-119.15536,54.29818],[-119.15628,54.29788],[-119.15683,54.29769],[-119.15732,54.2976],[-119.15743,54.29758],[-119.15815,54.29755],[-119.15836,54.29755],[-119.15885,54.29757],[-119.15916,54.2976],[-119.15948,54.29764],[-119.16014,54.29764],[-119.16065,54.29764],[-119.16256,54.29764],[-119.16288,54.29767],[-119.16335,54.29766],[-119.16359,54.29762],[-119.16364,54.2976],[-119.1643,54.29732],[-119.16475,54.29709],[-119.16538,54.29681],[-119.16563,54.2967],[-119.16639,54.29618],[-119.16674,54.29594],[-119.16706,54.29566],[-119.16817,54.29493],[-119.17054,54.29401],[-119.17106,54.29386],[-119.17307,54.29343],[-119.1734,54.29337],[-119.17411,54.29331],[-119.17446,54.2933],[-119.17493,54.29329],[-119.17567,54.29327],[-119.17733,54.29304],[-119.17785,54.29292],[-119.17865,54.29264],[-119.17907,54.2924],[-119.17983,54.2919],[-119.18067,54.29147],[-119.18132,54.29119],[-119.18219,54.29095],[-119.18278,54.29082],[-119.18354,54.29076],[-119.18473,54.29075],[-119.18727,54.29068],[-119.18812,54.29065],[-119.18832,54.29064],[-119.18861,54.29036],[-119.18865,54.29033],[-119.18886,54.29016],[-119.18936,54.28997],[-119.18992,54.2899],[-119.19076,54.28984],[-119.19346,54.2895],[-119.19379,54.28948],[-119.19426,54.28951],[-119.1949,54.2895],[-119.19555,54.2894],[-119.1966,54.28911],[-119.19808,54.2886],[-119.19831,54.28856],[-119.19873,54.2886],[-119.19897,54.28868],[-119.19945,54.28901],[-119.19955,54.28908],[-119.19991,54.28928],[-119.19995,54.2893],[-119.2,54.28948],[-119.20006,54.28969],[-119.20009,54.29035],[-119.2001,54.29057],[-119.20028,54.29093],[-119.20074,54.2911],[-119.20141,54.29114],[-119.20194,54.291],[-119.20243,54.29081],[-119.20271,54.29053],[-119.2028,54.29035],[-119.20321,54.28954],[-119.20313,54.28912],[-119.20287,54.28833],[-119.20301,54.28797],[-119.2032,54.28765],[-119.20351,54.28738],[-119.20387,54.28714],[-119.20433,54.28694],[-119.20543,54.28665],[-119.20657,54.28643],[-119.20817,54.2865],[-119.20887,54.28647],[-119.20973,54.28642],[-119.2102,54.28646],[-119.2111,54.28664],[-119.21131,54.2867],[-119.2114,54.28671],[-119.21196,54.28676],[-119.21226,54.28676],[-119.21256,54.28676],[-119.21333,54.28664],[-119.21441,54.28635],[-119.21494,54.28625],[-119.21568,54.28617],[-119.2159,54.28618],[-119.2163,54.28627],[-119.21719,54.28665],[-119.21767,54.28683],[-119.21829,54.2869],[-119.21895,54.28695],[-119.21973,54.28694],[-119.22047,54.28687],[-119.2204,54.28602],[-119.22062,54.28571],[-119.22132,54.28516],[-119.22162,54.28493],[-119.22185,54.28461],[-119.2222,54.28436],[-119.22269,54.28418],[-119.22322,54.28404],[-119.22382,54.28391],[-119.22445,54.28385],[-119.22452,54.28384],[-119.22492,54.28384],[-119.22527,54.28384],[-119.22652,54.28399],[-119.22708,54.28412],[-119.2286,54.28408],[-119.22925,54.28398],[-119.22985,54.28383],[-119.23166,54.28354],[-119.23222,54.2834],[-119.23285,54.28313],[-119.23357,54.28281],[-119.23387,54.28258],[-119.23394,54.28252],[-119.23418,54.28224],[-119.23495,54.28164],[-119.23605,54.28145],[-119.23653,54.28132],[-119.23654,54.28127],[-119.23649,54.28084],[-119.23612,54.28013],[-119.2358,54.27984],[-119.23562,54.27948],[-119.23558,54.27907],[-119.23569,54.27825],[-119.23569,54.27785],[-119.23585,54.2775],[-119.23613,54.2772],[-119.2363,54.27685],[-119.2366,54.27658],[-119.23718,54.27617],[-119.23726,54.27611],[-119.2373,54.27608],[-119.23766,54.2759],[-119.23771,54.27588],[-119.23787,54.27575],[-119.23945,54.27489],[-119.23968,54.27474],[-119.24024,54.27417],[-119.24049,54.27386],[-119.24154,54.27296],[-119.24191,54.2724],[-119.2422,54.27212],[-119.24279,54.27164],[-119.24314,54.27143],[-119.24326,54.27136],[-119.24413,54.27097],[-119.24458,54.27079],[-119.24497,54.27056],[-119.2454,54.27036],[-119.24618,54.2699],[-119.24655,54.26974],[-119.24675,54.26966],[-119.24741,54.26923],[-119.24896,54.26876],[-119.24989,54.2684],[-119.24992,54.26839],[-119.25002,54.26836],[-119.25014,54.26832],[-119.25048,54.26821],[-119.25088,54.26802],[-119.25136,54.26765],[-119.25156,54.2675],[-119.25184,54.26721],[-119.25228,54.26702],[-119.2528,54.26686],[-119.25319,54.26668],[-119.25382,54.26653],[-119.25515,54.26637],[-119.25578,54.26634],[-119.2572,54.26638],[-119.25784,54.26644],[-119.25915,54.26673],[-119.26172,54.26732],[-119.26226,54.26742],[-119.26324,54.26759],[-119.26534,54.26788],[-119.26725,54.26808],[-119.26993,54.26826],[-119.27064,54.26828],[-119.27138,54.26818],[-119.27177,54.26801],[-119.27224,54.26784],[-119.27256,54.26781],[-119.27259,54.26727],[-119.27232,54.26648],[-119.27232,54.26604],[-119.27243,54.26565],[-119.2725,54.26551],[-119.27269,54.26531],[-119.27298,54.26506],[-119.27382,54.26462],[-119.27401,54.26446],[-119.27402,54.26421],[-119.27376,54.26335],[-119.27381,54.26304],[-119.27402,54.26271],[-119.27458,54.2621],[-119.27601,54.2611],[-119.27663,54.26079],[-119.27695,54.26054],[-119.2771,54.26035],[-119.27713,54.26025],[-119.27714,54.25993],[-119.27705,54.25965],[-119.27679,54.25918],[-119.27629,54.25872],[-119.27601,54.25854],[-119.27522,54.25824],[-119.27466,54.2581],[-119.27407,54.25799],[-119.27232,54.25787],[-119.27194,54.25777],[-119.27117,54.25773],[-119.27022,54.25752],[-119.2698,54.25736],[-119.26936,54.25709],[-119.26926,54.25695],[-119.26918,54.25671],[-119.2692,54.2564],[-119.26914,54.25632],[-119.26914,54.25619],[-119.26933,54.256],[-119.27024,54.25559],[-119.27056,54.25531],[-119.27078,54.25498],[-119.27125,54.25433],[-119.27152,54.25404],[-119.27183,54.25384],[-119.27268,54.25352],[-119.27271,54.25337],[-119.27264,54.25315],[-119.27241,54.25272],[-119.27228,54.25262],[-119.27184,54.25241],[-119.27129,54.25227],[-119.26942,54.25209],[-119.2686,54.25216],[-119.26845,54.25221],[-119.26817,54.25237],[-119.26773,54.25279],[-119.2675,54.25291],[-119.26709,54.25296],[-119.26685,54.25293],[-119.26663,54.25285],[-119.2663,54.25281],[-119.26567,54.2527],[-119.265,54.25246],[-119.26475,54.25231],[-119.26448,54.25201],[-119.26437,54.25161],[-119.2645,54.25127],[-119.26475,54.25099],[-119.26566,54.25051],[-119.26666,54.25022],[-119.26746,54.25025],[-119.2679,54.25023],[-119.26835,54.25014],[-119.26873,54.25001],[-119.26874,54.25001],[-119.26885,54.24993],[-119.26909,54.24978],[-119.26934,54.24945],[-119.26935,54.24934],[-119.26925,54.24915],[-119.26918,54.24909],[-119.26874,54.24887],[-119.26809,54.24872],[-119.26702,54.2486],[-119.26658,54.2486],[-119.26634,54.24863],[-119.26618,54.24865],[-119.26599,54.24866],[-119.26594,54.24866],[-119.26567,54.24851],[-119.2655,54.24814],[-119.26547,54.24781],[-119.26555,54.24748],[-119.26572,54.24719],[-119.26576,54.24699],[-119.26576,54.24665],[-119.26557,54.24632],[-119.26509,54.24572],[-119.26495,54.24535],[-119.26443,54.24521],[-119.26404,54.24499],[-119.26378,54.24468],[-119.26373,54.24453],[-119.26377,54.24437],[-119.26393,54.244],[-119.26426,54.24374],[-119.26507,54.24356],[-119.26545,54.24331],[-119.26585,54.24311],[-119.26584,54.24303],[-119.26569,54.24279],[-119.26524,54.24261],[-119.26495,54.24233],[-119.26508,54.24199],[-119.265,54.24162],[-119.26461,54.24139],[-119.26402,54.24128],[-119.26337,54.24121],[-119.26288,54.24105],[-119.26232,54.24092],[-119.26193,54.24079],[-119.26191,54.2407],[-119.26212,54.24037],[-119.26291,54.24025],[-119.26338,54.24027],[-119.2644,54.24059],[-119.26494,54.24072],[-119.2656,54.24079],[-119.26608,54.24064],[-119.26638,54.24036],[-119.26659,54.24002],[-119.26662,54.23962],[-119.26649,54.23925],[-119.26622,54.23896],[-119.26592,54.23869],[-119.26574,54.23835],[-119.26586,54.23798],[-119.26635,54.23782],[-119.26674,54.2376],[-119.26707,54.23733],[-119.26743,54.23709],[-119.26775,54.23681],[-119.2678,54.23669],[-119.2679,54.23645],[-119.26798,54.23605],[-119.26797,54.23561],[-119.26828,54.23489],[-119.26825,54.23448],[-119.26806,54.23414],[-119.26743,54.23361],[-119.26717,54.23331],[-119.2668,54.23308],[-119.26621,54.23254],[-119.26589,54.23227],[-119.26585,54.23216],[-119.26597,54.23191],[-119.26646,54.23129],[-119.26685,54.23115],[-119.26751,54.23129],[-119.2681,54.2314],[-119.26874,54.23136],[-119.26899,54.23125],[-119.26941,54.23086],[-119.26953,54.23047],[-119.26942,54.23009],[-119.26916,54.2298],[-119.26861,54.22956],[-119.26827,54.22945],[-119.26784,54.22925],[-119.26758,54.22895],[-119.26721,54.22872],[-119.26606,54.22883],[-119.26599,54.22879],[-119.26574,54.2285],[-119.26563,54.22813],[-119.26578,54.22777],[-119.26606,54.22749],[-119.26641,54.22723],[-119.26671,54.22696],[-119.26794,54.2268],[-119.26833,54.22658],[-119.26861,54.22629],[-119.2688,54.22595],[-119.26899,54.22573],[-119.26871,54.2256],[-119.26822,54.22544],[-119.26784,54.22521],[-119.26755,54.22493],[-119.26751,54.22458],[-119.26761,54.22416],[-119.26784,54.22385],[-119.26817,54.22359],[-119.26902,54.22319],[-119.26931,54.22291],[-119.26951,54.22258],[-119.26921,54.22188],[-119.26915,54.22133],[-119.26966,54.22046],[-119.26982,54.2201],[-119.26992,54.21971],[-119.2701,54.21938],[-119.27044,54.21912],[-119.27088,54.21893],[-119.27128,54.21871],[-119.27152,54.2184],[-119.27181,54.21812],[-119.27225,54.21802],[-119.27281,54.21822],[-119.27345,54.21817],[-119.27401,54.21805],[-119.27436,54.21781],[-119.27462,54.21751],[-119.275,54.21684],[-119.2751,54.2165],[-119.2751,54.21641],[-119.27498,54.21603],[-119.27507,54.2152],[-119.2753,54.21443],[-119.27556,54.21413],[-119.27592,54.21389],[-119.27635,54.2137],[-119.27692,54.21358],[-119.27763,54.21361],[-119.27803,54.21382],[-119.2784,54.21405],[-119.27895,54.21419],[-119.27964,54.21418],[-119.28007,54.21404],[-119.28022,54.21395],[-119.28134,54.21294],[-119.28171,54.21271],[-119.28204,54.21246],[-119.28293,54.21162],[-119.28315,54.21131],[-119.28342,54.21114],[-119.28402,54.21092],[-119.28459,54.21081],[-119.28523,54.21075],[-119.28635,54.21051],[-119.28682,54.21034],[-119.28722,54.21014],[-119.28836,54.20946],[-119.2885,54.20926],[-119.28846,54.20912],[-119.28814,54.20886],[-119.28773,54.20865],[-119.2868,54.20829],[-119.2858,54.20796],[-119.28552,54.20768],[-119.28519,54.20708],[-119.28515,54.207],[-119.28508,54.20662],[-119.2854,54.20628],[-119.28588,54.20574],[-119.28601,54.20493],[-119.28618,54.20458],[-119.28675,54.20414],[-119.28726,54.20391],[-119.28771,54.20369],[-119.28798,54.20339],[-119.28811,54.20303],[-119.28811,54.20302],[-119.28799,54.20266],[-119.28763,54.20242],[-119.28728,54.20233],[-119.28658,54.20213],[-119.286,54.20202],[-119.28551,54.20186],[-119.28509,54.20166],[-119.28442,54.20116],[-119.28412,54.20088],[-119.28361,54.20029],[-119.28338,54.19998],[-119.2832,54.19964],[-119.28312,54.19925],[-119.28337,54.19895],[-119.28341,54.19852],[-119.28341,54.19808],[-119.28334,54.1976],[-119.28332,54.19748],[-119.2832,54.19731],[-119.28286,54.19712],[-119.28278,54.19696],[-119.28298,54.19677],[-119.28394,54.19644],[-119.28439,54.19626],[-119.28466,54.19598],[-119.28443,54.19567],[-119.28404,54.19546],[-119.28373,54.19519],[-119.28382,54.19438],[-119.28347,54.19414],[-119.28322,54.19385],[-119.28291,54.19358],[-119.28253,54.19336],[-119.28241,54.19301],[-119.28281,54.1923],[-119.28326,54.19165],[-119.28331,54.19123],[-119.28329,54.19081],[-119.28332,54.19039],[-119.28352,54.19005],[-119.28379,54.18976],[-119.28417,54.18954],[-119.2846,54.18934],[-119.28493,54.18909],[-119.2852,54.18879],[-119.28538,54.18845],[-119.28541,54.18805],[-119.28521,54.18771],[-119.28495,54.18742],[-119.28456,54.1872],[-119.28404,54.18704],[-119.28354,54.18701],[-119.28337,54.18707],[-119.28278,54.18717],[-119.28207,54.1872],[-119.28137,54.18716],[-119.28081,54.18703],[-119.28034,54.18685],[-119.27918,54.18618],[-119.27902,54.186],[-119.27854,54.18547],[-119.27838,54.18512],[-119.27831,54.18472],[-119.27817,54.18435],[-119.27794,54.18403],[-119.27766,54.18375],[-119.27739,54.18354],[-119.27736,54.18305],[-119.27779,54.18286],[-119.2784,54.18292],[-119.2793,54.18329],[-119.2799,54.18341],[-119.28051,54.18331],[-119.28074,54.18317],[-119.28087,54.18305],[-119.28092,54.18285],[-119.28081,54.18269],[-119.28039,54.18248],[-119.27976,54.18239],[-119.27909,54.18233],[-119.27854,54.1822],[-119.27788,54.18186],[-119.27811,54.18136],[-119.27824,54.18099],[-119.27832,54.18058],[-119.27822,54.18018],[-119.27802,54.17987],[-119.27796,54.17983],[-119.27764,54.17963],[-119.27744,54.17945],[-119.27733,54.17935],[-119.27709,54.17904],[-119.27672,54.17881],[-119.27621,54.17866],[-119.27565,54.17854],[-119.27499,54.17847],[-119.2747,54.17837],[-119.2745,54.1783],[-119.27418,54.17805],[-119.27393,54.17775],[-119.27387,54.17734],[-119.27359,54.17706],[-119.27335,54.17675],[-119.2734,54.17661],[-119.27432,54.17626],[-119.27489,54.17588],[-119.27536,54.1757],[-119.27561,54.17569],[-119.27588,54.17538],[-119.27587,54.17497],[-119.27574,54.1746],[-119.27556,54.17425],[-119.27561,54.17386],[-119.2758,54.17351],[-119.27592,54.17313],[-119.27586,54.17273],[-119.27549,54.17242],[-119.27503,54.1723],[-119.27467,54.17231],[-119.27446,54.17241],[-119.27431,54.17267],[-119.27432,54.17302],[-119.2742,54.17313],[-119.27392,54.17329],[-119.27375,54.17333],[-119.27341,54.17327],[-119.27325,54.17315],[-119.27306,54.17283],[-119.27308,54.17247],[-119.27351,54.17227],[-119.27384,54.17201],[-119.27405,54.17168],[-119.27415,54.17134],[-119.27395,54.1705],[-119.27412,54.17014],[-119.27432,54.16999],[-119.27507,54.16966],[-119.27521,54.1694],[-119.27517,54.1693],[-119.275,54.16908],[-119.27485,54.16896],[-119.27461,54.16884],[-119.27441,54.16879],[-119.27397,54.16881],[-119.27343,54.16894],[-119.27303,54.169],[-119.27278,54.16899],[-119.27248,54.16889],[-119.2723,54.16875],[-119.27217,54.16865],[-119.27204,54.16804],[-119.27205,54.16763],[-119.27214,54.16754],[-119.2731,54.16733],[-119.27344,54.16709],[-119.27422,54.16664],[-119.27465,54.16644],[-119.27481,54.16628],[-119.27475,54.16612],[-119.27425,54.16596],[-119.27368,54.16584],[-119.27321,54.16566],[-119.27287,54.1654],[-119.27249,54.16474],[-119.27273,54.16444],[-119.27287,54.16406],[-119.27293,54.16365],[-119.27283,54.16326],[-119.27261,54.16283],[-119.2725,54.16255],[-119.27258,54.16158],[-119.27273,54.16152],[-119.27304,54.1615],[-119.27373,54.16174],[-119.27401,54.16174],[-119.2743,54.16164],[-119.27469,54.16142],[-119.27494,54.16111],[-119.27507,54.16075],[-119.27474,54.16049],[-119.27435,54.16027],[-119.27413,54.15995],[-119.27449,54.15973],[-119.27537,54.15958],[-119.27576,54.15943],[-119.2761,54.15923],[-119.27628,54.15895],[-119.27613,54.15848],[-119.27627,54.15784],[-119.27624,54.15745],[-119.27595,54.15718],[-119.27565,54.1569],[-119.27556,54.15652],[-119.27562,54.15631],[-119.27546,54.15615],[-119.27512,54.1559],[-119.27491,54.15577],[-119.27444,54.15549],[-119.27398,54.15522],[-119.27369,54.15494],[-119.27347,54.15464],[-119.27333,54.1543],[-119.27352,54.15397],[-119.27368,54.1536],[-119.27359,54.15334],[-119.27355,54.15324],[-119.27334,54.15287],[-119.27345,54.1525],[-119.27352,54.1524],[-119.27372,54.15213],[-119.27375,54.15209],[-119.27363,54.15183],[-119.27336,54.15154],[-119.27324,54.15115],[-119.2733,54.15076],[-119.2737,54.15025],[-119.27325,54.14983],[-119.27291,54.14958],[-119.27277,54.14923],[-119.27259,54.14889],[-119.27268,54.14849],[-119.27295,54.1482],[-119.27354,54.14813],[-119.27444,54.14798],[-119.27469,54.14794],[-119.2749,54.14793],[-119.27528,54.1479],[-119.27564,54.14765],[-119.27557,54.14728],[-119.27538,54.14694],[-119.27525,54.14664],[-119.27509,54.14657],[-119.2749,54.14649],[-119.27466,54.14639],[-119.27444,54.14626],[-119.27429,54.14616],[-119.27422,54.14587],[-119.27429,54.14531],[-119.27442,54.14519],[-119.27444,54.14517],[-119.27459,54.14503],[-119.2749,54.14488],[-119.27494,54.14487],[-119.27543,54.14457],[-119.27588,54.14439],[-119.2771,54.14375],[-119.2776,54.14355],[-119.27784,54.14325],[-119.27805,54.14305],[-119.27839,54.14304],[-119.27894,54.14316],[-119.27909,54.14312],[-119.2797,54.14282],[-119.27997,54.14274],[-119.28038,54.14248],[-119.28057,54.14226],[-119.2805,54.14215],[-119.27981,54.14218],[-119.27974,54.14216],[-119.2797,54.14213],[-119.2797,54.14208],[-119.27984,54.14192],[-119.28034,54.14153],[-119.28068,54.14131],[-119.28074,54.14121],[-119.28033,54.14088],[-119.28033,54.14048],[-119.28044,54.14028],[-119.28042,54.14008],[-119.28001,54.13857],[-119.27999,54.13815],[-119.28002,54.13782],[-119.28003,54.13767],[-119.28004,54.1376],[-119.28008,54.13728],[-119.28022,54.13689],[-119.28043,54.13656],[-119.28067,54.13625],[-119.28154,54.13547],[-119.28189,54.1351],[-119.28222,54.13485],[-119.28252,54.13458],[-119.28271,54.13452],[-119.28346,54.13421],[-119.28509,54.13383],[-119.28587,54.1337],[-119.28688,54.13305],[-119.28725,54.13295],[-119.28739,54.13291],[-119.28811,54.13289],[-119.28872,54.13299],[-119.28926,54.13313],[-119.29018,54.1335],[-119.29169,54.13353],[-119.29292,54.1334],[-119.29319,54.13318],[-119.29303,54.1324],[-119.29315,54.13202],[-119.2933,54.13179],[-119.29388,54.13157],[-119.29455,54.13155],[-119.2952,54.13163],[-119.29568,54.1318],[-119.29621,54.13194],[-119.29736,54.13216],[-119.29793,54.1321],[-119.29827,54.13185],[-119.29858,54.13158],[-119.29851,54.13134],[-119.29847,54.13125],[-119.29813,54.13103],[-119.29788,54.13073],[-119.29779,54.13044],[-119.29776,54.13036],[-119.29779,54.12996],[-119.29803,54.12964],[-119.29836,54.12938],[-119.29883,54.1292],[-119.29944,54.12911],[-119.29991,54.12915],[-119.30011,54.12917],[-119.30053,54.12938],[-119.3008,54.12967],[-119.3013,54.13035],[-119.30134,54.13062],[-119.30128,54.13101],[-119.30187,54.13111],[-119.30257,54.13109],[-119.30308,54.13094],[-119.30362,54.13081],[-119.304,54.13059],[-119.30432,54.13031],[-119.30449,54.12995],[-119.30482,54.12968],[-119.30509,54.12938],[-119.30544,54.12914],[-119.30591,54.12896],[-119.30648,54.1289],[-119.30679,54.12917],[-119.30702,54.12948],[-119.30743,54.12969],[-119.30793,54.12984],[-119.30863,54.12983],[-119.30899,54.12959],[-119.30918,54.1293],[-119.30883,54.12905],[-119.30898,54.12878],[-119.30953,54.12891],[-119.31043,54.12929],[-119.31064,54.12963],[-119.31065,54.12997],[-119.31098,54.13023],[-119.31105,54.13062],[-119.31143,54.13129],[-119.31143,54.13173],[-119.31164,54.13205],[-119.31232,54.13212],[-119.31298,54.13208],[-119.31347,54.13191],[-119.31379,54.13166],[-119.31391,54.13127],[-119.31389,54.13083],[-119.31394,54.13041],[-119.31363,54.13014],[-119.31302,54.13004],[-119.31273,54.12977],[-119.31262,54.12943],[-119.31299,54.12918],[-119.3135,54.12904],[-119.31413,54.12895],[-119.31471,54.12887],[-119.31545,54.12887],[-119.31601,54.12899],[-119.31642,54.1292],[-119.31691,54.12936],[-119.31764,54.1294],[-119.31832,54.12937],[-119.31912,54.12897],[-119.31973,54.1289],[-119.31998,54.12919],[-119.31978,54.12949],[-119.3194,54.12972],[-119.31913,54.13003],[-119.31931,54.13036],[-119.3198,54.13054],[-119.32045,54.13062],[-119.32098,54.13049],[-119.32148,54.1299],[-119.32183,54.12965],[-119.32233,54.1295],[-119.32296,54.12947],[-119.32342,54.12966],[-119.32382,54.12988],[-119.32396,54.13017],[-119.32359,54.13041],[-119.32355,54.13071],[-119.32417,54.13071],[-119.32439,54.13067],[-119.32458,54.13051],[-119.32508,54.13036],[-119.3255,54.13015],[-119.32623,54.13015],[-119.32694,54.1302],[-119.32732,54.13042],[-119.32787,54.13056],[-119.32861,54.13057],[-119.3293,54.13054],[-119.32986,54.13042],[-119.33029,54.13023],[-119.33096,54.13023],[-119.33089,54.13102],[-119.33122,54.13127],[-119.33188,54.13135],[-119.3326,54.13134],[-119.33461,54.1312],[-119.33586,54.13106],[-119.33642,54.13105],[-119.33653,54.13096],[-119.33698,54.12995],[-119.33727,54.12966],[-119.33772,54.12948],[-119.33834,54.12949],[-119.33878,54.12969],[-119.33936,54.13024],[-119.33993,54.13015],[-119.34044,54.13001],[-119.34069,54.1297],[-119.34084,54.12932],[-119.3412,54.12908],[-119.34166,54.12891],[-119.34217,54.12891],[-119.34251,54.12866],[-119.34281,54.12838],[-119.34305,54.12806],[-119.34292,54.12771],[-119.34319,54.12743],[-119.3438,54.12734],[-119.3444,54.12741],[-119.3449,54.12762],[-119.34513,54.12788],[-119.34532,54.12821],[-119.34586,54.12878],[-119.34648,54.12975],[-119.34664,54.1301],[-119.34691,54.13037],[-119.34737,54.13056],[-119.34769,54.13082],[-119.34785,54.13117],[-119.34808,54.13145],[-119.34897,54.13184],[-119.3496,54.13188],[-119.3501,54.13173],[-119.35122,54.13149],[-119.35248,54.13134],[-119.35333,54.1314],[-119.35402,54.13101],[-119.35435,54.13075],[-119.35483,54.13013],[-119.35457,54.12984],[-119.3544,54.12949],[-119.35442,54.12906],[-119.35449,54.12864],[-119.35476,54.12834],[-119.35536,54.12825],[-119.35588,54.1284],[-119.35684,54.12876],[-119.35726,54.12898],[-119.35868,54.1295],[-119.36032,54.1299],[-119.3612,54.12996],[-119.36142,54.12975],[-119.36153,54.12947],[-119.36121,54.12921],[-119.35959,54.12836],[-119.35955,54.12803],[-119.36007,54.1279],[-119.36054,54.12772],[-119.36127,54.12773],[-119.36201,54.12777],[-119.36266,54.12786],[-119.3632,54.12798],[-119.3637,54.12814],[-119.36427,54.1287],[-119.36488,54.12871],[-119.36575,54.12835],[-119.36632,54.1284],[-119.36677,54.12858],[-119.36708,54.12885],[-119.3673,54.12916],[-119.36759,54.12944],[-119.36786,54.12959],[-119.36857,54.12999],[-119.36892,54.13006],[-119.36925,54.13005],[-119.36958,54.13],[-119.36987,54.12989],[-119.37027,54.12984],[-119.37054,54.12989],[-119.37077,54.12983],[-119.3711,54.12992],[-119.37124,54.13007],[-119.37131,54.13024],[-119.37147,54.13043],[-119.37173,54.13055],[-119.37207,54.13058],[-119.37244,54.13054],[-119.37263,54.1305],[-119.37312,54.13028],[-119.37362,54.13015],[-119.3739,54.13012],[-119.37424,54.13018],[-119.3744,54.13029],[-119.37456,54.13049],[-119.3745,54.13065],[-119.37463,54.13083],[-119.37489,54.13092],[-119.3753,54.1309],[-119.37567,54.13083],[-119.37645,54.13035],[-119.37652,54.13017],[-119.37653,54.13007],[-119.37665,54.12997],[-119.37688,54.12944],[-119.37714,54.12912],[-119.37729,54.12901],[-119.37766,54.12904],[-119.3781,54.12925],[-119.37832,54.12933],[-119.37904,54.12943],[-119.37957,54.1294],[-119.38007,54.12944],[-119.38069,54.12955],[-119.38095,54.12964],[-119.3811,54.12978],[-119.38134,54.1302],[-119.38162,54.1304],[-119.38174,54.13045],[-119.38199,54.13065],[-119.38201,54.13072],[-119.38198,54.13109],[-119.38217,54.13127],[-119.38256,54.13145],[-119.38321,54.13168],[-119.38326,54.13165],[-119.38336,54.1316],[-119.38382,54.13136],[-119.38396,54.13119],[-119.38404,54.13102],[-119.38393,54.13083],[-119.38352,54.13061],[-119.38315,54.13045],[-119.38309,54.13039],[-119.38308,54.13028],[-119.38328,54.13005],[-119.38373,54.12972],[-119.38389,54.12947],[-119.38397,54.12941],[-119.3843,54.12925],[-119.38462,54.12915],[-119.38502,54.12907],[-119.38553,54.12902],[-119.38597,54.12906],[-119.38629,54.12921],[-119.38646,54.12934],[-119.38661,54.12949],[-119.38637,54.12978],[-119.38608,54.12992],[-119.38616,54.13009],[-119.38617,54.13028],[-119.38586,54.1305],[-119.38525,54.13065],[-119.38524,54.13068],[-119.38532,54.13085],[-119.38581,54.13113],[-119.38588,54.13122],[-119.3859,54.13133],[-119.38605,54.13155],[-119.3861,54.13156],[-119.38658,54.13137],[-119.387,54.13127],[-119.38706,54.1312],[-119.38706,54.13107],[-119.38661,54.13074],[-119.38653,54.13055],[-119.38656,54.13035],[-119.38668,54.13019],[-119.38684,54.13012],[-119.38729,54.13008],[-119.3875,54.13008],[-119.38809,54.13015],[-119.38867,54.13031],[-119.38906,54.13051],[-119.38957,54.13099],[-119.38984,54.13139],[-119.39011,54.1317],[-119.3905,54.13194],[-119.39078,54.13206],[-119.39217,54.13248],[-119.39253,54.13252],[-119.39272,54.13251],[-119.39286,54.13247],[-119.39302,54.13229],[-119.39295,54.13196],[-119.39284,54.13186],[-119.39252,54.13171],[-119.39249,54.13156],[-119.3923,54.13145],[-119.39203,54.1314],[-119.39161,54.1314],[-119.39163,54.13124],[-119.39194,54.13095],[-119.39239,54.13076],[-119.39263,54.13051],[-119.39261,54.13044],[-119.3925,54.13036],[-119.39241,54.13019],[-119.39248,54.13016],[-119.39313,54.13017],[-119.39324,54.13033],[-119.39331,54.13072],[-119.39341,54.13096],[-119.39399,54.13156],[-119.39457,54.1317],[-119.39475,54.13181],[-119.39499,54.13205],[-119.39551,54.13222],[-119.39591,54.13224],[-119.39615,54.13216],[-119.39653,54.13173],[-119.39792,54.1311],[-119.39809,54.13091],[-119.39815,54.13052],[-119.39831,54.1303],[-119.39847,54.13023],[-119.39882,54.13025],[-119.39948,54.13034],[-119.39959,54.13033],[-119.39973,54.13026],[-119.39985,54.13015],[-119.40006,54.1301],[-119.40021,54.13014],[-119.4005,54.1303],[-119.40094,54.13059],[-119.40168,54.13087],[-119.40196,54.13104],[-119.40226,54.13114],[-119.4029,54.13123],[-119.4038,54.1313],[-119.40474,54.13135],[-119.40479,54.13135],[-119.40479,54.13135],[-119.40467,54.13115],[-119.40454,54.13065],[-119.40439,54.13019],[-119.40447,54.13004],[-119.40468,54.12987],[-119.4052,54.12963],[-119.40558,54.12936],[-119.40579,54.12909],[-119.40615,54.12886],[-119.40638,54.12888],[-119.40667,54.12882],[-119.40722,54.12854],[-119.40766,54.12835],[-119.40812,54.12792],[-119.4083,54.12777],[-119.40872,54.1275],[-119.40912,54.12731],[-119.40965,54.12717],[-119.4101,54.12711],[-119.41032,54.12711],[-119.41095,54.12701],[-119.41157,54.12693],[-119.41225,54.12664],[-119.41257,54.12654],[-119.41296,54.12651],[-119.41336,54.12652],[-119.4139,54.12662],[-119.41419,54.12672],[-119.41444,54.12686],[-119.41492,54.12725],[-119.41507,54.12745],[-119.41511,54.12764],[-119.41504,54.12802],[-119.41519,54.1282],[-119.41556,54.12834],[-119.4162,54.12845],[-119.4165,54.12842],[-119.41682,54.12829],[-119.41699,54.12814],[-119.41707,54.12794],[-119.41733,54.12757],[-119.41755,54.12713],[-119.41764,54.12706],[-119.41788,54.12701],[-119.41825,54.127],[-119.41903,54.1271],[-119.41939,54.12718],[-119.41944,54.12734],[-119.41895,54.12795],[-119.41888,54.12817],[-119.41891,54.12838],[-119.41896,54.12845],[-119.41908,54.12855],[-119.41945,54.12864],[-119.4198,54.12865],[-119.42089,54.12858],[-119.42132,54.12836],[-119.42194,54.12817],[-119.42248,54.12813],[-119.42269,54.12815],[-119.42301,54.12829],[-119.42312,54.12842],[-119.42335,54.12856],[-119.42345,54.12859],[-119.42351,54.12858],[-119.42361,54.12852],[-119.42379,54.12849],[-119.42397,54.12851],[-119.42414,54.12862],[-119.42425,54.12877],[-119.42429,54.12892],[-119.42438,54.129],[-119.42447,54.12902],[-119.42458,54.12901],[-119.42466,54.12898],[-119.42481,54.12882],[-119.42481,54.12866],[-119.42509,54.12824],[-119.42517,54.12797],[-119.42515,54.12778],[-119.42486,54.12742],[-119.42463,54.12734],[-119.42451,54.12721],[-119.42461,54.12703],[-119.4248,54.12692],[-119.42514,54.12684],[-119.42548,54.12682],[-119.42632,54.12689],[-119.42647,54.12688],[-119.42655,54.12684],[-119.42743,54.12664],[-119.42794,54.12675],[-119.42813,54.12682],[-119.42812,54.1269],[-119.4285,54.1275],[-119.42869,54.12789],[-119.42887,54.12804],[-119.42911,54.12801],[-119.42972,54.12802],[-119.43035,54.12784],[-119.43054,54.12772],[-119.4306,54.12757],[-119.43053,54.12749],[-119.4307,54.12702],[-119.43103,54.12661],[-119.43116,54.12652],[-119.43145,54.1264],[-119.432,54.12634],[-119.43239,54.12641],[-119.43268,54.12651],[-119.43299,54.12657],[-119.43332,54.12642],[-119.43359,54.12621],[-119.43393,54.12579],[-119.43417,54.12573],[-119.43476,54.12589],[-119.43548,54.12596],[-119.43578,54.12597],[-119.4361,54.12598],[-119.43628,54.12605],[-119.43664,54.12615],[-119.43695,54.12628],[-119.43719,54.12647],[-119.4373,54.12665],[-119.43738,54.12672],[-119.43838,54.12688],[-119.43848,54.12691],[-119.43856,54.12703],[-119.43912,54.12728],[-119.43944,54.12726],[-119.43982,54.12718],[-119.44063,54.12683],[-119.44081,54.12669],[-119.44075,54.12655],[-119.44098,54.12642],[-119.44134,54.12635],[-119.44169,54.12636],[-119.44211,54.12653],[-119.44284,54.12706],[-119.443,54.12722],[-119.44267,54.12734],[-119.44288,54.12751],[-119.44319,54.12796],[-119.44327,54.12823],[-119.44332,54.1286],[-119.44347,54.12878],[-119.44367,54.12885],[-119.44442,54.12886],[-119.4446,54.12883],[-119.44475,54.12875],[-119.44493,54.12868],[-119.44515,54.12867],[-119.44586,54.12844],[-119.446,54.12838],[-119.44668,54.12784],[-119.44747,54.12769],[-119.44778,54.12781],[-119.44805,54.12808],[-119.44814,54.1281],[-119.44829,54.1284],[-119.44838,54.1285],[-119.44867,54.12865],[-119.44918,54.12881],[-119.44946,54.12886],[-119.44986,54.12888],[-119.45049,54.12879],[-119.45095,54.12861],[-119.45116,54.12858],[-119.45159,54.12865],[-119.45209,54.12884],[-119.45229,54.12899],[-119.45233,54.12915],[-119.45204,54.12971],[-119.45208,54.13001],[-119.45231,54.13025],[-119.4527,54.13047],[-119.45333,54.13069],[-119.45388,54.13073],[-119.45452,54.13083],[-119.45484,54.13085],[-119.45512,54.13069],[-119.45557,54.13058],[-119.45603,54.1306],[-119.45684,54.13077],[-119.457,54.13078],[-119.45717,54.13067],[-119.45757,54.13053],[-119.45769,54.13033],[-119.45751,54.12991],[-119.45755,54.12952],[-119.45794,54.1293],[-119.45849,54.12917],[-119.45916,54.12914],[-119.45963,54.12932],[-119.46064,54.12967],[-119.46127,54.13005],[-119.46141,54.13014],[-119.46233,54.13051],[-119.46344,54.1305],[-119.46355,54.13041],[-119.46367,54.13013],[-119.46364,54.12972],[-119.46323,54.12951],[-119.46267,54.12944],[-119.46296,54.12915],[-119.46351,54.12904],[-119.46428,54.12907],[-119.46464,54.12929],[-119.46491,54.12957],[-119.46512,54.12988],[-119.46527,54.13024],[-119.46563,54.13049],[-119.46616,54.13038],[-119.46619,54.13009],[-119.46614,54.12969],[-119.46599,54.12934],[-119.46575,54.12903],[-119.46622,54.12887],[-119.46674,54.12902],[-119.46691,54.12935],[-119.46717,54.12963],[-119.46773,54.12959],[-119.46768,54.12921],[-119.46775,54.1289],[-119.46826,54.12875],[-119.46842,54.12911],[-119.46886,54.12931],[-119.46938,54.12919],[-119.4695,54.12879],[-119.46977,54.12849],[-119.47035,54.12854],[-119.47063,54.12883],[-119.47085,54.12914],[-119.47101,54.12948],[-119.47123,54.12979],[-119.47182,54.12974],[-119.47209,54.12946],[-119.47247,54.12875],[-119.47269,54.12843],[-119.47323,54.12856],[-119.47385,54.12853],[-119.47429,54.12834],[-119.47467,54.12813],[-119.47518,54.12817],[-119.47577,54.12813],[-119.47623,54.12795],[-119.47642,54.12776],[-119.47695,54.127],[-119.47712,54.12664],[-119.47735,54.12633],[-119.47763,54.12603],[-119.47746,54.12571],[-119.47787,54.12551],[-119.47914,54.1254],[-119.47972,54.12552],[-119.48135,54.12596],[-119.48168,54.12622],[-119.48206,54.12608],[-119.48238,54.12581],[-119.48289,54.12573],[-119.48328,54.12595],[-119.48374,54.12613],[-119.48426,54.12598],[-119.48474,54.12582],[-119.48503,54.12554],[-119.48537,54.12528],[-119.48605,54.12524],[-119.48644,54.12518],[-119.48665,54.12515],[-119.48706,54.12504],[-119.48718,54.12501],[-119.48769,54.12487],[-119.48856,54.12448],[-119.48892,54.12423],[-119.48944,54.12411],[-119.48975,54.12407],[-119.48997,54.12404],[-119.49003,54.12403],[-119.49018,54.12365],[-119.49047,54.12336],[-119.49191,54.12342],[-119.4925,54.1233],[-119.49285,54.12305],[-119.49325,54.12283],[-119.49329,54.12239],[-119.49328,54.12198],[-119.49353,54.12166],[-119.49395,54.12146],[-119.4946,54.12151],[-119.495,54.12172],[-119.49598,54.12142],[-119.49627,54.12114],[-119.49638,54.12079],[-119.49665,54.1205],[-119.49697,54.12023],[-119.49753,54.12013],[-119.49797,54.11995],[-119.49859,54.11989],[-119.49917,54.11979],[-119.49985,54.11927],[-119.4999,54.11926],[-119.50002,54.11923],[-119.50014,54.1192],[-119.50087,54.11899],[-119.50136,54.11889],[-119.502,54.11876],[-119.50261,54.11884],[-119.50314,54.11872],[-119.50397,54.11832],[-119.50463,54.11779],[-119.50491,54.11749],[-119.50599,54.11724],[-119.50713,54.11749],[-119.50773,54.11739],[-119.50825,54.11726],[-119.50892,54.11724],[-119.50944,54.11711],[-119.50989,54.11693],[-119.51037,54.11677],[-119.51072,54.11652],[-119.51084,54.11612],[-119.5108,54.11573],[-119.51115,54.11548],[-119.51186,54.11549],[-119.51249,54.11559],[-119.51322,54.1156],[-119.51368,54.11511],[-119.51372,54.1133],[-119.51388,54.11293],[-119.51369,54.11263],[-119.51319,54.11245],[-119.51276,54.11225],[-119.51243,54.11199],[-119.51226,54.11165],[-119.51236,54.11142],[-119.51343,54.11099],[-119.51364,54.11066],[-119.51389,54.11041],[-119.51421,54.11029],[-119.51427,54.11026],[-119.51442,54.11021],[-119.51448,54.11016],[-119.51478,54.10997],[-119.51505,54.10966],[-119.5154,54.10941],[-119.51687,54.10895],[-119.51807,54.10879],[-119.51945,54.1089],[-119.51992,54.10875],[-119.52034,54.10855],[-119.52107,54.10806],[-119.5213,54.10774],[-119.52137,54.10732],[-119.5216,54.107],[-119.52198,54.10678],[-119.52291,54.10642],[-119.5239,54.10612],[-119.52443,54.106],[-119.52531,54.10562],[-119.52568,54.10539],[-119.526,54.10533],[-119.52652,54.10503],[-119.5267,54.10468],[-119.52674,54.10425],[-119.52671,54.10385],[-119.52662,54.10347],[-119.52644,54.10314],[-119.52633,54.10276],[-119.52615,54.10244],[-119.52589,54.10215],[-119.52527,54.10162],[-119.52456,54.10114],[-119.52442,54.10099],[-119.52441,54.10098],[-119.52414,54.10083],[-119.52384,54.10066],[-119.52358,54.10037],[-119.52362,54.09995],[-119.52407,54.0988],[-119.52426,54.09844],[-119.52461,54.09819],[-119.52489,54.0979],[-119.52521,54.09716],[-119.52531,54.09675],[-119.52482,54.09574],[-119.5243,54.09533],[-119.52434,54.09515],[-119.52455,54.09482],[-119.52464,54.09443],[-119.52442,54.09412],[-119.52414,54.09384],[-119.52448,54.0936],[-119.52491,54.09341],[-119.52525,54.09317],[-119.52526,54.09278],[-119.52505,54.09246],[-119.52519,54.09208],[-119.52554,54.09183],[-119.52601,54.09166],[-119.52648,54.09151],[-119.52685,54.09149],[-119.52698,54.09137],[-119.5271,54.09097],[-119.52716,54.09052],[-119.52747,54.09026],[-119.52822,54.08982],[-119.52852,54.08954],[-119.5289,54.08931],[-119.52907,54.08894],[-119.52911,54.08851],[-119.52907,54.0881],[-119.52895,54.08774],[-119.52897,54.08732],[-119.52917,54.08698],[-119.52929,54.08689],[-119.52932,54.08687],[-119.52936,54.08683],[-119.5295,54.08672],[-119.52979,54.08667],[-119.53047,54.08635],[-119.53104,54.08588],[-119.53136,54.08559],[-119.53159,54.08527],[-119.5321,54.08509],[-119.53266,54.08495],[-119.53277,54.08486],[-119.53292,54.08463],[-119.53302,54.08456],[-119.53358,54.08451],[-119.53394,54.08433],[-119.53406,54.08389],[-119.53422,54.08351],[-119.53442,54.0828],[-119.53471,54.08245],[-119.53422,54.08222],[-119.53428,54.08191],[-119.53434,54.08181],[-119.53457,54.08146],[-119.5348,54.08129],[-119.53497,54.08129],[-119.53547,54.08143],[-119.53606,54.08149],[-119.53654,54.08137],[-119.53656,54.08135],[-119.53633,54.08113],[-119.53625,54.0811],[-119.536,54.08076],[-119.53604,54.08043],[-119.53616,54.08034],[-119.53631,54.08024],[-119.5373,54.08001],[-119.53759,54.08004],[-119.53785,54.08011],[-119.53805,54.08025],[-119.53813,54.08035],[-119.53839,54.08045],[-119.5392,54.08],[-119.53952,54.07991],[-119.53998,54.07986],[-119.54049,54.0799],[-119.54108,54.08002],[-119.54173,54.08013],[-119.54287,54.08013],[-119.54312,54.08011],[-119.54349,54.08003],[-119.54435,54.07962],[-119.54467,54.07911],[-119.54486,54.07889],[-119.54485,54.07885],[-119.54457,54.07865],[-119.54453,54.07858],[-119.54458,54.07843],[-119.54448,54.07817],[-119.5447,54.07801],[-119.54488,54.07798],[-119.54557,54.07804],[-119.54669,54.07834],[-119.54704,54.07833],[-119.5478,54.07804],[-119.54816,54.07786],[-119.5486,54.07766],[-119.54877,54.07748],[-119.54887,54.07707],[-119.54894,54.07646],[-119.54891,54.07591],[-119.54915,54.07542],[-119.54914,54.0752],[-119.54905,54.07491],[-119.54908,54.07459],[-119.54929,54.07426],[-119.54927,54.07416],[-119.54956,54.07405],[-119.54997,54.07409],[-119.55051,54.0741],[-119.55096,54.07397],[-119.55131,54.07391],[-119.55152,54.07393],[-119.55177,54.07402],[-119.55216,54.07407],[-119.55261,54.07394],[-119.55268,54.07375],[-119.55264,54.0735],[-119.55222,54.07301],[-119.5522,54.0729],[-119.55255,54.07262],[-119.55317,54.07223],[-119.55324,54.0721],[-119.55316,54.07194],[-119.553,54.07135],[-119.55286,54.07116],[-119.55269,54.07107],[-119.55234,54.07081],[-119.55213,54.07049],[-119.55208,54.07022],[-119.55213,54.06994],[-119.55229,54.0697],[-119.55265,54.06945],[-119.55216,54.06927],[-119.55175,54.06904],[-119.55152,54.06883],[-119.55141,54.06877],[-119.55117,54.06856],[-119.55117,54.06848],[-119.55126,54.06839],[-119.55184,54.06805],[-119.55219,54.06795],[-119.55214,54.06776],[-119.55215,54.06755],[-119.55244,54.06744],[-119.5526,54.06733],[-119.55272,54.06715],[-119.55257,54.06638],[-119.55227,54.06603],[-119.55227,54.06595],[-119.55243,54.06569],[-119.55274,54.06546],[-119.55327,54.06518],[-119.5533,54.06502],[-119.55302,54.06457],[-119.553,54.06441],[-119.55311,54.06421],[-119.5532,54.06379],[-119.55335,54.06351],[-119.55347,54.06323],[-119.55346,54.06306],[-119.55339,54.06292],[-119.55279,54.06253],[-119.55258,54.0622],[-119.55224,54.06107],[-119.55227,54.06098],[-119.55238,54.06091],[-119.55272,54.06086],[-119.55287,54.06074],[-119.55302,54.06043],[-119.55319,54.05999],[-119.55318,54.05952],[-119.55316,54.05947],[-119.55309,54.05932],[-119.55281,54.05917],[-119.55257,54.05898],[-119.55231,54.0585],[-119.55191,54.05807],[-119.55143,54.05786],[-119.5514,54.05778],[-119.55146,54.05752],[-119.55139,54.0573],[-119.55119,54.05711],[-119.55055,54.05694],[-119.55044,54.05681],[-119.55038,54.05662],[-119.5506,54.05658],[-119.55076,54.05649],[-119.5508,54.05636],[-119.55068,54.05621],[-119.55003,54.05572],[-119.55018,54.05566],[-119.55035,54.05563],[-119.55077,54.05566],[-119.55142,54.05575],[-119.55167,54.05563],[-119.5518,54.05546],[-119.55206,54.0553],[-119.55208,54.0553],[-119.55221,54.0553],[-119.55269,54.05536],[-119.55289,54.05531],[-119.55299,54.05522],[-119.5529,54.05499],[-119.55277,54.05484],[-119.55267,54.05462],[-119.55277,54.05436],[-119.55284,54.05429],[-119.55289,54.05414],[-119.55271,54.05391],[-119.55277,54.05361],[-119.5531,54.0534],[-119.55357,54.0532],[-119.55367,54.05313],[-119.55387,54.05279],[-119.55434,54.05265],[-119.55436,54.0526],[-119.55431,54.05239],[-119.55418,54.05226],[-119.55406,54.05218],[-119.5539,54.05199],[-119.55435,54.05143],[-119.55446,54.05135],[-119.55462,54.05129],[-119.55475,54.0511],[-119.55473,54.05094],[-119.55471,54.05086],[-119.5544,54.05065],[-119.55417,54.05044],[-119.55413,54.05003],[-119.55418,54.0498],[-119.55433,54.04951],[-119.55469,54.04912],[-119.55476,54.04901],[-119.55473,54.04891],[-119.55457,54.04875],[-119.55463,54.0486],[-119.55459,54.04841],[-119.55438,54.04824],[-119.55383,54.04809],[-119.55359,54.04797],[-119.55358,54.0478],[-119.55388,54.04737],[-119.55385,54.04716],[-119.55423,54.04686],[-119.55432,54.04669],[-119.55433,54.04649],[-119.55457,54.04634],[-119.55505,54.04622],[-119.55547,54.04603],[-119.55583,54.04605],[-119.55613,54.04594],[-119.55675,54.04542],[-119.55714,54.04518],[-119.5573,54.04496],[-119.55753,54.04478],[-119.55793,54.0446],[-119.55832,54.04447],[-119.55855,54.04435],[-119.55868,54.04378],[-119.55848,54.04363],[-119.55823,54.04347],[-119.55802,54.04331],[-119.55772,54.04326],[-119.5574,54.04313],[-119.55737,54.04302],[-119.55726,54.04288],[-119.55706,54.04272],[-119.55705,54.04263],[-119.55737,54.04246],[-119.55747,54.04235],[-119.55761,54.04186],[-119.55783,54.04168],[-119.55801,54.04163],[-119.55832,54.0416],[-119.55872,54.04148],[-119.55891,54.04138],[-119.55893,54.04126],[-119.55886,54.0412],[-119.5588,54.04105],[-119.55884,54.04086],[-119.55906,54.0407],[-119.55944,54.04059],[-119.56015,54.04027],[-119.56034,54.04015],[-119.56047,54.04],[-119.56044,54.03966],[-119.56027,54.03934],[-119.56026,54.03916],[-119.56041,54.03907],[-119.56063,54.03902],[-119.56069,54.03891],[-119.56064,54.03879],[-119.56044,54.03855],[-119.56109,54.03837],[-119.56142,54.03817],[-119.56154,54.038],[-119.56151,54.03774],[-119.56139,54.03772],[-119.56119,54.03773],[-119.56124,54.03763],[-119.56134,54.03754],[-119.56175,54.03744],[-119.5624,54.03713],[-119.56291,54.0368],[-119.56273,54.0367],[-119.56283,54.03664],[-119.56305,54.03659],[-119.56314,54.0365],[-119.56316,54.03644],[-119.56303,54.03631],[-119.56287,54.0362],[-119.56286,54.03611],[-119.56291,54.03603],[-119.56328,54.03583],[-119.56344,54.03567],[-119.56355,54.03548],[-119.56355,54.03531],[-119.56373,54.03504],[-119.56369,54.03468],[-119.5639,54.03439],[-119.56382,54.03422],[-119.56393,54.03408],[-119.56446,54.03368],[-119.56463,54.03359],[-119.56477,54.03341],[-119.56469,54.03324],[-119.56454,54.03318],[-119.56426,54.03313],[-119.56402,54.03302],[-119.56393,54.03283],[-119.56396,54.0326],[-119.56413,54.03239],[-119.56434,54.03222],[-119.56451,54.03191],[-119.56453,54.03173],[-119.56478,54.0315],[-119.565,54.03133],[-119.56512,54.03119],[-119.56516,54.03082],[-119.5655,54.03045],[-119.56537,54.0303],[-119.56519,54.03016],[-119.56519,54.02999],[-119.56525,54.02978],[-119.56523,54.0296],[-119.56503,54.02949],[-119.56509,54.02934],[-119.56496,54.02901],[-119.565,54.02863],[-119.56491,54.02841],[-119.56501,54.02823],[-119.56526,54.02822],[-119.56548,54.02816],[-119.56572,54.02794],[-119.56573,54.02776],[-119.56597,54.02753],[-119.56614,54.02744],[-119.56639,54.02743],[-119.56646,54.02739],[-119.56672,54.02691],[-119.56693,54.02674],[-119.56727,54.02662],[-119.5677,54.02658],[-119.56805,54.02663],[-119.56818,54.02667],[-119.56864,54.02663],[-119.5688,54.02654],[-119.56897,54.02651],[-119.56909,54.02643],[-119.56923,54.02627],[-119.56931,54.02618],[-119.56936,54.02617],[-119.56968,54.02628],[-119.57,54.02623],[-119.57049,54.02623],[-119.57073,54.02614],[-119.57086,54.02599],[-119.57107,54.02581],[-119.5712,54.02575],[-119.57128,54.02577],[-119.57146,54.02564],[-119.57164,54.02543],[-119.57188,54.02526],[-119.57239,54.0251],[-119.57285,54.02504],[-119.57291,54.02489],[-119.57304,54.02474],[-119.57318,54.02468],[-119.57341,54.02463],[-119.57369,54.02451],[-119.57388,54.02454],[-119.57411,54.02445],[-119.57424,54.02444],[-119.57461,54.0246],[-119.57473,54.02463],[-119.57485,54.02462],[-119.57489,54.02449],[-119.57509,54.02438],[-119.57513,54.02433],[-119.57531,54.02424],[-119.57514,54.02415],[-119.57514,54.02406],[-119.57558,54.02411],[-119.57575,54.02407],[-119.57601,54.02409],[-119.57606,54.02406],[-119.57599,54.02402],[-119.57594,54.02392],[-119.57612,54.02392],[-119.57616,54.02386],[-119.57615,54.02381],[-119.57601,54.02379],[-119.57609,54.02372],[-119.57625,54.02368],[-119.57608,54.02357],[-119.57621,54.02351],[-119.57649,54.02352],[-119.57666,54.02356],[-119.57699,54.02334],[-119.57722,54.02331],[-119.57735,54.02327],[-119.57735,54.02324],[-119.57717,54.02316],[-119.57713,54.02305],[-119.57736,54.02298],[-119.5782,54.02291],[-119.57835,54.02276],[-119.57874,54.02252],[-119.57893,54.02245],[-119.5793,54.02239],[-119.57947,54.02224],[-119.57953,54.02208],[-119.57986,54.02205],[-119.5799,54.02186],[-119.57976,54.02148],[-119.57975,54.02137],[-119.58001,54.02119],[-119.5803,54.02086],[-119.58028,54.02067],[-119.58061,54.02047],[-119.58071,54.02032],[-119.58073,54.02011],[-119.58066,54.01993],[-119.58096,54.01992],[-119.58108,54.01984],[-119.58127,54.01959],[-119.58136,54.01943],[-119.58154,54.01929],[-119.58166,54.01928],[-119.58187,54.01934],[-119.58188,54.01909],[-119.58191,54.01906],[-119.58205,54.01905],[-119.58211,54.01897],[-119.5821,54.01884],[-119.58221,54.01874],[-119.58252,54.01863],[-119.5826,54.01857],[-119.58261,54.0183],[-119.58268,54.01808],[-119.5826,54.01799],[-119.58284,54.0179],[-119.58279,54.0178],[-119.58278,54.01775],[-119.58276,54.01769],[-119.58242,54.01752],[-119.58197,54.01745],[-119.58194,54.01736],[-119.58203,54.01719],[-119.58192,54.01717],[-119.58183,54.01712],[-119.58173,54.01711],[-119.58146,54.0173],[-119.58117,54.01728],[-119.58108,54.01726],[-119.581,54.01729],[-119.58085,54.01725],[-119.58069,54.01725],[-119.58059,54.0171],[-119.58072,54.01699],[-119.5806,54.01681],[-119.58009,54.01666],[-119.57971,54.0165],[-119.57919,54.01611],[-119.57913,54.01588],[-119.57916,54.01579],[-119.57892,54.01559],[-119.57884,54.01546],[-119.57881,54.01522],[-119.57872,54.01511],[-119.57867,54.01488],[-119.57847,54.01479],[-119.57712,54.01444],[-119.57687,54.01443],[-119.57672,54.01449],[-119.57655,54.01452],[-119.57651,54.01436],[-119.57663,54.01422],[-119.57696,54.01394],[-119.57709,54.01377],[-119.57752,54.01371],[-119.57766,54.01362],[-119.57783,54.01343],[-119.57789,54.01317],[-119.57801,54.01294],[-119.57794,54.01283],[-119.57796,54.01278],[-119.57837,54.01267],[-119.5784,54.01265],[-119.57829,54.01238],[-119.57817,54.01234],[-119.57811,54.01229],[-119.57825,54.01202],[-119.57798,54.01194],[-119.57797,54.0118],[-119.57801,54.01178],[-119.57805,54.01155],[-119.57825,54.01156],[-119.57831,54.01138],[-119.57847,54.01133],[-119.57852,54.0112],[-119.57834,54.011],[-119.57834,54.01089],[-119.57827,54.01078],[-119.5783,54.01068],[-119.57815,54.0105],[-119.5783,54.01029],[-119.57817,54.01005],[-119.57803,54.00995],[-119.57769,54.00961],[-119.57734,54.00945],[-119.57711,54.00925],[-119.57689,54.00881],[-119.57668,54.00863],[-119.57618,54.00853],[-119.57574,54.00834],[-119.57552,54.00817],[-119.57511,54.00796],[-119.57479,54.00778],[-119.57439,54.00767],[-119.5735,54.00719],[-119.57343,54.00712],[-119.57312,54.00696],[-119.5732,54.00685],[-119.57287,54.00666],[-119.57284,54.00662],[-119.57284,54.00648],[-119.57265,54.00639],[-119.57253,54.00618],[-119.57243,54.006],[-119.57256,54.00582],[-119.57258,54.00568],[-119.57235,54.00542],[-119.57228,54.00526],[-119.57228,54.00497],[-119.57235,54.00474],[-119.57229,54.00461],[-119.57202,54.00433],[-119.57174,54.00414],[-119.57118,54.0039],[-119.57107,54.0038],[-119.57073,54.00368],[-119.57037,54.00346],[-119.57031,54.00328],[-119.57041,54.00305],[-119.5702,54.00306],[-119.5696,54.00298],[-119.56929,54.00285],[-119.56927,54.0027],[-119.56938,54.00242],[-119.56938,54.00233],[-119.56907,54.00219],[-119.56885,54.00228],[-119.56857,54.00236],[-119.5684,54.00231],[-119.56823,54.00213],[-119.56799,54.00218],[-119.56801,54.00208],[-119.56831,54.00135],[-119.56844,54.0011],[-119.56836,54.00073],[-119.56817,54.00008],[-119.56815,54.00001],[-119.56815,54.0],[-119.56808,53.99978],[-119.56808,53.99975],[-119.56859,53.99959],[-119.56915,53.99944],[-119.56941,53.99935],[-119.56972,53.99922],[-119.57084,53.99879],[-119.57169,53.99859],[-119.57188,53.99852],[-119.57204,53.99843],[-119.57228,53.99822],[-119.57236,53.99809],[-119.57259,53.99732],[-119.57269,53.99685],[-119.57276,53.99671],[-119.57314,53.99639],[-119.57329,53.99631],[-119.57368,53.99617],[-119.5739,53.99611],[-119.57418,53.99593],[-119.57462,53.99549],[-119.57482,53.9951],[-119.57483,53.99479],[-119.57484,53.99447],[-119.57487,53.99415],[-119.57464,53.99343],[-119.5746,53.9931],[-119.57455,53.99295],[-119.57432,53.99253],[-119.57426,53.99238],[-119.57424,53.9922],[-119.57426,53.99196],[-119.57426,53.9919],[-119.57424,53.99183],[-119.57418,53.99165],[-119.5741,53.99148],[-119.57407,53.99162],[-119.57391,53.99213],[-119.5739,53.9925],[-119.57413,53.993],[-119.57418,53.99339],[-119.57414,53.99368],[-119.57384,53.99383],[-119.57281,53.99419],[-119.57249,53.99457],[-119.57242,53.99511],[-119.57237,53.99551],[-119.57229,53.99568],[-119.57204,53.99587],[-119.57136,53.99608],[-119.57071,53.99626],[-119.56973,53.99638],[-119.56872,53.99653],[-119.56735,53.99699],[-119.56547,53.99756],[-119.56432,53.99792],[-119.56393,53.99809],[-119.56355,53.99832],[-119.56347,53.99839],[-119.56343,53.99842],[-119.56338,53.99831],[-119.56302,53.99796],[-119.56272,53.99777],[-119.56229,53.9973],[-119.56204,53.9968],[-119.56198,53.99681],[-119.56157,53.99694],[-119.56131,53.99696],[-119.56111,53.99702],[-119.56083,53.99722],[-119.56067,53.9973],[-119.55995,53.99741],[-119.5594,53.99738],[-119.55915,53.99739],[-119.55897,53.99747],[-119.55881,53.99757],[-119.55859,53.99755],[-119.5584,53.99748],[-119.55813,53.99748],[-119.55797,53.99756],[-119.55776,53.99762],[-119.55747,53.99761],[-119.557,53.99769],[-119.55671,53.99769],[-119.55622,53.99763],[-119.55595,53.99762],[-119.5555,53.99769],[-119.55525,53.99768],[-119.5549,53.99751],[-119.55467,53.99747],[-119.55437,53.99747],[-119.55412,53.99744],[-119.55346,53.99743],[-119.55299,53.99742],[-119.55273,53.99739],[-119.55217,53.9974],[-119.55168,53.99747],[-119.55149,53.99753],[-119.55121,53.99754],[-119.55065,53.99754],[-119.54982,53.99758],[-119.54964,53.99764],[-119.54937,53.99784],[-119.54926,53.99813],[-119.54907,53.99821],[-119.5488,53.99819],[-119.5486,53.99823],[-119.54856,53.99838],[-119.54847,53.99851],[-119.54828,53.99857],[-119.54806,53.99852],[-119.54792,53.99842],[-119.54772,53.99836],[-119.54746,53.99837],[-119.54723,53.99842],[-119.54674,53.99867],[-119.54665,53.99883],[-119.5466,53.99887],[-119.54649,53.99897],[-119.54631,53.99905],[-119.54606,53.99913],[-119.5457,53.99915],[-119.54546,53.99919],[-119.54516,53.99928],[-119.54501,53.99929],[-119.54474,53.99927],[-119.5446,53.99928],[-119.54427,53.99936],[-119.54402,53.99949],[-119.54331,53.99978],[-119.54258,54.0],[-119.54257,54.00001],[-119.54247,54.00008],[-119.54235,54.00016],[-119.54237,54.00032],[-119.54251,54.00044],[-119.54248,54.00051],[-119.54225,54.00066],[-119.54205,54.0007],[-119.54155,54.00054],[-119.5408,54.00055],[-119.5404,54.00077],[-119.54024,54.00079],[-119.53982,54.00056],[-119.53975,54.00056],[-119.5394,54.00077],[-119.53944,54.0009],[-119.53955,54.00108],[-119.53939,54.00119],[-119.53906,54.00123],[-119.53859,54.00132],[-119.53809,54.00136],[-119.53788,54.00156],[-119.53785,54.00177],[-119.53769,54.00186],[-119.53761,54.00187],[-119.53724,54.00179],[-119.53691,54.00161],[-119.53651,54.00156],[-119.53623,54.00164],[-119.53609,54.00174],[-119.53594,54.00171],[-119.5358,54.00162],[-119.53538,54.00149],[-119.53525,54.00147],[-119.53459,54.00143],[-119.53417,54.00131],[-119.53393,54.00126],[-119.53372,54.00127],[-119.53333,54.00139],[-119.53269,54.00141],[-119.53259,54.00145],[-119.53252,54.00159],[-119.53251,54.00175],[-119.53246,54.00183],[-119.53221,54.00201],[-119.53156,54.00213],[-119.53128,54.0022],[-119.53112,54.00233],[-119.53108,54.0024],[-119.53088,54.00257],[-119.53023,54.00275],[-119.52995,54.00278],[-119.52963,54.00268],[-119.52949,54.00273],[-119.52935,54.00282],[-119.52907,54.00293],[-119.5289,54.00296],[-119.5286,54.00298],[-119.52793,54.00299],[-119.52735,54.0029],[-119.52661,54.00298],[-119.52588,54.00327],[-119.52544,54.00321],[-119.52521,54.00322],[-119.52499,54.00329],[-119.52462,54.00325],[-119.52453,54.00321],[-119.52405,54.00324],[-119.5236,54.00325],[-119.52319,54.00311],[-119.52253,54.0028],[-119.52147,54.00251],[-119.52127,54.00251],[-119.52095,54.00242],[-119.52064,54.00225],[-119.5204,54.00224],[-119.52027,54.00229],[-119.51979,54.00236],[-119.51949,54.00208],[-119.5191,54.00187],[-119.51766,54.00138],[-119.51715,54.00114],[-119.517,54.00075],[-119.51668,54.00045],[-119.51644,54.0003],[-119.51618,54.00016],[-119.51597,54.00006],[-119.51584,54.00001],[-119.51583,54.0],[-119.51507,53.99983],[-119.51408,53.99945],[-119.51374,53.99928],[-119.5136,53.99919],[-119.51343,53.99896],[-119.51326,53.99888],[-119.51283,53.99879],[-119.51228,53.99879],[-119.51205,53.99871],[-119.51178,53.99852],[-119.51163,53.99826],[-119.51156,53.99817],[-119.5113,53.99773],[-119.51119,53.9976],[-119.51105,53.99751],[-119.51084,53.99747],[-119.51088,53.99735],[-119.51102,53.99725],[-119.5112,53.99717],[-119.51141,53.99712],[-119.51157,53.99703],[-119.51167,53.9969],[-119.51163,53.99677],[-119.51071,53.99624],[-119.5106,53.99612],[-119.51035,53.99556],[-119.51024,53.99544],[-119.50979,53.99545],[-119.50952,53.9954],[-119.50936,53.99524],[-119.50941,53.995],[-119.50949,53.99486],[-119.50952,53.99471],[-119.50943,53.99455],[-119.50911,53.99438],[-119.50862,53.99414],[-119.50854,53.99402],[-119.50853,53.99384],[-119.50842,53.99372],[-119.50826,53.99365],[-119.5077,53.99345],[-119.50757,53.99335],[-119.50754,53.99321],[-119.50756,53.99318],[-119.5078,53.99296],[-119.50789,53.99279],[-119.50792,53.99264],[-119.50785,53.99223],[-119.50781,53.99215],[-119.50777,53.99207],[-119.50768,53.99195],[-119.50752,53.99186],[-119.50729,53.99184],[-119.50709,53.99178],[-119.50686,53.99174],[-119.50611,53.9917],[-119.50557,53.99165],[-119.50534,53.9916],[-119.50513,53.99136],[-119.505,53.99126],[-119.50464,53.99113],[-119.50423,53.99103],[-119.504,53.991],[-119.50381,53.99092],[-119.5038,53.99079],[-119.50371,53.99067],[-119.5034,53.99051],[-119.50311,53.99032],[-119.50295,53.99023],[-119.50273,53.99001],[-119.50285,53.98991],[-119.50281,53.98978],[-119.50251,53.9896],[-119.50225,53.98938],[-119.50221,53.98925],[-119.5022,53.9891],[-119.50198,53.98887],[-119.50184,53.9886],[-119.50134,53.98816],[-119.50123,53.98797],[-119.5012,53.98791],[-119.50122,53.98784],[-119.5011,53.98777],[-119.50101,53.98764],[-119.50086,53.98755],[-119.50063,53.98753],[-119.50041,53.98758],[-119.50017,53.98761],[-119.50002,53.98766],[-119.49992,53.98768],[-119.49946,53.98781],[-119.49909,53.9879],[-119.49886,53.98793],[-119.49859,53.98793],[-119.49856,53.98792],[-119.49845,53.9878],[-119.49839,53.98767],[-119.4982,53.9874],[-119.49816,53.98727],[-119.49818,53.98711],[-119.49823,53.98695],[-119.49825,53.98681],[-119.49818,53.98649],[-119.49805,53.98636],[-119.49776,53.98634],[-119.49696,53.98636],[-119.49668,53.9864],[-119.49644,53.98646],[-119.49621,53.98649],[-119.49594,53.98649],[-119.49567,53.98643],[-119.49541,53.98629],[-119.49518,53.98619],[-119.49504,53.9861],[-119.49494,53.98598],[-119.49483,53.98571],[-119.49467,53.98561],[-119.49445,53.98557],[-119.49405,53.98545],[-119.49383,53.98542],[-119.49335,53.98538],[-119.4931,53.98533],[-119.49274,53.98518],[-119.49235,53.98507],[-119.49204,53.98501],[-119.49188,53.98502],[-119.49124,53.98521],[-119.49102,53.98516],[-119.4909,53.98505],[-119.49083,53.98492],[-119.49082,53.98489],[-119.49058,53.98471],[-119.49038,53.98465],[-119.48996,53.98455],[-119.48948,53.98451],[-119.48925,53.98445],[-119.4891,53.98436],[-119.48903,53.98423],[-119.48901,53.98404],[-119.48907,53.98393],[-119.48925,53.98377],[-119.4893,53.98363],[-119.48925,53.98348],[-119.48906,53.98343],[-119.48875,53.98341],[-119.48823,53.9834],[-119.48726,53.98354],[-119.48698,53.98355],[-119.48651,53.98351],[-119.48642,53.98355],[-119.48624,53.98356],[-119.48588,53.98353],[-119.48545,53.98344],[-119.48503,53.98333],[-119.48485,53.98325],[-119.48457,53.98305],[-119.48425,53.98287],[-119.48399,53.98265],[-119.48375,53.98246],[-119.48357,53.98239],[-119.48334,53.98236],[-119.48247,53.98218],[-119.48227,53.9821],[-119.48192,53.98196],[-119.48166,53.98176],[-119.48165,53.98172],[-119.4815,53.98159],[-119.48142,53.98154],[-119.48138,53.98141],[-119.48135,53.98111],[-119.48129,53.98106],[-119.48128,53.98104],[-119.48089,53.98108],[-119.48065,53.98125],[-119.48047,53.98132],[-119.48025,53.98136],[-119.48001,53.98135],[-119.47989,53.98132],[-119.47965,53.98118],[-119.47926,53.98068],[-119.47912,53.98057],[-119.47897,53.98049],[-119.47837,53.9803],[-119.47704,53.98003],[-119.47681,53.98002],[-119.47622,53.98004],[-119.47562,53.98003],[-119.47534,53.98],[-119.47511,53.97994],[-119.47495,53.97985],[-119.47488,53.97972],[-119.47477,53.9796],[-119.4746,53.97953],[-119.47435,53.9795],[-119.47372,53.97961],[-119.47308,53.97976],[-119.47258,53.97992],[-119.47234,53.97994],[-119.47214,53.97991],[-119.4719,53.97985],[-119.47173,53.97976],[-119.4716,53.97965],[-119.47151,53.97953],[-119.47142,53.97924],[-119.47129,53.97912],[-119.4711,53.97904],[-119.47083,53.97904],[-119.47061,53.97908],[-119.47013,53.97933],[-119.46973,53.97946],[-119.4695,53.97945],[-119.46932,53.97938],[-119.46916,53.97929],[-119.46904,53.97917],[-119.46871,53.97901],[-119.46808,53.97885],[-119.46752,53.97866],[-119.46723,53.97848],[-119.46713,53.97836],[-119.4671,53.97806],[-119.46701,53.9779],[-119.4668,53.97784],[-119.46657,53.9778],[-119.46632,53.9778],[-119.46575,53.97782],[-119.46547,53.97782],[-119.46533,53.9777],[-119.46517,53.97743],[-119.46504,53.97733],[-119.46487,53.97725],[-119.46437,53.97725],[-119.46411,53.9772],[-119.46395,53.97711],[-119.46382,53.977],[-119.46349,53.97666],[-119.46336,53.97655],[-119.46317,53.97649],[-119.46294,53.97647],[-119.46239,53.97646],[-119.46183,53.97647],[-119.4606,53.97634],[-119.46034,53.97635],[-119.45999,53.97653],[-119.4598,53.97659],[-119.45958,53.97655],[-119.45946,53.97644],[-119.4594,53.9763],[-119.4593,53.97616],[-119.4592,53.97604],[-119.45905,53.97595],[-119.45862,53.97586],[-119.45856,53.97587],[-119.45813,53.97595],[-119.45801,53.97606],[-119.45783,53.97631],[-119.45771,53.97643],[-119.45757,53.97653],[-119.45738,53.9766],[-119.45715,53.9766],[-119.45694,53.97658],[-119.45665,53.97652],[-119.45624,53.9764],[-119.45595,53.9762],[-119.45573,53.97597],[-119.45547,53.97575],[-119.45512,53.97551],[-119.45453,53.9752],[-119.45416,53.97507],[-119.45393,53.97505],[-119.45336,53.97507],[-119.45311,53.97514],[-119.45298,53.97523],[-119.45268,53.97541],[-119.45246,53.97544],[-119.45227,53.97538],[-119.45211,53.9753],[-119.45201,53.97517],[-119.45194,53.97484],[-119.45169,53.97445],[-119.45165,53.97431],[-119.45153,53.97419],[-119.45139,53.97409],[-119.45122,53.97402],[-119.45099,53.974],[-119.45051,53.97408],[-119.45026,53.9741],[-119.44997,53.97408],[-119.44978,53.97403],[-119.44901,53.97395],[-119.44822,53.97392],[-119.44797,53.97386],[-119.4478,53.97377],[-119.44765,53.97368],[-119.44746,53.97363],[-119.44725,53.97368],[-119.4468,53.97377],[-119.44654,53.9738],[-119.4464,53.97371],[-119.44638,53.97355],[-119.44648,53.9734],[-119.4466,53.97328],[-119.44669,53.97316],[-119.4467,53.97302],[-119.44652,53.97294],[-119.44632,53.97289],[-119.4461,53.97285],[-119.44586,53.97286],[-119.44564,53.97294],[-119.44542,53.97316],[-119.44528,53.97326],[-119.44506,53.97322],[-119.44493,53.97311],[-119.44484,53.97298],[-119.44481,53.97284],[-119.44479,53.97265],[-119.4447,53.97234],[-119.44445,53.97213],[-119.44426,53.97207],[-119.44404,53.97202],[-119.44381,53.97201],[-119.44354,53.97202],[-119.44328,53.97209],[-119.44311,53.97216],[-119.44288,53.9722],[-119.44267,53.97212],[-119.44285,53.97172],[-119.4428,53.97157],[-119.44259,53.9715],[-119.44212,53.97144],[-119.44189,53.97139],[-119.44143,53.97112],[-119.44131,53.97101],[-119.44126,53.97088],[-119.44125,53.97073],[-119.44108,53.97044],[-119.44102,53.96996],[-119.44097,53.96979],[-119.44079,53.9697],[-119.44047,53.9697],[-119.44023,53.96972],[-119.43973,53.96978],[-119.43947,53.96979],[-119.43924,53.96972],[-119.43915,53.96959],[-119.4391,53.96946],[-119.4389,53.96917],[-119.43865,53.96896],[-119.43846,53.96872],[-119.4384,53.96857],[-119.43822,53.96814],[-119.43794,53.96774],[-119.43782,53.96763],[-119.43755,53.96744],[-119.43734,53.96736],[-119.43713,53.9673],[-119.43668,53.96721],[-119.43645,53.9672],[-119.43618,53.96717],[-119.43606,53.96714],[-119.43582,53.96702],[-119.43552,53.96684],[-119.4354,53.96674],[-119.43528,53.96647],[-119.43526,53.96633],[-119.43519,53.96616],[-119.43496,53.96612],[-119.43455,53.966],[-119.43416,53.96585],[-119.43394,53.96582],[-119.43371,53.96585],[-119.43346,53.96587],[-119.43317,53.96585],[-119.43293,53.9658],[-119.4327,53.96562],[-119.43273,53.96545],[-119.4329,53.9652],[-119.43306,53.96495],[-119.43286,53.96469],[-119.43264,53.96466],[-119.43241,53.96466],[-119.43212,53.96464],[-119.43152,53.96466],[-119.43077,53.96458],[-119.43059,53.96453],[-119.43042,53.96442],[-119.43029,53.96432],[-119.42994,53.96398],[-119.42974,53.96395],[-119.42945,53.9641],[-119.42923,53.96414],[-119.429,53.96416],[-119.4287,53.96412],[-119.42845,53.9639],[-119.4282,53.96369],[-119.42799,53.96364],[-119.42775,53.96364],[-119.42749,53.96359],[-119.42709,53.96347],[-119.42701,53.96334],[-119.42699,53.9632],[-119.42686,53.96286],[-119.42665,53.96281],[-119.42615,53.96276],[-119.42572,53.96265],[-119.42554,53.96258],[-119.42534,53.96252],[-119.42517,53.96244],[-119.42501,53.96235],[-119.42475,53.96213],[-119.42479,53.962],[-119.42493,53.9619],[-119.42527,53.96174],[-119.42571,53.96145],[-119.4258,53.96134],[-119.42583,53.9612],[-119.42575,53.96105],[-119.42557,53.96098],[-119.42534,53.96099],[-119.42493,53.96113],[-119.42452,53.96124],[-119.42427,53.96127],[-119.42395,53.96124],[-119.4236,53.96105],[-119.42325,53.96094],[-119.42275,53.96092],[-119.42251,53.96087],[-119.42233,53.96081],[-119.42201,53.96065],[-119.42184,53.96049],[-119.42166,53.9603],[-119.42121,53.96002],[-119.42102,53.95994],[-119.42081,53.95989],[-119.4203,53.95984],[-119.42007,53.95985],[-119.41977,53.95989],[-119.41953,53.95994],[-119.4193,53.95992],[-119.41915,53.95981],[-119.41905,53.95971],[-119.41865,53.9594],[-119.41859,53.95927],[-119.41855,53.95895],[-119.41841,53.95881],[-119.41822,53.95875],[-119.41779,53.95865],[-119.41764,53.95854],[-119.41769,53.95841],[-119.41795,53.9582],[-119.418,53.95807],[-119.41787,53.95796],[-119.41766,53.95791],[-119.41726,53.95778],[-119.41709,53.9577],[-119.41656,53.95728],[-119.41648,53.95715],[-119.41677,53.95695],[-119.4171,53.95663],[-119.41707,53.9565],[-119.41698,53.95635],[-119.41689,53.95632],[-119.41656,53.95623],[-119.41633,53.95622],[-119.41577,53.95625],[-119.41551,53.9563],[-119.41527,53.95633],[-119.41502,53.95631],[-119.41459,53.9562],[-119.41434,53.95601],[-119.41416,53.95589],[-119.41382,53.95573],[-119.41325,53.95534],[-119.41291,53.95517],[-119.41256,53.95505],[-119.41229,53.95504],[-119.41226,53.95506],[-119.41199,53.9554],[-119.41186,53.95552],[-119.41165,53.95556],[-119.41144,53.95552],[-119.41126,53.95545],[-119.41094,53.9553],[-119.41074,53.95524],[-119.4105,53.95528],[-119.40997,53.9555],[-119.40976,53.95556],[-119.40953,53.95556],[-119.4093,53.95549],[-119.40913,53.95541],[-119.4089,53.95538],[-119.40872,53.95546],[-119.40871,53.95575],[-119.40866,53.95591],[-119.40839,53.95605],[-119.40815,53.95616],[-119.40793,53.95618],[-119.40739,53.95619],[-119.4072,53.95627],[-119.40652,53.95641],[-119.40589,53.95659],[-119.40564,53.95662],[-119.40518,53.95655],[-119.405,53.95647],[-119.40473,53.95626],[-119.40454,53.95601],[-119.40439,53.95591],[-119.40394,53.95584],[-119.40341,53.95583],[-119.40314,53.95586],[-119.40297,53.95595],[-119.40285,53.95606],[-119.40276,53.95618],[-119.40259,53.95658],[-119.40237,53.95664],[-119.40212,53.95667],[-119.40184,53.95667],[-119.40161,53.95659],[-119.40125,53.95643],[-119.40099,53.95622],[-119.40066,53.95605],[-119.40003,53.95572],[-119.39935,53.95536],[-119.39914,53.95532],[-119.39877,53.95534],[-119.39844,53.95539],[-119.39812,53.95544],[-119.39789,53.95546],[-119.39707,53.95543],[-119.39639,53.95529],[-119.39624,53.95519],[-119.39615,53.95506],[-119.39602,53.95494],[-119.39583,53.95486],[-119.39568,53.95476],[-119.3954,53.95453],[-119.39521,53.95447],[-119.39499,53.95442],[-119.39475,53.9544],[-119.39448,53.95441],[-119.39418,53.95444],[-119.39392,53.95451],[-119.3932,53.95477],[-119.3931,53.9548],[-119.39233,53.95489],[-119.39208,53.9549],[-119.39154,53.95485],[-119.3911,53.95473],[-119.39063,53.95447],[-119.3905,53.95436],[-119.39042,53.95407],[-119.39049,53.95391],[-119.39039,53.95379],[-119.39017,53.95375],[-119.38994,53.95377],[-119.38939,53.95387],[-119.38888,53.95391],[-119.38858,53.9539],[-119.38837,53.95383],[-119.38824,53.95372],[-119.38829,53.95359],[-119.38843,53.95333],[-119.38838,53.95318],[-119.38834,53.95288],[-119.38829,53.95254],[-119.38819,53.95239],[-119.38786,53.95221],[-119.38757,53.95201],[-119.38735,53.95197],[-119.38711,53.95198],[-119.38651,53.95199],[-119.38624,53.95194],[-119.38604,53.95188],[-119.38569,53.95173],[-119.38556,53.95162],[-119.38551,53.95149],[-119.38549,53.9513],[-119.38558,53.95118],[-119.38583,53.95096],[-119.3859,53.95084],[-119.38592,53.95069],[-119.38587,53.95017],[-119.38592,53.95],[-119.38554,53.9499],[-119.38541,53.94983],[-119.38527,53.94975],[-119.38521,53.94946],[-119.3847,53.94946],[-119.38441,53.94944],[-119.38369,53.94932],[-119.38351,53.94924],[-119.38337,53.94914],[-119.38296,53.94902],[-119.38223,53.94895],[-119.38191,53.94895],[-119.3812,53.94886],[-119.38044,53.94878],[-119.38016,53.94878],[-119.37985,53.94881],[-119.37929,53.94881],[-119.37875,53.94872],[-119.37833,53.94865],[-119.37786,53.94856],[-119.37753,53.94845],[-119.37727,53.94836],[-119.37683,53.94826],[-119.3766,53.94824],[-119.37607,53.94822],[-119.37588,53.94818],[-119.37557,53.9481],[-119.37515,53.948],[-119.37469,53.94793],[-119.3738,53.9478],[-119.37325,53.94772],[-119.37245,53.94767],[-119.37127,53.9477],[-119.37082,53.94775],[-119.37071,53.94776],[-119.37017,53.9478],[-119.36962,53.94786],[-119.36906,53.94788],[-119.36881,53.94795],[-119.36858,53.94797],[-119.36805,53.94793],[-119.3674,53.94795],[-119.36672,53.94782],[-119.36637,53.94766],[-119.36622,53.94756],[-119.36605,53.94729],[-119.366,53.94714],[-119.3658,53.94686],[-119.36556,53.94663],[-119.36509,53.94635],[-119.36462,53.94607],[-119.36412,53.94582],[-119.36376,53.94568],[-119.36333,53.94552],[-119.36319,53.94547],[-119.36287,53.94541],[-119.36274,53.94539],[-119.36189,53.94517],[-119.36116,53.94507],[-119.36033,53.94503],[-119.36004,53.94505],[-119.35948,53.94513],[-119.35902,53.94524],[-119.35884,53.94531],[-119.35842,53.94561],[-119.35832,53.94584],[-119.35831,53.94587],[-119.35819,53.94601],[-119.35803,53.94609],[-119.35782,53.94614],[-119.3576,53.94616],[-119.35754,53.94616],[-119.35703,53.94616],[-119.35673,53.9462],[-119.3565,53.94626],[-119.35589,53.94648],[-119.35547,53.94668],[-119.3549,53.94685],[-119.35451,53.947],[-119.35438,53.9471],[-119.3543,53.94723],[-119.35422,53.94752],[-119.35405,53.94828],[-119.35397,53.94844],[-119.35384,53.94871],[-119.35377,53.94885],[-119.35367,53.94898],[-119.35314,53.94939],[-119.35298,53.94947],[-119.35277,53.94952],[-119.35254,53.94955],[-119.35171,53.94962],[-119.3514,53.94961],[-119.35111,53.94958],[-119.35079,53.9495],[-119.35069,53.94947],[-119.35049,53.94941],[-119.35024,53.94938],[-119.34999,53.94937],[-119.34971,53.94938],[-119.34906,53.94958],[-119.34889,53.94966],[-119.34865,53.94981],[-119.34845,53.94995],[-119.34823,53.95019],[-119.34812,53.95046],[-119.34811,53.95069],[-119.34812,53.95082],[-119.34811,53.95115],[-119.34808,53.95163],[-119.34803,53.95179],[-119.34796,53.9521],[-119.34783,53.95222],[-119.34753,53.95241],[-119.34702,53.95265],[-119.34691,53.95276],[-119.34673,53.95283],[-119.34661,53.95282],[-119.34645,53.95281],[-119.34607,53.95268],[-119.34591,53.95264],[-119.34542,53.95253],[-119.34476,53.95242],[-119.34458,53.95239],[-119.34435,53.95235],[-119.34412,53.95241],[-119.34396,53.9525],[-119.34356,53.95261],[-119.34337,53.95269],[-119.34344,53.95279],[-119.34362,53.95287],[-119.34377,53.95295],[-119.34372,53.95309],[-119.34364,53.95312],[-119.34334,53.95321],[-119.34318,53.9533],[-119.34311,53.95358],[-119.34305,53.95373],[-119.34285,53.95414],[-119.34271,53.9543],[-119.34264,53.95438],[-119.34235,53.95457],[-119.34212,53.95479],[-119.34181,53.95514],[-119.34175,53.95543],[-119.34169,53.95559],[-119.34155,53.95567],[-119.34134,53.95575],[-119.34085,53.95579],[-119.34061,53.95585],[-119.34059,53.95585],[-119.34016,53.95591],[-119.33986,53.95591],[-119.33855,53.95601],[-119.33851,53.95601],[-119.33827,53.95607],[-119.33809,53.9561],[-119.3378,53.95614],[-119.33732,53.95629],[-119.33696,53.95639],[-119.33659,53.95653],[-119.33646,53.95664],[-119.33639,53.95676],[-119.33632,53.95683],[-119.33627,53.95687],[-119.33608,53.95694],[-119.33579,53.95711],[-119.33556,53.95713],[-119.33498,53.95712],[-119.33414,53.95706],[-119.33388,53.95705],[-119.33361,53.95711],[-119.33332,53.9573],[-119.33321,53.95741],[-119.33306,53.95766],[-119.33294,53.95778],[-119.33271,53.9578],[-119.33216,53.95779],[-119.33187,53.9578],[-119.33082,53.95792],[-119.3306,53.95798],[-119.33023,53.95813],[-119.32974,53.95838],[-119.32919,53.9586],[-119.32897,53.95863],[-119.32873,53.95863],[-119.32797,53.95872],[-119.32771,53.95877],[-119.32751,53.95884],[-119.3272,53.95902],[-119.32714,53.95915],[-119.32706,53.95962],[-119.3269,53.95989],[-119.32687,53.9602],[-119.32673,53.96032],[-119.32614,53.96052],[-119.32601,53.96054],[-119.32592,53.96055],[-119.32546,53.96064],[-119.32482,53.96083],[-119.32442,53.96097],[-119.32426,53.96106],[-119.32416,53.96118],[-119.32411,53.96149],[-119.32396,53.96156],[-119.32392,53.96157],[-119.32369,53.96159],[-119.32293,53.96171],[-119.32228,53.96187],[-119.32208,53.96195],[-119.32166,53.96224],[-119.32149,53.96232],[-119.3214,53.96232],[-119.32126,53.96233],[-119.32099,53.96237],[-119.32059,53.96234],[-119.32005,53.9626],[-119.31951,53.96283],[-119.31938,53.96292],[-119.3192,53.96301],[-119.31897,53.96308],[-119.31851,53.96324],[-119.31803,53.9634],[-119.31755,53.96347],[-119.31657,53.96364],[-119.31636,53.96371],[-119.31622,53.96381],[-119.316,53.96404],[-119.31592,53.96417],[-119.31575,53.9646],[-119.3156,53.9647],[-119.31536,53.9648],[-119.31503,53.96494],[-119.31487,53.965],[-119.31436,53.96526],[-119.3138,53.96547],[-119.31378,53.96548],[-119.31345,53.96563],[-119.31332,53.96568],[-119.31308,53.96577],[-119.31276,53.96593],[-119.31269,53.96606],[-119.31269,53.96612],[-119.31266,53.96641],[-119.31261,53.96655],[-119.31262,53.96671],[-119.31269,53.96685],[-119.31292,53.96702],[-119.31305,53.96716],[-119.31291,53.96725],[-119.31193,53.96756],[-119.31171,53.9676],[-119.31092,53.96768],[-119.31058,53.96786],[-119.3104,53.96794],[-119.3099,53.96795],[-119.30956,53.96813],[-119.30927,53.96835],[-119.30914,53.96843],[-119.3089,53.96854],[-119.30857,53.96866],[-119.30839,53.96874],[-119.30826,53.96884],[-119.30817,53.96897],[-119.30806,53.96924],[-119.30801,53.96955],[-119.30809,53.9697],[-119.30822,53.96981],[-119.3084,53.96989],[-119.30855,53.96999],[-119.30877,53.97022],[-119.30882,53.97032],[-119.30884,53.97035],[-119.30886,53.97067],[-119.30875,53.97083],[-119.30855,53.97089],[-119.30822,53.97106],[-119.30812,53.97117],[-119.30804,53.9713],[-119.30756,53.97174],[-119.3074,53.97199],[-119.30736,53.97214],[-119.30726,53.97228],[-119.30717,53.97234],[-119.30711,53.97238],[-119.30685,53.9724],[-119.30643,53.97252],[-119.30596,53.97269],[-119.30569,53.97283],[-119.30548,53.97288],[-119.30525,53.97288],[-119.30494,53.97284],[-119.30448,53.97274],[-119.30402,53.97266],[-119.30236,53.97247],[-119.30127,53.97226],[-119.30124,53.97225],[-119.30051,53.97218],[-119.30025,53.97219],[-119.29972,53.97226],[-119.29927,53.97238],[-119.29907,53.97246],[-119.29878,53.97265],[-119.29818,53.9732],[-119.29799,53.97326],[-119.29776,53.97326],[-119.29739,53.97308],[-119.29707,53.97291],[-119.29696,53.97279],[-119.29692,53.97265],[-119.29685,53.9725],[-119.29672,53.97237],[-119.29658,53.97228],[-119.29624,53.97211],[-119.29605,53.97204],[-119.29569,53.97188],[-119.2954,53.97172],[-119.2952,53.97166],[-119.29476,53.97156],[-119.29398,53.97149],[-119.29371,53.9715],[-119.29345,53.97156],[-119.29286,53.97178],[-119.29253,53.97194],[-119.29224,53.97215],[-119.29218,53.97228],[-119.29214,53.97242],[-119.29211,53.97276],[-119.29197,53.97289],[-119.29162,53.97304],[-119.29101,53.97322],[-119.29081,53.97329],[-119.29028,53.97331],[-119.28912,53.97338],[-119.289,53.9734],[-119.28857,53.97348],[-119.28854,53.97348],[-119.28841,53.97351],[-119.28817,53.97351],[-119.28761,53.97347],[-119.28705,53.97345],[-119.28619,53.97349],[-119.28561,53.97349],[-119.28497,53.9735],[-119.28463,53.97354],[-119.28421,53.97361],[-119.2837,53.97375],[-119.28333,53.9739],[-119.28309,53.97409],[-119.28307,53.97426],[-119.28319,53.97438],[-119.28334,53.97447],[-119.28345,53.97458],[-119.28347,53.97474],[-119.28338,53.97487],[-119.28311,53.97508],[-119.28276,53.97523],[-119.28244,53.97541],[-119.28217,53.97561],[-119.282,53.97569],[-119.28162,53.97583],[-119.28146,53.97593],[-119.28119,53.97615],[-119.28038,53.97659],[-119.28019,53.97666],[-119.27947,53.97686],[-119.27917,53.97698],[-119.27907,53.97711],[-119.27907,53.97747],[-119.27909,53.97755],[-119.27914,53.9778],[-119.27914,53.97782],[-119.27913,53.97797],[-119.27903,53.97828],[-119.27893,53.97841],[-119.27881,53.97852],[-119.2786,53.97877],[-119.27835,53.97924],[-119.27806,53.97955],[-119.27759,53.97983],[-119.27664,53.98018],[-119.27646,53.98027],[-119.27631,53.98035],[-119.27582,53.98061],[-119.27553,53.98081],[-119.27542,53.98093],[-119.27543,53.9811],[-119.27556,53.98121],[-119.27584,53.98127],[-119.27616,53.98141],[-119.27623,53.98155],[-119.2762,53.98171],[-119.27609,53.98184],[-119.27579,53.98203],[-119.27552,53.98224],[-119.27542,53.98236],[-119.27529,53.98265],[-119.27527,53.98353],[-119.27544,53.98398],[-119.27562,53.98424],[-119.27566,53.98439],[-119.27561,53.98455],[-119.27552,53.98468],[-119.27528,53.98492],[-119.27525,53.98496],[-119.27442,53.98588],[-119.27394,53.98634],[-119.27378,53.98643],[-119.27358,53.98649],[-119.27334,53.98653],[-119.27292,53.98653],[-119.27246,53.98655],[-119.27222,53.9866],[-119.27206,53.98668],[-119.27163,53.98698],[-119.27126,53.98712],[-119.27111,53.98721],[-119.27058,53.98744],[-119.27037,53.9875],[-119.27012,53.98754],[-119.26941,53.98769],[-119.26924,53.98777],[-119.26894,53.98816],[-119.26869,53.98856],[-119.2685,53.98881],[-119.26835,53.98892],[-119.26818,53.989],[-119.26798,53.98908],[-119.26749,53.98915],[-119.26684,53.98932],[-119.26647,53.98946],[-119.26605,53.98959],[-119.26577,53.98958],[-119.26554,53.98953],[-119.26519,53.98937],[-119.26498,53.98931],[-119.26472,53.98928],[-119.26426,53.98918],[-119.26423,53.98917],[-119.26377,53.98903],[-119.26363,53.98899],[-119.26339,53.98896],[-119.26277,53.98895],[-119.26219,53.98898],[-119.26176,53.98909],[-119.26105,53.98922],[-119.26062,53.98935],[-119.26004,53.98957],[-119.25942,53.98975],[-119.25925,53.98983],[-119.25896,53.99002],[-119.25851,53.99031],[-119.25809,53.99063],[-119.25779,53.99083],[-119.25742,53.99098],[-119.25716,53.99102],[-119.25655,53.99102],[-119.25596,53.99104],[-119.25545,53.9911],[-119.25472,53.99123],[-119.25447,53.99127],[-119.25397,53.99134],[-119.25377,53.9914],[-119.25364,53.99151],[-119.25299,53.99187],[-119.25286,53.99198],[-119.25271,53.99219],[-119.25264,53.99229],[-119.25249,53.9925],[-119.25211,53.99301],[-119.25183,53.99321],[-119.25169,53.99329],[-119.25143,53.99344],[-119.25131,53.9935],[-119.25119,53.99358],[-119.25108,53.99369],[-119.25087,53.99394],[-119.25081,53.99408],[-119.25079,53.99443],[-119.25074,53.99458],[-119.25063,53.99476],[-119.25045,53.99497],[-119.25018,53.99518],[-119.25013,53.9952],[-119.25002,53.99527],[-119.25001,53.99527],[-119.24961,53.99541],[-119.24938,53.99545],[-119.24911,53.99547],[-119.24879,53.99547],[-119.24768,53.99555],[-119.24715,53.99561],[-119.24653,53.99573],[-119.24621,53.99579],[-119.24576,53.9958],[-119.24371,53.99548],[-119.2434,53.99548],[-119.24315,53.9955],[-119.24292,53.99557],[-119.24277,53.99567],[-119.24244,53.99602],[-119.24215,53.99623],[-119.24152,53.99678],[-119.24144,53.99692],[-119.2411,53.99765],[-119.24082,53.99805],[-119.24062,53.99831],[-119.24021,53.99898],[-119.24005,53.99939],[-119.24004,53.99941],[-119.23999,53.99957],[-119.23995,53.99995],[-119.23994,54.00001],[-119.23994,54.00002],[-119.23977,54.00043],[-119.23972,54.00084],[-119.23992,54.00117],[-119.24005,54.0013],[-119.24001,54.00195],[-119.23945,54.00249],[-119.23944,54.00251],[-119.23907,54.00274],[-119.23899,54.00276],[-119.23854,54.00288],[-119.23789,54.00296],[-119.23719,54.00299],[-119.23661,54.0031],[-119.2356,54.00338],[-119.23499,54.00346],[-119.23426,54.00348],[-119.23371,54.0034],[-119.23364,54.00339],[-119.23347,54.0034],[-119.23339,54.00338],[-119.23246,54.00309],[-119.23157,54.00271],[-119.23103,54.00257],[-119.23042,54.00234],[-119.22968,54.00183],[-119.22923,54.00165],[-119.22863,54.0016],[-119.22807,54.00145],[-119.22691,54.00136],[-119.22669,54.00135],[-119.22652,54.00137],[-119.22618,54.00151],[-119.22578,54.00173],[-119.22486,54.0021],[-119.22452,54.00235],[-119.22468,54.00266],[-119.22473,54.00293],[-119.22421,54.00323],[-119.22374,54.00341],[-119.22322,54.00357],[-119.22265,54.00364],[-119.2225,54.00368],[-119.22201,54.00375],[-119.22166,54.00385],[-119.22142,54.00383],[-119.22075,54.00386],[-119.22017,54.00386],[-119.21929,54.00384],[-119.21805,54.00397],[-119.21741,54.00409],[-119.21738,54.00412],[-119.21618,54.00436],[-119.21502,54.00505],[-119.21469,54.00526],[-119.21468,54.00527],[-119.21422,54.00569],[-119.21381,54.00607],[-119.21356,54.00663],[-119.21344,54.0069],[-119.21333,54.00718],[-119.21304,54.00744],[-119.21224,54.0085],[-119.21192,54.00862],[-119.21153,54.00881],[-119.21115,54.00941],[-119.21117,54.0095],[-119.21133,54.00956],[-119.21173,54.00964],[-119.21212,54.00986],[-119.21172,54.01014],[-119.21138,54.01047],[-119.21104,54.01071],[-119.21055,54.0109],[-119.21015,54.01103],[-119.20938,54.01112],[-119.20885,54.01135],[-119.20842,54.01167],[-119.20795,54.01224],[-119.20777,54.0126],[-119.20777,54.01304],[-119.20788,54.01315],[-119.20819,54.01335],[-119.20826,54.01345],[-119.20916,54.01368],[-119.20975,54.01378],[-119.2106,54.01379],[-119.21082,54.01389],[-119.21091,54.01402],[-119.21091,54.01404],[-119.21091,54.01416],[-119.21006,54.01465],[-119.20969,54.01493],[-119.20928,54.01515],[-119.20867,54.01545],[-119.20764,54.01578],[-119.20712,54.01585],[-119.20685,54.01588],[-119.20592,54.01551],[-119.20571,54.01541],[-119.20558,54.01534],[-119.20551,54.01527],[-119.20514,54.01503],[-119.20469,54.01486],[-119.2042,54.01462],[-119.20372,54.01442],[-119.20214,54.01405],[-119.20206,54.01403],[-119.20188,54.01398],[-119.20108,54.01387],[-119.2006,54.01389],[-119.20014,54.01397],[-119.2,54.01402],[-119.19917,54.01434],[-119.19853,54.01461],[-119.19799,54.01477],[-119.19763,54.01498],[-119.1973,54.01518],[-119.19709,54.01526],[-119.1967,54.01541],[-119.19648,54.01555],[-119.19561,54.01586],[-119.19521,54.01596],[-119.1947,54.01613],[-119.19425,54.01633],[-119.19344,54.01665],[-119.1933,54.01674],[-119.1929,54.01689],[-119.19257,54.01709],[-119.19219,54.01738],[-119.19202,54.01772],[-119.19201,54.01783],[-119.19208,54.01805],[-119.19229,54.01836],[-119.19256,54.0186],[-119.1927,54.01879],[-119.19275,54.01894],[-119.1926,54.01916],[-119.19134,54.0203],[-119.19095,54.02057],[-119.1903,54.02095],[-119.18991,54.02105],[-119.18945,54.02117],[-119.18917,54.02124],[-119.18733,54.0217],[-119.18599,54.02203],[-119.18561,54.02209],[-119.18376,54.02209],[-119.18301,54.02215],[-119.18258,54.02214],[-119.182,54.02225],[-119.18097,54.02258],[-119.18053,54.02278],[-119.17934,54.02345],[-119.17872,54.02372],[-119.17832,54.02375],[-119.1777,54.02384],[-119.17738,54.02392],[-119.17715,54.02398],[-119.1763,54.02415],[-119.17401,54.02468],[-119.1732,54.02492],[-119.17291,54.02514],[-119.17255,54.02561],[-119.17172,54.02612],[-119.17116,54.02632],[-119.16988,54.02646],[-119.16915,54.0265],[-119.16887,54.02646],[-119.1685,54.02639],[-119.16806,54.02616],[-119.16774,54.02587],[-119.16769,54.02577],[-119.16747,54.02561],[-119.16702,54.02542],[-119.16641,54.02527],[-119.1659,54.02524],[-119.16536,54.02533],[-119.16514,54.02546],[-119.16472,54.02577],[-119.16468,54.0258],[-119.16434,54.02615],[-119.16448,54.02631],[-119.16447,54.02644],[-119.16423,54.02652],[-119.16413,54.02669],[-119.16388,54.0268],[-119.16376,54.02682],[-119.16311,54.02679],[-119.16257,54.02678],[-119.16177,54.0267],[-119.16126,54.02672],[-119.16093,54.02678],[-119.16005,54.02696],[-119.15977,54.02705],[-119.15894,54.02728],[-119.15809,54.02727],[-119.15791,54.02732],[-119.15762,54.02741],[-119.15731,54.02755],[-119.15722,54.02769],[-119.15697,54.02775],[-119.15612,54.02801],[-119.15529,54.02839],[-119.15514,54.02848],[-119.15488,54.02866],[-119.15448,54.02885],[-119.15406,54.02909],[-119.15369,54.02939],[-119.15313,54.02947],[-119.15261,54.02957],[-119.1526,54.02957],[-119.15245,54.02963],[-119.15205,54.02975],[-119.15163,54.02995],[-119.15145,54.03007],[-119.15124,54.0302],[-119.15091,54.03042],[-119.15063,54.0307],[-119.15054,54.03104],[-119.15044,54.03181],[-119.15048,54.03228],[-119.15042,54.03262],[-119.15063,54.03284],[-119.15065,54.03295],[-119.15057,54.03327],[-119.15017,54.03348],[-119.14986,54.03375],[-119.14971,54.03407],[-119.14955,54.03428],[-119.1491,54.03446],[-119.14866,54.03497],[-119.14827,54.03535],[-119.14809,54.03559],[-119.14796,54.03571],[-119.14779,54.03588],[-119.14764,54.03598],[-119.14697,54.03647],[-119.14688,54.03672],[-119.14688,54.03674],[-119.14686,54.03678],[-119.14641,54.03696],[-119.14604,54.03719],[-119.14581,54.03744],[-119.14575,54.03785],[-119.14612,54.03806],[-119.14634,54.03838],[-119.14658,54.03866],[-119.1466,54.03903],[-119.1465,54.03937],[-119.14647,54.03978],[-119.14629,54.04013],[-119.14617,54.0405],[-119.146,54.04084],[-119.14589,54.04096],[-119.14585,54.041],[-119.14577,54.04108],[-119.14573,54.04113],[-119.14454,54.04177],[-119.14356,54.04209],[-119.14221,54.04262],[-119.14108,54.04286],[-119.14041,54.04312],[-119.14038,54.04313],[-119.14015,54.04322],[-119.13992,54.04332],[-119.13884,54.0438],[-119.1385,54.04405],[-119.13824,54.04435],[-119.13803,54.04467],[-119.13803,54.04504],[-119.13775,54.04532],[-119.13728,54.04593],[-119.13701,54.04621],[-119.13667,54.04647],[-119.13622,54.04664],[-119.13559,54.04672],[-119.13488,54.0467],[-119.13432,54.0466],[-119.13379,54.04647],[-119.13312,54.04643],[-119.13249,54.0465],[-119.13205,54.04669],[-119.13142,54.04719],[-119.13022,54.04773],[-119.12885,54.0477],[-119.12793,54.04734],[-119.12784,54.0473],[-119.12687,54.04681],[-119.12587,54.04631],[-119.12537,54.04616],[-119.12474,54.04608],[-119.12297,54.04593],[-119.1227,54.04594],[-119.12249,54.04597],[-119.1223,54.046],[-119.12225,54.04601],[-119.1221,54.04603],[-119.1219,54.04609],[-119.12107,54.0464],[-119.12061,54.04667],[-119.1202,54.04728],[-119.11991,54.0482],[-119.11988,54.0491],[-119.11979,54.04949],[-119.11957,54.04982],[-119.1189,54.04985],[-119.11844,54.04968],[-119.11788,54.04941],[-119.11752,54.04929],[-119.11697,54.04916],[-119.11634,54.04909],[-119.11561,54.04905],[-119.11515,54.04902],[-119.11495,54.04901],[-119.11371,54.04885],[-119.11228,54.04879],[-119.11164,54.04872],[-119.11046,54.04853],[-119.10994,54.04839],[-119.10962,54.04813],[-119.1094,54.04781],[-119.10908,54.04755],[-119.10835,54.04709],[-119.10756,54.04665],[-119.10629,54.0462],[-119.10571,54.04594],[-119.10517,54.04582],[-119.10454,54.04582],[-119.10445,54.04596],[-119.10426,54.04661],[-119.10423,54.04737],[-119.104,54.04779],[-119.10385,54.04792],[-119.10352,54.048],[-119.10306,54.04797],[-119.10283,54.04796],[-119.10218,54.04789],[-119.10158,54.0478],[-119.10094,54.04767],[-119.10045,54.04749],[-119.09932,54.04726],[-119.09895,54.0473],[-119.0988,54.0473],[-119.09847,54.04753],[-119.09833,54.04772],[-119.09841,54.04786],[-119.09822,54.0482],[-119.09809,54.04834],[-119.09745,54.04871],[-119.09712,54.04896],[-119.09653,54.04899],[-119.09583,54.04896],[-119.09544,54.04897],[-119.09514,54.04901],[-119.09465,54.04916],[-119.09371,54.04951],[-119.09316,54.04965],[-119.09203,54.04989],[-119.09163,54.0501],[-119.09134,54.05035],[-119.09131,54.05037],[-119.09092,54.05059],[-119.09082,54.05068],[-119.09066,54.05082],[-119.09036,54.05102],[-119.09027,54.05107],[-119.09003,54.0515],[-119.08976,54.05179],[-119.08934,54.05188],[-119.08919,54.05186],[-119.0888,54.05159],[-119.0881,54.05158],[-119.08743,54.05154],[-119.0867,54.05157],[-119.08607,54.05164],[-119.08566,54.05166],[-119.0853,54.05166],[-119.08461,54.0517],[-119.0842,54.05191],[-119.08347,54.05239],[-119.08318,54.05266],[-119.08282,54.05288],[-119.08266,54.05324],[-119.08245,54.05334],[-119.08229,54.05348],[-119.0821,54.05379],[-119.08171,54.054],[-119.08134,54.05425],[-119.08083,54.0544],[-119.0802,54.05448],[-119.07948,54.05449],[-119.07922,54.05447],[-119.0785,54.05439],[-119.07827,54.05433],[-119.07798,54.05425],[-119.07734,54.05418],[-119.07595,54.05414],[-119.07543,54.05428],[-119.07516,54.05457],[-119.07507,54.05472],[-119.07477,54.05523],[-119.07467,54.05561],[-119.07402,54.05612],[-119.07343,54.05622],[-119.07305,54.05645],[-119.07255,54.0566],[-119.07216,54.05681],[-119.07157,54.05737],[-119.07129,54.05757],[-119.07124,54.05761],[-119.07112,54.05796],[-119.07081,54.05823],[-119.07047,54.05848],[-119.07037,54.05858],[-119.07009,54.05871],[-119.06918,54.05962],[-119.06861,54.06011],[-119.0685,54.06042],[-119.06861,54.0608],[-119.06911,54.06139],[-119.06872,54.06161],[-119.0683,54.06173],[-119.06793,54.06189],[-119.06789,54.062],[-119.0675,54.06216],[-119.06708,54.06237],[-119.06665,54.06266],[-119.06623,54.06278],[-119.06602,54.06285],[-119.06575,54.06295],[-119.06556,54.06306],[-119.06538,54.06317],[-119.06505,54.06387],[-119.06492,54.06467],[-119.06493,54.06479],[-119.06494,54.06507],[-119.06497,54.0655],[-119.0651,54.06587],[-119.06512,54.06629],[-119.06498,54.06666],[-119.06479,54.06683],[-119.06461,54.06689],[-119.06424,54.06713],[-119.06366,54.06756],[-119.0636,54.06768],[-119.06328,54.06794],[-119.06315,54.06831],[-119.06312,54.06892],[-119.06282,54.06919],[-119.06242,54.0694],[-119.0623,54.06951],[-119.06148,54.07019],[-119.06106,54.07039],[-119.06052,54.07051],[-119.0599,54.07058],[-119.05936,54.07049],[-119.05719,54.07054],[-119.05653,54.07047],[-119.05582,54.07044],[-119.05525,54.07056],[-119.05476,54.07072],[-119.05395,54.07114],[-119.05373,54.07145],[-119.05332,54.07163],[-119.05281,54.07148],[-119.05248,54.07123],[-119.05225,54.07091],[-119.05207,54.07049],[-119.05204,54.07011],[-119.05217,54.06974],[-119.05211,54.06935],[-119.05202,54.06922],[-119.05182,54.06899],[-119.05144,54.06877],[-119.05063,54.06841],[-119.05048,54.06836],[-119.04996,54.06824],[-119.04949,54.06814],[-119.04946,54.06813],[-119.04882,54.06805],[-119.04795,54.06798],[-119.04761,54.06808],[-119.04704,54.06819],[-119.04654,54.06834],[-119.04646,54.06871],[-119.04664,54.06905],[-119.04657,54.06951],[-119.04608,54.0701],[-119.04573,54.07035],[-119.04529,54.07055],[-119.04478,54.0707],[-119.0429,54.07093],[-119.0427,54.07093],[-119.04204,54.0709],[-119.04142,54.07081],[-119.0407,54.07079],[-119.03927,54.07084],[-119.03866,54.07092],[-119.03798,54.07097],[-119.0373,54.07104],[-119.03726,54.07105],[-119.03657,54.07107],[-119.03593,54.07099],[-119.03479,54.07076],[-119.03445,54.07064],[-119.03183,54.07015],[-119.03122,54.0701],[-119.02916,54.07023],[-119.02846,54.07025],[-119.02789,54.07015],[-119.02751,54.06992],[-119.02724,54.06963],[-119.02673,54.06949],[-119.02534,54.06941],[-119.02518,54.06939],[-119.02495,54.06931],[-119.02476,54.06924],[-119.02455,54.06908],[-119.02449,54.06907],[-119.02354,54.06896],[-119.02294,54.06887],[-119.02239,54.06874],[-119.02155,54.06834],[-119.02119,54.0681],[-119.0207,54.06794],[-119.01954,54.06771],[-119.01917,54.06749],[-119.01797,54.06684],[-119.01721,54.06638],[-119.01674,54.06623],[-119.01658,54.06629],[-119.01623,54.06629],[-119.01556,54.06635],[-119.01511,54.06654],[-119.01471,54.06676],[-119.01414,54.06666],[-119.01347,54.06661],[-119.01279,54.06665],[-119.01232,54.0668],[-119.01229,54.0668],[-119.01172,54.06678],[-119.01096,54.06633],[-119.01064,54.06607],[-119.00947,54.06541],[-119.00919,54.06525],[-119.00911,54.06521],[-119.0088,54.06506],[-119.00877,54.06505],[-119.00874,54.06504],[-119.00829,54.06491],[-119.00783,54.06482],[-119.0077,54.0648],[-119.00719,54.06467],[-119.00706,54.06442],[-119.00666,54.0642],[-119.00654,54.06408],[-119.00586,54.06341],[-119.00583,54.06345],[-119.00547,54.06369],[-119.00488,54.0638],[-119.00382,54.06417],[-119.00247,54.06465],[-119.00186,54.06483],[-119.00143,54.06495],[-119.00131,54.06499],[-119.00119,54.06503],[-119.00112,54.06505],[-119.00095,54.06511],[-119.00028,54.06531],[-119.00014,54.06534],[-119.00002,54.06536],[-118.99994,54.06537],[-118.99972,54.06541],[-118.99948,54.06548],[-118.99711,54.06616],[-118.99677,54.06631],[-118.99662,54.06639],[-118.99337,54.06714],[-118.99222,54.06737],[-118.99189,54.06763],[-118.99164,54.06794],[-118.99127,54.06818],[-118.99025,54.06851],[-118.98957,54.06865],[-118.98908,54.06875],[-118.98869,54.06899],[-118.98816,54.06914],[-118.98765,54.06922],[-118.98728,54.06924],[-118.98684,54.06928],[-118.98606,54.06927],[-118.98586,54.06924],[-118.98414,54.06904],[-118.98337,54.06906],[-118.98306,54.06911],[-118.98203,54.06917],[-118.98141,54.06924],[-118.97879,54.06949],[-118.97755,54.06966],[-118.97636,54.06989],[-118.97527,54.07017],[-118.97493,54.07027],[-118.97447,54.0704],[-118.9737,54.07062],[-118.97251,54.07112],[-118.97161,54.07158],[-118.97146,54.07163],[-118.97092,54.07167],[-118.97015,54.07166],[-118.96955,54.07157],[-118.96838,54.07134],[-118.96771,54.07128],[-118.96652,54.07106],[-118.96515,54.07083],[-118.9647,54.07076],[-118.96421,54.0706],[-118.964,54.07047],[-118.96294,54.07042],[-118.96261,54.07044],[-118.96227,54.0705],[-118.96169,54.07061],[-118.96108,54.0707],[-118.96032,54.07073],[-118.95895,54.07082],[-118.95843,54.07067],[-118.958,54.07045],[-118.95744,54.0703],[-118.95676,54.07026],[-118.95603,54.07028],[-118.95535,54.07035],[-118.95441,54.07053],[-118.95349,54.07065],[-118.95326,54.07064],[-118.95212,54.0705],[-118.95095,54.07025],[-118.95042,54.0701],[-118.94992,54.07001],[-118.94946,54.06992],[-118.94925,54.06988],[-118.94853,54.06981],[-118.94776,54.06981],[-118.94729,54.06998],[-118.94691,54.07004],[-118.94617,54.06998],[-118.94367,54.07001],[-118.94235,54.07015],[-118.94114,54.07022],[-118.94098,54.07025],[-118.94054,54.07041],[-118.94017,54.07064],[-118.93967,54.07125],[-118.93928,54.07148],[-118.93877,54.07163],[-118.93846,54.07176],[-118.93831,54.07182],[-118.93777,54.07195],[-118.93727,54.07206],[-118.93664,54.07219],[-118.93601,54.07227],[-118.9353,54.0723],[-118.93519,54.0723],[-118.93393,54.07239],[-118.93103,54.07247],[-118.92875,54.07247],[-118.92806,54.07242],[-118.92743,54.07234],[-118.92705,54.0723],[-118.92608,54.07222],[-118.92492,54.07203],[-118.92487,54.07203],[-118.92446,54.07192],[-118.92433,54.07189],[-118.92313,54.07167],[-118.91994,54.07127],[-118.9178,54.07092],[-118.91714,54.07076],[-118.91527,54.07031],[-118.91433,54.07006],[-118.91385,54.0699],[-118.91322,54.06976],[-118.91227,54.06961],[-118.91225,54.06961],[-118.91185,54.06976],[-118.91135,54.06992],[-118.91102,54.07002],[-118.91043,54.07014],[-118.91021,54.07015],[-118.90986,54.07026],[-118.90939,54.07046],[-118.9088,54.0706],[-118.90748,54.07081],[-118.90631,54.07091],[-118.90529,54.07094],[-118.90456,54.0709],[-118.90393,54.07078],[-118.90281,54.0705],[-118.90181,54.07016],[-118.89992,54.06926],[-118.89946,54.06904],[-118.89832,54.0685],[-118.8978,54.06816],[-118.89713,54.06777],[-118.89647,54.06747],[-118.89525,54.06677],[-118.89438,54.06635],[-118.89397,54.06627],[-118.89242,54.06611],[-118.8909,54.06607],[-118.89015,54.06609],[-118.88943,54.0662],[-118.88875,54.06628],[-118.88727,54.06667],[-118.88652,54.06687],[-118.88599,54.06706],[-118.88483,54.06731],[-118.8839,54.06742],[-118.88352,54.06743],[-118.88214,54.06764],[-118.8797,54.06779],[-118.87896,54.06783],[-118.8779,54.06798],[-118.87721,54.06801],[-118.87645,54.06814],[-118.87605,54.06828],[-118.87557,54.06847],[-118.87533,54.06852],[-118.87493,54.06848],[-118.87489,54.06848],[-118.87447,54.06833],[-118.8744,54.06831],[-118.87301,54.06884],[-118.8707,54.06918],[-118.87045,54.06927],[-118.87002,54.06949],[-118.86936,54.06966],[-118.86889,54.06975],[-118.86801,54.06988],[-118.86773,54.06989],[-118.86657,54.07003],[-118.86601,54.06998],[-118.86541,54.07002],[-118.86513,54.07006],[-118.86446,54.07028],[-118.8641,54.0705],[-118.86385,54.07071],[-118.8636,54.07098],[-118.86359,54.07104],[-118.86345,54.07116],[-118.86336,54.07131],[-118.86321,54.07136],[-118.86287,54.07178],[-118.86279,54.07193],[-118.86267,54.07235],[-118.86265,54.07263],[-118.86251,54.07303],[-118.8624,54.07323],[-118.86228,54.0734],[-118.86221,54.0735],[-118.86197,54.07376],[-118.86109,54.0747],[-118.86086,54.07488],[-118.86059,54.0752],[-118.86046,54.07535],[-118.86009,54.07562],[-118.85989,54.07584],[-118.85968,54.0762],[-118.85911,54.07692],[-118.85863,54.07758],[-118.8586,54.07771],[-118.85829,54.07834],[-118.85828,54.07858],[-118.8583,54.07876],[-118.85814,54.07958],[-118.85805,54.08008],[-118.858,54.08017],[-118.85786,54.08034],[-118.85752,54.08062],[-118.85714,54.08081],[-118.85651,54.08099],[-118.85583,54.08112],[-118.85497,54.08124],[-118.85369,54.08129],[-118.8532,54.08128],[-118.85163,54.08121],[-118.85147,54.08117],[-118.85036,54.0809],[-118.84994,54.08077],[-118.84981,54.08073],[-118.84948,54.08054],[-118.84898,54.08026],[-118.84835,54.08016],[-118.84824,54.08012],[-118.84806,54.08008],[-118.84763,54.08006],[-118.84711,54.07998],[-118.8463,54.07977],[-118.84575,54.07977],[-118.84494,54.07999],[-118.84389,54.08058],[-118.84318,54.08096],[-118.84249,54.08115],[-118.84221,54.08124],[-118.84176,54.08144],[-118.84141,54.08168],[-118.84023,54.08236],[-118.8388,54.08336],[-118.83758,54.08446],[-118.83729,54.08479],[-118.83706,54.08506],[-118.83644,54.08564],[-118.83595,54.08622],[-118.83574,54.08655],[-118.83568,54.08682],[-118.83565,54.08698],[-118.8355,54.08834],[-118.83526,54.08898],[-118.83478,54.08985],[-118.83428,54.09049],[-118.83416,54.09065],[-118.83392,54.0909],[-118.83355,54.09123],[-118.83282,54.09174],[-118.8324,54.09199],[-118.83176,54.09249],[-118.8314,54.09278],[-118.82981,54.09371],[-118.82941,54.09389],[-118.82903,54.09404],[-118.82884,54.09412],[-118.82852,54.09431],[-118.82768,54.09483],[-118.82733,54.09501],[-118.82675,54.09525],[-118.82605,54.09566],[-118.82509,54.09615],[-118.82495,54.0962],[-118.82449,54.09637],[-118.82411,54.09652],[-118.82268,54.0971],[-118.82111,54.09759],[-118.82063,54.09776],[-118.82031,54.09802],[-118.81952,54.09848],[-118.81875,54.099],[-118.81821,54.09902],[-118.81739,54.09911],[-118.8166,54.09931],[-118.81634,54.09946],[-118.81625,54.09964],[-118.81625,54.10032],[-118.81608,54.10067],[-118.81561,54.10145],[-118.81547,54.10169],[-118.8147,54.10263],[-118.8145,54.103],[-118.81394,54.10361],[-118.81371,54.10389],[-118.81319,54.10438],[-118.81238,54.10526],[-118.81231,54.10535],[-118.81141,54.10651],[-118.81057,54.10739],[-118.81022,54.10764],[-118.80994,54.1079],[-118.80928,54.10801],[-118.80889,54.10815],[-118.80818,54.10834],[-118.80727,54.10862],[-118.80717,54.10868],[-118.80641,54.10912],[-118.80602,54.10934],[-118.80592,54.10935],[-118.80404,54.11011],[-118.80368,54.11035],[-118.80333,54.11062],[-118.80195,54.11164],[-118.80179,54.11172],[-118.8014,54.11178],[-118.79997,54.11181],[-118.79983,54.11181],[-118.79951,54.11185],[-118.79949,54.11185],[-118.79925,54.11192],[-118.79895,54.11211],[-118.79751,54.11359],[-118.79719,54.11388],[-118.79693,54.11416],[-118.79619,54.11513],[-118.79575,54.11562],[-118.79566,54.11572],[-118.79546,54.1159],[-118.7951,54.11623],[-118.79476,54.11658],[-118.79452,54.11679],[-118.79418,54.11716],[-118.79397,54.1175],[-118.79367,54.11779],[-118.79322,54.11817],[-118.79331,54.11841],[-118.79338,54.11848],[-118.79344,54.11877],[-118.79318,54.11913],[-118.79277,54.11959],[-118.79221,54.12039],[-118.7922,54.1205],[-118.79228,54.12084],[-118.7921,54.1211],[-118.79187,54.12143],[-118.79204,54.12184],[-118.79202,54.12228],[-118.79187,54.12267],[-118.79154,54.12313],[-118.79135,54.1234],[-118.79116,54.12367],[-118.79064,54.12475],[-118.79064,54.1249],[-118.79059,54.12496],[-118.79054,54.12501],[-118.79052,54.12503],[-118.78976,54.12588],[-118.7891,54.12645],[-118.78858,54.12683],[-118.78826,54.12711],[-118.78805,54.12739],[-118.78741,54.12864],[-118.78733,54.12881],[-118.78724,54.12898],[-118.78724,54.1291],[-118.78715,54.12925],[-118.78661,54.13034],[-118.78655,54.13054],[-118.7861,54.13194],[-118.78561,54.13262],[-118.78528,54.1329],[-118.78504,54.13301],[-118.7848,54.13307],[-118.78332,54.13318],[-118.78273,54.13332],[-118.78205,54.13342],[-118.7819,54.1334],[-118.78171,54.13335],[-118.78135,54.13313],[-118.78132,54.13315],[-118.78056,54.1331],[-118.77972,54.1331],[-118.77926,54.13315],[-118.77852,54.13333],[-118.77743,54.13365],[-118.77601,54.13395],[-118.775,54.13411],[-118.77499,54.13411],[-118.77453,54.13419],[-118.77267,54.13452],[-118.7725,54.13453],[-118.7718,54.13471],[-118.77131,54.13483],[-118.77029,54.1352],[-118.76817,54.13577],[-118.76767,54.13594],[-118.76673,54.13632],[-118.76634,54.13656],[-118.76549,54.13699],[-118.7642,54.13753],[-118.76376,54.13776],[-118.76327,54.138],[-118.76289,54.13824],[-118.76234,54.13856],[-118.76171,54.13893],[-118.76115,54.13918],[-118.76082,54.13947],[-118.76019,54.13987],[-118.75744,54.14046],[-118.75725,54.14054],[-118.75719,54.1406],[-118.75694,54.14126],[-118.75655,54.14147],[-118.75537,54.142],[-118.75441,54.14222],[-118.75354,54.1424],[-118.75312,54.14242],[-118.75235,54.14245],[-118.75131,54.14255],[-118.7502,54.14247],[-118.75014,54.14246],[-118.75002,54.14244],[-118.75001,54.14244],[-118.74954,54.14239],[-118.74849,54.14227],[-118.748,54.14237],[-118.74722,54.14267],[-118.74673,54.14289],[-118.74574,54.14324],[-118.74553,54.14334],[-118.74524,54.14343],[-118.74478,54.14353],[-118.74337,54.14377],[-118.7429,54.14379],[-118.7402,54.14376],[-118.73956,54.14366],[-118.73736,54.14347],[-118.7371,54.14345],[-118.73602,54.14335],[-118.73461,54.1433],[-118.73331,54.14359],[-118.73276,54.14378],[-118.7319,54.14414],[-118.73052,54.14477],[-118.73023,54.14498],[-118.73019,54.14502],[-118.72937,54.1455],[-118.72915,54.14568],[-118.72883,54.14615],[-118.72871,54.14666],[-118.72856,54.14714],[-118.72856,54.1474],[-118.72863,54.14763],[-118.72868,54.14808],[-118.72862,54.14822],[-118.72864,54.14844],[-118.72884,54.14894],[-118.72891,54.14938],[-118.72914,54.15021],[-118.72914,54.15066],[-118.72927,54.15098],[-118.72883,54.15175],[-118.72827,54.15211],[-118.72815,54.15221],[-118.72808,54.15227],[-118.72774,54.15248],[-118.72711,54.15289],[-118.72607,54.15346],[-118.7251,54.15384],[-118.72502,54.15386],[-118.72456,54.15395],[-118.7228,54.15431],[-118.72177,54.15447],[-118.72001,54.15468],[-118.71799,54.15486],[-118.7148,54.15489],[-118.71237,54.1549],[-118.7118,54.1549],[-118.70903,54.15468],[-118.70811,54.15467],[-118.70705,54.1547],[-118.70421,54.15463],[-118.70308,54.15458],[-118.70112,54.15457],[-118.7004,54.15463],[-118.70003,54.15469],[-118.69978,54.15474],[-118.69957,54.15481],[-118.6994,54.15486],[-118.69889,54.1551],[-118.69869,54.15531],[-118.69835,54.15557],[-118.69796,54.15591],[-118.6979,54.156],[-118.69762,54.1563],[-118.69709,54.15695],[-118.69687,54.15724],[-118.69653,54.15754],[-118.69613,54.15776],[-118.69591,54.15784],[-118.69515,54.15802],[-118.69404,54.1584],[-118.6934,54.15849],[-118.69276,54.15855],[-118.69237,54.15849],[-118.69202,54.15858],[-118.69177,54.15867],[-118.69056,54.15876],[-118.68916,54.15888],[-118.68903,54.15889],[-118.68831,54.15888],[-118.68739,54.1588],[-118.68695,54.15876],[-118.68636,54.15865],[-118.6848,54.15819],[-118.68382,54.15786],[-118.68214,54.15749],[-118.68107,54.1572],[-118.6805,54.15708],[-118.67999,54.15699],[-118.67923,54.15694],[-118.67873,54.15699],[-118.67734,54.15723],[-118.67624,54.1575],[-118.67505,54.15791],[-118.67476,54.158],[-118.67459,54.15808],[-118.67335,54.15858],[-118.67251,54.159],[-118.67179,54.15948],[-118.67168,54.15963],[-118.67167,54.15964],[-118.67157,54.1598],[-118.67136,54.16058],[-118.67121,54.16141],[-118.67117,54.1623],[-118.67098,54.16309],[-118.67074,54.16359],[-118.6706,54.16376],[-118.6704,54.16409],[-118.67014,54.16439],[-118.66981,54.16466],[-118.66895,54.16506],[-118.66862,54.16531],[-118.66838,54.16563],[-118.66808,54.16591],[-118.66773,54.16608],[-118.66631,54.16668],[-118.66598,54.16686],[-118.66549,54.16712],[-118.66471,54.16749],[-118.66294,54.16828],[-118.6624,54.16847],[-118.66193,54.16863],[-118.66059,54.16923],[-118.66009,54.16941],[-118.6579,54.17008],[-118.65742,54.17022],[-118.65516,54.17125],[-118.65471,54.1715],[-118.65394,54.17194],[-118.65319,54.17239],[-118.65097,54.1735],[-118.65011,54.17395],[-118.65006,54.174],[-118.6499,54.17418],[-118.64963,54.17448],[-118.6496,54.17449],[-118.64914,54.17475],[-118.64861,54.17495],[-118.648,54.17502],[-118.64741,54.17516],[-118.64703,54.1754],[-118.6467,54.17566],[-118.64494,54.17696],[-118.64462,54.17726],[-118.64445,54.17737],[-118.64426,54.17749],[-118.64355,54.17787],[-118.64346,54.17796],[-118.64334,54.17835],[-118.64313,54.1787],[-118.64279,54.17893],[-118.64227,54.17959],[-118.64112,54.1813],[-118.64112,54.18131],[-118.64095,54.18158],[-118.64013,54.18292],[-118.63976,54.18331],[-118.63895,54.18378],[-118.63792,54.18414],[-118.63741,54.18428],[-118.63714,54.18435],[-118.6362,54.18455],[-118.63554,54.18464],[-118.63463,54.1848],[-118.63421,54.18483],[-118.63369,54.18495],[-118.63266,54.18532],[-118.63235,54.18538],[-118.6317,54.18565],[-118.63121,54.18582],[-118.62745,54.18691],[-118.62563,54.18735],[-118.62533,54.18742],[-118.62507,54.18747],[-118.62461,54.18755],[-118.62451,54.18757],[-118.62375,54.18764],[-118.6231,54.18769],[-118.62221,54.18769],[-118.62165,54.18775],[-118.62114,54.18793],[-118.62019,54.18833],[-118.61976,54.18852],[-118.61943,54.18871],[-118.61854,54.18923],[-118.61829,54.18941],[-118.61779,54.18976],[-118.61708,54.19016],[-118.61693,54.19023],[-118.61665,54.19041],[-118.61619,54.19065],[-118.61572,54.19087],[-118.61446,54.19145],[-118.6139,54.1917],[-118.61352,54.19194],[-118.61314,54.19221],[-118.61242,54.19263],[-118.61233,54.19269],[-118.6113,54.19346],[-118.61104,54.19372],[-118.61068,54.19401],[-118.60993,54.19453],[-118.60966,54.19476],[-118.60922,54.19506],[-118.60864,54.19555],[-118.60832,54.19594],[-118.6083,54.19596],[-118.60801,54.19621],[-118.60764,54.19645],[-118.60668,54.19714],[-118.60627,54.19744],[-118.60532,54.19831],[-118.60473,54.19889],[-118.60406,54.19931],[-118.60398,54.19941],[-118.60393,54.19984],[-118.6037,54.20017],[-118.60293,54.20093],[-118.60205,54.20192],[-118.60009,54.20276],[-118.60008,54.20276],[-118.59962,54.20296],[-118.59918,54.20316],[-118.5978,54.20377],[-118.59698,54.20428],[-118.59658,54.20446],[-118.596,54.20463],[-118.59486,54.2049],[-118.5938,54.20519],[-118.59158,54.20571],[-118.59014,54.20617],[-118.58959,54.20636],[-118.58743,54.20694],[-118.58694,54.20707],[-118.58595,54.20741],[-118.58551,54.20762],[-118.58516,54.20787],[-118.5843,54.20823],[-118.58341,54.20864],[-118.58243,54.209],[-118.58094,54.20945],[-118.5795,54.20999],[-118.57908,54.21009],[-118.57893,54.21014],[-118.57848,54.2104],[-118.57803,54.21067],[-118.57755,54.2109],[-118.57708,54.21109],[-118.57645,54.21146],[-118.57628,54.21152],[-118.57587,54.21174],[-118.57509,54.21221],[-118.57463,54.21249],[-118.57445,54.21259],[-118.57399,54.21296],[-118.57349,54.21359],[-118.57264,54.2149],[-118.5723,54.2156],[-118.57193,54.21629],[-118.57124,54.21781],[-118.57096,54.21845],[-118.5705,54.21933],[-118.57018,54.21978],[-118.56968,54.22037],[-118.56949,54.22071],[-118.56926,54.22103],[-118.56897,54.2213],[-118.56859,54.22154],[-118.56735,54.22264],[-118.5667,54.22316],[-118.56661,54.2233],[-118.56636,54.22357],[-118.56631,54.22422],[-118.56613,54.22447],[-118.56595,54.22454],[-118.56517,54.22504],[-118.56483,54.22527],[-118.56384,54.22562],[-118.5634,54.2258],[-118.56244,54.22607],[-118.56234,54.2261],[-118.56131,54.22643],[-118.56074,54.22656],[-118.5581,54.22733],[-118.55698,54.22759],[-118.55634,54.22767],[-118.55516,54.22789],[-118.5518,54.22868],[-118.55021,54.22917],[-118.5501,54.22921],[-118.54964,54.22938],[-118.54826,54.22986],[-118.54634,54.23061],[-118.54583,54.23078],[-118.54528,54.23093],[-118.54417,54.23131],[-118.54323,54.23154],[-118.54084,54.23227],[-118.53961,54.23265],[-118.53918,54.23283],[-118.53824,54.23317],[-118.53781,54.23338],[-118.53745,54.23359],[-118.53742,54.23361],[-118.53719,54.23369],[-118.53636,54.23374],[-118.53613,54.2338],[-118.5353,54.23424],[-118.53316,54.23527],[-118.53237,54.23573],[-118.53089,54.2367],[-118.53021,54.23725],[-118.52963,54.23782],[-118.5293,54.23808],[-118.5289,54.23832],[-118.5267,54.2395],[-118.5267,54.2395],[-118.53745,54.2395],[-118.54964,54.2395],[-118.5501,54.2395],[-118.56244,54.2395],[-118.57463,54.2395],[-118.5751,54.2395],[-118.58743,54.23948],[-118.59962,54.23946],[-118.60008,54.23946],[-118.61243,54.23949],[-118.62461,54.23949],[-118.62508,54.23949],[-118.63742,54.2395],[-118.6496,54.2395],[-118.65007,54.2395],[-118.66241,54.2395],[-118.6746,54.2395],[-118.67506,54.2395],[-118.6874,54.2395],[-118.69959,54.23949],[-118.70006,54.23949],[-118.71239,54.23949],[-118.72458,54.23948],[-118.72504,54.23948],[-118.73738,54.23948],[-118.74956,54.23947],[-118.75002,54.23947],[-118.76236,54.23947],[-118.77019,54.23948],[-118.7706,54.2399],[-118.77066,54.24005],[-118.77067,54.24024],[-118.77056,54.24056],[-118.77022,54.24094],[-118.76972,54.24141],[-118.76952,54.24169],[-118.76912,54.24201],[-118.76851,54.24218],[-118.76847,54.24221],[-118.76799,54.2423],[-118.76718,54.24261],[-118.76463,54.24306],[-118.76369,54.24308],[-118.76334,54.24316],[-118.76325,54.24337],[-118.76344,54.24383],[-118.76396,54.2443],[-118.76439,54.24461],[-118.76443,54.24536],[-118.76435,54.24608],[-118.76425,54.24621],[-118.76374,54.2467],[-118.76327,54.24699],[-118.76271,54.24743],[-118.76238,54.24764],[-118.76206,54.24787],[-118.76181,54.24807],[-118.7618,54.24823],[-118.76185,54.24836],[-118.76212,54.24861],[-118.76289,54.24909],[-118.7636,54.24943],[-118.76401,54.24974],[-118.76412,54.24989],[-118.76412,54.24993],[-118.76412,54.25001],[-118.76413,54.25003],[-118.764,54.25047],[-118.7637,54.25091],[-118.7636,54.2511],[-118.76356,54.25146],[-118.76346,54.25166],[-118.76324,54.25184],[-118.7631,54.252],[-118.76285,54.2525],[-118.76281,54.25289],[-118.76235,54.25389],[-118.76209,54.2549],[-118.76212,54.25526],[-118.76236,54.25549],[-118.76292,54.25598],[-118.76345,54.25662],[-118.76371,54.25699],[-118.76387,54.25717],[-118.76399,54.25729],[-118.76424,54.25764],[-118.76424,54.25777],[-118.76393,54.25792],[-118.76339,54.25807],[-118.76167,54.25849],[-118.76137,54.25869],[-118.76132,54.25878],[-118.76125,54.25915],[-118.76126,54.25991],[-118.7612,54.26024],[-118.76068,54.26114],[-118.76053,54.26145],[-118.76028,54.26181],[-118.75969,54.26252],[-118.7592,54.26319],[-118.75915,54.26338],[-118.75935,54.26375],[-118.76043,54.26451],[-118.76082,54.26475],[-118.76172,54.26516],[-118.76292,54.26588],[-118.76336,54.2661],[-118.76376,54.26632],[-118.76389,54.26643],[-118.76443,54.26787],[-118.76448,54.26835],[-118.76474,54.26864],[-118.76551,54.26898],[-118.76602,54.26932],[-118.76676,54.26964],[-118.7674,54.26987],[-118.76822,54.27038],[-118.76868,54.2708],[-118.76876,54.27101],[-118.7687,54.27143],[-118.76856,54.27179],[-118.76816,54.27243],[-118.76809,54.27263],[-118.76807,54.2727],[-118.76802,54.27281],[-118.76778,54.27312],[-118.76775,54.27315],[-118.76749,54.27342],[-118.76702,54.27406],[-118.76707,54.2745],[-118.76732,54.27457],[-118.76866,54.27478],[-118.76888,54.27481],[-118.76933,54.27492],[-118.76955,54.27509],[-118.76956,54.27515],[-118.76946,54.27537],[-118.76942,54.27546],[-118.76898,54.27567],[-118.76781,54.27593],[-118.76648,54.27611],[-118.7661,54.2763],[-118.76599,54.27639],[-118.7661,54.27672],[-118.76635,54.27693],[-118.7668,54.27723],[-118.76693,54.27763],[-118.76674,54.27828],[-118.76675,54.27878],[-118.76664,54.27925],[-118.76621,54.27971],[-118.76574,54.28016],[-118.76568,54.28046],[-118.76571,54.28058],[-118.76608,54.28133],[-118.76633,54.28164],[-118.76715,54.28247],[-118.76746,54.28289],[-118.76794,54.28396],[-118.76819,54.28491],[-118.76836,54.28521],[-118.76865,54.28558],[-118.76896,54.28588],[-118.76965,54.28644],[-118.7705,54.28687],[-118.77086,54.28722],[-118.77095,54.28756],[-118.77084,54.28795],[-118.77011,54.28891],[-118.76948,54.28951],[-118.76904,54.28976],[-118.7681,54.29003],[-118.76794,54.29007],[-118.76727,54.29015],[-118.76653,54.29012],[-118.76582,54.2902],[-118.76531,54.29038],[-118.76494,54.29062],[-118.76477,54.291],[-118.76483,54.29146],[-118.76517,54.29265],[-118.76554,54.29345],[-118.76563,54.29387],[-118.76588,54.29419],[-118.76601,54.29427],[-118.7663,54.29441],[-118.76672,54.2945],[-118.76693,54.29449],[-118.76734,54.29435],[-118.76777,54.29404],[-118.76838,54.29394],[-118.76911,54.29396],[-118.77048,54.29399],[-118.7707,54.29375],[-118.77103,54.29349],[-118.77213,54.29234],[-118.77246,54.29207],[-118.77321,54.29117],[-118.77353,54.29093],[-118.77371,54.29058],[-118.77382,54.29043],[-118.77393,54.29026],[-118.77421,54.28998],[-118.77445,54.28967],[-118.77455,54.28946],[-118.77496,54.2886],[-118.77502,54.28845],[-118.7751,54.28823],[-118.77534,54.28791],[-118.77607,54.28738],[-118.77691,54.2869],[-118.77765,54.28641],[-118.77794,54.28607],[-118.77814,54.28574],[-118.77842,54.28546],[-118.7789,54.28511],[-118.77944,54.28465],[-118.77982,54.28441],[-118.78038,54.28424],[-118.78097,54.2841],[-118.78175,54.28382],[-118.782,54.28375],[-118.78401,54.28348],[-118.78505,54.28321],[-118.78509,54.28319],[-118.7856,54.28309],[-118.78735,54.28284],[-118.78936,54.28256],[-118.79117,54.28219],[-118.79174,54.28205],[-118.79246,54.28193],[-118.79374,54.28181],[-118.79464,54.28177],[-118.79614,54.28177],[-118.79779,54.28181],[-118.79892,54.28195],[-118.79954,54.28198],[-118.79968,54.28199],[-118.8,54.28203],[-118.80033,54.28208],[-118.8014,54.28238],[-118.80186,54.2826],[-118.80242,54.28271],[-118.80284,54.28275],[-118.80425,54.28273],[-118.80559,54.2826],[-118.80607,54.28258],[-118.80681,54.28251],[-118.80752,54.28246],[-118.80911,54.28242],[-118.80987,54.28238],[-118.81105,54.28237],[-118.81199,54.28236],[-118.81234,54.28239],[-118.81288,54.28245],[-118.81412,54.28267],[-118.81469,54.28281],[-118.81493,54.28284],[-118.81527,54.28284],[-118.81546,54.28284],[-118.8162,54.28279],[-118.81672,54.28265],[-118.81738,54.28256],[-118.81773,54.28255],[-118.81811,54.28257],[-118.81914,54.28255],[-118.82039,54.28245],[-118.82107,54.28247],[-118.82137,54.28252],[-118.82172,54.2826],[-118.82317,54.28313],[-118.82333,54.28321],[-118.82405,54.28357],[-118.82452,54.28373],[-118.82454,54.28374],[-118.82499,54.28384],[-118.82515,54.28387],[-118.82609,54.28393],[-118.82652,54.28392],[-118.82682,54.28388],[-118.82709,54.28379],[-118.82736,54.28347],[-118.82769,54.28326],[-118.82773,54.28321],[-118.82777,54.28317],[-118.82819,54.28256],[-118.82838,54.28219],[-118.82856,54.28202],[-118.82862,54.28191],[-118.82934,54.28094],[-118.82977,54.28048],[-118.83075,54.27956],[-118.83111,54.27917],[-118.8316,54.27872],[-118.83216,54.27792],[-118.83231,54.27755],[-118.83231,54.27707],[-118.8322,54.27645],[-118.83209,54.27603],[-118.83204,54.27598],[-118.83172,54.27573],[-118.83152,54.27564],[-118.83103,54.27548],[-118.83056,54.27525],[-118.82978,54.27492],[-118.82906,54.27469],[-118.82808,54.27431],[-118.82681,54.27369],[-118.8261,54.27316],[-118.82576,54.27285],[-118.82552,54.27254],[-118.82533,54.27216],[-118.82499,54.27162],[-118.82473,54.27121],[-118.82452,54.27099],[-118.82432,54.27078],[-118.82374,54.27005],[-118.82278,54.26893],[-118.82274,54.26885],[-118.8226,54.26858],[-118.82221,54.26784],[-118.82192,54.26704],[-118.82144,54.26522],[-118.8212,54.26457],[-118.82113,54.26412],[-118.82095,54.26355],[-118.82083,54.26333],[-118.82081,54.26285],[-118.82114,54.2621],[-118.82123,54.2617],[-118.82149,54.26135],[-118.8215,54.26133],[-118.82168,54.26117],[-118.8224,54.26051],[-118.82275,54.26026],[-118.82307,54.25994],[-118.8234,54.25967],[-118.82426,54.25921],[-118.82452,54.25912],[-118.82498,54.25895],[-118.82504,54.25893],[-118.82603,54.2588],[-118.82683,54.25878],[-118.82786,54.25882],[-118.82824,54.25888],[-118.82877,54.25902],[-118.82932,54.2592],[-118.82986,54.25934],[-118.83077,54.2597],[-118.83172,54.26012],[-118.8321,54.26038],[-118.83243,54.26064],[-118.83272,54.26077],[-118.83289,54.26085],[-118.83375,54.26106],[-118.83437,54.26116],[-118.83554,54.26135],[-118.83583,54.26139],[-118.83656,54.26143],[-118.83732,54.2616],[-118.8383,54.26181],[-118.83947,54.26198],[-118.84074,54.26196],[-118.84426,54.26178],[-118.84532,54.2617],[-118.84624,54.26168],[-118.84749,54.26167],[-118.84817,54.26172],[-118.84876,54.26172],[-118.84944,54.26157],[-118.84951,54.26155],[-118.84997,54.26141],[-118.85,54.26141],[-118.85015,54.26134],[-118.85041,54.26124],[-118.85086,54.26056],[-118.85112,54.26021],[-118.85142,54.25994],[-118.85222,54.25944],[-118.85265,54.25922],[-118.85369,54.25886],[-118.85442,54.2588],[-118.85507,54.2588],[-118.85516,54.2588],[-118.85519,54.25881],[-118.85531,54.25885],[-118.85611,54.25914],[-118.85674,54.25965],[-118.85689,54.25981],[-118.85775,54.26058],[-118.85834,54.26114],[-118.85851,54.26134],[-118.85866,54.26152],[-118.85926,54.26225],[-118.85944,54.26248],[-118.85977,54.26325],[-118.8602,54.26345],[-118.86045,54.26375],[-118.8608,54.26447],[-118.86087,54.26494],[-118.86091,54.26583],[-118.86108,54.26644],[-118.86113,54.26668],[-118.86111,54.26685],[-118.86081,54.26747],[-118.86079,54.26785],[-118.86085,54.26795],[-118.86129,54.26803],[-118.86149,54.26803],[-118.86206,54.26803],[-118.86231,54.26798],[-118.86247,54.26795],[-118.86317,54.26771],[-118.86449,54.2671],[-118.86477,54.26697],[-118.86541,54.26641],[-118.86577,54.26617],[-118.86703,54.26556],[-118.86808,54.26503],[-118.86892,54.26437],[-118.86967,54.26391],[-118.87061,54.26353],[-118.87121,54.2634],[-118.87213,54.26333],[-118.87249,54.26325],[-118.87313,54.26317],[-118.87403,54.26312],[-118.87449,54.26309],[-118.87496,54.26306],[-118.87525,54.26304],[-118.87598,54.26304],[-118.87655,54.26289],[-118.87716,54.26263],[-118.87745,54.26246],[-118.87906,54.26203],[-118.87957,54.26187],[-118.88014,54.26175],[-118.88062,54.26157],[-118.88105,54.26137],[-118.88118,54.26133],[-118.88156,54.26121],[-118.88202,54.26103],[-118.88233,54.26096],[-118.88249,54.26084],[-118.88278,54.26055],[-118.88305,54.25979],[-118.8832,54.25852],[-118.8832,54.25817],[-118.8831,54.25725],[-118.88314,54.25591],[-118.88328,54.25511],[-118.88342,54.25448],[-118.88343,54.2541],[-118.88348,54.25278],[-118.88335,54.25203],[-118.88321,54.2517],[-118.8831,54.25131],[-118.88294,54.25096],[-118.88271,54.25018],[-118.88272,54.25003],[-118.88272,54.25001],[-118.88272,54.24993],[-118.88272,54.24979],[-118.88248,54.24948],[-118.88236,54.24915],[-118.88244,54.24876],[-118.88262,54.24856],[-118.88273,54.24845],[-118.88355,54.24805],[-118.88399,54.24792],[-118.88424,54.24786],[-118.88463,54.24777],[-118.88525,54.24768],[-118.88625,54.24761],[-118.88666,54.24759],[-118.8873,54.2476],[-118.88812,54.24762],[-118.88944,54.24773],[-118.89197,54.24804],[-118.89315,54.24826],[-118.89503,54.24852],[-118.89637,54.24862],[-118.897,54.24871],[-118.89897,54.2489],[-118.89949,54.24891],[-118.8997,54.24892],[-118.89995,54.24895],[-118.90032,54.249],[-118.9009,54.24905],[-118.9015,54.2491],[-118.90221,54.24925],[-118.90286,54.24932],[-118.90359,54.24934],[-118.90433,54.24932],[-118.90486,54.24927],[-118.90557,54.24912],[-118.90679,54.2489],[-118.9072,54.24881],[-118.90829,54.24856],[-118.90844,54.24845],[-118.90874,54.24836],[-118.90997,54.24817],[-118.91062,54.2481],[-118.91203,54.24804],[-118.9123,54.24806],[-118.91273,54.24808],[-118.91336,54.24816],[-118.91404,54.24822],[-118.91526,54.2484],[-118.91583,54.24853],[-118.91633,54.24868],[-118.9168,54.24886],[-118.9176,54.2493],[-118.91852,54.24994],[-118.91862,54.25001],[-118.91865,54.25002],[-118.91942,54.25094],[-118.91973,54.25122],[-118.92025,54.25183],[-118.92058,54.25209],[-118.92172,54.25275],[-118.92203,54.25291],[-118.9222,54.25328],[-118.92248,54.25368],[-118.9227,54.25409],[-118.92286,54.25438],[-118.92327,54.25465],[-118.92364,54.25476],[-118.9238,54.25479],[-118.92449,54.25492],[-118.92496,54.255],[-118.92623,54.25522],[-118.928,54.25551],[-118.92895,54.25571],[-118.92934,54.25575],[-118.93011,54.25574],[-118.93096,54.25557],[-118.93148,54.25547],[-118.93352,54.25488],[-118.93469,54.25461],[-118.93512,54.25449],[-118.93554,54.25441],[-118.93578,54.25434],[-118.93597,54.25425],[-118.93635,54.25409],[-118.93668,54.25394],[-118.93717,54.25377],[-118.9373,54.25374],[-118.93776,54.25364],[-118.93872,54.25365],[-118.94134,54.2536],[-118.94271,54.2537],[-118.94334,54.25377],[-118.94375,54.25399],[-118.94403,54.25409],[-118.94471,54.25434],[-118.94598,54.25496],[-118.94634,54.25521],[-118.94685,54.25537],[-118.94762,54.25575],[-118.94842,54.25628],[-118.94876,54.25655],[-118.94894,54.25684],[-118.94916,54.25722],[-118.9494,54.25754],[-118.9495,54.25764],[-118.94972,54.25787],[-118.94996,54.25799],[-118.9501,54.25807],[-118.95074,54.25814],[-118.95136,54.25802],[-118.95191,54.2579],[-118.95271,54.25783],[-118.95316,54.2577],[-118.95364,54.25752],[-118.95522,54.25705],[-118.95591,54.25698],[-118.95744,54.25696],[-118.95804,54.25705],[-118.95859,54.25717],[-118.95921,54.25725],[-118.95969,54.25743],[-118.96004,54.25769],[-118.96057,54.2582],[-118.96065,54.2583],[-118.96081,54.25879],[-118.96073,54.25951],[-118.96058,54.25987],[-118.95999,54.26087],[-118.95973,54.26116],[-118.95947,54.26132],[-118.95856,54.26184],[-118.95812,54.26204],[-118.95762,54.26222],[-118.95723,54.26244],[-118.95694,54.26265],[-118.95614,54.26313],[-118.95529,54.26355],[-118.95456,54.26404],[-118.95378,54.2645],[-118.95347,54.26478],[-118.9534,54.26498],[-118.95341,54.26519],[-118.95361,54.26554],[-118.95399,54.26578],[-118.9545,54.26601],[-118.95491,54.26617],[-118.95542,54.26632],[-118.95605,54.2664],[-118.95672,54.26644],[-118.95761,54.26643],[-118.95821,54.26638],[-118.95913,54.26612],[-118.95976,54.26592],[-118.96021,54.26573],[-118.96077,54.26558],[-118.96215,54.26495],[-118.96231,54.26489],[-118.96263,54.26477],[-118.96308,54.26455],[-118.96346,54.26432],[-118.96441,54.26393],[-118.96492,54.26375],[-118.96549,54.26362],[-118.96634,54.26356],[-118.96835,54.26353],[-118.9686,54.26353],[-118.96918,54.26364],[-118.96959,54.26387],[-118.96984,54.26404],[-118.96992,54.26413],[-118.97016,54.26449],[-118.9703,54.26499],[-118.97033,54.26536],[-118.97029,54.26578],[-118.97022,54.26608],[-118.9702,54.26617],[-118.96965,54.26721],[-118.9694,54.26752],[-118.96922,54.26766],[-118.96869,54.2685],[-118.96866,54.26854],[-118.96845,54.26881],[-118.96844,54.26881],[-118.96806,54.26906],[-118.96644,54.26949],[-118.96611,54.26972],[-118.96596,54.26978],[-118.96568,54.26998],[-118.96539,54.27026],[-118.96516,54.27062],[-118.96509,54.27101],[-118.96535,54.27134],[-118.96573,54.27157],[-118.9662,54.27175],[-118.96736,54.27198],[-118.9693,54.27216],[-118.97178,54.27253],[-118.97279,54.27277],[-118.97357,54.27284],[-118.97402,54.27303],[-118.9745,54.27315],[-118.97456,54.27316],[-118.97497,54.27322],[-118.97579,54.27334],[-118.97691,54.27359],[-118.97809,54.27378],[-118.98007,54.27446],[-118.98092,54.27488],[-118.98173,54.27532],[-118.98218,54.2755],[-118.98244,54.27557],[-118.98271,54.27564],[-118.98334,54.27573],[-118.98386,54.27588],[-118.98416,54.27595],[-118.98501,54.27612],[-118.98678,54.27641],[-118.98703,54.27648],[-118.98731,54.27649],[-118.98736,54.27649],[-118.98965,54.27642],[-118.99037,54.27638],[-118.99101,54.27643],[-118.99241,54.27648],[-118.99306,54.27649],[-118.99388,54.2765],[-118.99516,54.27663],[-118.99591,54.27673],[-118.99701,54.27688],[-118.99759,54.277],[-118.99862,54.27731],[-118.99919,54.27742],[-118.9995,54.2775],[-118.99997,54.27761],[-119.00002,54.27763],[-119.00014,54.27766],[-119.00084,54.27783],[-119.00134,54.27793],[-119.0015,54.27796],[-119.00197,54.27811],[-119.00276,54.27853],[-119.00302,54.27867],[-119.00325,54.2787],[-119.00429,54.27899],[-119.00471,54.27921],[-119.00713,54.2801],[-119.00753,54.28032],[-119.00804,54.28049],[-119.00828,54.28061],[-119.00904,54.28079],[-119.00953,54.28095],[-119.01009,54.28107],[-119.01057,54.28125],[-119.01112,54.28138],[-119.01157,54.28157],[-119.01193,54.28182],[-119.01232,54.28213],[-119.0126,54.28236],[-119.01302,54.28257],[-119.01338,54.28281],[-119.01377,54.28303],[-119.01394,54.28316],[-119.01435,54.2835],[-119.01461,54.28375],[-119.01589,54.28434],[-119.01636,54.28452],[-119.01716,54.28495],[-119.01753,54.28518],[-119.01813,54.2858],[-119.01864,54.2868],[-119.01902,54.2875],[-119.01932,54.28778],[-119.02098,54.28909],[-119.02249,54.29003],[-119.02292,54.29024],[-119.0233,54.29039],[-119.02383,54.29059],[-119.02431,54.29075],[-119.02452,54.29072],[-119.02489,54.29067],[-119.02498,54.29061],[-119.02535,54.29039],[-119.02565,54.29021],[-119.02658,54.28984],[-119.02709,54.28967],[-119.02792,54.28837],[-119.02818,54.28765],[-119.02875,54.28709],[-119.0296,54.28668],[-119.03009,54.28651],[-119.03065,54.28637],[-119.03124,54.28626],[-119.0319,54.28619],[-119.03261,54.28615],[-119.0332,54.28624],[-119.03384,54.2863],[-119.03438,54.28643],[-119.03497,54.28653],[-119.03551,54.28666],[-119.036,54.28682],[-119.03625,54.28689],[-119.03681,54.2873],[-119.03733,54.28797],[-119.03754,54.28824],[-119.03865,54.28938],[-119.03866,54.28947],[-119.03927,54.29038],[-119.03975,54.29108],[-119.04008,54.29201],[-119.04003,54.29225],[-119.04029,54.29299],[-119.04067,54.29375],[-119.04083,54.29412],[-119.04184,54.29584],[-119.0421,54.29614],[-119.04302,54.29696],[-119.04337,54.29721],[-119.04378,54.29742],[-119.04434,54.29761],[-119.04475,54.29775],[-119.04538,54.29782],[-119.04631,54.29788],[-119.04673,54.2979],[-119.04744,54.29792],[-119.04805,54.29797],[-119.04868,54.29804],[-119.04936,54.29803],[-119.04953,54.29806],[-119.05,54.29812],[-119.0506,54.29819],[-119.05121,54.29823],[-119.05192,54.29823],[-119.05317,54.29837],[-119.05361,54.29849],[-119.05381,54.29851],[-119.05441,54.29855],[-119.05626,54.29877],[-119.05685,54.29887],[-119.05753,54.29891],[-119.059,54.29887],[-119.05922,54.29882],[-119.05939,54.29878],[-119.05983,54.29867],[-119.06023,54.29861],[-119.06073,54.29846],[-119.0613,54.29833],[-119.06233,54.29814],[-119.0625,54.29811],[-119.06319,54.29805],[-119.06502,54.29801],[-119.06538,54.298],[-119.06605,54.29804],[-119.06734,54.29829],[-119.06773,54.29838],[-119.06896,54.29855],[-119.0718,54.29908],[-119.07255,54.29926],[-119.0734,54.29947],[-119.07401,54.29955],[-119.07452,54.29954],[-119.07474,54.29953],[-119.07498,54.29949],[-119.07536,54.29943],[-119.07585,54.29926],[-119.07602,54.29915],[-119.07646,54.29871],[-119.07662,54.29836],[-119.07665,54.29795],[-119.07671,54.29787],[-119.07692,54.2976],[-119.07737,54.29703],[-119.07789,54.29644],[-119.07827,54.29584],[-119.07955,54.29513],[-119.08026,54.29464],[-119.08199,54.29383],[-119.08272,54.29337],[-119.083,54.29308],[-119.08363,54.29256],[-119.08391,54.29227],[-119.08396,54.29225],[-119.08435,54.29207],[-119.08447,54.29199],[-119.08471,54.29184],[-119.08497,54.29174],[-119.08536,54.29169],[-119.08594,54.2917],[-119.08629,54.29185],[-119.08732,54.29212],[-119.08755,54.29218],[-119.08812,54.29229],[-119.08886,54.29238],[-119.09022,54.29249],[-119.09085,54.29256],[-119.09147,54.29258],[-119.09224,54.29254],[-119.09283,54.29242],[-119.09303,54.29241],[-119.09349,54.29235],[-119.09462,54.2923],[-119.09595,54.29189],[-119.09677,54.29144],[-119.09733,54.29116],[-119.09755,54.29096],[-119.09771,54.29038],[-119.09777,54.29017],[-119.09773,54.28963],[-119.09772,54.28942],[-119.09776,54.28928],[-119.098,54.28894],[-119.0981,54.28855],[-119.09809,54.28802],[-119.09861,54.28769],[-119.09891,54.28762],[-119.0995,54.28759],[-119.09963,54.28759],[-119.09996,54.28755],[-119.10024,54.28753],[-119.10047,54.28756],[-119.10088,54.28761],[-119.10157,54.28765],[-119.1022,54.28772],[-119.10328,54.28799],[-119.10376,54.28815],[-119.10416,54.28839],[-119.10459,54.28859],[-119.10514,54.2887],[-119.10562,54.28887],[-119.10626,54.28913],[-119.10673,54.28933],[-119.10764,54.28981],[-119.10812,54.29019],[-119.10831,54.29038],[-119.10841,54.29048],[-119.10909,54.29104],[-119.10951,54.29129],[-119.1099,54.29143],[-119.11045,54.29145],[-119.11067,54.29137],[-119.11107,54.29113],[-119.11141,54.29089],[-119.11158,54.29053],[-119.11168,54.29038],[-119.1118,54.29019],[-119.11185,54.28979],[-119.1116,54.28961],[-119.11161,54.28949],[-119.11199,54.28925],[-119.1123,54.28914],[-119.11296,54.28891],[-119.11348,54.28876],[-119.1141,54.28878],[-119.11422,54.28882],[-119.11481,54.28886],[-119.1154,54.28894],[-119.11552,54.289],[-119.11643,54.28926],[-119.11688,54.28935],[-119.11719,54.28947],[-119.11742,54.28956],[-119.11791,54.28972],[-119.11914,54.29038],[-119.11956,54.2906],[-119.11991,54.29085],[-119.1203,54.29108],[-119.12173,54.29155],[-119.12235,54.29164],[-119.12348,54.29188],[-119.12408,54.29197],[-119.12448,54.29206],[-119.12464,54.29209],[-119.12485,54.29216],[-119.12495,54.29215],[-119.12522,54.29215],[-119.12584,54.29208],[-119.12725,54.29214],[-119.12925,54.29231],[-119.1304,54.29251],[-119.13106,54.29257],[-119.13256,54.29304],[-119.13532,54.29369],[-119.13692,54.2941],[-119.13729,54.29425],[-119.13784,54.29446],[-119.13855,54.29469],[-119.13886,54.29479],[-119.13927,54.29498],[-119.13946,54.29533],[-119.13948,54.29569],[-119.13952,54.2962],[-119.13965,54.29655],[-119.13995,54.29694],[-119.14019,54.29717],[-119.14076,54.29761],[-119.14085,54.29768],[-119.1412,54.29788],[-119.14125,54.29791],[-119.14137,54.29795],[-119.14222,54.29824],[-119.14275,54.29837],[-119.14336,54.29847],[-119.14488,54.29846],[-119.14556,54.2984],[-119.14572,54.29837],[-119.1459,54.29836],[-119.14624,54.29834],[-119.14826,54.29853],[-119.14947,54.29858],[-119.14968,54.29859],[-119.14994,54.29859],[-119.15277,54.29858],[-119.15332,54.29854]]]},"properties":{"WMUNIT_NAME":"Kakwa River","WMUNIT_CODE":"00446","GlobalID":"{5D19807D-3C79-4F5B-BBAA-5B22DFB19875}","OBJECTID":54,"Shape__Area":1229540809.2848146,"Shape__Length":236253.94944319292}},{"type":"Feature","id":56,"geometry":{"type":"Polygon","coordinates":[[[-119.27256,54.26781],[-119.27289,54.26773],[-119.27336,54.26755],[-119.27446,54.26702],[-119.27492,54.2668],[-119.27506,54.26673],[-119.27603,54.26639],[-119.27704,54.26607],[-119.27871,54.2656],[-119.27918,54.26547],[-119.27975,54.26535],[-119.2811,54.2651],[-119.28209,54.26482],[-119.28447,54.26394],[-119.28498,54.26378],[-119.28556,54.26366],[-119.28627,54.26346],[-119.28663,54.26335],[-119.28724,54.26325],[-119.28727,54.26325],[-119.28795,54.26321],[-119.28862,54.26326],[-119.2892,54.26337],[-119.28983,54.26344],[-119.29051,54.2634],[-119.29107,54.26327],[-119.29126,54.2632],[-119.29166,54.26305],[-119.29196,54.26287],[-119.29222,54.26257],[-119.29233,54.26219],[-119.29221,54.26133],[-119.29219,54.26126],[-119.29198,54.26074],[-119.29187,54.26059],[-119.29158,54.2603],[-119.29123,54.26005],[-119.29103,54.25971],[-119.29073,54.25943],[-119.28962,54.25825],[-119.28939,54.25792],[-119.28905,54.2572],[-119.28901,54.25691],[-119.28895,54.25647],[-119.2891,54.25553],[-119.28922,54.25511],[-119.28936,54.2548],[-119.28956,54.25445],[-119.2898,54.25415],[-119.28992,54.25403],[-119.29009,54.25387],[-119.29112,54.2532],[-119.29153,54.25287],[-119.29191,54.25257],[-119.2925,54.25201],[-119.29288,54.25178],[-119.29333,54.25135],[-119.29416,54.25073],[-119.29479,54.25021],[-119.29496,54.25001],[-119.29497,54.25001],[-119.29503,54.24993],[-119.29507,54.2499],[-119.29532,54.24961],[-119.29551,54.24931],[-119.29634,54.24845],[-119.29674,54.24823],[-119.29721,54.24805],[-119.29777,54.24793],[-119.29845,54.24786],[-119.29914,54.2479],[-119.29946,54.248],[-119.29964,54.24805],[-119.29993,54.24817],[-119.30017,54.24828],[-119.30154,54.24923],[-119.30196,54.24963],[-119.30233,54.24994],[-119.30242,54.25001],[-119.30242,54.25001],[-119.30255,54.25013],[-119.30293,54.25035],[-119.30342,54.2505],[-119.3048,54.25041],[-119.30527,54.25035],[-119.3057,54.25038],[-119.30629,54.25029],[-119.3069,54.25028],[-119.30901,54.25037],[-119.30943,54.25033],[-119.30982,54.25034],[-119.31026,54.25045],[-119.31041,54.25053],[-119.31086,54.25074],[-119.31126,54.25103],[-119.31144,54.25129],[-119.31166,54.2515],[-119.31228,54.25221],[-119.31238,54.25233],[-119.31275,54.25268],[-119.31309,54.25294],[-119.31336,54.25323],[-119.31418,54.25383],[-119.31455,54.25403],[-119.31514,54.25434],[-119.31551,54.25458],[-119.31612,54.25465],[-119.31644,54.25458],[-119.31668,54.25454],[-119.31692,54.25442],[-119.31747,54.25416],[-119.31776,54.25402],[-119.31934,54.25331],[-119.3198,54.25326],[-119.32039,54.25316],[-119.32092,54.25302],[-119.32218,54.25286],[-119.32287,54.25282],[-119.32447,54.25282],[-119.32494,54.25282],[-119.32506,54.25282],[-119.32565,54.25296],[-119.32629,54.25301],[-119.32685,54.25309],[-119.32734,54.25326],[-119.32755,54.25307],[-119.32782,54.25336],[-119.32832,54.25352],[-119.32955,54.25337],[-119.33022,54.25331],[-119.33063,54.2531],[-119.33099,54.25285],[-119.33123,54.25254],[-119.33161,54.2523],[-119.33195,54.25204],[-119.3327,54.25164],[-119.33299,54.25139],[-119.33308,54.25132],[-119.33353,54.25113],[-119.33378,54.25085],[-119.33419,54.25064],[-119.33463,54.25045],[-119.33512,54.25028],[-119.33571,54.25001],[-119.33572,54.25001],[-119.33583,54.24995],[-119.33684,54.24948],[-119.33728,54.2493],[-119.33729,54.2493],[-119.33804,54.24883],[-119.33849,54.24864],[-119.33935,54.24821],[-119.34031,54.24781],[-119.34135,54.24739],[-119.34155,54.24733],[-119.34228,54.24711],[-119.34292,54.24692],[-119.34357,54.24678],[-119.34405,54.24667],[-119.34531,54.24652],[-119.34629,54.2465],[-119.34903,54.246],[-119.34948,54.24591],[-119.34959,54.24588],[-119.34994,54.24583],[-119.35197,54.2455],[-119.3531,54.24528],[-119.35426,54.24509],[-119.35488,54.24502],[-119.35605,54.2448],[-119.35637,54.24475],[-119.35724,54.24461],[-119.35833,54.24435],[-119.36004,54.244],[-119.36062,54.24384],[-119.36123,54.24373],[-119.3619,54.24366],[-119.36231,54.24363],[-119.36259,54.24361],[-119.36335,54.2436],[-119.36401,54.24354],[-119.36435,54.24346],[-119.36464,54.24344],[-119.36527,54.24352],[-119.36543,54.24359],[-119.36603,54.24405],[-119.36648,54.24455],[-119.36657,54.24465],[-119.36689,54.24492],[-119.36713,54.24525],[-119.36722,54.24577],[-119.36722,54.24587],[-119.36732,54.24606],[-119.36781,54.24641],[-119.36794,54.24661],[-119.36813,54.24678],[-119.36816,54.24681],[-119.36884,54.24703],[-119.36948,54.24711],[-119.36997,54.24706],[-119.37012,54.24702],[-119.37039,54.24699],[-119.37061,54.24697],[-119.37096,54.24715],[-119.37127,54.24717],[-119.37181,54.24731],[-119.37219,54.24758],[-119.37267,54.24775],[-119.37288,54.24778],[-119.37332,54.24785],[-119.374,54.24791],[-119.37452,54.24792],[-119.37479,54.24792],[-119.37498,54.24794],[-119.37614,54.24805],[-119.37685,54.24809],[-119.37784,54.24843],[-119.37813,54.24849],[-119.37888,54.24876],[-119.37912,54.2488],[-119.37957,54.24879],[-119.38013,54.24866],[-119.38064,54.24849],[-119.38094,54.24825],[-119.38138,54.24801],[-119.3818,54.24784],[-119.3822,54.24763],[-119.38266,54.24745],[-119.38301,54.24719],[-119.38386,54.24678],[-119.38387,54.24678],[-119.38477,54.24641],[-119.38575,54.24608],[-119.38734,54.24542],[-119.38758,54.24532],[-119.38841,54.2449],[-119.38944,54.24459],[-119.39052,54.2443],[-119.3915,54.24398],[-119.3921,54.24389],[-119.3929,54.2438],[-119.39458,54.24354],[-119.39539,54.24335],[-119.39576,54.2433],[-119.39616,54.24331],[-119.39669,54.24344],[-119.39685,54.24359],[-119.3969,54.24381],[-119.39721,54.24382],[-119.39742,54.24413],[-119.3973,54.24451],[-119.39729,54.24496],[-119.39734,54.24537],[-119.39753,54.24577],[-119.3976,54.24603],[-119.39819,54.24629],[-119.3989,54.24678],[-119.39955,54.2471],[-119.39975,54.2472],[-119.40002,54.24729],[-119.40023,54.24736],[-119.40069,54.24755],[-119.4012,54.24771],[-119.40164,54.24791],[-119.40193,54.248],[-119.40359,54.24817],[-119.40419,54.24809],[-119.40475,54.24796],[-119.40576,54.24764],[-119.406,54.24741],[-119.40603,54.2469],[-119.40603,54.24678],[-119.40603,54.246],[-119.40612,54.24559],[-119.40631,54.24525],[-119.40654,54.24492],[-119.40707,54.24431],[-119.40741,54.24404],[-119.40816,54.24359],[-119.40831,54.24352],[-119.40999,54.24279],[-119.41238,54.24181],[-119.41247,54.24177],[-119.41406,54.24149],[-119.41478,54.24141],[-119.41616,54.24132],[-119.41714,54.24131],[-119.41764,54.24135],[-119.41828,54.24127],[-119.41893,54.24115],[-119.41955,54.24108],[-119.42041,54.24106],[-119.42166,54.2412],[-119.42221,54.24135],[-119.42271,54.24155],[-119.42293,54.24167],[-119.42313,54.24176],[-119.42326,54.24184],[-119.42343,54.24207],[-119.4235,54.24248],[-119.42337,54.24408],[-119.42336,54.24473],[-119.42346,54.24524],[-119.42382,54.2456],[-119.42413,54.24597],[-119.42443,54.24616],[-119.42456,54.24618],[-119.42459,54.24618],[-119.42505,54.24618],[-119.42534,54.24618],[-119.42578,54.24598],[-119.42599,54.24591],[-119.4266,54.2454],[-119.42693,54.2452],[-119.42789,54.245],[-119.42813,54.24499],[-119.42837,54.24501],[-119.42874,54.2451],[-119.42916,54.24531],[-119.42932,54.24549],[-119.42932,54.24573],[-119.42914,54.24592],[-119.42892,54.24601],[-119.42874,54.24603],[-119.42867,54.24645],[-119.42874,54.24663],[-119.42883,54.24666],[-119.42919,54.24665],[-119.4294,54.24652],[-119.42952,54.24627],[-119.42973,54.24609],[-119.4301,54.24597],[-119.43032,54.2458],[-119.43064,54.24503],[-119.43091,54.2447],[-119.43105,54.24458],[-119.43122,54.24452],[-119.43126,54.24472],[-119.43114,54.24524],[-119.43115,54.24555],[-119.43102,54.24617],[-119.43071,54.24677],[-119.43061,54.24697],[-119.43058,54.24709],[-119.43062,54.24723],[-119.43076,54.24731],[-119.43129,54.2474],[-119.43407,54.24762],[-119.43483,54.24754],[-119.43538,54.24751],[-119.43741,54.24747],[-119.43749,54.24747],[-119.43814,54.24742],[-119.43991,54.2471],[-119.44045,54.24697],[-119.44105,54.24677],[-119.44109,54.24675],[-119.44261,54.24594],[-119.44297,54.2457],[-119.44351,54.24562],[-119.44435,54.24562],[-119.44503,54.24568],[-119.44624,54.24589],[-119.44724,54.24602],[-119.44745,54.24614],[-119.44757,54.24621],[-119.4478,54.24676],[-119.44783,54.24685],[-119.44792,54.24732],[-119.44765,54.24799],[-119.44741,54.24831],[-119.44694,54.24863],[-119.44657,54.24924],[-119.44626,54.25001],[-119.44626,54.25008],[-119.44628,54.25055],[-119.44682,54.2514],[-119.44697,54.25165],[-119.44714,54.25186],[-119.4475,54.2521],[-119.44796,54.2523],[-119.44866,54.25226],[-119.44962,54.25227],[-119.45008,54.25228],[-119.45016,54.25228],[-119.45085,54.25233],[-119.45165,54.25248],[-119.45203,54.25266],[-119.45229,54.25273],[-119.45309,54.25296],[-119.45353,54.25315],[-119.45359,54.25331],[-119.45367,54.25352],[-119.45386,54.25385],[-119.45388,54.25399],[-119.45391,54.25428],[-119.45425,54.25499],[-119.45486,54.25554],[-119.45519,54.25581],[-119.4558,54.2559],[-119.45642,54.25581],[-119.45686,54.25561],[-119.45725,54.25538],[-119.45816,54.25501],[-119.45832,54.2542],[-119.45853,54.25399],[-119.45861,54.25391],[-119.45928,54.2534],[-119.45969,54.25319],[-119.46005,54.25286],[-119.46044,54.25274],[-119.46083,54.25252],[-119.46133,54.25236],[-119.46192,54.25225],[-119.46245,54.25225],[-119.46264,54.25225],[-119.46314,54.2524],[-119.46448,54.25296],[-119.46489,54.25318],[-119.46519,54.25346],[-119.46537,54.25381],[-119.46539,54.25398],[-119.46541,54.25424],[-119.46535,54.2551],[-119.46539,54.25553],[-119.46564,54.25584],[-119.46594,54.25611],[-119.46714,54.25679],[-119.46763,54.25696],[-119.46817,54.2571],[-119.46837,54.2572],[-119.4686,54.25725],[-119.46888,54.25726],[-119.46915,54.25724],[-119.47015,54.25706],[-119.47052,54.25697],[-119.47076,54.25688],[-119.47128,54.25661],[-119.47143,54.25652],[-119.4719,54.25597],[-119.47219,54.25568],[-119.47263,54.25518],[-119.4727,54.25504],[-119.47277,54.255],[-119.47278,54.25489],[-119.47285,54.25475],[-119.47287,54.25464],[-119.47287,54.25437],[-119.4731,54.25415],[-119.47312,54.25398],[-119.47318,54.25358],[-119.4731,54.25319],[-119.47323,54.25269],[-119.47303,54.25249],[-119.47296,54.25214],[-119.47308,54.25175],[-119.47308,54.25162],[-119.4733,54.25096],[-119.47357,54.25066],[-119.47398,54.25045],[-119.47424,54.25036],[-119.47435,54.25033],[-119.47466,54.25029],[-119.47512,54.25023],[-119.47518,54.25022],[-119.47652,54.25011],[-119.47708,54.25005],[-119.47791,54.25003],[-119.47855,54.25004],[-119.47912,54.25016],[-119.47961,54.25033],[-119.48041,54.25077],[-119.48094,54.25137],[-119.48131,54.2516],[-119.4816,54.25166],[-119.48282,54.25171],[-119.48402,54.25171],[-119.48573,54.25189],[-119.4867,54.25192],[-119.48713,54.25176],[-119.48748,54.25167],[-119.48766,54.25162],[-119.48793,54.25151],[-119.48822,54.25149],[-119.48894,54.2515],[-119.49003,54.25134],[-119.49074,54.25134],[-119.49188,54.25151],[-119.49392,54.25127],[-119.4954,54.25123],[-119.49595,54.25126],[-119.49662,54.25142],[-119.49732,54.25147],[-119.4981,54.25147],[-119.49877,54.25141],[-119.49969,54.25129],[-119.49989,54.25126],[-119.50002,54.25124],[-119.50003,54.25124],[-119.50016,54.25123],[-119.50137,54.25115],[-119.50288,54.2511],[-119.50368,54.2511],[-119.50496,54.25097],[-119.50662,54.25069],[-119.50741,54.25069],[-119.50984,54.25115],[-119.51034,54.25132],[-119.51078,54.25151],[-119.51111,54.25178],[-119.51134,54.2521],[-119.51148,54.25247],[-119.51164,54.25283],[-119.51158,54.25313],[-119.51152,54.25319],[-119.51114,54.25384],[-119.51103,54.25397],[-119.51089,54.25414],[-119.5108,54.25443],[-119.51089,54.25449],[-119.51138,54.25465],[-119.51181,54.25474],[-119.51248,54.25474],[-119.51249,54.25474],[-119.5127,54.25471],[-119.51293,54.25464],[-119.51358,54.25463],[-119.5139,54.25456],[-119.5144,54.25436],[-119.51537,54.25408],[-119.51558,54.25397],[-119.51623,54.25365],[-119.51683,54.25327],[-119.51757,54.25273],[-119.51789,54.25216],[-119.51805,54.25198],[-119.51837,54.25172],[-119.51863,54.25142],[-119.51897,54.25092],[-119.51907,54.25078],[-119.51923,54.25024],[-119.51917,54.25008],[-119.51914,54.25001],[-119.51906,54.24992],[-119.51885,54.24915],[-119.51848,54.24892],[-119.51848,54.24848],[-119.51861,54.2481],[-119.51884,54.24778],[-119.51959,54.24731],[-119.51981,54.24723],[-119.52008,54.24714],[-119.52029,54.24681],[-119.52034,54.24675],[-119.52053,54.24651],[-119.52064,54.24613],[-119.52107,54.24545],[-119.52131,54.24513],[-119.52146,54.24498],[-119.52159,54.24485],[-119.52199,54.24455],[-119.52236,54.24429],[-119.52263,54.24411],[-119.52303,54.24389],[-119.52397,54.24353],[-119.52451,54.24338],[-119.52467,54.24329],[-119.5249,54.24317],[-119.52513,54.24293],[-119.52515,54.24291],[-119.52547,54.24259],[-119.52569,54.24225],[-119.52587,54.2419],[-119.52583,54.24104],[-119.52598,54.24075],[-119.52656,54.24063],[-119.52703,54.24047],[-119.52747,54.24027],[-119.5281,54.24018],[-119.52901,54.24018],[-119.52955,54.24014],[-119.53071,54.23993],[-119.53141,54.23988],[-119.5319,54.23971],[-119.53202,54.23966],[-119.53214,54.23962],[-119.53234,54.23953],[-119.53237,54.23953],[-119.53249,54.2395],[-119.53267,54.23934],[-119.53272,54.2393],[-119.53313,54.23909],[-119.53352,54.23885],[-119.53414,54.23829],[-119.53472,54.2377],[-119.53505,54.23742],[-119.53509,54.23713],[-119.53504,54.23704],[-119.53456,54.2365],[-119.53413,54.23584],[-119.53385,54.23555],[-119.5338,54.23512],[-119.53384,54.23469],[-119.53403,54.23435],[-119.53468,54.23383],[-119.53506,54.2336],[-119.53549,54.23339],[-119.53738,54.23268],[-119.53747,54.23266],[-119.53891,54.23222],[-119.53938,54.23217],[-119.53958,54.23215],[-119.53972,54.23212],[-119.54013,54.23203],[-119.5408,54.23196],[-119.54099,54.23193],[-119.54141,54.23187],[-119.54196,54.23175],[-119.54245,54.23158],[-119.54274,54.23128],[-119.54296,54.23095],[-119.54309,54.23057],[-119.54308,54.22969],[-119.54302,54.22929],[-119.5429,54.22888],[-119.5426,54.22864],[-119.54215,54.22844],[-119.54109,54.22816],[-119.54048,54.22806],[-119.53944,54.22778],[-119.539,54.22758],[-119.5388,54.22725],[-119.5387,54.22686],[-119.53868,54.2258],[-119.53879,54.22559],[-119.53865,54.22523],[-119.53864,54.22489],[-119.53864,54.2248],[-119.53874,54.22441],[-119.53869,54.22406],[-119.53877,54.22367],[-119.5389,54.2233],[-119.53939,54.22267],[-119.53958,54.22233],[-119.53986,54.22202],[-119.54007,54.22169],[-119.54016,54.22129],[-119.54029,54.22091],[-119.54067,54.22022],[-119.5408,54.21984],[-119.54108,54.21954],[-119.54147,54.21932],[-119.54185,54.21918],[-119.54223,54.219],[-119.54255,54.21874],[-119.54298,54.21855],[-119.54397,54.21821],[-119.54457,54.21811],[-119.54529,54.21808],[-119.54681,54.21809],[-119.5477,54.21826],[-119.5479,54.21834],[-119.54904,54.21861],[-119.54953,54.21878],[-119.54966,54.2188],[-119.55012,54.2189],[-119.55126,54.21914],[-119.5519,54.21922],[-119.55272,54.21879],[-119.55325,54.21818],[-119.55346,54.21779],[-119.55349,54.21767],[-119.55355,54.21745],[-119.55399,54.21634],[-119.55419,54.21601],[-119.55454,54.21579],[-119.55508,54.21561],[-119.55685,54.2153],[-119.55757,54.21509],[-119.55788,54.215],[-119.55864,54.21499],[-119.56013,54.21501],[-119.5617,54.21502],[-119.56233,54.21511],[-119.56246,54.21517],[-119.56277,54.2153],[-119.56379,54.21561],[-119.5647,54.21599],[-119.56528,54.2161],[-119.56658,54.21625],[-119.56797,54.21636],[-119.56844,54.21654],[-119.56899,54.2165],[-119.56914,54.21647],[-119.5701,54.21619],[-119.57119,54.21591],[-119.5717,54.21575],[-119.57212,54.21555],[-119.57311,54.2152],[-119.57343,54.21512],[-119.57406,54.21485],[-119.57465,54.21432],[-119.57497,54.21402],[-119.57511,54.21382],[-119.57519,54.21369],[-119.57534,54.21331],[-119.57555,54.21298],[-119.57582,54.21268],[-119.57614,54.21213],[-119.57622,54.212],[-119.57638,54.21163],[-119.57655,54.21082],[-119.57667,54.21054],[-119.5767,54.21045],[-119.57683,54.21026],[-119.57714,54.20981],[-119.57741,54.20952],[-119.57782,54.20885],[-119.57815,54.20812],[-119.57818,54.20797],[-119.57831,54.20777],[-119.57888,54.20626],[-119.57897,54.20573],[-119.57903,54.20534],[-119.57894,54.2046],[-119.57882,54.20421],[-119.57853,54.20393],[-119.5782,54.20367],[-119.5769,54.20308],[-119.57688,54.20304],[-119.57682,54.20278],[-119.57726,54.20259],[-119.57775,54.20242],[-119.57797,54.20209],[-119.57831,54.20138],[-119.57837,54.20122],[-119.57852,54.20077],[-119.57873,54.20015],[-119.57901,54.19973],[-119.57918,54.19904],[-119.57932,54.19873],[-119.57946,54.19852],[-119.57961,54.19815],[-119.57991,54.19787],[-119.58025,54.19762],[-119.58052,54.19733],[-119.58073,54.19699],[-119.58105,54.19632],[-119.5811,54.19582],[-119.5811,54.19581],[-119.58107,54.19548],[-119.58091,54.19542],[-119.57981,54.19522],[-119.57936,54.19503],[-119.57832,54.19475],[-119.57748,54.19441],[-119.57709,54.19413],[-119.57659,54.19372],[-119.57638,54.19341],[-119.57537,54.19273],[-119.57511,54.19262],[-119.57492,54.19253],[-119.57464,54.19231],[-119.57459,54.19227],[-119.57435,54.19196],[-119.57404,54.19168],[-119.57383,54.19136],[-119.57368,54.19099],[-119.5733,54.19076],[-119.57314,54.19041],[-119.57309,54.18999],[-119.57311,54.18955],[-119.57329,54.18891],[-119.57339,54.18858],[-119.57345,54.18838],[-119.57406,54.18705],[-119.57403,54.18681],[-119.57464,54.18578],[-119.57511,54.185],[-119.57536,54.18458],[-119.57532,54.18437],[-119.57513,54.18361],[-119.57511,54.18356],[-119.57491,54.18321],[-119.57478,54.18299],[-119.57464,54.18277],[-119.57454,54.18259],[-119.57445,54.18175],[-119.57424,54.18145],[-119.57423,54.18144],[-119.57449,54.18117],[-119.57462,54.18103],[-119.57448,54.18038],[-119.57443,54.18029],[-119.57419,54.18003],[-119.57384,54.17942],[-119.57384,54.17893],[-119.574,54.17857],[-119.57427,54.17827],[-119.57458,54.17799],[-119.57464,54.17795],[-119.57492,54.17777],[-119.57511,54.17768],[-119.57535,54.17756],[-119.57629,54.17719],[-119.57705,54.17674],[-119.57753,54.17656],[-119.57804,54.17641],[-119.57861,54.17628],[-119.57922,54.17618],[-119.57973,54.17603],[-119.58014,54.17582],[-119.58078,54.17585],[-119.58115,54.17565],[-119.58106,54.17539],[-119.58101,54.17497],[-119.58105,54.17455],[-119.58119,54.17418],[-119.58138,54.17395],[-119.58144,54.17387],[-119.58177,54.17361],[-119.58213,54.17337],[-119.58254,54.17315],[-119.58301,54.17297],[-119.5836,54.17286],[-119.58414,54.1728],[-119.58477,54.17261],[-119.58521,54.17242],[-119.58711,54.17173],[-119.58745,54.17167],[-119.58771,54.17163],[-119.58827,54.17151],[-119.58873,54.17133],[-119.58913,54.17102],[-119.5893,54.17072],[-119.58942,54.17034],[-119.58941,54.17019],[-119.5892,54.16956],[-119.58904,54.16921],[-119.58846,54.1682],[-119.58821,54.16789],[-119.58816,54.16766],[-119.58781,54.16722],[-119.58753,54.16702],[-119.58745,54.16682],[-119.5874,54.16672],[-119.58736,54.16662],[-119.58735,54.16588],[-119.58745,54.16559],[-119.58762,54.1651],[-119.58783,54.16476],[-119.58808,54.16444],[-119.58837,54.16415],[-119.58873,54.16391],[-119.58914,54.1637],[-119.5896,54.16352],[-119.58996,54.16328],[-119.59025,54.163],[-119.59069,54.16281],[-119.59175,54.16256],[-119.59227,54.16241],[-119.5925,54.16209],[-119.59261,54.16169],[-119.59247,54.16133],[-119.59227,54.16102],[-119.59226,54.16061],[-119.59252,54.15949],[-119.59255,54.15936],[-119.5926,54.15893],[-119.59273,54.15854],[-119.59362,54.15768],[-119.5941,54.15654],[-119.59416,54.15609],[-119.59426,54.15568],[-119.59464,54.15545],[-119.59492,54.15515],[-119.59504,54.15495],[-119.59514,54.15485],[-119.59515,54.15523],[-119.59491,54.15555],[-119.59458,54.15582],[-119.59443,54.1562],[-119.59446,54.15661],[-119.59438,54.15703],[-119.59415,54.15735],[-119.59396,54.15771],[-119.59367,54.15799],[-119.59334,54.15826],[-119.5931,54.15859],[-119.59295,54.15899],[-119.59303,54.15937],[-119.59303,54.15949],[-119.593,54.16108],[-119.59279,54.1619],[-119.59276,54.16225],[-119.59295,54.16226],[-119.5935,54.16216],[-119.59389,54.1614],[-119.5947,54.16049],[-119.5952,54.16004],[-119.59527,54.15988],[-119.59552,54.15957],[-119.59574,54.15949],[-119.59589,54.15944],[-119.59597,54.15931],[-119.59618,54.159],[-119.59668,54.15848],[-119.59677,54.15839],[-119.59677,54.15825],[-119.59669,54.15802],[-119.59683,54.15752],[-119.59684,54.15709],[-119.59697,54.1567],[-119.59731,54.15628],[-119.59747,54.15556],[-119.59746,54.15546],[-119.5974,54.15517],[-119.59739,54.15476],[-119.59756,54.15441],[-119.59778,54.15408],[-119.59806,54.15315],[-119.59803,54.15287],[-119.59818,54.15235],[-119.59824,54.15217],[-119.59823,54.15208],[-119.59823,54.15183],[-119.59786,54.15205],[-119.59782,54.15208],[-119.59753,54.15231],[-119.59744,54.15235],[-119.59709,54.15251],[-119.59655,54.15263],[-119.59583,54.15263],[-119.59547,54.1526],[-119.59522,54.15272],[-119.59514,54.15313],[-119.59515,54.15355],[-119.59497,54.1539],[-119.59482,54.15382],[-119.59471,54.15357],[-119.59464,54.15275],[-119.59483,54.15241],[-119.59555,54.1524],[-119.59624,54.15247],[-119.59691,54.15245],[-119.59711,54.15235],[-119.59734,54.15224],[-119.59753,54.15208],[-119.59766,54.15198],[-119.5979,54.15166],[-119.59786,54.15128],[-119.59766,54.15096],[-119.59764,54.1506],[-119.59736,54.15032],[-119.59734,54.15031],[-119.59732,54.15029],[-119.59711,54.14997],[-119.59659,54.1494],[-119.59638,54.14909],[-119.59614,54.1488],[-119.59599,54.14842],[-119.59594,54.1479],[-119.59563,54.14721],[-119.59521,54.14667],[-119.59502,54.14634],[-119.5945,54.14576],[-119.59439,54.14553],[-119.59429,54.14542],[-119.59385,54.14523],[-119.59358,54.14494],[-119.59356,54.14485],[-119.59349,54.14456],[-119.59353,54.14401],[-119.59368,54.14418],[-119.59405,54.14441],[-119.59403,54.14484],[-119.59403,54.14485],[-119.59407,54.14517],[-119.59448,54.14524],[-119.59481,54.14498],[-119.59508,54.14485],[-119.59521,54.14479],[-119.59527,54.14477],[-119.5957,54.14459],[-119.59622,54.14445],[-119.59628,54.14436],[-119.59636,54.14409],[-119.59667,54.14381],[-119.59711,54.14363],[-119.59744,54.14336],[-119.59764,54.14302],[-119.59776,54.14214],[-119.59775,54.14173],[-119.59758,54.1414],[-119.59694,54.14088],[-119.59634,54.14014],[-119.59597,54.13966],[-119.59536,54.13949],[-119.5949,54.13931],[-119.59417,54.13893],[-119.59398,54.13847],[-119.59394,54.13823],[-119.59391,54.13808],[-119.59404,54.1377],[-119.59409,54.13763],[-119.59445,54.13701],[-119.59498,54.1364],[-119.59592,54.13577],[-119.59613,54.13564],[-119.59688,54.13507],[-119.59715,54.13487],[-119.59744,54.13458],[-119.59779,54.13434],[-119.59809,54.13406],[-119.59872,54.13373],[-119.59921,54.13327],[-119.59935,54.13295],[-119.59866,54.13237],[-119.59845,54.13205],[-119.59828,54.13171],[-119.5982,54.13133],[-119.59832,54.13096],[-119.59859,54.13053],[-119.5987,54.1304],[-119.59884,54.13022],[-119.5992,54.1295],[-119.59963,54.12888],[-119.59965,54.12884],[-119.60002,54.12844],[-119.60009,54.12839],[-119.60034,54.12825],[-119.60098,54.12772],[-119.60171,54.12724],[-119.60218,54.127],[-119.60273,54.12687],[-119.60424,54.12658],[-119.60544,54.1262],[-119.60591,54.12598],[-119.60773,54.12533],[-119.60816,54.12512],[-119.60822,54.12508],[-119.60833,54.12501],[-119.60835,54.125],[-119.60852,54.12488],[-119.60944,54.12396],[-119.61003,54.12326],[-119.61025,54.12299],[-119.61033,54.1229],[-119.61055,54.12279],[-119.61085,54.12247],[-119.61118,54.12173],[-119.61161,54.12124],[-119.61207,54.1209],[-119.61243,54.12079],[-119.61275,54.1207],[-119.613,54.12058],[-119.61317,54.1205],[-119.61372,54.12038],[-119.61431,54.12029],[-119.61561,54.12018],[-119.61597,54.12017],[-119.61699,54.11979],[-119.61888,54.11944],[-119.61959,54.11945],[-119.62026,54.11942],[-119.62064,54.11919],[-119.62093,54.11889],[-119.62135,54.11833],[-119.62192,54.11665],[-119.62216,54.11633],[-119.62269,54.11576],[-119.62277,54.11567],[-119.6233,54.11507],[-119.62375,54.11496],[-119.62421,54.11473],[-119.62438,54.11465],[-119.62462,54.11459],[-119.62488,54.11452],[-119.62508,54.11452],[-119.62564,54.11451],[-119.6262,54.11462],[-119.62681,54.11471],[-119.62754,54.11472],[-119.62811,54.1146],[-119.62927,54.11383],[-119.62969,54.11325],[-119.63001,54.11299],[-119.63121,54.11232],[-119.63215,54.11196],[-119.63247,54.1118],[-119.6326,54.11171],[-119.63311,54.11175],[-119.63371,54.11184],[-119.63423,54.112],[-119.63464,54.11222],[-119.63593,54.11282],[-119.63667,54.11329],[-119.63715,54.11347],[-119.63742,54.11352],[-119.63771,54.11357],[-119.63807,54.11382],[-119.63848,54.11403],[-119.63983,54.11461],[-119.64031,54.11479],[-119.64093,54.11486],[-119.64157,54.11478],[-119.64239,54.11436],[-119.64313,54.11388],[-119.6434,54.1136],[-119.64372,54.11296],[-119.64337,54.11256],[-119.6434,54.11215],[-119.64361,54.11184],[-119.64394,54.1116],[-119.64439,54.1114],[-119.64496,54.11128],[-119.64574,54.11126],[-119.64714,54.11136],[-119.64802,54.11172],[-119.64869,54.1117],[-119.64907,54.11156],[-119.64961,54.11143],[-119.65007,54.11128],[-119.65012,54.11126],[-119.65091,54.11081],[-119.65126,54.11052],[-119.65154,54.11023],[-119.65167,54.1099],[-119.65173,54.1098],[-119.65166,54.1094],[-119.65174,54.109],[-119.65187,54.10863],[-119.65189,54.10851],[-119.65193,54.10822],[-119.6519,54.10778],[-119.6518,54.10738],[-119.65179,54.10651],[-119.6516,54.10618],[-119.65103,54.10561],[-119.65087,54.10525],[-119.65102,54.10489],[-119.65099,54.10447],[-119.65074,54.10415],[-119.65007,54.10348],[-119.64988,54.10328],[-119.64964,54.10297],[-119.64961,54.10294],[-119.64874,54.1021],[-119.64839,54.10186],[-119.64808,54.10157],[-119.64793,54.10129],[-119.6479,54.10122],[-119.64794,54.1008],[-119.64817,54.10003],[-119.64838,54.0997],[-119.64864,54.0994],[-119.64907,54.09872],[-119.64939,54.09846],[-119.64961,54.09833],[-119.64978,54.09822],[-119.65006,54.09794],[-119.65007,54.09794],[-119.65041,54.0977],[-119.65086,54.0975],[-119.65126,54.09736],[-119.65147,54.09724],[-119.6516,54.09706],[-119.65219,54.09679],[-119.65256,54.09665],[-119.65281,54.0966],[-119.65312,54.09684],[-119.65364,54.09674],[-119.65408,54.09664],[-119.65454,54.0966],[-119.6559,54.09664],[-119.65705,54.09662],[-119.65751,54.09647],[-119.65784,54.09615],[-119.65834,54.0959],[-119.65862,54.09565],[-119.65871,54.09551],[-119.65884,54.09513],[-119.65905,54.09481],[-119.65948,54.0946],[-119.66004,54.09448],[-119.66064,54.09457],[-119.66119,54.09469],[-119.66241,54.09483],[-119.66311,54.09491],[-119.66366,54.09503],[-119.66435,54.09508],[-119.66489,54.09494],[-119.66526,54.09472],[-119.6659,54.09464],[-119.66661,54.09459],[-119.66706,54.0944],[-119.6673,54.09416],[-119.66734,54.09412],[-119.66779,54.09393],[-119.66797,54.09389],[-119.66833,54.0938],[-119.66901,54.09371],[-119.67122,54.09362],[-119.67175,54.09347],[-119.67186,54.09309],[-119.67223,54.09289],[-119.67257,54.09264],[-119.67288,54.09236],[-119.67328,54.09214],[-119.67399,54.09166],[-119.67442,54.09145],[-119.67461,54.09134],[-119.67481,54.09122],[-119.6749,54.09083],[-119.6749,54.0905],[-119.67461,54.08992],[-119.67455,54.0898],[-119.67457,54.08971],[-119.67461,54.08964],[-119.67471,54.08944],[-119.67507,54.08921],[-119.67547,54.08895],[-119.6759,54.08874],[-119.67653,54.08855],[-119.67668,54.08828],[-119.67683,54.08817],[-119.67696,54.08799],[-119.6771,54.08789],[-119.67724,54.0878],[-119.67794,54.08741],[-119.67813,54.0874],[-119.67831,54.08735],[-119.67865,54.08719],[-119.67965,54.08687],[-119.6801,54.08668],[-119.68081,54.0867],[-119.68088,54.08667],[-119.68097,54.08662],[-119.68128,54.08655],[-119.68167,54.08657],[-119.68177,54.08666],[-119.68179,54.08667],[-119.68215,54.08686],[-119.68252,54.08702],[-119.68267,54.08707],[-119.68298,54.08728],[-119.68381,54.0877],[-119.68458,54.08816],[-119.68494,54.08842],[-119.68534,54.08864],[-119.6857,54.08889],[-119.68615,54.08907],[-119.68742,54.08941],[-119.68775,54.08949],[-119.68835,54.08959],[-119.6889,54.08972],[-119.68951,54.0898],[-119.69122,54.09013],[-119.69274,54.09075],[-119.69311,54.09094],[-119.69398,54.09128],[-119.69436,54.0915],[-119.69481,54.09168],[-119.69533,54.09181],[-119.69668,54.09234],[-119.69721,54.09248],[-119.6979,54.09251],[-119.69868,54.0925],[-119.69932,54.09243],[-119.69961,54.09234],[-119.69982,54.09228],[-119.70004,54.09196],[-119.69992,54.0916],[-119.70007,54.09147],[-119.70022,54.09134],[-119.70007,54.09116],[-119.7,54.09108],[-119.70007,54.09101],[-119.70023,54.09084],[-119.7028,54.09052],[-119.70341,54.0904],[-119.70417,54.09039],[-119.70481,54.09031],[-119.7054,54.09017],[-119.70644,54.08981],[-119.70752,54.08949],[-119.7082,54.08939],[-119.70891,54.08936],[-119.70958,54.08938],[-119.71015,54.08945],[-119.71124,54.08967],[-119.71188,54.0897],[-119.71242,54.08966],[-119.71255,54.08966],[-119.71336,54.08957],[-119.71392,54.08965],[-119.71436,54.08985],[-119.71473,54.08994],[-119.71489,54.08999],[-119.7155,54.09001],[-119.71585,54.08998],[-119.71679,54.08979],[-119.71753,54.08972],[-119.71824,54.0897],[-119.71964,54.08984],[-119.72061,54.09006],[-119.72174,54.09047],[-119.72215,54.09053],[-119.72362,54.0909],[-119.72438,54.09106],[-119.72461,54.09111],[-119.72489,54.09117],[-119.72507,54.09119],[-119.72548,54.09124],[-119.72612,54.09128],[-119.7275,54.09128],[-119.72824,54.09123],[-119.72925,54.09109],[-119.73194,54.09044],[-119.73246,54.09028],[-119.73282,54.0902],[-119.73399,54.09022],[-119.73459,54.09028],[-119.73546,54.0904],[-119.7367,54.09036],[-119.73733,54.09041],[-119.73742,54.09044],[-119.73779,54.09055],[-119.73797,54.09063],[-119.73846,54.0905],[-119.73895,54.09031],[-119.73938,54.09012],[-119.74,54.09002],[-119.74049,54.09003],[-119.74199,54.0903],[-119.74235,54.09037],[-119.74298,54.0904],[-119.74347,54.09053],[-119.7439,54.09073],[-119.74427,54.09097],[-119.74457,54.09126],[-119.74483,54.09159],[-119.74519,54.09184],[-119.74548,54.09197],[-119.74541,54.09207],[-119.74579,54.09231],[-119.74624,54.09248],[-119.74677,54.0926],[-119.74704,54.09261],[-119.74787,54.09284],[-119.74827,54.09306],[-119.74853,54.09338],[-119.74855,54.09351],[-119.74848,54.09376],[-119.74852,54.09385],[-119.74856,54.0939],[-119.74879,54.09414],[-119.74886,54.09417],[-119.74923,54.09432],[-119.74961,54.09439],[-119.74989,54.09444],[-119.75002,54.09446],[-119.75007,54.09447],[-119.75033,54.09451],[-119.75049,54.09451],[-119.75138,54.09474],[-119.75196,54.09489],[-119.75216,54.09463],[-119.75189,54.09432],[-119.75183,54.09417],[-119.75174,54.09392],[-119.75175,54.0939],[-119.75208,54.09312],[-119.75237,54.09297],[-119.75328,54.0929],[-119.75377,54.09294],[-119.75518,54.0929],[-119.75656,54.09279],[-119.75714,54.09287],[-119.75769,54.09298],[-119.75808,54.0932],[-119.7583,54.09353],[-119.75864,54.09371],[-119.75913,54.09386],[-119.75918,54.09389],[-119.75921,54.09392],[-119.75904,54.09389],[-119.75864,54.09384],[-119.75812,54.09372],[-119.75788,54.09389],[-119.75773,54.094],[-119.75803,54.09417],[-119.75808,54.09419],[-119.75866,54.09427],[-119.75931,54.09429],[-119.7594,54.09427],[-119.75988,54.09418],[-119.75996,54.09417],[-119.7604,54.09408],[-119.76092,54.09389],[-119.76192,54.09353],[-119.76241,54.09337],[-119.76356,54.09298],[-119.76428,54.09251],[-119.7645,54.09248],[-119.76446,54.09275],[-119.76457,54.09284],[-119.76498,54.09299],[-119.76548,54.09313],[-119.766,54.09297],[-119.7664,54.09274],[-119.76629,54.09236],[-119.76593,54.09211],[-119.76647,54.09209],[-119.76686,54.09229],[-119.76706,54.09267],[-119.76743,54.0929],[-119.76787,54.09283],[-119.76801,54.09273],[-119.76778,54.09197],[-119.76772,54.09155],[-119.76772,54.09115],[-119.76792,54.09077],[-119.76814,54.09053],[-119.76851,54.0903],[-119.76901,54.09012],[-119.7697,54.09003],[-119.77187,54.08985],[-119.77246,54.08997],[-119.7731,54.09022],[-119.77345,54.0903],[-119.77395,54.09044],[-119.7746,54.09053],[-119.77506,54.0906],[-119.77511,54.09061],[-119.77571,54.09067],[-119.77684,54.09085],[-119.77761,54.09077],[-119.77802,54.09059],[-119.77829,54.09044],[-119.77912,54.09059],[-119.77944,54.09068],[-119.77966,54.09072],[-119.78039,54.09068],[-119.78174,54.0905],[-119.78202,54.09044],[-119.78219,54.0904],[-119.78253,54.09034],[-119.78383,54.09046],[-119.78517,54.09047],[-119.78563,54.09028],[-119.78587,54.09016],[-119.78685,54.09018],[-119.78716,54.09029],[-119.78726,54.09036],[-119.78741,54.09035],[-119.78807,54.0903],[-119.78877,54.09028],[-119.7894,54.09032],[-119.79012,54.09031],[-119.7909,54.09026],[-119.79159,54.09018],[-119.79235,54.09013],[-119.793,54.09017],[-119.79358,54.09025],[-119.79441,54.09045],[-119.79458,54.09053],[-119.79497,54.09064],[-119.79512,54.09067],[-119.79538,54.09047],[-119.79564,54.09018],[-119.79577,54.08983],[-119.79606,54.0895],[-119.7961,54.08922],[-119.79607,54.08879],[-119.79624,54.08846],[-119.79661,54.08824],[-119.79706,54.08804],[-119.79757,54.08786],[-119.79909,54.08777],[-119.7996,54.08786],[-119.79965,54.08787],[-119.80006,54.08788],[-119.80032,54.08789],[-119.8001,54.08798],[-119.8009,54.08801],[-119.80199,54.08825],[-119.80242,54.08844],[-119.80282,54.08873],[-119.80294,54.08894],[-119.80338,54.089],[-119.80407,54.08894],[-119.80527,54.08868],[-119.80591,54.08858],[-119.80665,54.08855],[-119.80714,54.0887],[-119.80742,54.089],[-119.8078,54.08924],[-119.8082,54.08945],[-119.80922,54.09025],[-119.80952,54.09055],[-119.80978,54.09087],[-119.81011,54.09115],[-119.81072,54.09193],[-119.81126,54.09188],[-119.81241,54.09206],[-119.81244,54.09206],[-119.81263,54.09207],[-119.81247,54.09221],[-119.813,54.09233],[-119.81316,54.09232],[-119.81442,54.09211],[-119.81511,54.09211],[-119.81577,54.09225],[-119.81555,54.09211],[-119.81616,54.092],[-119.81696,54.09157],[-119.81719,54.09126],[-119.81776,54.0911],[-119.81794,54.09103],[-119.81843,54.09107],[-119.8188,54.0913],[-119.8191,54.0916],[-119.81902,54.09197],[-119.81858,54.09253],[-119.81859,54.09262],[-119.81907,54.09279],[-119.81967,54.09275],[-119.81987,54.09265],[-119.81982,54.09251],[-119.82001,54.09219],[-119.82047,54.092],[-119.8211,54.09204],[-119.82161,54.09217],[-119.8219,54.09249],[-119.82212,54.09285],[-119.82231,54.09367],[-119.82246,54.0939],[-119.82255,54.09404],[-119.8227,54.09404],[-119.82329,54.0941],[-119.82357,54.09417],[-119.82433,54.09436],[-119.82461,54.09441],[-119.82508,54.09449],[-119.82602,54.09465],[-119.82656,54.09478],[-119.827,54.09498],[-119.82737,54.0952],[-119.82753,54.09525],[-119.82773,54.09522],[-119.8289,54.09539],[-119.8293,54.09511],[-119.82899,54.09469],[-119.8291,54.09435],[-119.82942,54.09418],[-119.82948,54.09415],[-119.83002,54.09404],[-119.83054,54.09418],[-119.831,54.09435],[-119.83228,54.09443],[-119.83295,54.09445],[-119.83355,54.09453],[-119.83374,54.09488],[-119.8338,54.095],[-119.83398,54.09516],[-119.83432,54.09528],[-119.83467,54.09553],[-119.83504,54.09576],[-119.83516,54.09598],[-119.83557,54.09625],[-119.83599,54.09646],[-119.83632,54.09672],[-119.83662,54.09701],[-119.83743,54.09738],[-119.83748,54.0974],[-119.83806,54.09774],[-119.83824,54.09786],[-119.83909,54.09827],[-119.84007,54.09859],[-119.84088,54.09902],[-119.84185,54.09932],[-119.84222,54.09956],[-119.84266,54.09975],[-119.84305,54.09998],[-119.84328,54.10006],[-119.8439,54.10012],[-119.84605,54.10008],[-119.84759,54.09999],[-119.84815,54.10007],[-119.8488,54.10011],[-119.84954,54.10006],[-119.84963,54.10005],[-119.85009,54.09996],[-119.8508,54.09983],[-119.85242,54.0997],[-119.85281,54.09981],[-119.85259,54.1001],[-119.85211,54.10028],[-119.8516,54.10038],[-119.85128,54.10065],[-119.85131,54.10097],[-119.85197,54.101],[-119.85243,54.10109],[-119.85284,54.10131],[-119.85356,54.10129],[-119.85432,54.10124],[-119.85497,54.1011],[-119.85484,54.10078],[-119.85497,54.10044],[-119.8554,54.10028],[-119.85558,54.10027],[-119.85617,54.10027],[-119.85667,54.10042],[-119.85712,54.10061],[-119.85761,54.10076],[-119.85795,54.10084],[-119.85866,54.10102],[-119.8595,54.10132],[-119.8596,54.10136],[-119.86042,54.10178],[-119.86068,54.10199],[-119.86089,54.10215],[-119.86245,54.10298],[-119.86291,54.10322],[-119.8633,54.10345],[-119.8638,54.10364],[-119.86405,54.10367],[-119.86457,54.1038],[-119.86536,54.10425],[-119.86587,54.10439],[-119.86759,54.10517],[-119.86793,54.10541],[-119.86824,54.10569],[-119.86836,54.10611],[-119.86872,54.10687],[-119.86895,54.1072],[-119.86913,54.10754],[-119.86908,54.10763],[-119.86938,54.10786],[-119.86964,54.10817],[-119.86987,54.10855],[-119.87032,54.10927],[-119.87048,54.10928],[-119.87101,54.1094],[-119.87188,54.10936],[-119.8728,54.10946],[-119.8739,54.1097],[-119.87458,54.10973],[-119.87465,54.10974],[-119.87511,54.1098],[-119.87519,54.10981],[-119.87575,54.10992],[-119.87626,54.11007],[-119.87717,54.11042],[-119.878,54.11083],[-119.87837,54.11106],[-119.87921,54.11146],[-119.87966,54.11165],[-119.87999,54.11195],[-119.88037,54.11214],[-119.88071,54.11239],[-119.88095,54.11247],[-119.88119,54.11255],[-119.8816,54.11277],[-119.88169,54.11294],[-119.88138,54.11308],[-119.88115,54.11306],[-119.88116,54.11325],[-119.8809,54.11308],[-119.88059,54.11316],[-119.88059,54.11332],[-119.88094,54.11343],[-119.88123,54.11378],[-119.88129,54.11405],[-119.88136,54.11414],[-119.88139,54.11425],[-119.88132,54.11455],[-119.88158,54.11486],[-119.88189,54.11487],[-119.88223,54.11489],[-119.88231,54.11458],[-119.8837,54.11449],[-119.88434,54.1144],[-119.88448,54.11414],[-119.88492,54.114],[-119.88543,54.11389],[-119.8862,54.11333],[-119.88657,54.1131],[-119.88688,54.11283],[-119.88727,54.1126],[-119.88746,54.11253],[-119.88775,54.11243],[-119.88813,54.11235],[-119.88881,54.11213],[-119.88939,54.11201],[-119.88976,54.11177],[-119.88992,54.11145],[-119.89046,54.11121],[-119.89093,54.11106],[-119.89126,54.11085],[-119.8921,54.11044],[-119.89247,54.11021],[-119.89289,54.11001],[-119.89323,54.10976],[-119.89463,54.10921],[-119.89503,54.109],[-119.89537,54.10874],[-119.89569,54.10856],[-119.89571,54.10855],[-119.89576,54.1085],[-119.89579,54.10847],[-119.89597,54.10836],[-119.89603,54.10832],[-119.89616,54.10823],[-119.8964,54.10781],[-119.89656,54.1076],[-119.89703,54.10742],[-119.89743,54.10732],[-119.89771,54.10731],[-119.89815,54.10733],[-119.89831,54.10734],[-119.89862,54.10742],[-119.89912,54.10754],[-119.89949,54.10749],[-119.89965,54.10745],[-119.89994,54.10737],[-119.90011,54.10742],[-119.90044,54.10752],[-119.9011,54.10755],[-119.90172,54.10763],[-119.90238,54.10767],[-119.90308,54.10763],[-119.90376,54.10757],[-119.90521,54.10749],[-119.90587,54.10755],[-119.90654,54.10751],[-119.90759,54.10721],[-119.90868,54.10694],[-119.90913,54.10676],[-119.91025,54.10649],[-119.91092,54.10641],[-119.91164,54.10642],[-119.9123,54.10647],[-119.91246,54.10652],[-119.91388,54.10688],[-119.91448,54.10697],[-119.91512,54.10704],[-119.9157,54.10691],[-119.91616,54.10673],[-119.91656,54.10651],[-119.91702,54.10632],[-119.91765,54.10616],[-119.91805,54.10617],[-119.91924,54.10634],[-119.91986,54.10641],[-119.92087,54.10672],[-119.92129,54.10675],[-119.92172,54.1074],[-119.92208,54.10764],[-119.92237,54.10791],[-119.92288,54.10851],[-119.92291,54.10854],[-119.92321,54.10874],[-119.92422,54.10902],[-119.92465,54.10919],[-119.92511,54.10937],[-119.92558,54.10955],[-119.92607,54.10969],[-119.92697,54.11006],[-119.92738,54.11026],[-119.92772,54.11051],[-119.92828,54.1108],[-119.92921,54.11121],[-119.92987,54.11124],[-119.93059,54.11123],[-119.93121,54.11115],[-119.93178,54.11103],[-119.93239,54.1111],[-119.93293,54.11124],[-119.93338,54.11147],[-119.93478,54.11225],[-119.93503,54.11238],[-119.93577,54.11249],[-119.937,54.11236],[-119.93746,54.11239],[-119.93765,54.11241],[-119.9388,54.11262],[-119.93939,54.11271],[-119.93979,54.11288],[-119.94006,54.11309],[-119.94069,54.1135],[-119.94131,54.11381],[-119.94151,54.11392],[-119.94195,54.11411],[-119.94244,54.11427],[-119.94297,54.1144],[-119.94366,54.11444],[-119.94505,54.11432],[-119.94862,54.11438],[-119.94965,54.11434],[-119.95011,54.11432],[-119.95011,54.11432],[-119.95081,54.11434],[-119.95147,54.11439],[-119.95209,54.11447],[-119.95279,54.1145],[-119.95352,54.11447],[-119.95398,54.1144],[-119.95484,54.11425],[-119.95521,54.11425],[-119.95556,54.11425],[-119.95621,54.1143],[-119.95718,54.11432],[-119.95755,54.11423],[-119.95826,54.11395],[-119.95871,54.11373],[-119.95955,54.11312],[-119.95975,54.11281],[-119.95986,54.11251],[-119.95992,54.11243],[-119.96019,54.11228],[-119.96059,54.11168],[-119.96065,54.11157],[-119.96065,54.11113],[-119.9604,54.1103],[-119.96043,54.10986],[-119.96056,54.10947],[-119.96101,54.10853],[-119.9611,54.10835],[-119.96115,54.10805],[-119.96111,54.10759],[-119.96087,54.10688],[-119.96065,54.10646],[-119.96029,54.10601],[-119.9599,54.10577],[-119.95865,54.10511],[-119.95841,54.10477],[-119.95828,54.10437],[-119.95846,54.10401],[-119.95872,54.10366],[-119.9589,54.10336],[-119.95902,54.10324],[-119.95936,54.10307],[-119.95953,54.10286],[-119.96003,54.10256],[-119.961,54.10217],[-119.96158,54.10202],[-119.96226,54.10195],[-119.96245,54.10195],[-119.96363,54.10192],[-119.96406,54.10191],[-119.96472,54.102],[-119.96549,54.10219],[-119.96587,54.10224],[-119.96661,54.10217],[-119.96793,54.10197],[-119.96844,54.1018],[-119.96885,54.10159],[-119.96918,54.10132],[-119.96953,54.10103],[-119.96981,54.10073],[-119.97039,54.10004],[-119.9707,54.09985],[-119.97086,54.09979],[-119.97129,54.09971],[-119.97154,54.0997],[-119.97254,54.09979],[-119.97275,54.09978],[-119.97323,54.09969],[-119.97389,54.09939],[-119.97441,54.09898],[-119.97464,54.09858],[-119.97469,54.0985],[-119.97491,54.09825],[-119.97499,54.09809],[-119.97486,54.0977],[-119.97485,54.09736],[-119.97497,54.09703],[-119.97504,54.09694],[-119.9751,54.09689],[-119.97546,54.09665],[-119.97622,54.09633],[-119.97772,54.0958],[-119.97877,54.09535],[-119.97976,54.09508],[-119.98035,54.09495],[-119.9823,54.09465],[-119.98264,54.09463],[-119.98325,54.0946],[-119.98409,54.09455],[-119.9852,54.09469],[-119.98709,54.09474],[-119.98744,54.09473],[-119.98786,54.09471],[-119.98872,54.09472],[-119.98939,54.09482],[-119.99011,54.09492],[-119.99096,54.09495],[-119.99212,54.09513],[-119.99225,54.09513],[-119.99273,54.09522],[-119.99291,54.09542],[-119.99294,54.09556],[-119.99252,54.09599],[-119.99245,54.09622],[-119.99246,54.09631],[-119.99279,54.09649],[-119.99353,54.09647],[-119.99427,54.09642],[-119.99468,54.09644],[-119.99539,54.09665],[-119.99628,54.09704],[-119.9967,54.09726],[-119.99713,54.0976],[-119.9974,54.09776],[-119.99803,54.0983],[-119.99871,54.09895],[-119.99893,54.0992],[-119.99905,54.09942],[-119.99916,54.09952],[-119.99934,54.09982],[-119.99946,54.09997],[-119.99947,54.09997],[-119.99959,54.10007],[-119.99963,54.10011],[-119.99968,54.10017],[-119.99983,54.10056],[-119.99992,54.10093],[-120.00009,54.10117],[-120.00019,54.10131],[-120.0002,54.10133],[-120.00076,54.10194],[-120.00097,54.1023],[-120.00103,54.10262],[-120.00109,54.10273],[-120.00133,54.10297],[-120.00133,54.10132],[-120.00133,54.09391],[-120.00133,54.08668],[-120.00134,54.07946],[-120.00134,54.07713],[-120.00134,54.07223],[-120.00133,54.06503],[-120.00133,54.06476],[-120.00133,54.05756],[-120.00133,54.05033],[-120.00133,54.0431],[-120.00133,54.0357],[-120.00133,54.02847],[-120.00133,54.02241],[-120.00133,54.02124],[-120.00133,54.01402],[-120.00133,54.01279],[-120.00134,54.00661],[-120.00134,53.99938],[-120.00134,53.99215],[-120.00133,53.98492],[-120.00133,53.97752],[-120.00133,53.97029],[-120.00133,53.96306],[-120.00133,53.95583],[-120.00132,53.94842],[-120.00132,53.9412],[-120.00132,53.93397],[-120.00132,53.92674],[-120.00132,53.92088],[-120.00132,53.91933],[-120.00132,53.9121],[-120.00132,53.91124],[-120.00132,53.90487],[-120.00132,53.89765],[-120.00132,53.89024],[-120.00132,53.88333],[-120.00132,53.88301],[-120.00132,53.87578],[-120.00132,53.86856],[-120.00132,53.86115],[-120.00132,53.85392],[-120.00132,53.84669],[-120.00132,53.83946],[-120.00132,53.83506],[-120.00132,53.83205],[-120.00133,53.82483],[-120.00133,53.8176],[-120.00133,53.81622],[-120.00133,53.81037],[-120.00133,53.80297],[-120.00133,53.79866],[-120.00109,53.79889],[-120.00098,53.79905],[-120.0006,53.80125],[-120.00033,53.80184],[-120.00023,53.802],[-119.99978,53.80296],[-119.99952,53.80347],[-119.99919,53.80393],[-119.99898,53.80411],[-119.9986,53.80433],[-119.9984,53.80442],[-119.99824,53.80447],[-119.99797,53.80452],[-119.9977,53.80454],[-119.99735,53.80452],[-119.99656,53.80453],[-119.99619,53.80449],[-119.99504,53.80434],[-119.99411,53.80419],[-119.99381,53.80413],[-119.99347,53.80409],[-119.9932,53.80407],[-119.99249,53.80405],[-119.99196,53.80399],[-119.99137,53.8038],[-119.98989,53.80332],[-119.98926,53.8031],[-119.98899,53.80291],[-119.98871,53.80264],[-119.98735,53.80178],[-119.98618,53.8012],[-119.98529,53.80064],[-119.98487,53.80044],[-119.98448,53.80032],[-119.98391,53.80024],[-119.98179,53.80021],[-119.98149,53.80016],[-119.98131,53.80008],[-119.98113,53.79994],[-119.98108,53.79979],[-119.98111,53.79967],[-119.98231,53.79893],[-119.98318,53.79793],[-119.98335,53.79758],[-119.9834,53.79721],[-119.98293,53.79249],[-119.98274,53.79157],[-119.98254,53.79134],[-119.98186,53.79078],[-119.98146,53.79052],[-119.98101,53.79031],[-119.98036,53.79015],[-119.9792,53.78992],[-119.97757,53.78978],[-119.97718,53.78971],[-119.97673,53.78959],[-119.97574,53.78937],[-119.97526,53.78922],[-119.97466,53.78893],[-119.97381,53.78832],[-119.97306,53.78749],[-119.97205,53.78644],[-119.97133,53.78577],[-119.97092,53.78544],[-119.97053,53.78528],[-119.97012,53.78515],[-119.96937,53.78497],[-119.96806,53.78437],[-119.96597,53.78331],[-119.96499,53.78279],[-119.96473,53.78259],[-119.96447,53.78217],[-119.96441,53.78199],[-119.96419,53.78136],[-119.96395,53.78102],[-119.96367,53.78086],[-119.96313,53.7807],[-119.9622,53.78055],[-119.96131,53.78051],[-119.9597,53.78051],[-119.95942,53.78048],[-119.9592,53.78041],[-119.95883,53.78034],[-119.95824,53.78018],[-119.95749,53.77987],[-119.95642,53.77917],[-119.95452,53.77809],[-119.95397,53.77778],[-119.94934,53.77534],[-119.94894,53.77521],[-119.94846,53.77514],[-119.94778,53.77513],[-119.94722,53.77507],[-119.94626,53.77502],[-119.94493,53.775],[-119.94393,53.77504],[-119.94197,53.77504],[-119.94099,53.77508],[-119.93871,53.77528],[-119.9375,53.77535],[-119.93597,53.77546],[-119.93371,53.77555],[-119.93255,53.77577],[-119.93166,53.776],[-119.93039,53.77637],[-119.92922,53.77728],[-119.92828,53.77724],[-119.92315,53.77602],[-119.91873,53.77637],[-119.91341,53.77688],[-119.90907,53.77747],[-119.90524,53.77803],[-119.90367,53.77828],[-119.90298,53.77841],[-119.90222,53.77848],[-119.90129,53.77848],[-119.89979,53.77843],[-119.89812,53.7784],[-119.89655,53.77828],[-119.88875,53.7764],[-119.88897,53.77587],[-119.88944,53.77488],[-119.88971,53.77412],[-119.88974,53.77389],[-119.88951,53.77257],[-119.88961,53.77188],[-119.88981,53.76963],[-119.88996,53.76925],[-119.89019,53.769],[-119.89038,53.76889],[-119.89201,53.76855],[-119.89398,53.76833],[-119.89475,53.7682],[-119.89515,53.76802],[-119.89558,53.76774],[-119.89595,53.76743],[-119.89619,53.7671],[-119.89624,53.76685],[-119.89621,53.76663],[-119.89586,53.76635],[-119.89561,53.76615],[-119.89529,53.76544],[-119.89497,53.76495],[-119.89469,53.76469],[-119.89431,53.76456],[-119.8937,53.76445],[-119.89301,53.76442],[-119.89164,53.76422],[-119.89111,53.76389],[-119.89081,53.76357],[-119.89076,53.76314],[-119.89046,53.76243],[-119.89025,53.76199],[-119.89054,53.76174],[-119.8908,53.76137],[-119.89188,53.76085],[-119.89252,53.76064],[-119.89315,53.7604],[-119.89391,53.75975],[-119.89586,53.75752],[-119.89623,53.75732],[-119.89684,53.75713],[-119.89717,53.757],[-119.89731,53.75691],[-119.89765,53.75661],[-119.89785,53.75619],[-119.89795,53.75564],[-119.89788,53.75522],[-119.89771,53.75506],[-119.89732,53.75488],[-119.89671,53.75474],[-119.89633,53.75461],[-119.89613,53.75448],[-119.89598,53.75427],[-119.89586,53.75393],[-119.8956,53.75362],[-119.89497,53.75337],[-119.89422,53.75318],[-119.89335,53.75297],[-119.89257,53.75274],[-119.89183,53.75254],[-119.89111,53.7523],[-119.89068,53.75212],[-119.89049,53.752],[-119.89026,53.75168],[-119.89035,53.7512],[-119.89091,53.75001],[-119.89091,53.74997],[-119.89121,53.74902],[-119.8919,53.74789],[-119.89318,53.74637],[-119.89417,53.7456],[-119.89483,53.74504],[-119.8953,53.74436],[-119.89561,53.74359],[-119.89575,53.74286],[-119.89583,53.74255],[-119.8962,53.74211],[-119.89728,53.7411],[-119.8982,53.74063],[-119.89937,53.74015],[-119.90044,53.73982],[-119.90164,53.73922],[-119.90262,53.73862],[-119.90362,53.73793],[-119.90399,53.73763],[-119.90409,53.73742],[-119.90412,53.73717],[-119.90402,53.73663],[-119.90371,53.73612],[-119.90202,53.73455],[-119.90113,53.73386],[-119.90036,53.73336],[-119.90011,53.73308],[-119.90003,53.73238],[-119.89978,53.73202],[-119.89937,53.73147],[-119.89886,53.73105],[-119.89839,53.73029],[-119.89815,53.72981],[-119.89778,53.72929],[-119.89769,53.72889],[-119.89768,53.7284],[-119.89781,53.72819],[-119.8984,53.72761],[-119.89969,53.72643],[-119.90054,53.72582],[-119.90164,53.72522],[-119.90363,53.7239],[-119.90515,53.72251],[-119.90547,53.72237],[-119.90577,53.72229],[-119.90681,53.72218],[-119.90859,53.72193],[-119.91005,53.72156],[-119.91155,53.72094],[-119.9138,53.71997],[-119.91515,53.71934],[-119.91627,53.71872],[-119.91662,53.71834],[-119.91677,53.71805],[-119.9167,53.71738],[-119.91646,53.71697],[-119.91558,53.71614],[-119.91432,53.71475],[-119.91352,53.71367],[-119.91254,53.71204],[-119.91222,53.71157],[-119.91184,53.71128],[-119.91124,53.71093],[-119.9105,53.71056],[-119.90948,53.71008],[-119.9083,53.70976],[-119.90679,53.70942],[-119.90589,53.70918],[-119.9046,53.7089],[-119.90298,53.70852],[-119.90219,53.7084],[-119.90057,53.70836],[-119.90012,53.70838],[-119.8994,53.70837],[-119.89896,53.70839],[-119.89862,53.70845],[-119.89713,53.70899],[-119.89612,53.70948],[-119.89559,53.7097],[-119.89508,53.70985],[-119.89418,53.71012],[-119.89344,53.71031],[-119.89235,53.71052],[-119.89094,53.71064],[-119.89026,53.71061],[-119.8888,53.71053],[-119.88719,53.71039],[-119.88547,53.71028],[-119.88411,53.71023],[-119.88317,53.71022],[-119.88224,53.71024],[-119.88188,53.71033],[-119.88143,53.71054],[-119.88111,53.71085],[-119.88081,53.71129],[-119.88029,53.71171],[-119.87956,53.71212],[-119.87716,53.71306],[-119.87645,53.7133],[-119.87574,53.71346],[-119.87482,53.71362],[-119.8738,53.71373],[-119.87227,53.714],[-119.87117,53.71424],[-119.87042,53.71436],[-119.87007,53.71434],[-119.86919,53.71423],[-119.86806,53.71401],[-119.86682,53.71364],[-119.8659,53.71322],[-119.86503,53.71285],[-119.86443,53.71256],[-119.86402,53.71242],[-119.86337,53.71232],[-119.86234,53.71227],[-119.86153,53.71218],[-119.85893,53.71225],[-119.85768,53.71237],[-119.85636,53.71258],[-119.85165,53.71296],[-119.84992,53.71308],[-119.84915,53.71308],[-119.84862,53.71302],[-119.84808,53.7129],[-119.84759,53.71275],[-119.84703,53.71248],[-119.84673,53.71184],[-119.84672,53.71137],[-119.84653,53.71084],[-119.84649,53.71042],[-119.84655,53.70981],[-119.84645,53.70906],[-119.84603,53.70701],[-119.84605,53.70641],[-119.84603,53.70531],[-119.84627,53.70458],[-119.84717,53.70292],[-119.84729,53.70059],[-119.8473,53.70033],[-119.84714,53.70021],[-119.84666,53.69978],[-119.84586,53.69928],[-119.84455,53.69823],[-119.84376,53.69776],[-119.84292,53.69709],[-119.84235,53.69654],[-119.84206,53.69614],[-119.84169,53.69552],[-119.84142,53.69511],[-119.8411,53.69481],[-119.84055,53.69478],[-119.83981,53.6947],[-119.8389,53.69464],[-119.83786,53.69454],[-119.83673,53.6945],[-119.83558,53.69454],[-119.83479,53.69461],[-119.83327,53.69496],[-119.83174,53.69535],[-119.83059,53.69558],[-119.82921,53.6959],[-119.82849,53.69631],[-119.827,53.69707],[-119.82588,53.69793],[-119.82475,53.69877],[-119.82344,53.69962],[-119.82239,53.70049],[-119.82142,53.70144],[-119.82076,53.70204],[-119.82055,53.70215],[-119.82021,53.70223],[-119.81967,53.70231],[-119.8166,53.70228],[-119.81505,53.70221],[-119.8147,53.70225],[-119.81425,53.70236],[-119.81392,53.70249],[-119.8136,53.70266],[-119.81318,53.70281],[-119.81283,53.70296],[-119.81238,53.70319],[-119.81223,53.70335],[-119.81185,53.70396],[-119.81162,53.70423],[-119.81127,53.70458],[-119.81086,53.70491],[-119.80984,53.70552],[-119.80908,53.70583],[-119.80813,53.70617],[-119.80643,53.70669],[-119.80603,53.70678],[-119.80555,53.70686],[-119.80507,53.7069],[-119.80455,53.70689],[-119.80378,53.70677],[-119.8032,53.70671],[-119.80209,53.70655],[-119.80092,53.70628],[-119.79991,53.70594],[-119.79869,53.70539],[-119.79787,53.70491],[-119.7971,53.7045],[-119.79622,53.70406],[-119.79545,53.70382],[-119.79441,53.70362],[-119.79334,53.70342],[-119.79273,53.70325],[-119.7923,53.70291],[-119.79206,53.70232],[-119.79194,53.70001],[-119.7918,53.69616],[-119.79176,53.6957],[-119.79163,53.69555],[-119.78975,53.69419],[-119.78348,53.69196],[-119.78168,53.6912],[-119.77927,53.68994],[-119.77866,53.68964],[-119.7781,53.68931],[-119.77772,53.689],[-119.77752,53.68871],[-119.77727,53.68823],[-119.77719,53.68774],[-119.77705,53.68722],[-119.77704,53.68688],[-119.77682,53.68612],[-119.77685,53.68556],[-119.77692,53.68514],[-119.7771,53.68482],[-119.78021,53.68306],[-119.77872,53.68038],[-119.77632,53.67969],[-119.77548,53.67936],[-119.77505,53.67911],[-119.77454,53.67866],[-119.77384,53.67623],[-119.77245,53.67503],[-119.77233,53.67489],[-119.76485,53.67334],[-119.76445,53.67315],[-119.76391,53.67273],[-119.76365,53.67244],[-119.76365,53.67205],[-119.76378,53.67171],[-119.76383,53.67138],[-119.76381,53.67117],[-119.7636,53.67104],[-119.76332,53.67072],[-119.763,53.66996],[-119.76289,53.66929],[-119.76129,53.66831],[-119.76005,53.66764],[-119.75132,53.66598],[-119.75002,53.66564],[-119.74989,53.66561],[-119.74952,53.66551],[-119.74838,53.66519],[-119.74678,53.66497],[-119.74433,53.66471],[-119.74175,53.6644],[-119.74038,53.66421],[-119.73997,53.66405],[-119.73981,53.66389],[-119.73971,53.6638],[-119.73944,53.66347],[-119.73934,53.66297],[-119.73902,53.66229],[-119.7383,53.66023],[-119.73821,53.65964],[-119.73856,53.65845],[-119.73901,53.65776],[-119.7394,53.65737],[-119.73979,53.65692],[-119.73999,53.65663],[-119.74008,53.6563],[-119.74008,53.65607],[-119.74001,53.65572],[-119.73986,53.65524],[-119.73964,53.65427],[-119.73944,53.65384],[-119.73923,53.65357],[-119.73866,53.65308],[-119.7381,53.6527],[-119.73802,53.65256],[-119.73794,53.65232],[-119.73766,53.65189],[-119.73741,53.65138],[-119.73731,53.65094],[-119.73735,53.65057],[-119.7376,53.65021],[-119.73866,53.64937],[-119.73904,53.64903],[-119.7394,53.64883],[-119.73985,53.64849],[-119.74037,53.64816],[-119.74078,53.64786],[-119.74102,53.64756],[-119.74117,53.64722],[-119.74125,53.64697],[-119.74132,53.64649],[-119.74129,53.64619],[-119.74122,53.64596],[-119.74109,53.64574],[-119.7411,53.64562],[-119.74137,53.64546],[-119.7416,53.64527],[-119.74167,53.64514],[-119.74185,53.64462],[-119.74183,53.64445],[-119.74178,53.64433],[-119.74088,53.64336],[-119.74059,53.6427],[-119.74053,53.64235],[-119.74053,53.64201],[-119.7405,53.64188],[-119.74004,53.64074],[-119.73986,53.64038],[-119.73985,53.64025],[-119.7399,53.64011],[-119.73995,53.63956],[-119.73977,53.63856],[-119.73931,53.63765],[-119.73892,53.63652],[-119.7388,53.6363],[-119.73847,53.63597],[-119.73816,53.6355],[-119.73797,53.63501],[-119.73792,53.63466],[-119.738,53.63395],[-119.738,53.63329],[-119.73791,53.63309],[-119.73765,53.63293],[-119.73739,53.63272],[-119.73732,53.6325],[-119.73764,53.63202],[-119.73769,53.63184],[-119.73767,53.63163],[-119.73757,53.63148],[-119.73738,53.63138],[-119.73535,53.63095],[-119.73475,53.6308],[-119.73351,53.63024],[-119.73324,53.63007],[-119.73134,53.62937],[-119.7306,53.62904],[-119.73015,53.62875],[-119.72948,53.62811],[-119.72886,53.62764],[-119.72835,53.62734],[-119.72795,53.62713],[-119.72715,53.62661],[-119.7265,53.6261],[-119.72593,53.62549],[-119.72567,53.62508],[-119.72563,53.62501],[-119.72461,53.62335],[-119.72389,53.62226],[-119.72359,53.62194],[-119.72311,53.62154],[-119.72236,53.62106],[-119.72141,53.62064],[-119.72117,53.62044],[-119.72096,53.62012],[-119.72076,53.61963],[-119.72064,53.61897],[-119.72042,53.61843],[-119.72021,53.61804],[-119.71991,53.61744],[-119.7198,53.61729],[-119.71957,53.6171],[-119.71884,53.6169],[-119.71869,53.61688],[-119.71834,53.6168],[-119.71803,53.61666],[-119.71761,53.61655],[-119.71709,53.61632],[-119.71694,53.61617],[-119.71686,53.61592],[-119.71687,53.61535],[-119.71693,53.61493],[-119.71693,53.61447],[-119.71686,53.61387],[-119.71647,53.6126],[-119.71646,53.61232],[-119.71656,53.61135],[-119.71659,53.61118],[-119.71676,53.61072],[-119.71694,53.61031],[-119.71707,53.6102],[-119.71736,53.61011],[-119.71793,53.61002],[-119.71882,53.60997],[-119.71927,53.60992],[-119.71946,53.60986],[-119.72785,53.60667],[-119.72823,53.60654],[-119.72937,53.60626],[-119.73123,53.60593],[-119.73241,53.60576],[-119.73398,53.60564],[-119.73448,53.60561],[-119.73465,53.60559],[-119.73503,53.60551],[-119.73538,53.60541],[-119.73586,53.60516],[-119.73605,53.60502],[-119.73636,53.60467],[-119.73681,53.60425],[-119.73721,53.60392],[-119.73826,53.60318],[-119.73867,53.60281],[-119.73898,53.60246],[-119.73926,53.60206],[-119.73964,53.60169],[-119.74058,53.60095],[-119.74101,53.60067],[-119.74247,53.59952],[-119.7431,53.59893],[-119.7432,53.59869],[-119.74325,53.5981],[-119.74336,53.59772],[-119.74346,53.59748],[-119.74378,53.59698],[-119.7441,53.59662],[-119.74503,53.5952],[-119.74536,53.5948],[-119.74577,53.59424],[-119.74613,53.59389],[-119.74665,53.59347],[-119.74804,53.59234],[-119.74889,53.5917],[-119.74945,53.59119],[-119.75002,53.5909],[-119.75006,53.59087],[-119.75059,53.59073],[-119.75131,53.59068],[-119.7522,53.5905],[-119.75443,53.59028],[-119.75539,53.59021],[-119.7566,53.59023],[-119.75759,53.59034],[-119.75842,53.59037],[-119.7594,53.59039],[-119.76052,53.59062],[-119.76145,53.591],[-119.7621,53.59112],[-119.76285,53.59116],[-119.76345,53.59111],[-119.76506,53.59082],[-119.76689,53.59046],[-119.76725,53.5904],[-119.76818,53.59022],[-119.76939,53.59002],[-119.77028,53.58998],[-119.77269,53.59005],[-119.77482,53.59032],[-119.77864,53.59087],[-119.77994,53.59098],[-119.78136,53.59118],[-119.78224,53.59144],[-119.78315,53.59179],[-119.78415,53.59229],[-119.78511,53.59273],[-119.78703,53.59386],[-119.78755,53.59444],[-119.78779,53.59476],[-119.788,53.59517],[-119.78807,53.59583],[-119.78803,53.59623],[-119.78808,53.59657],[-119.78824,53.59677],[-119.78842,53.59693],[-119.78896,53.59732],[-119.78927,53.59767],[-119.7902,53.59962],[-119.79071,53.60015],[-119.79097,53.6005],[-119.79117,53.60091],[-119.79132,53.60103],[-119.79146,53.6011],[-119.79168,53.60108],[-119.79277,53.60108],[-119.79412,53.60119],[-119.79517,53.60125],[-119.79608,53.60141],[-119.79677,53.60157],[-119.79844,53.60238],[-119.79908,53.60262],[-119.80003,53.6031],[-119.80085,53.60331],[-119.80165,53.60345],[-119.8022,53.60352],[-119.80271,53.60356],[-119.80323,53.60355],[-119.80413,53.60346],[-119.80548,53.60328],[-119.80681,53.60305],[-119.80845,53.60288],[-119.8094,53.60287],[-119.81062,53.6028],[-119.81163,53.60268],[-119.8124,53.60246],[-119.81377,53.60194],[-119.81416,53.60184],[-119.81439,53.60176],[-119.81483,53.60177],[-119.81581,53.60189],[-119.8172,53.60211],[-119.81801,53.60231],[-119.81901,53.60271],[-119.81933,53.60296],[-119.81969,53.60339],[-119.81987,53.60358],[-119.82013,53.60371],[-119.82116,53.60397],[-119.82365,53.6049],[-119.82503,53.60544],[-119.82601,53.60593],[-119.8264,53.60619],[-119.82668,53.60644],[-119.82678,53.60699],[-119.82711,53.60738],[-119.8274,53.60765],[-119.82768,53.60784],[-119.8284,53.60812],[-119.82951,53.60847],[-119.83028,53.60876],[-119.83101,53.60908],[-119.8315,53.60943],[-119.83201,53.60984],[-119.83224,53.60997],[-119.83243,53.61001],[-119.83264,53.60996],[-119.8328,53.60981],[-119.83302,53.60942],[-119.83329,53.60922],[-119.83449,53.60882],[-119.83606,53.60846],[-119.83672,53.60821],[-119.8373,53.60796],[-119.83793,53.60775],[-119.83876,53.60732],[-119.83971,53.60711],[-119.84058,53.60701],[-119.84124,53.60686],[-119.84189,53.60676],[-119.84232,53.60661],[-119.84311,53.60621],[-119.84405,53.60576],[-119.84504,53.60557],[-119.84614,53.60546],[-119.84694,53.60545],[-119.84801,53.60541],[-119.84977,53.60548],[-119.85042,53.60556],[-119.85116,53.60572],[-119.85239,53.60595],[-119.85342,53.60608],[-119.85412,53.60613],[-119.85514,53.60613],[-119.85619,53.60624],[-119.85673,53.60633],[-119.86007,53.60722],[-119.86107,53.60752],[-119.8622,53.608],[-119.86493,53.60932],[-119.86683,53.61012],[-119.8687,53.61127],[-119.86956,53.61185],[-119.8701,53.61217],[-119.87058,53.61253],[-119.87104,53.61292],[-119.87159,53.61325],[-119.87292,53.61426],[-119.87468,53.6155],[-119.87524,53.61591],[-119.8757,53.61612],[-119.87649,53.61637],[-119.87736,53.6168],[-119.87785,53.61708],[-119.87816,53.61754],[-119.87833,53.61792],[-119.87858,53.6182],[-119.87876,53.61833],[-119.87895,53.61839],[-119.87925,53.61839],[-119.87962,53.61827],[-119.88069,53.61731],[-119.88098,53.61709],[-119.88258,53.61619],[-119.88381,53.61565],[-119.88439,53.6155],[-119.88481,53.61546],[-119.88543,53.6155],[-119.88619,53.61567],[-119.88803,53.61586],[-119.88851,53.6159],[-119.88885,53.61597],[-119.88919,53.61615],[-119.88961,53.61641],[-119.89027,53.61667],[-119.89203,53.61722],[-119.89273,53.61751],[-119.89391,53.61793],[-119.89517,53.61836],[-119.89804,53.6191],[-119.89878,53.61913],[-119.89941,53.61928],[-119.90048,53.61974],[-119.90084,53.61985],[-119.90159,53.61999],[-119.90252,53.62004],[-119.90299,53.62002],[-119.90325,53.61996],[-119.90348,53.61984],[-119.90362,53.61973],[-119.90389,53.61946],[-119.90444,53.61901],[-119.90537,53.61843],[-119.90669,53.61786],[-119.90783,53.61744],[-119.90918,53.61697],[-119.91004,53.61676],[-119.9109,53.61668],[-119.91179,53.61667],[-119.91218,53.61667],[-119.91323,53.61659],[-119.91469,53.61642],[-119.916,53.61625],[-119.91703,53.61598],[-119.91816,53.61561],[-119.91944,53.61531],[-119.92106,53.6149],[-119.92177,53.61454],[-119.92365,53.61326],[-119.92697,53.61083],[-119.92892,53.60993],[-119.93025,53.60942],[-119.93112,53.60912],[-119.93148,53.60897],[-119.93159,53.60885],[-119.93157,53.60876],[-119.93149,53.60867],[-119.9313,53.60856],[-119.92997,53.60794],[-119.92922,53.60746],[-119.92872,53.60712],[-119.92773,53.60664],[-119.92645,53.60632],[-119.92561,53.60598],[-119.92514,53.60573],[-119.92338,53.60507],[-119.92231,53.60478],[-119.92173,53.6044],[-119.92091,53.60363],[-119.91983,53.603],[-119.91915,53.60272],[-119.9184,53.60247],[-119.91776,53.60216],[-119.91731,53.60181],[-119.91715,53.60153],[-119.91712,53.60133],[-119.91698,53.60111],[-119.91682,53.60091],[-119.91636,53.60052],[-119.91583,53.60018],[-119.91546,53.60002],[-119.91402,53.59985],[-119.91281,53.59964],[-119.91213,53.59943],[-119.91181,53.59922],[-119.91141,53.59876],[-119.91108,53.59827],[-119.91087,53.5979],[-119.91083,53.59747],[-119.91084,53.59703],[-119.91096,53.59668],[-119.91095,53.59623],[-119.91081,53.59601],[-119.91022,53.59536],[-119.9087,53.59357],[-119.90619,53.59075],[-119.90564,53.59017],[-119.90435,53.58907],[-119.90262,53.58774],[-119.90076,53.58636],[-119.89955,53.58548],[-119.89725,53.58419],[-119.89228,53.58122],[-119.89192,53.58089],[-119.89177,53.58038],[-119.89162,53.57971],[-119.89172,53.57915],[-119.89206,53.57848],[-119.89222,53.57822],[-119.89277,53.57759],[-119.89321,53.57702],[-119.8935,53.57646],[-119.89348,53.57607],[-119.89339,53.57592],[-119.89259,53.57525],[-119.89228,53.57491],[-119.89184,53.57454],[-119.89163,53.57431],[-119.89124,53.57415],[-119.89085,53.57401],[-119.89019,53.57389],[-119.88953,53.57384],[-119.88786,53.57361],[-119.88742,53.57348],[-119.88715,53.57334],[-119.88689,53.57315],[-119.88663,53.57286],[-119.88622,53.57254],[-119.8848,53.57184],[-119.88411,53.57153],[-119.88351,53.57121],[-119.88212,53.57043],[-119.88143,53.56984],[-119.88115,53.56955],[-119.88087,53.56921],[-119.88068,53.56882],[-119.88059,53.56873],[-119.87919,53.56797],[-119.87872,53.56776],[-119.87811,53.56754],[-119.87709,53.56729],[-119.87629,53.56706],[-119.8755,53.56702],[-119.87455,53.567],[-119.87366,53.56689],[-119.87273,53.5667],[-119.8718,53.56632],[-119.87123,53.56601],[-119.87088,53.56579],[-119.87067,53.56546],[-119.87044,53.56442],[-119.87049,53.564],[-119.87063,53.56352],[-119.8706,53.56322],[-119.87043,53.56305],[-119.86926,53.56244],[-119.86678,53.5613],[-119.86635,53.56082],[-119.86605,53.56035],[-119.86579,53.55901],[-119.86568,53.55862],[-119.86535,53.55824],[-119.86466,53.55769],[-119.86389,53.55665],[-119.86344,53.55598],[-119.86298,53.55502],[-119.86259,53.55456],[-119.86232,53.5541],[-119.8619,53.55316],[-119.86268,53.55225],[-119.86326,53.55139],[-119.86378,53.55077],[-119.86406,53.55025],[-119.86422,53.54974],[-119.8643,53.54936],[-119.86436,53.5488],[-119.86434,53.5484],[-119.8646,53.54734],[-119.86498,53.54692],[-119.86532,53.54667],[-119.86555,53.54632],[-119.86617,53.54618],[-119.86665,53.54604],[-119.86885,53.5455],[-119.86942,53.54539],[-119.87046,53.54489],[-119.87102,53.54474],[-119.87203,53.54459],[-119.87297,53.5444],[-119.87409,53.54431],[-119.87664,53.54426],[-119.87739,53.54427],[-119.87754,53.54422],[-119.8776,53.54407],[-119.87794,53.54365],[-119.87819,53.5434],[-119.87872,53.54299],[-119.88066,53.54166],[-119.88273,53.54006],[-119.88407,53.53931],[-119.88497,53.53876],[-119.88598,53.53805],[-119.88675,53.53745],[-119.88707,53.53707],[-119.88747,53.53673],[-119.88907,53.53582],[-119.88933,53.53572],[-119.89004,53.53538],[-119.89038,53.53525],[-119.8908,53.53516],[-119.89137,53.53506],[-119.89204,53.53505],[-119.8938,53.53507],[-119.8956,53.53513],[-119.89622,53.53511],[-119.89762,53.53511],[-119.89843,53.53514],[-119.89892,53.53512],[-119.89898,53.53498],[-119.89912,53.53325],[-119.89938,53.53259],[-119.89948,53.53224],[-119.89954,53.53188],[-119.89957,53.5311],[-119.89962,53.53066],[-119.8996,53.53007],[-119.8996,53.52936],[-119.89993,53.52731],[-119.89996,53.52561],[-119.90012,53.5248],[-119.90019,53.52406],[-119.90014,53.52355],[-119.90014,53.52314],[-119.90021,53.52288],[-119.90033,53.52273],[-119.90054,53.52258],[-119.9011,53.52226],[-119.90138,53.52192],[-119.90159,53.52167],[-119.90163,53.52121],[-119.90156,53.52103],[-119.90136,53.52071],[-119.90097,53.51997],[-119.90085,53.51958],[-119.90085,53.51903],[-119.90093,53.51842],[-119.90113,53.51756],[-119.90121,53.5171],[-119.9012,53.51662],[-119.9011,53.51644],[-119.90094,53.51629],[-119.90078,53.51619],[-119.90024,53.51599],[-119.89966,53.51591],[-119.89918,53.51574],[-119.89878,53.51535],[-119.89832,53.51497],[-119.89777,53.51464],[-119.89622,53.51406],[-119.89499,53.51367],[-119.89467,53.5135],[-119.89425,53.51305],[-119.8938,53.51269],[-119.89346,53.51236],[-119.89262,53.5118],[-119.89148,53.51084],[-119.88974,53.50961],[-119.8893,53.5094],[-119.88903,53.50931],[-119.88761,53.50912],[-119.887,53.50898],[-119.88664,53.5088],[-119.88612,53.50847],[-119.88538,53.50816],[-119.87999,53.50708],[-119.87806,53.50666],[-119.87748,53.50657],[-119.87703,53.50646],[-119.87669,53.5063],[-119.8763,53.50605],[-119.87614,53.50587],[-119.87609,53.50571],[-119.87609,53.50509],[-119.87594,53.50476],[-119.87577,53.50457],[-119.87514,53.50423],[-119.87331,53.50384],[-119.87233,53.50359],[-119.87092,53.50292],[-119.86891,53.5019],[-119.86662,53.50056],[-119.86612,53.5003],[-119.86554,53.50024],[-119.86519,53.50026],[-119.86259,53.50109],[-119.86106,53.50142],[-119.85925,53.50178],[-119.8583,53.502],[-119.85709,53.50225],[-119.85606,53.50242],[-119.85532,53.50266],[-119.85503,53.50285],[-119.8546,53.50353],[-119.85415,53.50511],[-119.85364,53.50587],[-119.853,53.50709],[-119.85209,53.50837],[-119.85153,53.50927],[-119.85119,53.50989],[-119.85107,53.51006],[-119.8505,53.5113],[-119.85033,53.5115],[-119.85001,53.51168],[-119.84949,53.51194],[-119.84864,53.51223],[-119.84724,53.51276],[-119.84633,53.51296],[-119.84537,53.51344],[-119.84383,53.51465],[-119.84279,53.51526],[-119.84224,53.51565],[-119.84189,53.51594],[-119.84139,53.51644],[-119.83994,53.517],[-119.83927,53.5172],[-119.8387,53.51735],[-119.83819,53.51746],[-119.83685,53.51788],[-119.83545,53.51853],[-119.83428,53.51542],[-119.82928,53.51033],[-119.82083,53.50346],[-119.81579,53.50058],[-119.81516,53.50025],[-119.81444,53.50001],[-119.81101,53.49922],[-119.81025,53.49876],[-119.80871,53.4981],[-119.80713,53.49738],[-119.8051,53.49657],[-119.8035,53.49599],[-119.80175,53.49525],[-119.8004,53.49493],[-119.79737,53.49449],[-119.79505,53.49418],[-119.794,53.49398],[-119.79158,53.49339],[-119.78955,53.49287],[-119.78766,53.49245],[-119.78692,53.4923],[-119.78636,53.49225],[-119.78593,53.49209],[-119.78556,53.49189],[-119.78495,53.49151],[-119.78477,53.49134],[-119.78464,53.49116],[-119.78457,53.49089],[-119.78456,53.4906],[-119.78448,53.49026],[-119.78435,53.48989],[-119.78401,53.48918],[-119.78389,53.48902],[-119.7833,53.48839],[-119.78298,53.4879],[-119.78261,53.48715],[-119.78256,53.48672],[-119.78249,53.48642],[-119.78241,53.48625],[-119.78221,53.48595],[-119.78222,53.48585],[-119.78235,53.48572],[-119.78291,53.48545],[-119.78329,53.48513],[-119.78424,53.48446],[-119.78541,53.48389],[-119.78597,53.4838],[-119.78648,53.48378],[-119.78707,53.48371],[-119.78744,53.48364],[-119.78787,53.48347],[-119.78846,53.48313],[-119.78915,53.48268],[-119.78945,53.48246],[-119.79009,53.48205],[-119.79068,53.48152],[-119.79102,53.48125],[-119.7914,53.48106],[-119.79192,53.48086],[-119.79245,53.48075],[-119.79295,53.4806],[-119.7932,53.48045],[-119.79351,53.4803],[-119.79384,53.48],[-119.79396,53.47976],[-119.79417,53.47875],[-119.79416,53.47861],[-119.79409,53.47837],[-119.79389,53.47799],[-119.79358,53.47766],[-119.79321,53.47737],[-119.7929,53.47716],[-119.79263,53.47694],[-119.79258,53.47683],[-119.79243,53.47605],[-119.79252,53.47515],[-119.79244,53.47452],[-119.7922,53.47326],[-119.7921,53.47297],[-119.79195,53.47267],[-119.79167,53.4723],[-119.79081,53.47164],[-119.79039,53.4715],[-119.78974,53.47133],[-119.78844,53.47076],[-119.78703,53.47028],[-119.78614,53.46982],[-119.78474,53.46893],[-119.78367,53.46819],[-119.78288,53.4675],[-119.78255,53.46706],[-119.78209,53.46652],[-119.78189,53.46618],[-119.7816,53.46596],[-119.78121,53.46573],[-119.78099,53.46556],[-119.78094,53.46525],[-119.78105,53.46486],[-119.78124,53.4646],[-119.78139,53.46437],[-119.78141,53.46407],[-119.78137,53.46361],[-119.78118,53.46252],[-119.78105,53.46201],[-119.78099,53.46116],[-119.7808,53.46065],[-119.78056,53.46024],[-119.78015,53.45992],[-119.77983,53.45961],[-119.77939,53.45905],[-119.77926,53.45846],[-119.77912,53.45811],[-119.7788,53.45773],[-119.77838,53.45719],[-119.77818,53.45698],[-119.77791,53.45675],[-119.77735,53.45646],[-119.77693,53.45618],[-119.77566,53.45542],[-119.77544,53.45522],[-119.77526,53.45486],[-119.77545,53.45427],[-119.77527,53.45293],[-119.77506,53.45237],[-119.77459,53.45185],[-119.77437,53.45148],[-119.77395,53.45092],[-119.77381,53.44942],[-119.77376,53.44843],[-119.77359,53.44781],[-119.77343,53.44697],[-119.77314,53.44598],[-119.77266,53.44461],[-119.77231,53.44401],[-119.77148,53.44335],[-119.77003,53.44261],[-119.76858,53.44204],[-119.76673,53.44138],[-119.76609,53.44122],[-119.76551,53.44099],[-119.7648,53.44034],[-119.76402,53.43988],[-119.7631,53.43955],[-119.76003,53.43872],[-119.75969,53.43868],[-119.75931,53.43865],[-119.75911,53.43854],[-119.75889,53.43774],[-119.75885,53.43744],[-119.75888,53.43726],[-119.7596,53.43642],[-119.76119,53.43466],[-119.76158,53.43417],[-119.76215,53.43358],[-119.76295,53.43282],[-119.76308,53.43262],[-119.76319,53.43236],[-119.7632,53.43215],[-119.76314,53.43191],[-119.7632,53.43171],[-119.76333,53.43152],[-119.7636,53.43127],[-119.76439,53.43069],[-119.76554,53.43011],[-119.7661,53.42988],[-119.7668,53.42964],[-119.76695,53.42955],[-119.76706,53.4294],[-119.76681,53.4292],[-119.76638,53.42911],[-119.76587,53.42897],[-119.76371,53.42858],[-119.76256,53.42821],[-119.76195,53.42793],[-119.76167,53.42759],[-119.76153,53.42728],[-119.76136,53.42701],[-119.7611,53.42677],[-119.76075,53.42656],[-119.76049,53.42636],[-119.76014,53.426],[-119.7599,53.42562],[-119.75977,53.42449],[-119.75963,53.42383],[-119.75942,53.42362],[-119.75894,53.42334],[-119.75814,53.42287],[-119.75799,53.42272],[-119.758,53.42247],[-119.75813,53.42219],[-119.75813,53.42206],[-119.75809,53.42191],[-119.75791,53.42173],[-119.75744,53.42148],[-119.75671,53.42121],[-119.75613,53.42103],[-119.75385,53.42024],[-119.75352,53.42009],[-119.75273,53.41962],[-119.75129,53.41894],[-119.75014,53.41826],[-119.75002,53.41819],[-119.748,53.41702],[-119.74784,53.41688],[-119.74776,53.41673],[-119.74781,53.41631],[-119.74784,53.41588],[-119.74801,53.4154],[-119.74797,53.41373],[-119.7479,53.4135],[-119.74744,53.41288],[-119.747,53.41239],[-119.7466,53.41211],[-119.74546,53.41146],[-119.74381,53.41064],[-119.74162,53.40945],[-119.74065,53.40901],[-119.73874,53.40813],[-119.738,53.40771],[-119.7375,53.40751],[-119.73623,53.40685],[-119.7353,53.40646],[-119.73487,53.40623],[-119.73447,53.40581],[-119.73405,53.40489],[-119.73366,53.40434],[-119.73335,53.40409],[-119.73304,53.40392],[-119.73242,53.40375],[-119.732,53.40361],[-119.73171,53.40345],[-119.73158,53.4032],[-119.73139,53.403],[-119.73137,53.40281],[-119.73142,53.40228],[-119.73158,53.40201],[-119.73175,53.40178],[-119.73226,53.40141],[-119.73259,53.40122],[-119.73344,53.40094],[-119.73369,53.40078],[-119.73383,53.40061],[-119.73399,53.40028],[-119.73404,53.40007],[-119.73403,53.39988],[-119.73374,53.39952],[-119.73331,53.39912],[-119.733,53.3988],[-119.73289,53.39859],[-119.73284,53.39822],[-119.73254,53.39758],[-119.73229,53.39722],[-119.73068,53.39591],[-119.73043,53.39564],[-119.73025,53.39534],[-119.73011,53.39498],[-119.73019,53.39478],[-119.73049,53.39448],[-119.73061,53.39432],[-119.73065,53.39421],[-119.73066,53.39409],[-119.7306,53.39396],[-119.72961,53.39237],[-119.72951,53.39185],[-119.72956,53.39156],[-119.72968,53.39114],[-119.73023,53.39008],[-119.73038,53.38917],[-119.73021,53.38889],[-119.72953,53.38849],[-119.72756,53.38777],[-119.72701,53.3876],[-119.72633,53.38745],[-119.72562,53.38732],[-119.72491,53.38729],[-119.72384,53.38715],[-119.7229,53.38704],[-119.72254,53.38694],[-119.72217,53.38678],[-119.72157,53.38669],[-119.72102,53.38669],[-119.71899,53.3868],[-119.71766,53.38683],[-119.7157,53.38711],[-119.7148,53.38718],[-119.71447,53.38724],[-119.71219,53.3875],[-119.71075,53.38768],[-119.70963,53.38797],[-119.70795,53.38823],[-119.70586,53.3888],[-119.70329,53.38952],[-119.70169,53.39005],[-119.70052,53.3904],[-119.70025,53.39042],[-119.70008,53.39037],[-119.69997,53.3903],[-119.69942,53.38945],[-119.69892,53.38877],[-119.69881,53.3886],[-119.69846,53.38807],[-119.69822,53.38776],[-119.69788,53.38751],[-119.6955,53.38625],[-119.69524,53.3861],[-119.69308,53.38498],[-119.69146,53.38448],[-119.68976,53.38406],[-119.68897,53.3838],[-119.68843,53.38374],[-119.68721,53.38375],[-119.68638,53.3837],[-119.68591,53.38362],[-119.68506,53.38342],[-119.68462,53.38323],[-119.68429,53.38305],[-119.68357,53.38258],[-119.68324,53.38226],[-119.68292,53.38192],[-119.68089,53.37987],[-119.67998,53.37923],[-119.67982,53.37905],[-119.67956,53.37865],[-119.67949,53.37845],[-119.67945,53.37822],[-119.67947,53.37809],[-119.67962,53.3779],[-119.68052,53.37716],[-119.68097,53.37685],[-119.68121,53.37664],[-119.68149,53.37632],[-119.68155,53.37613],[-119.68153,53.37597],[-119.68139,53.37573],[-119.68119,53.37555],[-119.68083,53.37501],[-119.68082,53.37499],[-119.68081,53.37428],[-119.68089,53.37348],[-119.68129,53.3726],[-119.68161,53.37205],[-119.68172,53.37174],[-119.68172,53.37123],[-119.68165,53.37086],[-119.68134,53.37041],[-119.68096,53.37018],[-119.68011,53.36993],[-119.67891,53.36974],[-119.67819,53.36945],[-119.67731,53.3692],[-119.67649,53.36893],[-119.67567,53.36877],[-119.67468,53.3686],[-119.67347,53.36822],[-119.67303,53.36814],[-119.67201,53.36787],[-119.67061,53.36746],[-119.67023,53.36742],[-119.66979,53.3674],[-119.66917,53.36745],[-119.6679,53.36758],[-119.66737,53.36769],[-119.66629,53.36781],[-119.66564,53.36783],[-119.66524,53.36789],[-119.66439,53.36781],[-119.66374,53.36768],[-119.66272,53.36751],[-119.66184,53.36742],[-119.65909,53.36704],[-119.65849,53.36693],[-119.65774,53.36689],[-119.65648,53.36687],[-119.65566,53.3669],[-119.655,53.36697],[-119.65465,53.36706],[-119.65433,53.36723],[-119.65391,53.36749],[-119.65352,53.36784],[-119.65269,53.36832],[-119.6523,53.36849],[-119.65196,53.36855],[-119.65092,53.36867],[-119.65048,53.36864],[-119.64927,53.36822],[-119.6482,53.36771],[-119.64738,53.36713],[-119.6468,53.36668],[-119.64647,53.36648],[-119.64592,53.36637],[-119.64507,53.36649],[-119.64446,53.3667],[-119.64407,53.36691],[-119.64372,53.36703],[-119.64345,53.36709],[-119.64298,53.36713],[-119.64235,53.36708],[-119.64158,53.36699],[-119.64079,53.36682],[-119.64003,53.36654],[-119.63942,53.36609],[-119.63867,53.36546],[-119.63798,53.36497],[-119.63726,53.36451],[-119.6366,53.36437],[-119.63556,53.36431],[-119.63452,53.36453],[-119.63403,53.3646],[-119.63352,53.36455],[-119.63283,53.36453],[-119.63213,53.3644],[-119.63149,53.36418],[-119.63094,53.36395],[-119.6303,53.36373],[-119.62813,53.36346],[-119.62744,53.36351],[-119.62673,53.36365],[-119.62608,53.36386],[-119.62562,53.36414],[-119.62517,53.36438],[-119.62493,53.36458],[-119.6246,53.36477],[-119.62435,53.36483],[-119.62382,53.36482],[-119.62309,53.36466],[-119.62243,53.36431],[-119.62176,53.36376],[-119.62153,53.36346],[-119.6214,53.36326],[-119.62124,53.3631],[-119.62111,53.3629],[-119.62098,53.36281],[-119.62083,53.36279],[-119.62022,53.36279],[-119.6199,53.36285],[-119.61927,53.36292],[-119.61844,53.36292],[-119.61785,53.36282],[-119.61725,53.36276],[-119.61373,53.36281],[-119.60835,53.36301],[-119.60658,53.36318],[-119.60585,53.36335],[-119.60539,53.3636],[-119.60518,53.36374],[-119.60497,53.36393],[-119.60477,53.36402],[-119.60436,53.36409],[-119.60291,53.36427],[-119.60157,53.36476],[-119.60047,53.36499],[-119.59926,53.3651],[-119.59887,53.36528],[-119.59871,53.36538],[-119.59863,53.36556],[-119.59851,53.36578],[-119.59834,53.36598],[-119.59784,53.36629],[-119.59769,53.36642],[-119.59752,53.36665],[-119.5973,53.36701],[-119.5972,53.36724],[-119.59733,53.36791],[-119.59753,53.36832],[-119.59849,53.36897],[-119.59905,53.36941],[-119.5995,53.36989],[-119.59975,53.37039],[-119.6,53.37073],[-119.60027,53.37103],[-119.60062,53.3713],[-119.60138,53.37168],[-119.60171,53.37189],[-119.60191,53.37205],[-119.60206,53.37223],[-119.60212,53.37245],[-119.6022,53.37261],[-119.60229,53.37272],[-119.60255,53.37282],[-119.60302,53.37293],[-119.60346,53.37318],[-119.60392,53.37348],[-119.60447,53.37395],[-119.60497,53.37448],[-119.6053,53.37499],[-119.60564,53.37624],[-119.60567,53.37711],[-119.60584,53.37791],[-119.60629,53.37862],[-119.60685,53.37931],[-119.60771,53.38006],[-119.60884,53.38092],[-119.60944,53.3813],[-119.60972,53.38141],[-119.61034,53.38155],[-119.6105,53.38164],[-119.61056,53.38174],[-119.6106,53.382],[-119.61056,53.38226],[-119.61033,53.38269],[-119.61003,53.38303],[-119.60975,53.38321],[-119.60913,53.3835],[-119.60845,53.38386],[-119.60773,53.38419],[-119.60724,53.38449],[-119.60708,53.38458],[-119.60684,53.38466],[-119.60635,53.38474],[-119.60577,53.38477],[-119.60463,53.38455],[-119.60327,53.38445],[-119.60171,53.3842],[-119.5999,53.38383],[-119.59782,53.38349],[-119.59747,53.38335],[-119.59658,53.38294],[-119.59479,53.38184],[-119.59011,53.37958],[-119.58285,53.37629],[-119.58094,53.37568],[-119.5807,53.37564],[-119.5801,53.37553],[-119.5797,53.37548],[-119.57885,53.37535],[-119.57846,53.37524],[-119.57822,53.3751],[-119.57811,53.375],[-119.57691,53.37316],[-119.5768,53.37306],[-119.57668,53.37298],[-119.57647,53.37289],[-119.57568,53.37243],[-119.57537,53.37222],[-119.57523,53.37218],[-119.57374,53.37216],[-119.57159,53.37218],[-119.57085,53.37221],[-119.57006,53.37215],[-119.56923,53.3722],[-119.56865,53.3722],[-119.56791,53.37214],[-119.5674,53.37208],[-119.56681,53.37193],[-119.5665,53.37176],[-119.56628,53.37158],[-119.56615,53.37154],[-119.56562,53.37144],[-119.56478,53.37134],[-119.56373,53.37124],[-119.56259,53.37122],[-119.56224,53.37117],[-119.56188,53.371],[-119.56161,53.37082],[-119.56154,53.37074],[-119.56097,53.36973],[-119.56079,53.36932],[-119.5601,53.36861],[-119.55963,53.36819],[-119.55887,53.36787],[-119.55784,53.36734],[-119.5572,53.36706],[-119.55655,53.36683],[-119.5556,53.36664],[-119.5541,53.36629],[-119.5532,53.36624],[-119.55247,53.36612],[-119.55131,53.36537],[-119.55058,53.36518],[-119.54922,53.36498],[-119.54807,53.36468],[-119.54585,53.36394],[-119.54536,53.36394],[-119.54471,53.36411],[-119.54411,53.36445],[-119.54357,53.36467],[-119.54283,53.36479],[-119.54165,53.36477],[-119.54039,53.36479],[-119.53774,53.36479],[-119.53612,53.36487],[-119.53584,53.36485],[-119.53513,53.36449],[-119.53455,53.36426],[-119.53386,53.36398],[-119.53294,53.36383],[-119.53214,53.36383],[-119.53186,53.36382],[-119.53155,53.36383],[-119.53134,53.36385],[-119.53108,53.36388],[-119.53087,53.36395],[-119.53061,53.36417],[-119.53033,53.36459],[-119.53015,53.36503],[-119.5297,53.36539],[-119.52935,53.36559],[-119.52885,53.3658],[-119.52831,53.36601],[-119.52807,53.36613],[-119.52765,53.36633],[-119.52717,53.36666],[-119.52698,53.36695],[-119.52685,53.36729],[-119.52679,53.36763],[-119.52633,53.36785],[-119.52464,53.36904],[-119.52429,53.36927],[-119.5239,53.36958],[-119.52362,53.36993],[-119.52335,53.37031],[-119.52323,53.37041],[-119.52308,53.37045],[-119.52201,53.37055],[-119.52113,53.37057],[-119.52052,53.37051],[-119.51983,53.37014],[-119.51839,53.3695],[-119.51755,53.36903],[-119.51722,53.36872],[-119.51697,53.36827],[-119.51629,53.36784],[-119.51496,53.36725],[-119.51218,53.36593],[-119.51094,53.36542],[-119.50833,53.36461],[-119.50713,53.36408],[-119.50601,53.36371],[-119.50455,53.3632],[-119.50352,53.36266],[-119.50249,53.3626],[-119.50177,53.36258],[-119.50107,53.36276],[-119.5009,53.36286],[-119.50068,53.36294],[-119.50038,53.36295],[-119.50002,53.36289],[-119.49928,53.36282],[-119.49746,53.36259],[-119.49633,53.36229],[-119.49478,53.36167],[-119.49448,53.36165],[-119.49419,53.36173],[-119.49368,53.36191],[-119.49316,53.36218],[-119.49284,53.36253],[-119.49258,53.36324],[-119.49241,53.36356],[-119.49228,53.36369],[-119.4919,53.3638],[-119.49142,53.36384],[-119.4906,53.36383],[-119.48856,53.36353],[-119.48767,53.36347],[-119.4869,53.36348],[-119.48655,53.36346],[-119.48447,53.36315],[-119.48238,53.36272],[-119.48144,53.36243],[-119.47991,53.36174],[-119.47874,53.36119],[-119.47738,53.36065],[-119.47699,53.36052],[-119.47638,53.36028],[-119.47588,53.36011],[-119.47403,53.35933],[-119.47284,53.35892],[-119.47246,53.35863],[-119.47186,53.35798],[-119.4715,53.35773],[-119.47119,53.35759],[-119.46977,53.35753],[-119.46923,53.35754],[-119.46875,53.35752],[-119.46822,53.35748],[-119.46659,53.35724],[-119.46493,53.35707],[-119.46438,53.35698],[-119.46403,53.35684],[-119.4636,53.3566],[-119.46181,53.356],[-119.46142,53.35576],[-119.46112,53.35547],[-119.46069,53.35491],[-119.4605,53.35475],[-119.46006,53.35458],[-119.4593,53.35445],[-119.45854,53.35439],[-119.45731,53.35422],[-119.45679,53.35404],[-119.45615,53.35364],[-119.45498,53.35273],[-119.45466,53.35245],[-119.45291,53.3501],[-119.45212,53.34972],[-119.45049,53.34933],[-119.449,53.34929],[-119.44745,53.34893],[-119.44692,53.34894],[-119.44652,53.349],[-119.44531,53.34925],[-119.44412,53.34955],[-119.44361,53.34978],[-119.44341,53.35009],[-119.44346,53.35047],[-119.44425,53.35104],[-119.44496,53.35161],[-119.4452,53.35195],[-119.4453,53.35228],[-119.44536,53.35271],[-119.44526,53.35296],[-119.4446,53.35348],[-119.44398,53.35373],[-119.44377,53.35394],[-119.44383,53.35476],[-119.44397,53.35499],[-119.44427,53.35528],[-119.44435,53.35539],[-119.44436,53.35561],[-119.4443,53.35577],[-119.44421,53.35584],[-119.44396,53.35593],[-119.44354,53.35602],[-119.44269,53.35614],[-119.44164,53.35623],[-119.44069,53.35621],[-119.44011,53.35621],[-119.43947,53.35615],[-119.43846,53.35615],[-119.43801,53.35617],[-119.43674,53.35617],[-119.43645,53.35623],[-119.43589,53.35631],[-119.43522,53.35644],[-119.43474,53.35657],[-119.43364,53.35691],[-119.4326,53.35727],[-119.43207,53.35742],[-119.43148,53.35766],[-119.43096,53.35789],[-119.43053,53.35811],[-119.43004,53.35841],[-119.42774,53.35991],[-119.42694,53.36048],[-119.42657,53.36083],[-119.42636,53.36095],[-119.42585,53.36116],[-119.42499,53.36148],[-119.42414,53.36169],[-119.42339,53.36176],[-119.42291,53.36185],[-119.42258,53.36194],[-119.4222,53.36209],[-119.42184,53.3623],[-119.4216,53.36255],[-119.42146,53.3628],[-119.4214,53.36308],[-119.42126,53.36329],[-119.42105,53.36342],[-119.4206,53.36351],[-119.42005,53.3637],[-119.41924,53.36407],[-119.41829,53.36457],[-119.41812,53.36462],[-119.41771,53.36467],[-119.41711,53.36468],[-119.4139,53.36493],[-119.41358,53.36498],[-119.41327,53.36512],[-119.41282,53.36538],[-119.4121,53.36574],[-119.41147,53.36617],[-119.41106,53.36635],[-119.41071,53.36655],[-119.41059,53.36665],[-119.41051,53.36678],[-119.41049,53.36695],[-119.41051,53.36772],[-119.41046,53.36814],[-119.41034,53.36855],[-119.4102,53.36898],[-119.40979,53.36974],[-119.40949,53.3703],[-119.40874,53.3715],[-119.40864,53.37176],[-119.4086,53.37202],[-119.40858,53.37327],[-119.40867,53.37379],[-119.40882,53.37404],[-119.4092,53.37438],[-119.40967,53.37471],[-119.41004,53.37501],[-119.41075,53.3753],[-119.41254,53.37586],[-119.41529,53.37661],[-119.41717,53.37697],[-119.41902,53.37754],[-119.4198,53.3776],[-119.42017,53.37773],[-119.42058,53.37801],[-119.4212,53.37836],[-119.42158,53.37854],[-119.42199,53.37876],[-119.42241,53.37904],[-119.4228,53.37945],[-119.42312,53.38001],[-119.42343,53.38027],[-119.42361,53.38052],[-119.42372,53.3808],[-119.42371,53.38103],[-119.42345,53.38175],[-119.42338,53.38192],[-119.42341,53.3822],[-119.42346,53.38243],[-119.42379,53.38285],[-119.42417,53.38318],[-119.42438,53.3837],[-119.42532,53.38497],[-119.42543,53.38528],[-119.42549,53.38619],[-119.42561,53.38685],[-119.4258,53.3873],[-119.42604,53.38751],[-119.42729,53.38806],[-119.4278,53.38826],[-119.42818,53.38845],[-119.42852,53.38865],[-119.42893,53.38915],[-119.42966,53.38991],[-119.42972,53.39004],[-119.42978,53.39053],[-119.42985,53.39111],[-119.42995,53.39141],[-119.43024,53.39168],[-119.43076,53.39192],[-119.43176,53.39221],[-119.43261,53.39271],[-119.43282,53.39288],[-119.43323,53.39335],[-119.43468,53.39468],[-119.43517,53.39507],[-119.43581,53.39539],[-119.43652,53.39562],[-119.43706,53.39575],[-119.43741,53.39579],[-119.43824,53.39583],[-119.44089,53.39619],[-119.44173,53.39633],[-119.44245,53.39653],[-119.44518,53.39739],[-119.44592,53.39773],[-119.44666,53.39803],[-119.44731,53.3982],[-119.44851,53.39842],[-119.4492,53.39852],[-119.45024,53.3987],[-119.4507,53.3989],[-119.45124,53.39911],[-119.45229,53.39939],[-119.45369,53.39968],[-119.45402,53.39978],[-119.45432,53.39994],[-119.45456,53.40002],[-119.45559,53.40002],[-119.45624,53.40008],[-119.4567,53.40015],[-119.45701,53.40023],[-119.45716,53.40025],[-119.45759,53.40018],[-119.45798,53.40015],[-119.45831,53.40016],[-119.45918,53.40029],[-119.45944,53.40032],[-119.4597,53.4004],[-119.45997,53.40052],[-119.46021,53.40063],[-119.46046,53.40076],[-119.46065,53.40089],[-119.46111,53.40124],[-119.46278,53.40233],[-119.46331,53.40279],[-119.46357,53.40303],[-119.46382,53.40318],[-119.46401,53.40324],[-119.46418,53.40326],[-119.46496,53.40317],[-119.46546,53.40304],[-119.46593,53.40288],[-119.4661,53.40275],[-119.46631,53.40252],[-119.46657,53.40217],[-119.46676,53.40212],[-119.46739,53.40213],[-119.46762,53.40215],[-119.46778,53.40221],[-119.4681,53.40246],[-119.46863,53.40269],[-119.46924,53.40305],[-119.46978,53.40327],[-119.471,53.40359],[-119.47157,53.40369],[-119.47217,53.40376],[-119.4727,53.40379],[-119.4734,53.40378],[-119.4742,53.40367],[-119.47451,53.40362],[-119.47471,53.40358],[-119.47515,53.40345],[-119.47544,53.40342],[-119.47739,53.40342],[-119.47929,53.40336],[-119.47995,53.40337],[-119.48104,53.40339],[-119.48159,53.40337],[-119.48214,53.40337],[-119.48279,53.40339],[-119.48376,53.40347],[-119.48463,53.40345],[-119.48497,53.4035],[-119.48518,53.40364],[-119.48523,53.40382],[-119.48569,53.40405],[-119.48605,53.40418],[-119.48627,53.4042],[-119.48658,53.40427],[-119.48699,53.40433],[-119.48734,53.4044],[-119.48784,53.40456],[-119.48831,53.40484],[-119.48881,53.40515],[-119.4891,53.40539],[-119.48919,53.40553],[-119.48916,53.40619],[-119.48909,53.40664],[-119.48896,53.40697],[-119.48896,53.40715],[-119.48903,53.40737],[-119.48943,53.40773],[-119.48974,53.40804],[-119.49058,53.40869],[-119.49144,53.40948],[-119.49173,53.40981],[-119.49207,53.41012],[-119.49244,53.41054],[-119.49279,53.41097],[-119.49308,53.41124],[-119.49351,53.41153],[-119.49387,53.41184],[-119.49411,53.41202],[-119.49442,53.4122],[-119.49504,53.41244],[-119.49556,53.41268],[-119.49572,53.41279],[-119.49604,53.41286],[-119.49762,53.41285],[-119.49849,53.41274],[-119.49876,53.41275],[-119.49915,53.41277],[-119.49956,53.4128],[-119.50128,53.41307],[-119.5017,53.41309],[-119.50209,53.41315],[-119.50232,53.41327],[-119.50245,53.41339],[-119.50266,53.41356],[-119.50294,53.41368],[-119.50329,53.41379],[-119.50375,53.41397],[-119.50438,53.41435],[-119.50473,53.41473],[-119.50477,53.41484],[-119.50491,53.41539],[-119.50523,53.41566],[-119.50557,53.41607],[-119.50576,53.41623],[-119.506,53.41637],[-119.50627,53.41643],[-119.50681,53.41649],[-119.50826,53.41686],[-119.50878,53.41693],[-119.50941,53.41697],[-119.51002,53.41699],[-119.51141,53.41717],[-119.51305,53.41728],[-119.51377,53.41729],[-119.51424,53.41732],[-119.51472,53.4174],[-119.515,53.41751],[-119.51646,53.41799],[-119.51688,53.41806],[-119.51723,53.4181],[-119.51815,53.41819],[-119.51933,53.41832],[-119.52,53.41848],[-119.52031,53.4186],[-119.52049,53.41874],[-119.52066,53.41887],[-119.52072,53.41899],[-119.52077,53.41935],[-119.52085,53.41966],[-119.52099,53.41989],[-119.52119,53.42011],[-119.52145,53.42033],[-119.52197,53.42059],[-119.52274,53.42081],[-119.52334,53.42105],[-119.5251,53.42182],[-119.52578,53.42214],[-119.52653,53.42241],[-119.52694,53.42263],[-119.52785,53.42305],[-119.52818,53.42324],[-119.52841,53.42341],[-119.52923,53.42394],[-119.52959,53.42412],[-119.53006,53.42427],[-119.53043,53.42436],[-119.53076,53.42446],[-119.53087,53.42452],[-119.53109,53.42502],[-119.53122,53.4252],[-119.5315,53.42584],[-119.53162,53.42604],[-119.53172,53.42629],[-119.5319,53.42662],[-119.53214,53.42695],[-119.53251,53.42733],[-119.53306,53.42784],[-119.53382,53.42845],[-119.53465,53.42916],[-119.53517,53.42948],[-119.53575,53.4298],[-119.5371,53.43051],[-119.53759,53.43093],[-119.53996,53.43241],[-119.54052,53.43278],[-119.54125,53.43312],[-119.54269,53.43364],[-119.54356,53.43385],[-119.54485,53.43402],[-119.54439,53.43404],[-119.54393,53.43405],[-119.54377,53.43408],[-119.54357,53.43414],[-119.54211,53.43468],[-119.54153,53.43497],[-119.54114,53.43528],[-119.54085,53.43565],[-119.54055,53.43613],[-119.54036,53.4363],[-119.54007,53.43648],[-119.53945,53.43663],[-119.53906,53.43679],[-119.53834,53.43717],[-119.53799,53.43729],[-119.53772,53.43731],[-119.53691,53.43727],[-119.53631,53.43729],[-119.53601,53.43727],[-119.5358,53.43723],[-119.53561,53.43717],[-119.53514,53.43692],[-119.53436,53.43669],[-119.53363,53.43656],[-119.53296,53.4365],[-119.53221,53.43644],[-119.53151,53.43642],[-119.5309,53.43646],[-119.53023,53.43656],[-119.52978,53.43658],[-119.52919,53.43656],[-119.5287,53.43653],[-119.52789,53.43642],[-119.52731,53.43635],[-119.52673,53.43632],[-119.52649,53.43631],[-119.52617,53.43635],[-119.52589,53.43641],[-119.52494,53.43651],[-119.52439,53.43654],[-119.52387,53.43661],[-119.52352,53.43663],[-119.52321,53.4367],[-119.52296,53.43678],[-119.5228,53.43685],[-119.52261,53.43688],[-119.52239,53.43687],[-119.52205,53.43691],[-119.52167,53.43698],[-119.52125,53.4371],[-119.52086,53.43726],[-119.52064,53.43738],[-119.52055,53.43748],[-119.52053,53.43763],[-119.52053,53.43789],[-119.52066,53.43845],[-119.52066,53.4389],[-119.5206,53.43917],[-119.52049,53.43937],[-119.52038,53.4396],[-119.52015,53.43984],[-119.51987,53.44004],[-119.51934,53.44036],[-119.51903,53.44055],[-119.51873,53.44072],[-119.51835,53.44098],[-119.51809,53.44123],[-119.51796,53.44146],[-119.51775,53.44181],[-119.51747,53.44212],[-119.51736,53.44236],[-119.51727,53.44284],[-119.51725,53.44327],[-119.51717,53.44356],[-119.51673,53.44428],[-119.5164,53.44483],[-119.51635,53.445],[-119.51631,53.4452],[-119.5164,53.44539],[-119.51659,53.44563],[-119.51678,53.44583],[-119.51691,53.44594],[-119.51698,53.44605],[-119.51689,53.44615],[-119.51671,53.44622],[-119.51626,53.44631],[-119.51534,53.4465],[-119.51434,53.44688],[-119.5134,53.44725],[-119.51241,53.44767],[-119.51204,53.44783],[-119.51173,53.44806],[-119.51146,53.44843],[-119.51102,53.44891],[-119.51081,53.44916],[-119.51054,53.44942],[-119.51025,53.44962],[-119.50916,53.45024],[-119.50856,53.45056],[-119.50773,53.45117],[-119.50726,53.45144],[-119.50707,53.45149],[-119.5068,53.45155],[-119.50541,53.4517],[-119.50486,53.45178],[-119.50453,53.45187],[-119.50407,53.45193],[-119.50379,53.45196],[-119.50329,53.452],[-119.50209,53.45209],[-119.50128,53.45216],[-119.5001,53.45219],[-119.4993,53.45228],[-119.49876,53.45226],[-119.49739,53.45212],[-119.49678,53.45212],[-119.49605,53.45208],[-119.49586,53.45211],[-119.49519,53.45225],[-119.49492,53.45226],[-119.49361,53.45218],[-119.49318,53.45212],[-119.49233,53.45207],[-119.49108,53.45203],[-119.49031,53.45209],[-119.49003,53.45209],[-119.48958,53.45205],[-119.48908,53.45197],[-119.48802,53.45173],[-119.48738,53.45167],[-119.48584,53.4517],[-119.48488,53.45161],[-119.48438,53.45158],[-119.48391,53.45159],[-119.48326,53.45167],[-119.48229,53.45174],[-119.48188,53.45182],[-119.48157,53.45193],[-119.4807,53.45241],[-119.48017,53.45284],[-119.48007,53.45292],[-119.47992,53.45301],[-119.47913,53.45339],[-119.47876,53.45363],[-119.47853,53.45387],[-119.47851,53.4539],[-119.47839,53.45414],[-119.47837,53.45441],[-119.4783,53.45496],[-119.47829,53.45523],[-119.47832,53.45535],[-119.47839,53.45547],[-119.47841,53.4556],[-119.47838,53.45575],[-119.47831,53.4559],[-119.47817,53.45633],[-119.47808,53.4565],[-119.47792,53.45663],[-119.47756,53.45687],[-119.47746,53.45699],[-119.47739,53.45715],[-119.4773,53.45744],[-119.4772,53.45776],[-119.47718,53.45791],[-119.47714,53.45804],[-119.477,53.4583],[-119.47669,53.45857],[-119.47664,53.45868],[-119.47662,53.45886],[-119.47671,53.45922],[-119.47669,53.45932],[-119.47616,53.46014],[-119.47575,53.46055],[-119.47574,53.46069],[-119.47579,53.46091],[-119.47581,53.46134],[-119.47588,53.46165],[-119.47589,53.46184],[-119.47582,53.46216],[-119.47575,53.46236],[-119.47563,53.46252],[-119.47542,53.46264],[-119.47527,53.46276],[-119.47515,53.46288],[-119.47507,53.46305],[-119.47482,53.46355],[-119.47469,53.46402],[-119.47469,53.46455],[-119.47477,53.46498],[-119.47475,53.46555],[-119.47469,53.46579],[-119.47455,53.46607],[-119.47455,53.4664],[-119.47461,53.46655],[-119.47476,53.4667],[-119.47503,53.46693],[-119.47525,53.46709],[-119.47535,53.4673],[-119.47538,53.46744],[-119.47531,53.4676],[-119.47518,53.46771],[-119.47513,53.46785],[-119.47513,53.46796],[-119.47517,53.46804],[-119.4753,53.46811],[-119.47542,53.46818],[-119.47555,53.46821],[-119.47568,53.46823],[-119.47576,53.46827],[-119.47585,53.46839],[-119.47594,53.4686],[-119.47598,53.46882],[-119.47601,53.46916],[-119.47594,53.46946],[-119.4759,53.46966],[-119.47596,53.46989],[-119.4761,53.47018],[-119.47624,53.47044],[-119.47635,53.4706],[-119.47655,53.47089],[-119.47696,53.47145],[-119.47714,53.47167],[-119.47749,53.47237],[-119.47779,53.47289],[-119.4781,53.47341],[-119.4782,53.47364],[-119.4782,53.47371],[-119.47814,53.47376],[-119.47806,53.47383],[-119.47791,53.47388],[-119.47755,53.47394],[-119.47724,53.474],[-119.47666,53.47415],[-119.47557,53.4743],[-119.47502,53.47436],[-119.47451,53.4744],[-119.4742,53.47443],[-119.47367,53.47448],[-119.47346,53.47449],[-119.47333,53.47451],[-119.47322,53.47454],[-119.47309,53.47462],[-119.47301,53.4747],[-119.47273,53.47487],[-119.47245,53.47501],[-119.47224,53.47507],[-119.47211,53.47509],[-119.47185,53.47511],[-119.4716,53.4751],[-119.47147,53.47509],[-119.47133,53.47506],[-119.47117,53.47503],[-119.47097,53.47497],[-119.47083,53.47494],[-119.47069,53.47494],[-119.47053,53.47495],[-119.47032,53.47498],[-119.47006,53.47503],[-119.4693,53.47519],[-119.46836,53.47533],[-119.46777,53.47539],[-119.46717,53.47549],[-119.46679,53.47555],[-119.46643,53.47563],[-119.466,53.47574],[-119.46583,53.47579],[-119.46568,53.47582],[-119.46527,53.4759],[-119.46446,53.47602],[-119.46377,53.47607],[-119.46257,53.4761],[-119.46204,53.4761],[-119.46161,53.47614],[-119.46024,53.47632],[-119.45913,53.47647],[-119.45825,53.47651],[-119.45799,53.47651],[-119.45769,53.47647],[-119.45744,53.47641],[-119.45714,53.47631],[-119.4561,53.47598],[-119.45577,53.47584],[-119.45475,53.47532],[-119.45439,53.4752],[-119.45399,53.47509],[-119.4535,53.47488],[-119.45317,53.47468],[-119.45249,53.47426],[-119.45148,53.47368],[-119.45101,53.47347],[-119.45043,53.4732],[-119.45001,53.47309],[-119.44955,53.47302],[-119.44912,53.47298],[-119.44823,53.47296],[-119.44713,53.47299],[-119.44641,53.47301],[-119.44608,53.47303],[-119.44599,53.47302],[-119.44593,53.47302],[-119.44587,53.47301],[-119.44528,53.47288],[-119.44452,53.47279],[-119.44432,53.47275],[-119.44418,53.47271],[-119.44401,53.47265],[-119.44372,53.47247],[-119.44343,53.47232],[-119.4431,53.4722],[-119.44245,53.47198],[-119.44123,53.4715],[-119.44064,53.47126],[-119.44021,53.47104],[-119.44002,53.4709],[-119.43976,53.47076],[-119.43939,53.47065],[-119.4388,53.4706],[-119.43836,53.47054],[-119.43787,53.47041],[-119.4375,53.4703],[-119.43719,53.47017],[-119.43688,53.46994],[-119.43652,53.46958],[-119.43634,53.46924],[-119.43622,53.46913],[-119.43609,53.46907],[-119.43568,53.46894],[-119.43495,53.46873],[-119.43432,53.46847],[-119.4332,53.4679],[-119.4327,53.46762],[-119.43226,53.46745],[-119.43115,53.46696],[-119.43046,53.46673],[-119.43014,53.46661],[-119.42989,53.46648],[-119.42968,53.46633],[-119.42937,53.46608],[-119.42906,53.46585],[-119.42808,53.46526],[-119.42754,53.46502],[-119.42718,53.46491],[-119.42676,53.46474],[-119.42628,53.46451],[-119.42537,53.46397],[-119.42525,53.46388],[-119.42509,53.46384],[-119.42479,53.4638],[-119.424,53.46368],[-119.42354,53.46357],[-119.42297,53.4633],[-119.42242,53.463],[-119.42185,53.46272],[-119.42154,53.46264],[-119.4212,53.46255],[-119.42069,53.46247],[-119.41972,53.46237],[-119.41954,53.46238],[-119.41938,53.46245],[-119.41924,53.46259],[-119.4191,53.46283],[-119.41883,53.46353],[-119.41868,53.46416],[-119.41849,53.46481],[-119.41834,53.46511],[-119.41794,53.46569],[-119.41775,53.46585],[-119.41747,53.46601],[-119.41649,53.46632],[-119.41602,53.46644],[-119.41545,53.46651],[-119.41456,53.46666],[-119.41407,53.46675],[-119.41379,53.46682],[-119.41355,53.46691],[-119.41308,53.46722],[-119.41278,53.4675],[-119.41149,53.46852],[-119.41098,53.46914],[-119.4108,53.46944],[-119.41069,53.46979],[-119.41072,53.47028],[-119.41069,53.47048],[-119.41049,53.47109],[-119.41035,53.47127],[-119.41006,53.47149],[-119.40984,53.47163],[-119.40966,53.47179],[-119.40944,53.47204],[-119.40924,53.47247],[-119.40904,53.47305],[-119.40891,53.47414],[-119.40877,53.47447],[-119.40829,53.47498],[-119.40778,53.47534],[-119.40753,53.47544],[-119.40639,53.47567],[-119.40581,53.47571],[-119.40395,53.47569],[-119.40361,53.47565],[-119.40307,53.47535],[-119.40285,53.47516],[-119.40263,53.47503],[-119.40228,53.47492],[-119.40182,53.47482],[-119.39886,53.47367],[-119.39801,53.47335],[-119.39748,53.47308],[-119.39619,53.47229],[-119.39419,53.47129],[-119.39348,53.4709],[-119.39284,53.47049],[-119.39246,53.47015],[-119.39218,53.46998],[-119.39161,53.46972],[-119.39097,53.46948],[-119.39021,53.4693],[-119.38887,53.46916],[-119.38837,53.46916],[-119.38772,53.46927],[-119.38735,53.46935],[-119.38692,53.46943],[-119.3865,53.46948],[-119.38628,53.46943],[-119.38525,53.46904],[-119.38359,53.46822],[-119.38326,53.46802],[-119.38292,53.46785],[-119.38223,53.46763],[-119.38156,53.46727],[-119.3809,53.46686],[-119.3804,53.46626],[-119.38013,53.46573],[-119.37988,53.46539],[-119.37864,53.46448],[-119.37847,53.46441],[-119.37674,53.46392],[-119.37594,53.46354],[-119.37525,53.46324],[-119.37443,53.463],[-119.37322,53.46271],[-119.37245,53.46253],[-119.3717,53.46244],[-119.37127,53.46241],[-119.37069,53.46241],[-119.36987,53.46246],[-119.36944,53.46241],[-119.36814,53.46218],[-119.36757,53.46217],[-119.36676,53.46223],[-119.36588,53.46239],[-119.36453,53.46271],[-119.36317,53.46303],[-119.36207,53.46341],[-119.36167,53.46353],[-119.36125,53.46364],[-119.36074,53.46381],[-119.36035,53.464],[-119.36013,53.46416],[-119.35987,53.4644],[-119.3596,53.46486],[-119.35905,53.46548],[-119.35854,53.46598],[-119.35776,53.4665],[-119.3575,53.46665],[-119.35669,53.46751],[-119.3549,53.46986],[-119.3547,53.47002],[-119.35443,53.47016],[-119.35416,53.47027],[-119.35359,53.47047],[-119.35319,53.47057],[-119.35241,53.47065],[-119.35203,53.47065],[-119.35171,53.47063],[-119.35078,53.47042],[-119.35024,53.4703],[-119.34984,53.4702],[-119.34963,53.47012],[-119.3486,53.46993],[-119.3477,53.46984],[-119.34726,53.46977],[-119.3464,53.46971],[-119.34553,53.46975],[-119.34452,53.46974],[-119.34399,53.4697],[-119.34346,53.46964],[-119.34249,53.46947],[-119.34223,53.46945],[-119.34134,53.46945],[-119.34067,53.46943],[-119.33999,53.46946],[-119.33968,53.46952],[-119.33943,53.46964],[-119.33922,53.46976],[-119.33903,53.4699],[-119.33892,53.47002],[-119.33848,53.47037],[-119.33761,53.47086],[-119.33718,53.47116],[-119.3368,53.47134],[-119.33638,53.47144],[-119.33594,53.47145],[-119.33547,53.4714],[-119.33518,53.47144],[-119.33489,53.47155],[-119.33446,53.4718],[-119.3336,53.47206],[-119.33325,53.47212],[-119.33288,53.47234],[-119.33243,53.47253],[-119.33227,53.4726],[-119.33197,53.47266],[-119.33159,53.47265],[-119.33101,53.47261],[-119.33058,53.47257],[-119.33028,53.47258],[-119.32994,53.4726],[-119.32964,53.47267],[-119.32903,53.47272],[-119.32857,53.47269],[-119.32803,53.47257],[-119.32743,53.47238],[-119.32713,53.47224],[-119.32692,53.47214],[-119.32651,53.47188],[-119.32589,53.47151],[-119.32555,53.4714],[-119.3243,53.47116],[-119.32332,53.47088],[-119.32291,53.47084],[-119.32251,53.47078],[-119.32211,53.47069],[-119.32164,53.47056],[-119.32124,53.47045],[-119.32103,53.47044],[-119.32082,53.4705],[-119.32006,53.47081],[-119.31961,53.47097],[-119.31927,53.47122],[-119.31896,53.47148],[-119.31875,53.47171],[-119.31846,53.47188],[-119.31761,53.47224],[-119.3172,53.47234],[-119.31633,53.47242],[-119.31598,53.47256],[-119.31542,53.47292],[-119.31459,53.47335],[-119.31395,53.47366],[-119.31312,53.47395],[-119.31248,53.47422],[-119.312,53.47448],[-119.31147,53.47479],[-119.31129,53.47487],[-119.31105,53.47494],[-119.31034,53.47498],[-119.31004,53.47497],[-119.3081,53.47432],[-119.30775,53.47412],[-119.30666,53.4734],[-119.30633,53.47329],[-119.30578,53.47315],[-119.30514,53.47302],[-119.3048,53.47292],[-119.30434,53.47281],[-119.30401,53.47279],[-119.30374,53.47277],[-119.30341,53.47276],[-119.30303,53.4727],[-119.30251,53.47266],[-119.30177,53.47259],[-119.3001,53.47238],[-119.29951,53.47229],[-119.29895,53.47229],[-119.29843,53.4723],[-119.29798,53.47232],[-119.29763,53.47228],[-119.29733,53.47216],[-119.2972,53.47204],[-119.29694,53.47184],[-119.2961,53.47146],[-119.29562,53.47116],[-119.29537,53.47103],[-119.29511,53.47089],[-119.29483,53.47078],[-119.29452,53.47069],[-119.29377,53.47054],[-119.29241,53.4704],[-119.29134,53.47018],[-119.2907,53.46994],[-119.28972,53.46951],[-119.28891,53.46924],[-119.28835,53.46912],[-119.28781,53.46898],[-119.28708,53.46891],[-119.2864,53.46886],[-119.2858,53.46883],[-119.28533,53.46888],[-119.28502,53.46891],[-119.28481,53.46896],[-119.28109,53.47081],[-119.28086,53.47094],[-119.28078,53.47106],[-119.28089,53.47171],[-119.28087,53.47207],[-119.28074,53.47237],[-119.28081,53.47305],[-119.28099,53.47366],[-119.28106,53.47449],[-119.28105,53.47472],[-119.28099,53.47485],[-119.28102,53.47618],[-119.28103,53.47619],[-119.25024,53.47578],[-119.25005,53.47578],[-119.24972,53.47578],[-119.24956,53.47577],[-119.24707,53.47535],[-119.24558,53.47506],[-119.24443,53.47491],[-119.24382,53.47489],[-119.24335,53.47484],[-119.24301,53.47479],[-119.2426,53.47463],[-119.24241,53.4745],[-119.24124,53.47358],[-119.24069,53.47324],[-119.2401,53.47299],[-119.2389,53.47243],[-119.23824,53.47204],[-119.23775,53.47178],[-119.2372,53.47146],[-119.2365,53.47116],[-119.23566,53.47097],[-119.23443,53.47075],[-119.23372,53.47053],[-119.23297,53.47021],[-119.23242,53.46996],[-119.2314,53.46938],[-119.23068,53.46889],[-119.23049,53.4687],[-119.23031,53.46859],[-119.22978,53.46849],[-119.22863,53.46816],[-119.22724,53.46755],[-119.22613,53.46702],[-119.22147,53.46487],[-119.22028,53.46429],[-119.21956,53.46385],[-119.2191,53.46357],[-119.2185,53.46341],[-119.21808,53.46317],[-119.21781,53.46291],[-119.21761,53.46266],[-119.21743,53.46253],[-119.21721,53.46244],[-119.21694,53.46232],[-119.21625,53.46216],[-119.21529,53.46199],[-119.21486,53.46185],[-119.21412,53.46154],[-119.21372,53.46133],[-119.21182,53.46001],[-119.21047,53.45914],[-119.20959,53.45867],[-119.20922,53.45845],[-119.20868,53.45817],[-119.20806,53.45799],[-119.20778,53.45787],[-119.20759,53.45771],[-119.20746,53.45754],[-119.20742,53.45741],[-119.20731,53.45722],[-119.20723,53.45696],[-119.20713,53.45682],[-119.20687,53.45667],[-119.20622,53.45633],[-119.20516,53.4561],[-119.20412,53.45607],[-119.20341,53.45613],[-119.20277,53.45623],[-119.20245,53.45619],[-119.20214,53.45606],[-119.20193,53.45592],[-119.20173,53.45571],[-119.20113,53.45494],[-119.20082,53.45469],[-119.20039,53.45442],[-119.19914,53.45391],[-119.19868,53.45376],[-119.1982,53.45366],[-119.19723,53.45343],[-119.19601,53.45326],[-119.19477,53.45317],[-119.19347,53.45297],[-119.19278,53.45284],[-119.19211,53.45264],[-119.19155,53.45242],[-119.191,53.45203],[-119.19065,53.4517],[-119.19027,53.45153],[-119.18994,53.45144],[-119.18872,53.45127],[-119.18756,53.45109],[-119.18707,53.45099],[-119.18645,53.45089],[-119.18528,53.45076],[-119.18463,53.45064],[-119.18427,53.4505],[-119.18376,53.45024],[-119.18283,53.4499],[-119.18229,53.44974],[-119.18169,53.44955],[-119.18083,53.44948],[-119.18024,53.44948],[-119.17984,53.44947],[-119.17934,53.44944],[-119.17846,53.44939],[-119.17657,53.44926],[-119.17464,53.44919],[-119.17192,53.4493],[-119.17167,53.44928],[-119.17149,53.44922],[-119.17131,53.44908],[-119.17114,53.44889],[-119.1708,53.44838],[-119.17044,53.44802],[-119.16987,53.4476],[-119.16937,53.44717],[-119.16859,53.44642],[-119.16832,53.44609],[-119.16818,53.44591],[-119.1681,53.44567],[-119.16811,53.44547],[-119.16813,53.44529],[-119.16822,53.445],[-119.16825,53.44432],[-119.16824,53.44363],[-119.16836,53.44329],[-119.16833,53.44277],[-119.16844,53.44254],[-119.16845,53.44223],[-119.16841,53.44214],[-119.16823,53.44196],[-119.16782,53.44176],[-119.16731,53.44138],[-119.1671,53.44118],[-119.16669,53.44087],[-119.16652,53.44068],[-119.16643,53.44048],[-119.16632,53.44028],[-119.16618,53.44012],[-119.16604,53.43985],[-119.16601,53.43963],[-119.1659,53.43951],[-119.16526,53.4392],[-119.16457,53.43893],[-119.16339,53.43833],[-119.16284,53.43795],[-119.16233,53.43765],[-119.16176,53.43738],[-119.1614,53.43719],[-119.16093,53.43706],[-119.16028,53.43688],[-119.1597,53.43664],[-119.15921,53.43639],[-119.15878,53.4362],[-119.15759,53.43589],[-119.15578,53.43539],[-119.15497,53.43524],[-119.15437,53.43518],[-119.15415,53.43518],[-119.15381,53.43525],[-119.15339,53.43539],[-119.15294,53.43547],[-119.15236,53.43546],[-119.15177,53.43545],[-119.15089,53.43539],[-119.1501,53.4353],[-119.1494,53.43523],[-119.14869,53.43518],[-119.14836,53.43519],[-119.148,53.43526],[-119.14769,53.43526],[-119.14732,53.43522],[-119.14687,53.4352],[-119.14642,53.4352],[-119.14572,53.43524],[-119.14424,53.43537],[-119.14386,53.43548],[-119.14344,53.43564],[-119.14308,53.43592],[-119.14255,53.43653],[-119.14196,53.43694],[-119.14171,53.43705],[-119.14126,53.43714],[-119.14053,53.43721],[-119.13992,53.43727],[-119.13931,53.43739],[-119.13866,53.43753],[-119.1382,53.4377],[-119.13802,53.43783],[-119.13787,53.43801],[-119.13787,53.43828],[-119.13778,53.43853],[-119.13771,53.43897],[-119.13762,53.43922],[-119.13747,53.4394],[-119.13727,53.43953],[-119.13699,53.43962],[-119.1358,53.43994],[-119.13445,53.44008],[-119.13249,53.44015],[-119.13013,53.44037],[-119.12937,53.4404],[-119.12879,53.44051],[-119.12815,53.4408],[-119.12787,53.44095],[-119.1274,53.4411],[-119.12662,53.44124],[-119.12245,53.44187],[-119.12191,53.44191],[-119.12117,53.44207],[-119.12029,53.44231],[-119.11951,53.44248],[-119.11902,53.44261],[-119.11857,53.44279],[-119.11821,53.44296],[-119.11756,53.44317],[-119.11677,53.44336],[-119.11546,53.44363],[-119.11463,53.44377],[-119.11374,53.44388],[-119.11279,53.44409],[-119.11192,53.44433],[-119.11107,53.44461],[-119.11042,53.44478],[-119.11011,53.4449],[-119.10936,53.44553],[-119.10874,53.44615],[-119.10756,53.44704],[-119.10723,53.44731],[-119.10705,53.44743],[-119.1069,53.44747],[-119.10651,53.4475],[-119.10572,53.44749],[-119.10492,53.44735],[-119.10425,53.44722],[-119.10387,53.447],[-119.10353,53.44683],[-119.10274,53.44647],[-119.10169,53.4461],[-119.10088,53.446],[-119.10006,53.44584],[-119.09945,53.44569],[-119.09908,53.44541],[-119.09885,53.44527],[-119.09849,53.44519],[-119.09789,53.44516],[-119.09737,53.44508],[-119.09686,53.445],[-119.09642,53.44487],[-119.09608,53.44472],[-119.09587,53.44457],[-119.09522,53.44429],[-119.09416,53.44376],[-119.0936,53.44361],[-119.0927,53.4431],[-119.0925,53.44302],[-119.09184,53.44288],[-119.09118,53.44271],[-119.09067,53.44264],[-119.09013,53.44262],[-119.08969,53.44253],[-119.08925,53.44239],[-119.08897,53.44236],[-119.08878,53.44233],[-119.08864,53.44234],[-119.08845,53.44234],[-119.08808,53.44233],[-119.0877,53.44229],[-119.08728,53.44215],[-119.08674,53.44201],[-119.08589,53.44187],[-119.08461,53.44162],[-119.08396,53.44155],[-119.08341,53.44154],[-119.08288,53.44161],[-119.08224,53.4416],[-119.07985,53.44165],[-119.07877,53.44172],[-119.07828,53.44178],[-119.07773,53.44192],[-119.07616,53.44229],[-119.07504,53.44249],[-119.07355,53.44269],[-119.07241,53.44296],[-119.07194,53.44305],[-119.07095,53.44339],[-119.07032,53.44369],[-119.06993,53.44405],[-119.06975,53.4441],[-119.0694,53.44414],[-119.06904,53.44413],[-119.06801,53.44399],[-119.06763,53.44385],[-119.06752,53.44375],[-119.06733,53.44333],[-119.06717,53.44319],[-119.06697,53.4431],[-119.06673,53.44302],[-119.06638,53.44297],[-119.06517,53.44298],[-119.06428,53.44293],[-119.06382,53.44288],[-119.06351,53.4428],[-119.06296,53.44259],[-119.06215,53.4422],[-119.06171,53.44203],[-119.06107,53.44166],[-119.06069,53.4414],[-119.06021,53.44099],[-119.05983,53.44078],[-119.05896,53.44051],[-119.05863,53.44034],[-119.05816,53.44006],[-119.05779,53.43968],[-119.05702,53.43917],[-119.05622,53.43856],[-119.0551,53.43777],[-119.05483,53.43754],[-119.05473,53.43731],[-119.05474,53.43703],[-119.05485,53.4368],[-119.05494,53.43654],[-119.05496,53.4363],[-119.05491,53.43601],[-119.05485,53.4358],[-119.05465,53.43547],[-119.05434,53.43495],[-119.05408,53.43439],[-119.05387,53.43383],[-119.05375,53.43331],[-119.0538,53.43272],[-119.05397,53.43244],[-119.0542,53.43223],[-119.05554,53.43075],[-119.05646,53.42954],[-119.05708,53.42892],[-119.05747,53.42839],[-119.0578,53.428],[-119.05837,53.4276],[-119.05849,53.42746],[-119.05853,53.42726],[-119.05854,53.42701],[-119.05846,53.42674],[-119.05819,53.4265],[-119.05767,53.4261],[-119.05733,53.42587],[-119.05691,53.42565],[-119.05652,53.42549],[-119.0563,53.42528],[-119.05606,53.42501],[-119.05569,53.42464],[-119.05531,53.42423],[-119.05473,53.42375],[-119.05413,53.42334],[-119.05329,53.42296],[-119.05215,53.42243],[-119.05122,53.42216],[-119.05031,53.422],[-119.04931,53.42187],[-119.04872,53.42197],[-119.04816,53.422],[-119.04729,53.42197],[-119.04648,53.42198],[-119.0456,53.42203],[-119.04433,53.42217],[-119.04326,53.42223],[-119.04274,53.42224],[-119.04224,53.4222],[-119.04154,53.4222],[-119.04085,53.42218],[-119.04039,53.42214],[-119.0398,53.42203],[-119.03925,53.42185],[-119.0383,53.42168],[-119.03797,53.42165],[-119.0377,53.42167],[-119.03742,53.4218],[-119.03635,53.42238],[-119.03563,53.42279],[-119.03535,53.42291],[-119.03499,53.423],[-119.0342,53.42315],[-119.03342,53.42327],[-119.03269,53.42344],[-119.03221,53.42357],[-119.03161,53.42377],[-119.03099,53.42397],[-119.02961,53.42442],[-119.02915,53.42453],[-119.02851,53.42467],[-119.02809,53.42468],[-119.02748,53.42465],[-119.0267,53.42468],[-119.02588,53.42461],[-119.02518,53.42449],[-119.02443,53.42434],[-119.02377,53.42417],[-119.02349,53.42409],[-119.02312,53.42403],[-119.02267,53.42399],[-119.02214,53.42399],[-119.02102,53.42408],[-119.01994,53.42425],[-119.01905,53.42433],[-119.01856,53.42438],[-119.01734,53.42444],[-119.01691,53.42456],[-119.01659,53.42471],[-119.01631,53.42494],[-119.01574,53.42537],[-119.01504,53.42605],[-119.01459,53.42658],[-119.01404,53.42759],[-119.01369,53.42839],[-119.01361,53.42876],[-119.01361,53.42916],[-119.01394,53.43014],[-119.01486,53.4325],[-119.01495,53.43317],[-119.01505,53.43336],[-119.01533,53.43422],[-119.01557,53.43513],[-119.01575,53.43604],[-119.01585,53.43737],[-119.01595,53.43782],[-119.01597,53.43805],[-119.01581,53.43831],[-119.01508,53.43914],[-119.01453,53.43968],[-119.01416,53.44018],[-119.01373,53.44099],[-119.01343,53.44195],[-119.01331,53.44254],[-119.01296,53.44294],[-119.01255,53.4431],[-119.01163,53.44338],[-119.01058,53.44388],[-119.00831,53.44459],[-119.00725,53.44501],[-119.0066,53.44547],[-119.00537,53.44618],[-119.0045,53.44656],[-119.00378,53.44671],[-119.00292,53.4468],[-119.00191,53.44677],[-119.00137,53.44679],[-119.00077,53.44696],[-118.99989,53.44727],[-118.99863,53.44803],[-119.02236,53.46965],[-119.02104,53.46954],[-119.01985,53.46944],[-119.01894,53.46929],[-119.01705,53.4692],[-119.01588,53.4692],[-119.01447,53.46934],[-119.01316,53.46952],[-119.01255,53.46969],[-119.01201,53.46992],[-119.01107,53.47036],[-119.00909,53.47113],[-119.00751,53.4716],[-119.00641,53.47172],[-119.00499,53.47193],[-119.00314,53.47235],[-119.00245,53.4725],[-119.00203,53.47259],[-119.00167,53.47275],[-119.00126,53.47302],[-119.00114,53.47305],[-119.00062,53.47318],[-118.99968,53.47331],[-118.99883,53.47339],[-118.99802,53.47352],[-118.99752,53.47369],[-118.99721,53.47392],[-118.9969,53.47418],[-118.99643,53.47476],[-118.99633,53.47516],[-118.99612,53.47666],[-118.99601,53.47718],[-118.99584,53.47756],[-118.99552,53.47812],[-118.99551,53.47895],[-118.99534,53.4795],[-118.99495,53.48],[-118.99441,53.48046],[-118.99362,53.48093],[-118.99338,53.48098],[-118.99315,53.48097],[-118.99267,53.48087],[-118.99167,53.4807],[-118.98983,53.48034],[-118.98946,53.48025],[-118.98906,53.4801],[-118.98838,53.47997],[-118.98761,53.47989],[-118.98687,53.47992],[-118.98622,53.48002],[-118.98558,53.48024],[-118.98476,53.4804],[-118.9841,53.48044],[-118.98366,53.48044],[-118.98324,53.4804],[-118.98285,53.48034],[-118.98238,53.4803],[-118.9819,53.48023],[-118.98152,53.48018],[-118.98112,53.48013],[-118.98093,53.48012],[-118.98067,53.48009],[-118.98033,53.48007],[-118.97998,53.48008],[-118.97927,53.48014],[-118.97847,53.48022],[-118.97766,53.4804],[-118.97712,53.48049],[-118.97653,53.48063],[-118.97562,53.48091],[-118.97485,53.48119],[-118.9747,53.48114],[-118.97451,53.48101],[-118.9736,53.48015],[-118.97253,53.47963],[-118.97144,53.47921],[-118.97056,53.4788],[-118.96968,53.47841],[-118.96912,53.47822],[-118.96826,53.47801],[-118.96703,53.47768],[-118.96637,53.47758],[-118.96545,53.47749],[-118.9648,53.47744],[-118.96425,53.47747],[-118.9637,53.47758],[-118.96315,53.47759],[-118.9626,53.47748],[-118.96199,53.47728],[-118.96119,53.47679],[-118.9606,53.47626],[-118.96001,53.47582],[-118.95955,53.47555],[-118.95804,53.47496],[-118.95726,53.47475],[-118.95687,53.47457],[-118.95638,53.47421],[-118.95591,53.47376],[-118.95469,53.47301],[-118.95409,53.47254],[-118.95345,53.47208],[-118.95238,53.47142],[-118.95179,53.47111],[-118.95152,53.47093],[-118.95102,53.47065],[-118.95045,53.47024],[-118.95015,53.47008],[-118.95003,53.47],[-118.94998,53.46991],[-118.94993,53.4698],[-118.94979,53.46969],[-118.94957,53.4696],[-118.94887,53.4694],[-118.94782,53.46906],[-118.94693,53.46883],[-118.94513,53.46849],[-118.94439,53.46827],[-118.94279,53.46755],[-118.94173,53.46719],[-118.94032,53.46679],[-118.9399,53.46665],[-118.93867,53.46643],[-118.93665,53.46625],[-118.93586,53.46624],[-118.93545,53.46625],[-118.93507,53.4662],[-118.93484,53.46612],[-118.93442,53.46579],[-118.93396,53.46549],[-118.9335,53.46506],[-118.93301,53.46464],[-118.93252,53.46418],[-118.93211,53.46394],[-118.93156,53.46375],[-118.93101,53.46342],[-118.93042,53.46311],[-118.92984,53.46287],[-118.92934,53.4625],[-118.92888,53.46203],[-118.92832,53.46161],[-118.92788,53.46133],[-118.92667,53.46084],[-118.92568,53.4606],[-118.92499,53.46041],[-118.92431,53.46017],[-118.92361,53.46],[-118.92231,53.4598],[-118.92192,53.45977],[-118.92149,53.45969],[-118.92042,53.45939],[-118.91988,53.45928],[-118.91965,53.45925],[-118.91938,53.45923],[-118.91886,53.45924],[-118.91865,53.45923],[-118.91841,53.45913],[-118.91795,53.45877],[-118.91763,53.45834],[-118.91752,53.45824],[-118.91738,53.45794],[-118.91736,53.45781],[-118.91726,53.45734],[-118.91713,53.45707],[-118.91684,53.45679],[-118.91656,53.45635],[-118.91629,53.45618],[-118.91602,53.45601],[-118.91575,53.45581],[-118.91536,53.45549],[-118.91512,53.45519],[-118.91501,53.45491],[-118.91488,53.45473],[-118.91457,53.45446],[-118.91393,53.45405],[-118.91376,53.45393],[-118.91318,53.45351],[-118.91284,53.45316],[-118.91269,53.45301],[-118.91241,53.45284],[-118.91198,53.45266],[-118.91162,53.45251],[-118.91105,53.45219],[-118.91049,53.45177],[-118.91006,53.45139],[-118.90931,53.45082],[-118.90896,53.45064],[-118.9082,53.4503],[-118.90716,53.44976],[-118.90653,53.4495],[-118.90579,53.44923],[-118.905,53.44904],[-118.90375,53.44893],[-118.90307,53.44879],[-118.90235,53.44859],[-118.90158,53.44827],[-118.90118,53.44803],[-118.90071,53.44762],[-118.90035,53.44727],[-118.8999,53.44693],[-118.89935,53.44667],[-118.89857,53.44639],[-118.89773,53.44612],[-118.89723,53.44595],[-118.89645,53.44565],[-118.89578,53.44545],[-118.89491,53.44523],[-118.89341,53.44489],[-118.89193,53.44471],[-118.89106,53.44455],[-118.89012,53.44444],[-118.88863,53.44429],[-118.88824,53.44422],[-118.88797,53.4441],[-118.88748,53.44378],[-118.88657,53.44333],[-118.88595,53.44306],[-118.88484,53.44274],[-118.88463,53.44268],[-118.88394,53.44244],[-118.88348,53.44233],[-118.88219,53.44196],[-118.8808,53.44163],[-118.88023,53.44154],[-118.87943,53.44138],[-118.87931,53.44134],[-118.87918,53.44138],[-118.87893,53.44159],[-118.87878,53.44169],[-118.87821,53.44204],[-118.87769,53.44238],[-118.87679,53.44288],[-118.87631,53.44318],[-118.8756,53.44347],[-118.8749,53.44367],[-118.87436,53.44386],[-118.87271,53.44479],[-118.87207,53.44505],[-118.87117,53.44521],[-118.87069,53.44525],[-118.87009,53.44528],[-118.8687,53.44525],[-118.86722,53.44512],[-118.86671,53.44512],[-118.8663,53.44509],[-118.86563,53.44496],[-118.8653,53.44493],[-118.8651,53.44494],[-118.86492,53.445],[-118.86448,53.44529],[-118.86417,53.44552],[-118.86395,53.44571],[-118.8634,53.44602],[-118.86267,53.44631],[-118.86207,53.44653],[-118.86159,53.44678],[-118.86125,53.44703],[-118.86103,53.44724],[-118.86085,53.44742],[-118.86076,53.44746],[-118.86068,53.44741],[-118.86056,53.4472],[-118.86046,53.447],[-118.86025,53.44684],[-118.85983,53.44669],[-118.85927,53.44653],[-118.85871,53.4464],[-118.85818,53.44624],[-118.85777,53.44609],[-118.85725,53.44594],[-118.85647,53.44572],[-118.85593,53.4456],[-118.85534,53.4455],[-118.85475,53.44539],[-118.85441,53.44527],[-118.85408,53.44515],[-118.85366,53.44493],[-118.85298,53.44459],[-118.85271,53.44436],[-118.85243,53.44415],[-118.8522,53.44396],[-118.85181,53.44375],[-118.85146,53.44355],[-118.85113,53.44351],[-118.85064,53.44341],[-118.85029,53.44331],[-118.84949,53.44305],[-118.84906,53.44296],[-118.8487,53.44296],[-118.84799,53.44299],[-118.84722,53.4431],[-118.84659,53.44313],[-118.8462,53.4431],[-118.84587,53.443],[-118.84548,53.44284],[-118.84492,53.44263],[-118.84419,53.44239],[-118.84388,53.44226],[-118.84349,53.44202],[-118.8433,53.44186],[-118.84307,53.44143],[-118.84275,53.44095],[-118.84229,53.4406],[-118.84189,53.4404],[-118.84147,53.44031],[-118.84031,53.44019],[-118.83943,53.44006],[-118.83849,53.43999],[-118.83693,53.43997],[-118.83627,53.43993],[-118.83564,53.43986],[-118.8352,53.43977],[-118.83482,53.43964],[-118.83418,53.43946],[-118.83361,53.43928],[-118.83301,53.43915],[-118.83261,53.43902],[-118.83234,53.43886],[-118.8322,53.43873],[-118.83217,53.43861],[-118.8324,53.43795],[-118.8324,53.43719],[-118.83242,53.43695],[-118.83239,53.4366],[-118.83216,53.43593],[-118.83186,53.43539],[-118.83152,53.435],[-118.83101,53.43459],[-118.8306,53.4343],[-118.83023,53.43413],[-118.83002,53.43406],[-118.82932,53.43398],[-118.82754,53.43374],[-118.82538,53.43364],[-118.82479,53.43358],[-118.82428,53.43348],[-118.82371,53.43345],[-118.82324,53.43348],[-118.82242,53.43352],[-118.82202,53.43349],[-118.82162,53.43345],[-118.82129,53.4334],[-118.82097,53.43333],[-118.82076,53.43328],[-118.82055,53.43323],[-118.82038,53.43315],[-118.82026,53.43303],[-118.81977,53.43243],[-118.81918,53.43183],[-118.8183,53.43122],[-118.81801,53.43084],[-118.81768,53.43025],[-118.81755,53.42997],[-118.81745,53.42967],[-118.81731,53.4294],[-118.81717,53.42928],[-118.81699,53.42923],[-118.81639,53.42896],[-118.81581,53.42861],[-118.81569,53.42849],[-118.81563,53.4284],[-118.81547,53.4282],[-118.81529,53.42809],[-118.8152,53.42793],[-118.81514,53.42776],[-118.81518,53.4275],[-118.81511,53.42736],[-118.8149,53.42726],[-118.81443,53.42713],[-118.81407,53.4269],[-118.81399,53.4268],[-118.81394,53.42665],[-118.81393,53.42647],[-118.81399,53.42627],[-118.81415,53.42576],[-118.81426,53.42537],[-118.81422,53.42517],[-118.81415,53.42503],[-118.81402,53.42465],[-118.81376,53.42426],[-118.81329,53.42372],[-118.81295,53.42343],[-118.81224,53.423],[-118.81171,53.42266],[-118.81121,53.42247],[-118.81077,53.42236],[-118.80897,53.42219],[-118.80797,53.42207],[-118.80688,53.42191],[-118.80543,53.42164],[-118.80467,53.42142],[-118.80373,53.4211],[-118.80325,53.42089],[-118.80294,53.42079],[-118.80255,53.42059],[-118.80239,53.42044],[-118.80225,53.4202],[-118.802,53.41984],[-118.80146,53.41941],[-118.80096,53.41914],[-118.80031,53.41893],[-118.79919,53.41856],[-118.79867,53.41843],[-118.79797,53.41823],[-118.7972,53.41799],[-118.79615,53.41783],[-118.79405,53.41744],[-118.79345,53.41729],[-118.79287,53.41725],[-118.79236,53.41724],[-118.79205,53.41731],[-118.79156,53.41747],[-118.79127,53.41762],[-118.79109,53.41773],[-118.79021,53.41821],[-118.78974,53.41865],[-118.78934,53.41906],[-118.78924,53.41947],[-118.78917,53.41966],[-118.78907,53.41982],[-118.78895,53.41999],[-118.7888,53.4201],[-118.7886,53.42016],[-118.7882,53.42021],[-118.78797,53.42027],[-118.78776,53.42036],[-118.78745,53.42054],[-118.78723,53.42074],[-118.78686,53.42098],[-118.78636,53.42127],[-118.78586,53.42148],[-118.78545,53.4217],[-118.78504,53.42205],[-118.78459,53.4226],[-118.78448,53.42267],[-118.78426,53.42274],[-118.78351,53.42287],[-118.78264,53.42308],[-118.78208,53.42326],[-118.78124,53.42345],[-118.78063,53.42353],[-118.78027,53.42364],[-118.77994,53.42384],[-118.77976,53.424],[-118.77967,53.42417],[-118.77964,53.42444],[-118.77956,53.42503],[-118.77952,53.4252],[-118.77943,53.42533],[-118.77923,53.42557],[-118.77881,53.42608],[-118.77668,53.42749],[-118.77629,53.42789],[-118.77589,53.42831],[-118.77572,53.42849],[-118.77569,53.42882],[-118.77581,53.42913],[-118.77624,53.42947],[-118.77672,53.42981],[-118.77696,53.43023],[-118.77684,53.43069],[-118.77642,53.43105],[-118.77535,53.43171],[-118.77486,53.43217],[-118.77517,53.43239],[-118.77661,53.43341],[-118.77712,53.43382],[-118.77728,53.43391],[-118.77747,53.43397],[-118.77822,53.43416],[-118.77861,53.43433],[-118.77881,53.43439],[-118.77913,53.4344],[-118.7795,53.43449],[-118.77985,53.43473],[-118.78001,53.43489],[-118.78047,53.43515],[-118.78056,53.43528],[-118.78067,53.43539],[-118.78095,53.43558],[-118.78121,53.43595],[-118.78143,53.43614],[-118.78173,53.4365],[-118.78167,53.43667],[-118.78178,53.43679],[-118.78185,53.43693],[-118.78195,53.43706],[-118.78221,53.43723],[-118.78253,53.43738],[-118.78288,53.43766],[-118.78325,53.43792],[-118.78358,53.43831],[-118.78386,53.43857],[-118.78401,53.43866],[-118.78436,53.43881],[-118.7848,53.4389],[-118.78512,53.43901],[-118.78582,53.43958],[-118.78602,53.4398],[-118.78619,53.44005],[-118.78633,53.4403],[-118.78643,53.44041],[-118.78697,53.44064],[-118.78726,53.44081],[-118.78755,53.44094],[-118.78773,53.441],[-118.78806,53.44107],[-118.78859,53.44135],[-118.78871,53.44149],[-118.7895,53.44203],[-118.78981,53.4422],[-118.79059,53.44244],[-118.79112,53.44266],[-118.79141,53.44282],[-118.79161,53.4429],[-118.79162,53.44312],[-118.79148,53.44339],[-118.79133,53.44349],[-118.79122,53.4436],[-118.79131,53.44372],[-118.79159,53.44391],[-118.79177,53.44411],[-118.79181,53.44432],[-118.7918,53.44449],[-118.79183,53.44465],[-118.79198,53.44492],[-118.79202,53.44508],[-118.79203,53.44524],[-118.79215,53.44555],[-118.79215,53.44573],[-118.79221,53.44589],[-118.79234,53.44599],[-118.7927,53.44621],[-118.79332,53.44685],[-118.79347,53.44694],[-118.79365,53.44701],[-118.79387,53.44707],[-118.79421,53.44722],[-118.79437,53.44731],[-118.79456,53.44738],[-118.7948,53.44742],[-118.79501,53.44748],[-118.79516,53.44757],[-118.79528,53.44761],[-118.79535,53.44763],[-118.79547,53.44773],[-118.79556,53.44785],[-118.79567,53.44796],[-118.79604,53.4481],[-118.79647,53.4482],[-118.79667,53.44826],[-118.79714,53.44849],[-118.79736,53.44859],[-118.79763,53.44868],[-118.798,53.44874],[-118.79819,53.44881],[-118.79861,53.4491],[-118.79864,53.44924],[-118.79861,53.44939],[-118.79862,53.44956],[-118.79868,53.44971],[-118.79881,53.44981],[-118.79899,53.44989],[-118.79947,53.44984],[-118.79969,53.44989],[-118.80053,53.4503],[-118.8007,53.45049],[-118.80074,53.45086],[-118.80083,53.45099],[-118.80097,53.45109],[-118.80134,53.45123],[-118.80145,53.45134],[-118.80152,53.45148],[-118.80166,53.45158],[-118.8022,53.45161],[-118.80236,53.4517],[-118.80239,53.45184],[-118.80235,53.452],[-118.80235,53.45217],[-118.80242,53.4523],[-118.80258,53.45238],[-118.80279,53.45244],[-118.80293,53.45253],[-118.80328,53.45266],[-118.80359,53.45284],[-118.80384,53.45306],[-118.80404,53.45331],[-118.80416,53.45342],[-118.80432,53.4535],[-118.80515,53.45349],[-118.80532,53.45357],[-118.80544,53.45368],[-118.80592,53.45391],[-118.8063,53.45423],[-118.80645,53.45432],[-118.80663,53.45439],[-118.80681,53.45447],[-118.80695,53.45457],[-118.80712,53.45465],[-118.80737,53.45485],[-118.80757,53.45494],[-118.80794,53.45504],[-118.80813,53.45512],[-118.80862,53.45519],[-118.80883,53.45524],[-118.80898,53.45533],[-118.80934,53.45566],[-118.80948,53.45575],[-118.80986,53.45586],[-118.81033,53.45614],[-118.8105,53.45622],[-118.81074,53.45628],[-118.81118,53.45634],[-118.81228,53.45658],[-118.81241,53.45668],[-118.81243,53.45685],[-118.81251,53.45697],[-118.81298,53.45722],[-118.8131,53.45733],[-118.81308,53.45745],[-118.8129,53.4577],[-118.81277,53.4579],[-118.81296,53.45853],[-118.81302,53.45868],[-118.81314,53.45879],[-118.8133,53.45886],[-118.81373,53.45896],[-118.81393,53.45902],[-118.81406,53.45913],[-118.81418,53.45941],[-118.81438,53.45966],[-118.81454,53.45973],[-118.81478,53.45976],[-118.81537,53.45974],[-118.81583,53.45979],[-118.816,53.45989],[-118.81606,53.46003],[-118.81586,53.46036],[-118.81597,53.46053],[-118.81614,53.46062],[-118.81658,53.46072],[-118.81726,53.46083],[-118.8175,53.46086],[-118.81779,53.46085],[-118.81805,53.46081],[-118.81834,53.46081],[-118.81855,53.46085],[-118.81868,53.46095],[-118.81892,53.46134],[-118.81909,53.46145],[-118.8197,53.4616],[-118.81988,53.46168],[-118.82001,53.46179],[-118.82013,53.46199],[-118.82024,53.46219],[-118.82038,53.4623],[-118.82076,53.46243],[-118.8209,53.46252],[-118.8212,53.46288],[-118.82135,53.46316],[-118.82164,53.46355],[-118.82179,53.46383],[-118.82213,53.46418],[-118.82256,53.46446],[-118.82281,53.46467],[-118.82293,53.46479],[-118.82309,53.46525],[-118.82332,53.46546],[-118.82428,53.4658],[-118.82442,53.4659],[-118.82458,53.46617],[-118.82464,53.46631],[-118.82466,53.46647],[-118.82482,53.46675],[-118.82491,53.46687],[-118.82508,53.46695],[-118.82533,53.46698],[-118.82563,53.46698],[-118.82578,53.46691],[-118.82592,53.46701],[-118.82634,53.4671],[-118.82654,53.46715],[-118.82671,53.46723],[-118.82702,53.46741],[-118.82715,53.46752],[-118.82725,53.46782],[-118.82736,53.46794],[-118.82765,53.46807],[-118.82817,53.46817],[-118.82838,53.46822],[-118.82871,53.46837],[-118.82913,53.46849],[-118.82953,53.46862],[-118.82998,53.46871],[-118.83018,53.46878],[-118.83031,53.46887],[-118.83034,53.46904],[-118.83034,53.46927],[-118.83051,53.46945],[-118.83071,53.4695],[-118.83096,53.46953],[-118.83118,53.46958],[-118.83137,53.46966],[-118.83146,53.46979],[-118.83139,53.46992],[-118.83114,53.47029],[-118.83104,53.47041],[-118.83101,53.47057],[-118.83106,53.47091],[-118.83112,53.47106],[-118.83113,53.47122],[-118.8309,53.47161],[-118.83092,53.47176],[-118.83109,53.47184],[-118.8324,53.47177],[-118.83247,53.47178],[-118.83252,53.47178],[-118.83273,53.47181],[-118.83281,53.47194],[-118.83284,53.47227],[-118.83293,53.47249],[-118.83307,53.47269],[-118.83325,53.47277],[-118.83371,53.47285],[-118.83433,53.4731],[-118.83486,53.47344],[-118.8352,53.47361],[-118.83543,53.47376],[-118.83559,53.47386],[-118.83563,53.47388],[-118.83596,53.47408],[-118.83614,53.47435],[-118.83633,53.47457],[-118.83691,53.47516],[-118.8373,53.47548],[-118.8377,53.47572],[-118.83828,53.47619],[-118.83857,53.47639],[-118.83893,53.47675],[-118.83913,53.47701],[-118.83925,53.47712],[-118.83972,53.47742],[-118.84013,53.47769],[-118.84023,53.47783],[-118.84027,53.47794],[-118.84029,53.47797],[-118.84042,53.47815],[-118.84047,53.47822],[-118.8406,53.47832],[-118.84079,53.47839],[-118.84101,53.47843],[-118.84137,53.47858],[-118.84168,53.47876],[-118.84235,53.47932],[-118.84245,53.47944],[-118.84276,53.47999],[-118.84288,53.4803],[-118.84307,53.48056],[-118.84319,53.48068],[-118.84348,53.48087],[-118.8437,53.48111],[-118.84384,53.48121],[-118.844,53.4813],[-118.84417,53.48136],[-118.84429,53.4814],[-118.84432,53.48141],[-118.84455,53.48153],[-118.84469,53.48163],[-118.84481,53.48175],[-118.84486,53.4819],[-118.84482,53.48206],[-118.84484,53.48224],[-118.8449,53.48238],[-118.84511,53.48263],[-118.8454,53.48283],[-118.84552,53.48294],[-118.84571,53.48322],[-118.84598,53.48342],[-118.8464,53.48353],[-118.84667,53.48355],[-118.8469,53.4835],[-118.8471,53.48344],[-118.84733,53.48345],[-118.84748,53.48355],[-118.84754,53.4837],[-118.84747,53.48384],[-118.84737,53.48396],[-118.84737,53.48413],[-118.84741,53.48429],[-118.84751,53.48442],[-118.84764,53.48452],[-118.84825,53.48488],[-118.849,53.48515],[-118.8493,53.48533],[-118.84942,53.48545],[-118.84989,53.48628],[-118.85,53.48639],[-118.85042,53.48669],[-118.85053,53.4868],[-118.85067,53.48708],[-118.85105,53.48741],[-118.85148,53.48771],[-118.85184,53.48806],[-118.85216,53.48823],[-118.85252,53.48838],[-118.85272,53.48843],[-118.85324,53.48847],[-118.85346,53.48851],[-118.85384,53.48864],[-118.85401,53.48872],[-118.85415,53.48882],[-118.8543,53.48911],[-118.85494,53.48984],[-118.85493,53.49],[-118.85483,53.49012],[-118.85456,53.49033],[-118.85451,53.49047],[-118.85475,53.4907],[-118.85571,53.49123],[-118.85593,53.49147],[-118.85597,53.49163],[-118.85604,53.49177],[-118.85637,53.49211],[-118.85664,53.49233],[-118.85674,53.49246],[-118.85681,53.4926],[-118.85668,53.49289],[-118.8568,53.49318],[-118.85703,53.4936],[-118.85707,53.49376],[-118.85708,53.49426],[-118.85711,53.49441],[-118.85754,53.49506],[-118.85752,53.49519],[-118.85742,53.49531],[-118.85731,53.49551],[-118.8571,53.49565],[-118.85672,53.49579],[-118.85651,53.49585],[-118.85605,53.49594],[-118.85585,53.49601],[-118.85568,53.49609],[-118.85555,53.49619],[-118.85532,53.49642],[-118.85516,53.49668],[-118.855,53.49711],[-118.85497,53.49763],[-118.8549,53.49794],[-118.85483,53.49807],[-118.85471,53.49818],[-118.85428,53.49846],[-118.85425,53.49862],[-118.85443,53.49889],[-118.85449,53.49904],[-118.85446,53.49921],[-118.85403,53.4995],[-118.85355,53.49994],[-118.85356,53.50001],[-118.85356,53.50003],[-118.85357,53.5001],[-118.85359,53.50029],[-118.85351,53.50078],[-118.85351,53.50096],[-118.85357,53.50111],[-118.85368,53.50123],[-118.85395,53.50144],[-118.85454,53.50181],[-118.85466,53.50192],[-118.85474,53.50206],[-118.8547,53.50221],[-118.85441,53.50273],[-118.85407,53.50307],[-118.85395,53.50335],[-118.8539,53.50386],[-118.85396,53.50426],[-118.85403,53.50454],[-118.85423,53.50497],[-118.85427,53.50513],[-118.85426,53.5053],[-118.85422,53.50546],[-118.85401,53.50586],[-118.85404,53.50603],[-118.85412,53.50617],[-118.85427,53.50626],[-118.8549,53.50644],[-118.85612,53.50659],[-118.85635,53.50664],[-118.85652,53.50672],[-118.85666,53.50682],[-118.857,53.50715],[-118.8571,53.50728],[-118.85714,53.50744],[-118.85707,53.50792],[-118.85709,53.5081],[-118.85714,53.50826],[-118.85737,53.5085],[-118.85798,53.50887],[-118.8581,53.50898],[-118.8582,53.50911],[-118.85822,53.50937],[-118.85809,53.50955],[-118.85794,53.50964],[-118.85755,53.50977],[-118.85742,53.50987],[-118.85733,53.50998],[-118.85729,53.51014],[-118.85752,53.51057],[-118.85757,53.51072],[-118.85766,53.51084],[-118.8579,53.51107],[-118.85807,53.51133],[-118.85848,53.51166],[-118.85865,53.51184],[-118.85872,53.51204],[-118.85846,53.51224],[-118.85835,53.51235],[-118.85834,53.51251],[-118.8585,53.51278],[-118.85863,53.51289],[-118.85878,53.51297],[-118.85897,53.51303],[-118.85944,53.51311],[-118.85961,53.51318],[-118.85989,53.51338],[-118.85994,53.51352],[-118.8599,53.51367],[-118.85993,53.51402],[-118.86005,53.51413],[-118.86042,53.51427],[-118.86056,53.51436],[-118.86064,53.5145],[-118.86066,53.51467],[-118.86063,53.51483],[-118.86073,53.51515],[-118.86068,53.51546],[-118.86074,53.51562],[-118.86084,53.51574],[-118.86108,53.51586],[-118.86151,53.51607],[-118.86181,53.51626],[-118.86305,53.51678],[-118.86343,53.51692],[-118.86375,53.51709],[-118.86388,53.51719],[-118.86394,53.51733],[-118.86381,53.51759],[-118.86387,53.51774],[-118.86408,53.51798],[-118.86423,53.51844],[-118.86434,53.51856],[-118.86448,53.5188],[-118.86459,53.51894],[-118.86473,53.51905],[-118.86548,53.51949],[-118.8657,53.51972],[-118.86627,53.5201],[-118.86664,53.52042],[-118.86699,53.52057],[-118.86744,53.52103],[-118.86758,53.52113],[-118.86826,53.52144],[-118.86908,53.52186],[-118.86998,53.52241],[-118.87022,53.52263],[-118.87039,53.52288],[-118.87043,53.52304],[-118.87038,53.52319],[-118.87037,53.52335],[-118.8705,53.52363],[-118.87069,53.52386],[-118.87095,53.52405],[-118.87106,53.52416],[-118.87138,53.52433],[-118.87183,53.52441],[-118.87283,53.52451],[-118.87302,53.52459],[-118.87315,53.52469],[-118.87319,53.52485],[-118.87314,53.525],[-118.87284,53.52536],[-118.87283,53.52552],[-118.87289,53.52567],[-118.87297,53.5258],[-118.87311,53.52591],[-118.87344,53.52607],[-118.87358,53.52616],[-118.87394,53.52632],[-118.87424,53.52649],[-118.87443,53.52656],[-118.87488,53.52664],[-118.87532,53.52674],[-118.87546,53.52678],[-118.87552,53.5268],[-118.87565,53.5269],[-118.87559,53.52704],[-118.87536,53.52727],[-118.8751,53.52748],[-118.87452,53.5284],[-118.87444,53.52871],[-118.87423,53.52911],[-118.87392,53.52947],[-118.87364,53.52967],[-118.87354,53.52979],[-118.87327,53.52999],[-118.87303,53.53027],[-118.87282,53.53045],[-118.87274,53.53057],[-118.87269,53.53072],[-118.87277,53.53104],[-118.87312,53.53139],[-118.87322,53.53152],[-118.87327,53.53169],[-118.87328,53.53184],[-118.87316,53.53194],[-118.87295,53.532],[-118.87277,53.53208],[-118.87239,53.53222],[-118.87198,53.53235],[-118.8719,53.53248],[-118.87193,53.53265],[-118.87204,53.53277],[-118.87258,53.53318],[-118.87264,53.53332],[-118.87258,53.53346],[-118.87246,53.53357],[-118.8719,53.53397],[-118.87155,53.53444],[-118.87151,53.53482],[-118.87144,53.53494],[-118.87062,53.53553],[-118.8705,53.53564],[-118.8704,53.53576],[-118.87042,53.53593],[-118.8705,53.53607],[-118.87115,53.53679],[-118.87151,53.5371],[-118.87163,53.53736],[-118.87162,53.53756],[-118.87147,53.53782],[-118.87138,53.53813],[-118.87131,53.53825],[-118.87121,53.53855],[-118.87107,53.53882],[-118.87092,53.53925],[-118.87085,53.53957],[-118.87076,53.53978],[-118.87065,53.53998],[-118.87067,53.54051],[-118.87072,53.54067],[-118.8708,53.54081],[-118.87132,53.54144],[-118.87136,53.54161],[-118.87134,53.54181],[-118.87123,53.54203],[-118.87121,53.54219],[-118.87124,53.54255],[-118.87135,53.54286],[-118.87144,53.54299],[-118.8718,53.54332],[-118.87208,53.54352],[-118.8722,53.54362],[-118.87224,53.54376],[-118.87215,53.54389],[-118.87182,53.54424],[-118.87152,53.5446],[-118.87149,53.5448],[-118.87156,53.54544],[-118.87161,53.54559],[-118.872,53.5461],[-118.87227,53.54631],[-118.87236,53.54643],[-118.87243,53.54658],[-118.87249,53.5471],[-118.87259,53.54742],[-118.87255,53.54809],[-118.87246,53.54822],[-118.87225,53.54838],[-118.87222,53.54855],[-118.87238,53.54901],[-118.87239,53.54916],[-118.87231,53.5493],[-118.87207,53.54949],[-118.87197,53.54962],[-118.87187,53.54991],[-118.87179,53.55004],[-118.87131,53.55048],[-118.87125,53.55063],[-118.87131,53.55078],[-118.87161,53.55115],[-118.87158,53.5513],[-118.87147,53.55141],[-118.87109,53.55156],[-118.87052,53.55194],[-118.87033,53.55211],[-118.87003,53.55234],[-118.86992,53.55256],[-118.86996,53.55275],[-118.87007,53.55287],[-118.87013,53.55302],[-118.87014,53.5532],[-118.87011,53.55335],[-118.87001,53.55364],[-118.86992,53.55376],[-118.8698,53.55386],[-118.86961,53.55393],[-118.86941,53.55398],[-118.86914,53.55397],[-118.86862,53.55392],[-118.8679,53.55383],[-118.8676,53.55384],[-118.86738,53.55389],[-118.867,53.55403],[-118.86644,53.55444],[-118.86634,53.55456],[-118.86631,53.55472],[-118.86636,53.55488],[-118.86647,53.555],[-118.86664,53.55508],[-118.86686,53.55512],[-118.86712,53.55512],[-118.86748,53.55526],[-118.86851,53.55554],[-118.86886,53.5557],[-118.86901,53.55579],[-118.86908,53.55593],[-118.86908,53.55604],[-118.86904,53.55619],[-118.86896,53.55633],[-118.86891,53.55659],[-118.86904,53.55676],[-118.86921,53.55683],[-118.8703,53.55707],[-118.87051,53.55712],[-118.87086,53.55728],[-118.87099,53.55738],[-118.87111,53.5575],[-118.87117,53.55764],[-118.87116,53.55781],[-118.87111,53.55795],[-118.87091,53.55819],[-118.87032,53.55853],[-118.87028,53.55855],[-118.86991,53.55871],[-118.86968,53.55891],[-118.86962,53.55905],[-118.86965,53.55922],[-118.86981,53.55931],[-118.87002,53.55935],[-118.87032,53.55935],[-118.87055,53.55939],[-118.87071,53.55947],[-118.87077,53.55959],[-118.87081,53.55975],[-118.8707,53.55986],[-118.87053,53.55994],[-118.87038,53.56003],[-118.87031,53.56017],[-118.87035,53.56034],[-118.87062,53.56055],[-118.8708,53.56061],[-118.87108,53.5606],[-118.8713,53.56054],[-118.87166,53.56039],[-118.87229,53.5602],[-118.87256,53.56019],[-118.87276,53.56025],[-118.87292,53.56034],[-118.87305,53.56045],[-118.87314,53.56058],[-118.87324,53.56089],[-118.87324,53.56105],[-118.87329,53.56139],[-118.87338,53.56152],[-118.87366,53.56172],[-118.87381,53.5618],[-118.87406,53.56203],[-118.87434,53.56242],[-118.8746,53.56281],[-118.87481,53.56323],[-118.87502,53.56347],[-118.87538,53.564],[-118.87572,53.56472],[-118.87606,53.56507],[-118.87653,53.56549],[-118.87691,53.56576],[-118.87722,53.56594],[-118.87764,53.56604],[-118.87791,53.56606],[-118.87821,53.56605],[-118.87844,53.56609],[-118.87858,53.56619],[-118.8789,53.56655],[-118.8791,53.56699],[-118.8792,53.56711],[-118.87935,53.5672],[-118.87987,53.56744],[-118.88013,53.56764],[-118.88023,53.56776],[-118.88031,53.56791],[-118.88035,53.5682],[-118.88046,53.56831],[-118.88093,53.56858],[-118.88111,53.56865],[-118.8814,53.56885],[-118.88207,53.56918],[-118.88236,53.56936],[-118.88269,53.56953],[-118.8831,53.56965],[-118.88376,53.56979],[-118.88403,53.5698],[-118.88429,53.56977],[-118.88449,53.56971],[-118.88484,53.56956],[-118.88509,53.56953],[-118.88527,53.56961],[-118.88543,53.56988],[-118.8856,53.57034],[-118.88567,53.57049],[-118.88598,53.57068],[-118.8861,53.57079],[-118.88622,53.57108],[-118.88622,53.57125],[-118.88616,53.57139],[-118.88591,53.5716],[-118.88584,53.57173],[-118.88582,53.57189],[-118.88605,53.57211],[-118.88633,53.5721],[-118.88654,53.57204],[-118.88704,53.57178],[-118.88723,53.57171],[-118.8875,53.57169],[-118.88795,53.57177],[-118.88815,53.57184],[-118.88841,53.57199],[-118.88861,53.5721],[-118.88902,53.57222],[-118.88924,53.57226],[-118.88977,53.57249],[-118.88998,53.57254],[-118.89024,53.57255],[-118.89124,53.57241],[-118.89151,53.57242],[-118.89171,53.57249],[-118.89206,53.57265],[-118.89235,53.57284],[-118.8926,53.57307],[-118.89275,53.57328],[-118.89283,53.57349],[-118.89317,53.57382],[-118.89342,53.57404],[-118.89375,53.57421],[-118.89425,53.57446],[-118.8952,53.57498],[-118.89538,53.57507],[-118.89557,53.57514],[-118.89603,53.57522],[-118.89621,53.57515],[-118.89636,53.57506],[-118.89661,53.57501],[-118.89691,53.57519],[-118.8971,53.57525],[-118.89726,53.57534],[-118.89746,53.5754],[-118.89795,53.57547],[-118.89839,53.57559],[-118.8988,53.57568],[-118.89897,53.57576],[-118.8991,53.57587],[-118.89931,53.57611],[-118.89939,53.57625],[-118.8994,53.57642],[-118.89927,53.5767],[-118.89926,53.57687],[-118.89937,53.57699],[-118.89955,53.57707],[-118.89978,53.5771],[-118.9,53.57705],[-118.90047,53.57678],[-118.90084,53.57664],[-118.90109,53.57647],[-118.9013,53.57637],[-118.90151,53.57632],[-118.90173,53.57635],[-118.90213,53.57665],[-118.90219,53.5768],[-118.90248,53.57717],[-118.90264,53.57726],[-118.90298,53.57743],[-118.9036,53.57799],[-118.9039,53.57817],[-118.90431,53.57827],[-118.90485,53.57831],[-118.9058,53.57845],[-118.90621,53.57857],[-118.90643,53.57862],[-118.90658,53.57871],[-118.90682,53.57894],[-118.90716,53.57948],[-118.90733,53.57956],[-118.90755,53.5796],[-118.90782,53.57962],[-118.90873,53.57961],[-118.90901,53.57958],[-118.90947,53.57949],[-118.90971,53.5795],[-118.90998,53.57966],[-118.91022,53.57988],[-118.91046,53.58029],[-118.91084,53.58062],[-118.91106,53.58125],[-118.91109,53.58176],[-118.91106,53.58191],[-118.91098,53.58204],[-118.91086,53.58215],[-118.91056,53.58234],[-118.91022,53.5825],[-118.91009,53.5826],[-118.91002,53.58272],[-118.91038,53.58287],[-118.91058,53.58293],[-118.91101,53.58291],[-118.91128,53.58292],[-118.91174,53.58301],[-118.91218,53.58311],[-118.91278,53.58328],[-118.91312,53.58345],[-118.91325,53.58355],[-118.91343,53.58381],[-118.91357,53.58415],[-118.91365,53.58424],[-118.91416,53.58448],[-118.91436,53.58454],[-118.91459,53.58458],[-118.91511,53.58462],[-118.9153,53.58468],[-118.91546,53.58477],[-118.91554,53.58491],[-118.91555,53.58509],[-118.91547,53.58523],[-118.91543,53.58538],[-118.91549,53.58552],[-118.91603,53.58595],[-118.91647,53.58623],[-118.91667,53.58649],[-118.9168,53.58678],[-118.91679,53.58694],[-118.91659,53.58719],[-118.91651,53.58732],[-118.9166,53.58745],[-118.91716,53.58766],[-118.91784,53.58797],[-118.91791,53.58802],[-118.9181,53.58809],[-118.91833,53.58812],[-118.91885,53.58817],[-118.91944,53.58816],[-118.91996,53.58809],[-118.92025,53.58808],[-118.92077,53.58813],[-118.92118,53.58825],[-118.92152,53.5884],[-118.92185,53.58857],[-118.92223,53.5887],[-118.92257,53.58875],[-118.92331,53.58882],[-118.92359,53.58883],[-118.92453,53.58898],[-118.92517,53.58917],[-118.92553,53.58926],[-118.92597,53.58937],[-118.92637,53.58951],[-118.92683,53.58978],[-118.92735,53.59003],[-118.92827,53.59057],[-118.92853,53.59078],[-118.92876,53.59101],[-118.92885,53.59114],[-118.92892,53.59128],[-118.929,53.59179],[-118.92906,53.59194],[-118.92934,53.59233],[-118.92949,53.5926],[-118.9296,53.59271],[-118.92989,53.59291],[-118.93048,53.5931],[-118.9308,53.59326],[-118.93162,53.59387],[-118.93234,53.59454],[-118.93255,53.59478],[-118.93281,53.595],[-118.93291,53.59512],[-118.93297,53.59528],[-118.93295,53.59561],[-118.93311,53.59588],[-118.93325,53.59598],[-118.93358,53.59615],[-118.93383,53.59625],[-118.93412,53.59643],[-118.93435,53.59666],[-118.93444,53.59678],[-118.93469,53.59699],[-118.93499,53.59717],[-118.93523,53.5974],[-118.93538,53.59748],[-118.93596,53.59768],[-118.93631,53.59783],[-118.93657,53.59785],[-118.93687,53.59784],[-118.93768,53.59789],[-118.93797,53.59788],[-118.9382,53.59792],[-118.93839,53.59799],[-118.93854,53.59809],[-118.93864,53.59822],[-118.93884,53.59865],[-118.93887,53.59882],[-118.93893,53.59896],[-118.9392,53.59917],[-118.93966,53.59944],[-118.94001,53.59959],[-118.94073,53.60008],[-118.94129,53.60066],[-118.94163,53.60119],[-118.94176,53.60131],[-118.94214,53.60144],[-118.94317,53.60154],[-118.94349,53.60163],[-118.94377,53.60172],[-118.94407,53.60189],[-118.94434,53.60209],[-118.94445,53.60221],[-118.94451,53.60272],[-118.94467,53.60318],[-118.94499,53.60374],[-118.94511,53.60384],[-118.9454,53.60404],[-118.94591,53.60427],[-118.94633,53.60438],[-118.94707,53.60448],[-118.9479,53.60468],[-118.94805,53.60478],[-118.94816,53.60489],[-118.94838,53.60531],[-118.94931,53.60642],[-118.94951,53.60665],[-118.94964,53.60675],[-118.95009,53.60704],[-118.95059,53.60729],[-118.95116,53.60748],[-118.95132,53.60756],[-118.95159,53.60777],[-118.95197,53.60828],[-118.95235,53.60859],[-118.95255,53.60885],[-118.953,53.60931],[-118.95319,53.60955],[-118.95345,53.60977],[-118.95386,53.61008],[-118.95404,53.61016],[-118.95424,53.61022],[-118.95473,53.61028],[-118.95529,53.6103],[-118.95571,53.61041],[-118.95608,53.61054],[-118.95623,53.61064],[-118.95644,53.61088],[-118.9566,53.61115],[-118.9567,53.61127],[-118.95683,53.61138],[-118.95698,53.61148],[-118.95719,53.61153],[-118.95788,53.61166],[-118.95863,53.61193],[-118.95926,53.61229],[-118.96011,53.61269],[-118.96041,53.61287],[-118.96065,53.61309],[-118.96101,53.61363],[-118.96134,53.61397],[-118.9616,53.61418],[-118.96191,53.61437],[-118.96209,53.61445],[-118.96295,53.61465],[-118.96354,53.61485],[-118.96371,53.61493],[-118.96414,53.61522],[-118.96426,53.61534],[-118.96439,53.61553],[-118.96444,53.61597],[-118.96443,53.61631],[-118.96457,53.61659],[-118.96467,53.61672],[-118.96481,53.617],[-118.96491,53.61712],[-118.96506,53.61721],[-118.96529,53.61726],[-118.96542,53.61726],[-118.96548,53.61727],[-118.96555,53.61727],[-118.96587,53.61726],[-118.96606,53.61733],[-118.96628,53.61757],[-118.96656,53.61795],[-118.96661,53.61811],[-118.96659,53.61863],[-118.96668,53.61895],[-118.96681,53.61905],[-118.96747,53.61919],[-118.96781,53.61936],[-118.9679,53.61949],[-118.96796,53.61964],[-118.96806,53.62007],[-118.96817,53.62018],[-118.96853,53.62032],[-118.96898,53.62042],[-118.9693,53.62059],[-118.96968,53.62083],[-118.96992,53.62095],[-118.97011,53.62101],[-118.97035,53.62105],[-118.97083,53.62109],[-118.97087,53.62117],[-118.97102,53.62125],[-118.97118,53.62135],[-118.97132,53.62145],[-118.97162,53.62182],[-118.97177,53.6221],[-118.97197,53.62234],[-118.97212,53.62244],[-118.9723,53.62251],[-118.97267,53.62261],[-118.97297,53.62279],[-118.97336,53.62292],[-118.97381,53.62301],[-118.97434,53.62305],[-118.97462,53.62305],[-118.97507,53.62314],[-118.9756,53.62337],[-118.97576,53.62346],[-118.97589,53.62356],[-118.97643,53.62378],[-118.97665,53.62383],[-118.97676,53.62394],[-118.9769,53.62403],[-118.97723,53.6242],[-118.97798,53.62447],[-118.97812,53.62457],[-118.97837,53.62495],[-118.97841,53.62501],[-118.97842,53.62502],[-118.97847,53.6251],[-118.97853,53.62519],[-118.9787,53.62532],[-118.9791,53.62545],[-118.97964,53.62546],[-118.97994,53.62565],[-118.98119,53.62616],[-118.98159,53.62628],[-118.98172,53.62638],[-118.98168,53.62653],[-118.98139,53.62689],[-118.98132,53.62702],[-118.98131,53.6272],[-118.98135,53.62736],[-118.98146,53.62748],[-118.98154,53.62762],[-118.98157,53.62797],[-118.98168,53.62809],[-118.98184,53.62818],[-118.9819,53.62829],[-118.98189,53.62848],[-118.98188,53.62853],[-118.98202,53.62864],[-118.98242,53.62875],[-118.98267,53.62882],[-118.98283,53.62886],[-118.98313,53.62902],[-118.98316,53.62903],[-118.98391,53.6293],[-118.98415,53.62934],[-118.98442,53.62931],[-118.98465,53.62927],[-118.98494,53.62927],[-118.98515,53.62932],[-118.98545,53.6295],[-118.98571,53.62971],[-118.98587,53.6298],[-118.98594,53.62994],[-118.9859,53.63025],[-118.98594,53.63041],[-118.98587,53.63055],[-118.98586,53.63071],[-118.98589,53.63088],[-118.98587,53.63105],[-118.98562,53.63126],[-118.98567,53.63142],[-118.9859,53.63165],[-118.9863,53.63216],[-118.98637,53.6323],[-118.98651,53.63278],[-118.98658,53.63292],[-118.98691,53.63328],[-118.98717,53.63349],[-118.98738,53.63354],[-118.98766,53.63352],[-118.98841,53.6338],[-118.98909,53.63393],[-118.98952,53.63403],[-118.98999,53.6341],[-118.99028,53.63409],[-118.99079,53.63403],[-118.99108,53.63404],[-118.99129,53.63409],[-118.99154,53.63412],[-118.99179,53.63408],[-118.99199,53.63402],[-118.99251,53.63378],[-118.99331,53.63368],[-118.99368,53.63369],[-118.99383,53.63378],[-118.99395,53.63389],[-118.99443,53.63444],[-118.99466,53.63473],[-118.99476,53.63496],[-118.99524,53.63541],[-118.99526,53.63543],[-118.99561,53.63573],[-118.99555,53.63584],[-118.9955,53.63589],[-118.99543,53.63595],[-118.99537,53.63609],[-118.9954,53.63625],[-118.9955,53.63638],[-118.99565,53.63648],[-118.99583,53.63655],[-118.99611,53.63655],[-118.99633,53.63661],[-118.99651,53.63668],[-118.99666,53.63678],[-118.99675,53.63691],[-118.99673,53.63707],[-118.99665,53.6372],[-118.99661,53.63735],[-118.99668,53.63768],[-118.99667,53.63785],[-118.99644,53.63834],[-118.9964,53.63875],[-118.99662,53.63924],[-118.99682,53.63951],[-118.99689,53.63966],[-118.99694,53.64016],[-118.99706,53.6405],[-118.99721,53.6408],[-118.99747,53.64102],[-118.99768,53.64126],[-118.99801,53.64144],[-118.99815,53.64154],[-118.99827,53.64166],[-118.99844,53.64193],[-118.99858,53.64203],[-118.99956,53.64216],[-118.99989,53.64216],[-119.00002,53.64217],[-119.00009,53.64217],[-119.00032,53.64225],[-119.00043,53.64237],[-119.0006,53.64264],[-119.00091,53.64302],[-119.00101,53.64311],[-119.00119,53.64329],[-119.00127,53.64336],[-119.00139,53.6434],[-119.00148,53.64344],[-119.00221,53.64365],[-119.00243,53.6437],[-119.00291,53.64366],[-119.00354,53.64384],[-119.00393,53.64398],[-119.00441,53.64415],[-119.00471,53.64426],[-119.00488,53.64434],[-119.00515,53.64454],[-119.00587,53.64486],[-119.00615,53.645],[-119.00635,53.64506],[-119.00659,53.6451],[-119.00708,53.64513],[-119.00724,53.64512],[-119.00743,53.64511],[-119.0076,53.64502],[-119.0077,53.64493],[-119.00772,53.64491],[-119.0079,53.64484],[-119.00817,53.64482],[-119.00888,53.64471],[-119.00918,53.6447],[-119.00948,53.64463],[-119.00964,53.64455],[-119.00978,53.64446],[-119.0102,53.64399],[-119.01043,53.64396],[-119.01082,53.6441],[-119.01096,53.64419],[-119.01118,53.64441],[-119.01135,53.64449],[-119.01156,53.64455],[-119.01179,53.64459],[-119.01191,53.6447],[-119.01199,53.64483],[-119.01204,53.64498],[-119.01193,53.64528],[-119.01189,53.64563],[-119.01189,53.6458],[-119.012,53.64592],[-119.01214,53.64602],[-119.01255,53.64613],[-119.01303,53.64623],[-119.01345,53.64632],[-119.01367,53.64638],[-119.01453,53.6468],[-119.01476,53.64688],[-119.01511,53.64701],[-119.01598,53.64721],[-119.01621,53.64732],[-119.01645,53.64748],[-119.01683,53.64763],[-119.01772,53.64785],[-119.01797,53.64788],[-119.01833,53.64803],[-119.01848,53.64813],[-119.01867,53.64821],[-119.01906,53.64828],[-119.01936,53.64835],[-119.01983,53.64851],[-119.01997,53.64855],[-119.02041,53.64866],[-119.02068,53.64869],[-119.02092,53.64866],[-119.02119,53.6486],[-119.02141,53.6485],[-119.02162,53.64836],[-119.0217,53.64804],[-119.02178,53.6479],[-119.02196,53.64782],[-119.02218,53.64766],[-119.02241,53.64755],[-119.02264,53.6475],[-119.02303,53.64737],[-119.02347,53.64709],[-119.02379,53.6467],[-119.02412,53.64659],[-119.0244,53.6466],[-119.02464,53.64664],[-119.02486,53.6467],[-119.02502,53.64678],[-119.02512,53.6469],[-119.02526,53.64718],[-119.02525,53.64754],[-119.02535,53.64803],[-119.02536,53.64838],[-119.02541,53.64854],[-119.02568,53.64892],[-119.02584,53.649],[-119.02627,53.64909],[-119.0264,53.64922],[-119.02673,53.64955],[-119.02678,53.64974],[-119.0268,53.65005],[-119.0268,53.65033],[-119.0268,53.65054],[-119.02682,53.65075],[-119.0269,53.65089],[-119.02703,53.65099],[-119.02736,53.65116],[-119.02776,53.65128],[-119.02798,53.65133],[-119.02814,53.65142],[-119.02827,53.65152],[-119.02846,53.6516],[-119.02872,53.65159],[-119.02895,53.6516],[-119.02943,53.65177],[-119.02971,53.65188],[-119.03009,53.65211],[-119.03032,53.65223],[-119.03051,53.65231],[-119.03091,53.65243],[-119.03128,53.65257],[-119.03179,53.65283],[-119.03182,53.65284],[-119.03227,53.65304],[-119.03232,53.65306],[-119.03272,53.65321],[-119.03344,53.6537],[-119.03392,53.65397],[-119.0342,53.65416],[-119.03439,53.65423],[-119.03466,53.65425],[-119.03498,53.65426],[-119.03522,53.65429],[-119.03583,53.65447],[-119.03619,53.65462],[-119.03684,53.65513],[-119.03714,53.65532],[-119.03766,53.65557],[-119.03782,53.65565],[-119.03821,53.65579],[-119.03837,53.65588],[-119.03844,53.65602],[-119.03845,53.65655],[-119.03841,53.65689],[-119.03849,53.65703],[-119.03861,53.65714],[-119.03892,53.65731],[-119.03929,53.65745],[-119.03946,53.65756],[-119.03988,53.65783],[-119.03989,53.65784],[-119.04013,53.65806],[-119.04023,53.65818],[-119.0404,53.6588],[-119.04044,53.6591],[-119.04051,53.65918],[-119.04069,53.65934],[-119.04076,53.65947],[-119.04081,53.65961],[-119.04097,53.65988],[-119.04097,53.66005],[-119.04091,53.66019],[-119.04088,53.66055],[-119.04101,53.66101],[-119.04097,53.66118],[-119.04087,53.66129],[-119.04039,53.66156],[-119.04009,53.66176],[-119.04001,53.66188],[-119.03999,53.66203],[-119.04009,53.66235],[-119.04027,53.66261],[-119.04018,53.66326],[-119.04006,53.66358],[-119.04005,53.66374],[-119.04016,53.66389],[-119.04063,53.66424],[-119.04083,53.66438],[-119.04101,53.66463],[-119.04103,53.6648],[-119.04102,53.66496],[-119.04102,53.66498],[-119.04116,53.66559],[-119.04112,53.66575],[-119.04103,53.66582],[-119.04084,53.66594],[-119.04066,53.66603],[-119.04023,53.66632],[-119.04011,53.66643],[-119.03984,53.66682],[-119.03969,53.66692],[-119.03918,53.66716],[-119.03905,53.66726],[-119.03897,53.66739],[-119.03893,53.66794],[-119.03859,53.6684],[-119.03847,53.66858],[-119.03807,53.66909],[-119.0376,53.66911],[-119.03734,53.66916],[-119.03715,53.66923],[-119.03666,53.6695],[-119.03623,53.66979],[-119.0358,53.67009],[-119.03546,53.67029],[-119.03516,53.67049],[-119.03493,53.67068],[-119.0347,53.67091],[-119.03444,53.67113],[-119.03393,53.67137],[-119.03369,53.67153],[-119.03356,53.67166],[-119.03316,53.67201],[-119.03307,53.67214],[-119.03307,53.67219],[-119.03305,53.67228],[-119.03297,53.67243],[-119.03264,53.6726],[-119.03236,53.67281],[-119.03227,53.67286],[-119.03204,53.67299],[-119.03182,53.67318],[-119.03152,53.67342],[-119.03129,53.67365],[-119.03119,53.67391],[-119.03117,53.67413],[-119.03124,53.67427],[-119.03137,53.67438],[-119.03142,53.67452],[-119.03129,53.67496],[-119.03129,53.67519],[-119.03132,53.67534],[-119.03138,53.67548],[-119.0315,53.6756],[-119.03171,53.67565],[-119.03182,53.67566],[-119.03197,53.67567],[-119.03215,53.67575],[-119.03218,53.67587],[-119.03192,53.67606],[-119.03182,53.67618],[-119.03182,53.6762],[-119.03179,53.67633],[-119.03177,53.67656],[-119.03178,53.67687],[-119.03182,53.67699],[-119.03183,53.67704],[-119.03199,53.67733],[-119.03211,53.67743],[-119.03226,53.67751],[-119.03227,53.67752],[-119.03265,53.67764],[-119.03282,53.67772],[-119.03294,53.67783],[-119.03303,53.67795],[-119.0332,53.67821],[-119.03317,53.67872],[-119.03311,53.6789],[-119.03299,53.67904],[-119.03284,53.67914],[-119.03266,53.6792],[-119.03227,53.67931],[-119.03225,53.67932],[-119.03193,53.6795],[-119.03182,53.67963],[-119.03175,53.67971],[-119.03171,53.67989],[-119.03178,53.68002],[-119.03182,53.68016],[-119.03182,53.68018],[-119.03182,53.68026],[-119.0318,53.68071],[-119.03182,53.68078],[-119.03185,53.68092],[-119.03188,53.68102],[-119.03213,53.68139],[-119.03224,53.6815],[-119.03227,53.6816],[-119.0324,53.68194],[-119.03254,53.68214],[-119.03267,53.68234],[-119.03281,53.68243],[-119.03297,53.68252],[-119.03317,53.68259],[-119.03368,53.68256],[-119.03399,53.6826],[-119.03416,53.68269],[-119.03429,53.68278],[-119.03445,53.68287],[-119.03467,53.68293],[-119.0354,53.68308],[-119.03615,53.68319],[-119.03666,53.68321],[-119.03699,53.68319],[-119.03723,53.68322],[-119.03739,53.68331],[-119.03828,53.6843],[-119.03854,53.68451],[-119.0388,53.68468],[-119.03882,53.68505],[-119.03908,53.6856],[-119.03908,53.68562],[-119.03889,53.68587],[-119.0384,53.68634],[-119.03821,53.6866],[-119.03819,53.68665],[-119.03808,53.68692],[-119.03803,53.68704],[-119.03801,53.68755],[-119.03806,53.68771],[-119.03832,53.68806],[-119.03856,53.68833],[-119.03853,53.68849],[-119.0382,53.68885],[-119.03789,53.68903],[-119.03767,53.68908],[-119.03738,53.6891],[-119.03625,53.68907],[-119.03566,53.689],[-119.03499,53.68887],[-119.03465,53.68883],[-119.03445,53.6888],[-119.03434,53.6888],[-119.0339,53.68878],[-119.03362,53.68882],[-119.03318,53.68893],[-119.03282,53.68908],[-119.03227,53.68931],[-119.03226,53.68932],[-119.03212,53.68943],[-119.03202,53.68955],[-119.03182,53.6899],[-119.03178,53.68996],[-119.03163,53.69006],[-119.03104,53.69026],[-119.03077,53.69027],[-119.03029,53.69034],[-119.02936,53.69041],[-119.02859,53.69043],[-119.02831,53.69047],[-119.02812,53.69056],[-119.02785,53.69074],[-119.02775,53.69089],[-119.02771,53.691],[-119.02782,53.69132],[-119.02771,53.69144],[-119.02743,53.69166],[-119.02734,53.69178],[-119.0273,53.69192],[-119.02728,53.69209],[-119.02736,53.69243],[-119.02735,53.69279],[-119.02732,53.69295],[-119.02746,53.69305],[-119.02773,53.69307],[-119.02797,53.69312],[-119.02827,53.6933],[-119.02844,53.69339],[-119.02851,53.69344],[-119.0287,53.6936],[-119.02918,53.69385],[-119.02933,53.69395],[-119.02943,53.69406],[-119.02952,53.69414],[-119.02962,53.69426],[-119.02979,53.69444],[-119.02993,53.69454],[-119.03044,53.69477],[-119.03087,53.69489],[-119.0311,53.69494],[-119.03175,53.6953],[-119.03182,53.69532],[-119.03227,53.69547],[-119.03274,53.69563],[-119.0331,53.69577],[-119.03341,53.69594],[-119.03352,53.69605],[-119.03368,53.69632],[-119.034,53.69667],[-119.03408,53.6968],[-119.03409,53.69698],[-119.03402,53.69712],[-119.03332,53.69764],[-119.03317,53.69776],[-119.03292,53.69794],[-119.03269,53.6981],[-119.03246,53.69826],[-119.03227,53.69842],[-119.03209,53.69859],[-119.03202,53.69872],[-119.03204,53.69888],[-119.03195,53.69902],[-119.03182,53.69921],[-119.03169,53.6994],[-119.03158,53.69969],[-119.03142,53.6998],[-119.0308,53.69997],[-119.03021,53.70018],[-119.0298,53.70032],[-119.02963,53.70042],[-119.02935,53.70062],[-119.02923,53.70073],[-119.02917,53.70086],[-119.02902,53.70103],[-119.02883,53.70124],[-119.02882,53.70128],[-119.02879,53.70141],[-119.02876,53.70156],[-119.02886,53.70168],[-119.02895,53.70182],[-119.02907,53.70194],[-119.02925,53.70209],[-119.02976,53.70227],[-119.0302,53.70259],[-119.03062,53.70293],[-119.03086,53.70324],[-119.0309,53.70338],[-119.03087,53.70353],[-119.03077,53.7037],[-119.03051,53.70393],[-119.0302,53.70411],[-119.03,53.70418],[-119.02977,53.70419],[-119.02891,53.70415],[-119.02871,53.70423],[-119.02856,53.70432],[-119.02847,53.70445],[-119.02841,53.70464],[-119.02836,53.70471],[-119.02838,53.70485],[-119.02856,53.70517],[-119.02861,53.70543],[-119.02857,53.70555],[-119.02851,53.70562],[-119.02839,53.7057],[-119.02807,53.70583],[-119.0276,53.70599],[-119.02726,53.70607],[-119.02699,53.70617],[-119.02675,53.70629],[-119.02594,53.70678],[-119.02547,53.70697],[-119.0248,53.70714],[-119.02419,53.70733],[-119.0238,53.70749],[-119.02297,53.70774],[-119.02259,53.7079],[-119.02173,53.70832],[-119.02124,53.70846],[-119.02106,53.70852],[-119.02092,53.70857],[-119.02075,53.70865],[-119.0206,53.70874],[-119.02047,53.70895],[-119.02044,53.7092],[-119.0205,53.70935],[-119.02071,53.70954],[-119.02073,53.70958],[-119.02076,53.70974],[-119.0208,53.71004],[-119.02089,53.71019],[-119.021,53.71031],[-119.02113,53.71042],[-119.0213,53.7105],[-119.02166,53.71066],[-119.02176,53.71077],[-119.02183,53.71091],[-119.02205,53.71115],[-119.0224,53.71148],[-119.02258,53.71167],[-119.02284,53.71193],[-119.02328,53.71216],[-119.02345,53.71228],[-119.02345,53.71242],[-119.02332,53.71253],[-119.02261,53.71308],[-119.0223,53.71347],[-119.02216,53.71374],[-119.02209,53.71384],[-119.02174,53.71408],[-119.02135,53.71442],[-119.02124,53.71453],[-119.02116,53.71465],[-119.02103,53.71477],[-119.02087,53.71484],[-119.02047,53.71496],[-119.02029,53.71504],[-119.01984,53.71534],[-119.0197,53.71544],[-119.01947,53.71567],[-119.01944,53.71569],[-119.01923,53.71591],[-119.01909,53.71597],[-119.01889,53.71606],[-119.01864,53.71627],[-119.01855,53.71639],[-119.01835,53.71681],[-119.01819,53.71724],[-119.01817,53.71747],[-119.01824,53.71787],[-119.01832,53.71841],[-119.01837,53.71874],[-119.01818,53.71903],[-119.01812,53.71918],[-119.01812,53.71953],[-119.01814,53.71988],[-119.01828,53.72036],[-119.01834,53.72068],[-119.01846,53.72078],[-119.01869,53.72083],[-119.01892,53.72086],[-119.01897,53.72091],[-119.01903,53.72114],[-119.01917,53.72145],[-119.01898,53.7217],[-119.01882,53.72208],[-119.01879,53.72233],[-119.01886,53.72298],[-119.0189,53.72314],[-119.01894,53.72329],[-119.019,53.72342],[-119.01907,53.72348],[-119.01921,53.7236],[-119.01942,53.72383],[-119.01958,53.7241],[-119.01964,53.72424],[-119.01965,53.72439],[-119.01956,53.72454],[-119.0191,53.72481],[-119.01897,53.72491],[-119.01877,53.72515],[-119.01855,53.72555],[-119.01835,53.72611],[-119.01818,53.72659],[-119.01801,53.72685],[-119.01762,53.72717],[-119.01716,53.72744],[-119.01642,53.72793],[-119.01636,53.72803],[-119.01616,53.72831],[-119.0159,53.72864],[-119.01577,53.7288],[-119.01555,53.72904],[-119.01541,53.72914],[-119.01509,53.72931],[-119.01467,53.7296],[-119.01457,53.72972],[-119.01446,53.73],[-119.01442,53.73031],[-119.01445,53.73037],[-119.0145,53.73047],[-119.01445,53.73059],[-119.01443,53.73062],[-119.01428,53.73071],[-119.014,53.73092],[-119.01413,53.73109],[-119.01422,53.73133],[-119.01404,53.7314],[-119.01363,53.73152],[-119.01319,53.73161],[-119.01297,53.73168],[-119.01292,53.73181],[-119.01256,53.73219],[-119.01242,53.73229],[-119.01216,53.73251],[-119.01187,53.73289],[-119.01144,53.73338],[-119.01111,53.7339],[-119.01082,53.73463],[-119.01058,53.73505],[-119.01046,53.73516],[-119.01023,53.73528],[-119.01011,53.73531],[-119.00961,53.73528],[-119.00903,53.73527],[-119.00853,53.73519],[-119.00828,53.73521],[-119.0081,53.73548],[-119.00786,53.73575],[-119.0078,53.73598],[-119.00778,53.73642],[-119.00765,53.73677],[-119.0076,53.73712],[-119.00759,53.7376],[-119.00759,53.73765],[-119.00767,53.73795],[-119.00798,53.73866],[-119.00806,53.73883],[-119.0081,53.73898],[-119.0081,53.73915],[-119.00805,53.73932],[-119.00789,53.7396],[-119.00763,53.73984],[-119.00738,53.74004],[-119.00722,53.74012],[-119.00694,53.74032],[-119.00693,53.74048],[-119.00707,53.74066],[-119.00727,53.74086],[-119.00738,53.74113],[-119.00747,53.74149],[-119.00756,53.74163],[-119.00781,53.74184],[-119.00789,53.74198],[-119.00795,53.74244],[-119.00796,53.7425],[-119.008,53.74368],[-119.00784,53.74418],[-119.0078,53.74447],[-119.00795,53.7447],[-119.00806,53.74483],[-119.0081,53.74488],[-119.00817,53.7451],[-119.00819,53.74516],[-119.00833,53.74578],[-119.00833,53.74607],[-119.00832,53.74616],[-119.008,53.7466],[-119.00776,53.74706],[-119.00774,53.74711],[-119.00755,53.74771],[-119.00746,53.74788],[-119.00741,53.74799],[-119.00709,53.74891],[-119.0069,53.74984],[-119.00689,53.75001],[-119.00689,53.75003],[-119.00692,53.7501],[-119.00696,53.75019],[-119.00698,53.75022],[-119.00714,53.75046],[-119.00797,53.75124],[-119.00844,53.75168],[-119.00864,53.75204],[-119.00869,53.75222],[-119.00868,53.75224],[-119.00868,53.75239],[-119.00858,53.75253],[-119.00827,53.75289],[-119.00812,53.75317],[-119.00811,53.75334],[-119.00818,53.75367],[-119.00814,53.75383],[-119.00792,53.75406],[-119.0079,53.75422],[-119.00793,53.75432],[-119.00799,53.75436],[-119.0087,53.75447],[-119.00881,53.75452],[-119.00898,53.75468],[-119.00915,53.75495],[-119.0092,53.7551],[-119.00919,53.75519],[-119.00918,53.75523],[-119.00903,53.75539],[-119.00855,53.75567],[-119.00849,53.7558],[-119.00839,53.75595],[-119.00824,53.75604],[-119.00813,53.75616],[-119.00807,53.75629],[-119.00807,53.75644],[-119.00815,53.7566],[-119.00825,53.75673],[-119.00837,53.75683],[-119.00874,53.75708],[-119.00911,53.75732],[-119.00958,53.75759],[-119.01006,53.7578],[-119.01046,53.75796],[-119.01164,53.75829],[-119.01212,53.75841],[-119.01236,53.75845],[-119.01293,53.75847],[-119.01335,53.75855],[-119.01363,53.75868],[-119.01386,53.75901],[-119.01406,53.75925],[-119.01429,53.75946],[-119.01429,53.75947],[-119.01439,53.7596],[-119.01445,53.75975],[-119.0145,53.76031],[-119.01449,53.76045],[-119.01435,53.76088],[-119.01431,53.76144],[-119.01423,53.7617],[-119.01411,53.76198],[-119.01409,53.76247],[-119.01417,53.76266],[-119.01444,53.76286],[-119.01467,53.7631],[-119.01531,53.76362],[-119.01577,53.76408],[-119.01584,53.76421],[-119.0159,53.76503],[-119.01591,53.76509],[-119.01614,53.76533],[-119.01622,53.76547],[-119.01626,53.76563],[-119.01627,53.76581],[-119.01627,53.76599],[-119.01618,53.76628],[-119.01601,53.76655],[-119.0159,53.76675],[-119.01578,53.76699],[-119.01558,53.76741],[-119.01559,53.76768],[-119.01579,53.76797],[-119.0159,53.76807],[-119.01608,53.76822],[-119.01631,53.76839],[-119.01636,53.76842],[-119.01654,53.7685],[-119.01694,53.76861],[-119.01812,53.7688],[-119.01855,53.76891],[-119.01959,53.76934],[-119.01993,53.76957],[-119.02017,53.7698],[-119.02027,53.76992],[-119.02039,53.7702],[-119.02043,53.77035],[-119.02049,53.77085],[-119.02052,53.77126],[-119.0206,53.77158],[-119.02081,53.7718],[-119.02121,53.77213],[-119.02153,53.77232],[-119.02171,53.77239],[-119.02191,53.77245],[-119.02248,53.77246],[-119.02274,53.77249],[-119.02303,53.77249],[-119.02442,53.77238],[-119.0247,53.77238],[-119.02491,53.77243],[-119.02511,53.7725],[-119.02525,53.77259],[-119.02527,53.77262],[-119.02547,53.77302],[-119.02573,53.7733],[-119.02595,53.77366],[-119.02616,53.77392],[-119.02624,53.77402],[-119.02641,53.77411],[-119.02664,53.77419],[-119.02677,53.77424],[-119.02693,53.77435],[-119.02703,53.77448],[-119.02708,53.77464],[-119.02705,53.77494],[-119.02698,53.77507],[-119.02688,53.77522],[-119.0266,53.77576],[-119.02658,53.7759],[-119.02663,53.77607],[-119.0267,53.77615],[-119.02688,53.77632],[-119.02747,53.77671],[-119.02773,53.77692],[-119.02788,53.77701],[-119.02821,53.77715],[-119.02839,53.77725],[-119.02862,53.77754],[-119.02879,53.77775],[-119.02896,53.77785],[-119.02926,53.77802],[-119.02981,53.77824],[-119.03062,53.77848],[-119.03149,53.77869],[-119.03226,53.77897],[-119.03279,53.7792],[-119.03318,53.77933],[-119.03359,53.77945],[-119.03578,53.78018],[-119.03595,53.78027],[-119.03607,53.7804],[-119.03628,53.78099],[-119.03647,53.78126],[-119.03654,53.78132],[-119.03659,53.78137],[-119.03697,53.7815],[-119.03777,53.78191],[-119.03801,53.78201],[-119.03865,53.78217],[-119.03906,53.78232],[-119.03989,53.78248],[-119.04016,53.78255],[-119.04066,53.78262],[-119.04074,53.78264],[-119.04119,53.78272],[-119.04133,53.78275],[-119.04154,53.78281],[-119.04172,53.78288],[-119.04186,53.78298],[-119.04182,53.78313],[-119.04162,53.78338],[-119.04157,53.78353],[-119.04156,53.78371],[-119.04163,53.78386],[-119.04189,53.78406],[-119.0419,53.78423],[-119.04197,53.78439],[-119.04207,53.7845],[-119.0422,53.7846],[-119.04281,53.7848],[-119.0431,53.78494],[-119.04335,53.78505],[-119.04357,53.7851],[-119.04405,53.78518],[-119.04455,53.78534],[-119.04498,53.78555],[-119.04517,53.78562],[-119.04601,53.78583],[-119.04637,53.78598],[-119.04678,53.78628],[-119.04731,53.78652],[-119.04747,53.78662],[-119.04786,53.78695],[-119.04815,53.78731],[-119.04841,53.78773],[-119.04847,53.78788],[-119.04849,53.78819],[-119.04843,53.78838],[-119.04834,53.7885],[-119.0483,53.78854],[-119.04823,53.78861],[-119.04774,53.78888],[-119.04687,53.78928],[-119.04642,53.78955],[-119.04604,53.78986],[-119.04586,53.79011],[-119.0458,53.79025],[-119.04578,53.79055],[-119.04583,53.79076],[-119.04596,53.79086],[-119.04615,53.79092],[-119.04637,53.79095],[-119.04646,53.79099],[-119.04652,53.79138],[-119.04665,53.79147],[-119.04683,53.79153],[-119.04708,53.79156],[-119.04728,53.7916],[-119.04746,53.79168],[-119.04791,53.79178],[-119.04887,53.79192],[-119.04901,53.79193],[-119.04949,53.79209],[-119.04976,53.7923],[-119.04979,53.79247],[-119.04978,53.79282],[-119.04982,53.79298],[-119.05016,53.79352],[-119.0505,53.79403],[-119.05093,53.79452],[-119.0515,53.79492],[-119.05161,53.79502],[-119.05179,53.79529],[-119.05185,53.79543],[-119.05187,53.79577],[-119.05187,53.79578],[-119.05177,53.79606],[-119.05178,53.79623],[-119.05193,53.7967],[-119.0519,53.79734],[-119.0517,53.79761],[-119.05178,53.7985],[-119.05175,53.79901],[-119.05177,53.79969],[-119.05178,53.79986],[-119.05196,53.80014],[-119.05197,53.80028],[-119.0519,53.80044],[-119.05178,53.80057],[-119.05138,53.80123],[-119.05133,53.80137],[-119.05141,53.80152],[-119.05153,53.80163],[-119.05157,53.80177],[-119.05155,53.80192],[-119.0514,53.80223],[-119.05123,53.80268],[-119.05122,53.803],[-119.05131,53.80316],[-119.0514,53.80327],[-119.05142,53.80329],[-119.05193,53.80374],[-119.0521,53.804],[-119.05215,53.80414],[-119.0521,53.8043],[-119.05192,53.80439],[-119.05169,53.80441],[-119.05141,53.80442],[-119.05062,53.80453],[-119.05007,53.80455],[-119.04927,53.80464],[-119.04793,53.80491],[-119.04717,53.80508],[-119.04677,53.80521],[-119.04637,53.80538],[-119.04624,53.80548],[-119.0459,53.80556],[-119.04529,53.80577],[-119.04508,53.80582],[-119.04371,53.80583],[-119.0434,53.80586],[-119.04317,53.80593],[-119.0428,53.80608],[-119.04201,53.80634],[-119.04166,53.80649],[-119.0412,53.80684],[-119.04111,53.80691],[-119.04094,53.80698],[-119.04074,53.807],[-119.04071,53.80701],[-119.04035,53.80701],[-119.03967,53.80714],[-119.03882,53.80739],[-119.0381,53.8077],[-119.03772,53.80784],[-119.03745,53.80803],[-119.03742,53.80817],[-119.03745,53.8085],[-119.03751,53.80867],[-119.03756,53.80899],[-119.0375,53.80917],[-119.03717,53.80953],[-119.0371,53.80966],[-119.03706,53.8098],[-119.03707,53.80995],[-119.03726,53.81041],[-119.03726,53.81042],[-119.03726,53.81057],[-119.03724,53.8106],[-119.03709,53.81069],[-119.03687,53.81073],[-119.03661,53.81073],[-119.03608,53.81067],[-119.03583,53.81067],[-119.03524,53.81071],[-119.03462,53.81091],[-119.03445,53.811],[-119.03428,53.81111],[-119.03405,53.81131],[-119.03391,53.81141],[-119.03373,53.81149],[-119.03352,53.81153],[-119.03327,53.81154],[-119.03238,53.81153],[-119.03147,53.81156],[-119.03118,53.81161],[-119.03099,53.81185],[-119.03103,53.812],[-119.03111,53.81213],[-119.03127,53.81228],[-119.03155,53.81261],[-119.0316,53.81275],[-119.03152,53.8129],[-119.03137,53.813],[-119.03054,53.81325],[-119.03041,53.81335],[-119.03021,53.81359],[-119.02995,53.81381],[-119.02978,53.81423],[-119.02964,53.81449],[-119.02951,53.81462],[-119.02934,53.8147],[-119.02912,53.81474],[-119.02863,53.81473],[-119.02827,53.81473],[-119.02798,53.81476],[-119.02773,53.81482],[-119.02755,53.81492],[-119.02743,53.81503],[-119.02734,53.81516],[-119.02733,53.81548],[-119.02738,53.81566],[-119.02748,53.81581],[-119.02785,53.81623],[-119.02798,53.81644],[-119.02803,53.81676],[-119.02799,53.81694],[-119.02787,53.81708],[-119.02763,53.8172],[-119.02753,53.81723],[-119.02703,53.81726],[-119.02676,53.81732],[-119.02658,53.81742],[-119.02632,53.81763],[-119.0263,53.81765],[-119.02604,53.81797],[-119.02585,53.81841],[-119.02584,53.81893],[-119.02577,53.8197],[-119.02576,53.81994],[-119.02571,53.82029],[-119.0255,53.82072],[-119.02531,53.82097],[-119.02517,53.82107],[-119.02496,53.82112],[-119.02423,53.82123],[-119.02312,53.82151],[-119.02255,53.82173],[-119.02241,53.82183],[-119.02235,53.82199],[-119.02235,53.82243],[-119.02249,53.82283],[-119.02252,53.82299],[-119.0224,53.82325],[-119.02225,53.8234],[-119.02207,53.82348],[-119.02202,53.82363],[-119.02183,53.82388],[-119.0217,53.82398],[-119.02154,53.82407],[-119.02117,53.82422],[-119.02074,53.82433],[-119.02023,53.82439],[-119.02,53.82443],[-119.0198,53.8245],[-119.01964,53.82458],[-119.01954,53.82471],[-119.01948,53.82488],[-119.01943,53.82502],[-119.01942,53.82519],[-119.01944,53.82536],[-119.01972,53.82609],[-119.01991,53.82635],[-119.02023,53.82671],[-119.02039,53.82699],[-119.02071,53.82736],[-119.02111,53.82766],[-119.02136,53.82773],[-119.0216,53.82778],[-119.022,53.82792],[-119.02246,53.82802],[-119.02301,53.82808],[-119.02352,53.82815],[-119.02444,53.82838],[-119.02485,53.82851],[-119.02502,53.8286],[-119.02516,53.8287],[-119.02523,53.82884],[-119.02522,53.82901],[-119.02519,53.82913],[-119.02493,53.82977],[-119.02485,53.83009],[-119.02489,53.83025],[-119.02502,53.83054],[-119.02507,53.8307],[-119.02507,53.83088],[-119.02512,53.83104],[-119.02532,53.83127],[-119.02548,53.83137],[-119.02585,53.83152],[-119.02607,53.83158],[-119.02625,53.83166],[-119.02659,53.8319],[-119.02687,53.83204],[-119.02705,53.83211],[-119.02727,53.83218],[-119.02744,53.83227],[-119.02777,53.83238],[-119.02785,53.8324],[-119.0286,53.83253],[-119.02863,53.83254],[-119.02881,53.83259],[-119.02909,53.83272],[-119.02954,53.8329],[-119.0297,53.83299],[-119.03011,53.83331],[-119.03028,53.83339],[-119.03049,53.83346],[-119.03083,53.83364],[-119.03105,53.83369],[-119.03182,53.83379],[-119.03241,53.83381],[-119.03266,53.83378],[-119.03288,53.83372],[-119.03336,53.83364],[-119.03369,53.83361],[-119.03447,53.83363],[-119.03505,53.83362],[-119.03558,53.83365],[-119.03581,53.83361],[-119.036,53.83354],[-119.03616,53.83345],[-119.03652,53.83335],[-119.03719,53.83334],[-119.0384,53.83339],[-119.03866,53.83342],[-119.03887,53.83349],[-119.03905,53.83357],[-119.0392,53.83366],[-119.03923,53.83382],[-119.03917,53.83396],[-119.03908,53.8341],[-119.03882,53.83433],[-119.03866,53.83442],[-119.03839,53.83464],[-119.03829,53.83476],[-119.03815,53.83506],[-119.038,53.83554],[-119.03798,53.8359],[-119.03807,53.83603],[-119.03833,53.83624],[-119.03865,53.83643],[-119.03908,53.83656],[-119.0393,53.83661],[-119.04013,53.83662],[-119.04042,53.83664],[-119.04074,53.83672],[-119.04076,53.83673],[-119.04113,53.83683],[-119.0412,53.83684],[-119.04154,53.8369],[-119.04185,53.8369],[-119.0421,53.83688],[-119.04238,53.83687],[-119.04283,53.83695],[-119.04335,53.83706],[-119.04396,53.83724],[-119.04435,53.83739],[-119.04469,53.83756],[-119.04495,53.83773],[-119.04512,53.83784],[-119.04523,53.83795],[-119.04562,53.83861],[-119.04591,53.83896],[-119.04626,53.83933],[-119.04634,53.8395],[-119.04652,53.8399],[-119.04668,53.84017],[-119.04678,53.84029],[-119.04722,53.84059],[-119.04732,53.84071],[-119.04737,53.84086],[-119.04734,53.8412],[-119.04684,53.84183],[-119.0468,53.84199],[-119.0468,53.84217],[-119.04684,53.84233],[-119.04702,53.84272],[-119.04721,53.84301],[-119.04745,53.84323],[-119.04776,53.84342],[-119.04795,53.8435],[-119.04818,53.84354],[-119.04865,53.84357],[-119.04903,53.84357],[-119.05151,53.84325],[-119.05237,53.84322],[-119.05313,53.84333],[-119.05345,53.8434],[-119.05384,53.84348],[-119.05425,53.84362],[-119.05458,53.84381],[-119.05472,53.84391],[-119.05476,53.84407],[-119.05464,53.84424],[-119.05436,53.8444],[-119.05407,53.84459],[-119.05385,53.84483],[-119.0536,53.84504],[-119.05345,53.84521],[-119.05337,53.84529],[-119.05324,53.84553],[-119.05321,53.84586],[-119.05325,53.84627],[-119.0533,53.84641],[-119.05345,53.84663],[-119.05348,53.84666],[-119.05356,53.84673],[-119.05361,53.84677],[-119.05379,53.84683],[-119.05407,53.84685],[-119.0548,53.84677],[-119.05526,53.84673],[-119.05538,53.84671],[-119.05583,53.84662],[-119.05659,53.84653],[-119.05687,53.84652],[-119.05716,53.84653],[-119.05735,53.84661],[-119.05741,53.84672],[-119.05742,53.84675],[-119.05735,53.84709],[-119.05724,53.8474],[-119.05688,53.84793],[-119.05682,53.84809],[-119.0568,53.84843],[-119.05682,53.8486],[-119.05696,53.84889],[-119.05718,53.84912],[-119.05732,53.84923],[-119.05766,53.8494],[-119.05808,53.84952],[-119.05829,53.84958],[-119.05904,53.84968],[-119.05962,53.8499],[-119.06045,53.85016],[-119.06099,53.85041],[-119.06132,53.85058],[-119.06146,53.85069],[-119.06165,53.85089],[-119.06172,53.85109],[-119.06171,53.85145],[-119.06166,53.85161],[-119.06158,53.85175],[-119.06052,53.85281],[-119.06043,53.85295],[-119.06039,53.85311],[-119.06042,53.85327],[-119.06067,53.8535],[-119.06141,53.85381],[-119.06166,53.85395],[-119.06172,53.85399],[-119.06189,53.85407],[-119.06209,53.85413],[-119.06236,53.85419],[-119.06284,53.85421],[-119.06338,53.85418],[-119.06435,53.85402],[-119.06466,53.85395],[-119.06475,53.85392],[-119.06555,53.85372],[-119.06566,53.85369],[-119.06592,53.85367],[-119.06601,53.85369],[-119.06692,53.85395],[-119.06702,53.85397],[-119.06801,53.85451],[-119.0686,53.85489],[-119.06884,53.85511],[-119.06902,53.85535],[-119.06909,53.8555],[-119.06921,53.85611],[-119.06927,53.85659],[-119.06931,53.85681],[-119.06938,53.85696],[-119.06949,53.85708],[-119.06964,53.85718],[-119.06981,53.85726],[-119.07003,53.85731],[-119.0703,53.85734],[-119.07059,53.85734],[-119.07107,53.85726],[-119.07133,53.85724],[-119.07147,53.85725],[-119.07161,53.85726],[-119.07185,53.8573],[-119.07203,53.85738],[-119.07215,53.8575],[-119.07239,53.85789],[-119.07259,53.85814],[-119.07271,53.85834],[-119.07276,53.85858],[-119.0727,53.85874],[-119.07269,53.8589],[-119.07277,53.85905],[-119.07289,53.85916],[-119.07307,53.85924],[-119.07332,53.85928],[-119.07386,53.85925],[-119.07483,53.8591],[-119.07532,53.85899],[-119.07586,53.85899],[-119.07612,53.85902],[-119.07635,53.85908],[-119.07651,53.85916],[-119.07659,53.85929],[-119.07659,53.85947],[-119.07675,53.86009],[-119.07684,53.86031],[-119.07695,53.86052],[-119.07709,53.86063],[-119.07744,53.86079],[-119.07792,53.86086],[-119.07825,53.86087],[-119.07852,53.86088],[-119.07922,53.86075],[-119.08044,53.86037],[-119.08091,53.86029],[-119.08118,53.86026],[-119.08148,53.86026],[-119.08173,53.8603],[-119.08218,53.86059],[-119.08278,53.86115],[-119.08282,53.86118],[-119.08292,53.86124],[-119.08311,53.86131],[-119.08338,53.86133],[-119.08365,53.86131],[-119.08395,53.86118],[-119.08401,53.86115],[-119.0843,53.86096],[-119.08506,53.86027],[-119.08516,53.86015],[-119.08544,53.85995],[-119.08556,53.85983],[-119.08571,53.85954],[-119.08582,53.85943],[-119.086,53.85936],[-119.08623,53.85931],[-119.08711,53.85934],[-119.0877,53.85934],[-119.08799,53.85936],[-119.08821,53.8594],[-119.08841,53.85946],[-119.08858,53.85954],[-119.08872,53.85964],[-119.08882,53.85976],[-119.08895,53.86004],[-119.08918,53.86044],[-119.08956,53.86097],[-119.08976,53.86118],[-119.08989,53.86132],[-119.09008,53.86145],[-119.09017,53.86152],[-119.09034,53.86169],[-119.0904,53.86175],[-119.09053,53.86185],[-119.0908,53.86195],[-119.0913,53.86213],[-119.09175,53.86224],[-119.09231,53.86228],[-119.09318,53.86231],[-119.09347,53.8623],[-119.09467,53.8621],[-119.09498,53.86209],[-119.09526,53.86211],[-119.09544,53.86219],[-119.09558,53.86229],[-119.09556,53.86245],[-119.09537,53.86272],[-119.09504,53.86309],[-119.09499,53.86325],[-119.09508,53.86356],[-119.09544,53.86408],[-119.09569,53.86428],[-119.09584,53.86438],[-119.0963,53.86448],[-119.09654,53.86451],[-119.09685,53.86452],[-119.09714,53.86451],[-119.09739,53.86447],[-119.09804,53.86431],[-119.09843,53.86419],[-119.09874,53.86401],[-119.0991,53.86385],[-119.0994,53.86366],[-119.10003,53.8631],[-119.10031,53.86292],[-119.10041,53.86278],[-119.10053,53.86267],[-119.10097,53.86243],[-119.10127,53.86241],[-119.10147,53.86247],[-119.10151,53.8625],[-119.1016,53.86257],[-119.10172,53.86269],[-119.10187,53.86296],[-119.10195,53.86327],[-119.10197,53.86362],[-119.10217,53.86422],[-119.10249,53.86492],[-119.10267,53.86519],[-119.10298,53.86537],[-119.10303,53.8654],[-119.10337,53.86552],[-119.1036,53.86558],[-119.10487,53.86567],[-119.10618,53.86569],[-119.10726,53.86579],[-119.10749,53.86584],[-119.10791,53.86597],[-119.10842,53.86606],[-119.10864,53.86612],[-119.10897,53.8663],[-119.10922,53.86652],[-119.10951,53.86689],[-119.10963,53.86719],[-119.10963,53.86772],[-119.10974,53.86802],[-119.10983,53.86814],[-119.10997,53.86824],[-119.11014,53.86833],[-119.11033,53.86839],[-119.11057,53.86843],[-119.11087,53.86843],[-119.11111,53.8684],[-119.11148,53.86825],[-119.1119,53.86794],[-119.11225,53.86759],[-119.11238,53.86748],[-119.11256,53.8674],[-119.11282,53.8674],[-119.11327,53.86751],[-119.11339,53.86758],[-119.11391,53.86805],[-119.11407,53.86814],[-119.11425,53.86821],[-119.11464,53.86824],[-119.11512,53.8681],[-119.11514,53.8681],[-119.11557,53.86781],[-119.11558,53.8678],[-119.1158,53.86757],[-119.11599,53.86731],[-119.11605,53.86714],[-119.11607,53.86643],[-119.11605,53.86626],[-119.11608,53.86591],[-119.11619,53.86564],[-119.11647,53.86524],[-119.11698,53.86492],[-119.11728,53.8648],[-119.11753,53.86472],[-119.11787,53.8647],[-119.11801,53.86467],[-119.11854,53.86457],[-119.11914,53.86453],[-119.11967,53.86453],[-119.12006,53.8645],[-119.12064,53.86439],[-119.12083,53.86431],[-119.12089,53.86411],[-119.12076,53.86391],[-119.12043,53.86355],[-119.12024,53.86348],[-119.12006,53.86344],[-119.12003,53.86343],[-119.11992,53.86331],[-119.11979,53.86303],[-119.11961,53.86278],[-119.11949,53.86267],[-119.11934,53.86258],[-119.11934,53.86244],[-119.11953,53.86237],[-119.11976,53.86233],[-119.12002,53.86232],[-119.12029,53.86236],[-119.12069,53.8625],[-119.12095,53.86253],[-119.12155,53.86254],[-119.12176,53.86248],[-119.12187,53.86236],[-119.12198,53.86206],[-119.122,53.86189],[-119.12186,53.86161],[-119.12176,53.86145],[-119.1216,53.86122],[-119.12159,53.86118],[-119.12154,53.86107],[-119.12146,53.86095],[-119.12142,53.86079],[-119.12143,53.86062],[-119.12153,53.8605],[-119.12176,53.86045],[-119.12205,53.86044],[-119.12232,53.86047],[-119.12292,53.86049],[-119.12318,53.86046],[-119.1234,53.86042],[-119.12369,53.86023],[-119.12378,53.8601],[-119.12391,53.85999],[-119.12385,53.85987],[-119.12355,53.85969],[-119.12326,53.85944],[-119.12319,53.85926],[-119.12327,53.85905],[-119.12357,53.85882],[-119.12392,53.85861],[-119.124,53.85846],[-119.12399,53.85833],[-119.12379,53.85817],[-119.1237,53.85802],[-119.12376,53.85781],[-119.124,53.8575],[-119.1245,53.85703],[-119.12471,53.85689],[-119.12482,53.85677],[-119.12472,53.85647],[-119.12456,53.85621],[-119.12445,53.85609],[-119.12381,53.85574],[-119.12351,53.85556],[-119.12309,53.85526],[-119.12289,53.85519],[-119.12205,53.85499],[-119.12159,53.85485],[-119.12065,53.85432],[-119.12054,53.85421],[-119.12046,53.85408],[-119.12041,53.85395],[-119.1204,53.85393],[-119.12051,53.85381],[-119.12068,53.85373],[-119.12134,53.85357],[-119.12281,53.85316],[-119.12314,53.853],[-119.12343,53.8528],[-119.12409,53.85245],[-119.12487,53.85217],[-119.12536,53.85191],[-119.12597,53.85172],[-119.1262,53.85168],[-119.12677,53.85165],[-119.12729,53.8516],[-119.12749,53.85153],[-119.12782,53.85126],[-119.12788,53.8512],[-119.12805,53.85112],[-119.12832,53.85092],[-119.12855,53.85068],[-119.12869,53.85058],[-119.12879,53.85046],[-119.12892,53.85035],[-119.1294,53.85008],[-119.12975,53.84992],[-119.12997,53.84986],[-119.13022,53.84983],[-119.13111,53.84983],[-119.1314,53.84985],[-119.13164,53.84988],[-119.1321,53.84998],[-119.13267,53.85024],[-119.13338,53.85052],[-119.1336,53.85062],[-119.13428,53.85091],[-119.13449,53.85086],[-119.13468,53.85079],[-119.13515,53.85052],[-119.13535,53.85045],[-119.13598,53.8501],[-119.13623,53.85007],[-119.13653,53.85009],[-119.137,53.85018],[-119.13758,53.85039],[-119.13817,53.85041],[-119.13934,53.85039],[-119.13959,53.85036],[-119.13976,53.85028],[-119.1399,53.85023],[-119.14017,53.85015],[-119.14029,53.85004],[-119.14036,53.84994],[-119.14038,53.8499],[-119.14044,53.84938],[-119.14045,53.84922],[-119.14042,53.84907],[-119.14036,53.84899],[-119.14023,53.84883],[-119.1401,53.84854],[-119.1399,53.84833],[-119.13988,53.84831],[-119.13988,53.84803],[-119.1399,53.84802],[-119.14028,53.84769],[-119.14036,53.84758],[-119.14047,53.84743],[-119.14056,53.84727],[-119.14068,53.84682],[-119.14069,53.84672],[-119.1407,53.84665],[-119.14065,53.84649],[-119.14047,53.84623],[-119.14036,53.84601],[-119.14033,53.84596],[-119.14024,53.84567],[-119.14024,53.84549],[-119.14028,53.84533],[-119.14036,53.84527],[-119.14042,53.84523],[-119.14058,53.84514],[-119.14117,53.84495],[-119.14152,53.84479],[-119.14164,53.84467],[-119.14207,53.844],[-119.14243,53.84366],[-119.14274,53.84347],[-119.14291,53.84339],[-119.14314,53.84335],[-119.14339,53.84332],[-119.14424,53.8433],[-119.1445,53.84328],[-119.14523,53.84316],[-119.14545,53.84311],[-119.14564,53.84304],[-119.14577,53.84293],[-119.14595,53.84267],[-119.14616,53.84187],[-119.14644,53.84148],[-119.14685,53.84114],[-119.14699,53.84104],[-119.14737,53.84072],[-119.14751,53.84062],[-119.14768,53.84053],[-119.14788,53.84047],[-119.14812,53.84043],[-119.14841,53.84043],[-119.14861,53.8405],[-119.14875,53.84059],[-119.14883,53.84073],[-119.14887,53.84089],[-119.14897,53.84104],[-119.14936,53.84168],[-119.1495,53.84178],[-119.14984,53.84195],[-119.15007,53.84198],[-119.15024,53.8419],[-119.15058,53.84169],[-119.1507,53.84151],[-119.15087,53.84143],[-119.151,53.84133],[-119.15127,53.84075],[-119.15166,53.84006],[-119.15199,53.8397],[-119.15213,53.83959],[-119.15251,53.83949],[-119.15254,53.83948],[-119.15259,53.83946],[-119.15273,53.8394],[-119.15294,53.83935],[-119.1532,53.83932],[-119.15345,53.83935],[-119.15368,53.83941],[-119.15388,53.83949],[-119.15423,53.83963],[-119.15435,53.83975],[-119.15444,53.83987],[-119.1545,53.84002],[-119.15452,53.84018],[-119.15451,53.84106],[-119.15457,53.8412],[-119.1547,53.8413],[-119.15493,53.84135],[-119.15519,53.84138],[-119.1558,53.8414],[-119.15604,53.84136],[-119.15643,53.84123],[-119.15657,53.84112],[-119.15675,53.84087],[-119.15682,53.84055],[-119.15684,53.84018],[-119.15678,53.83985],[-119.15679,53.83968],[-119.15693,53.83958],[-119.15743,53.8395],[-119.15802,53.83952],[-119.15821,53.83959],[-119.15902,53.84003],[-119.15922,53.8401],[-119.15949,53.84011],[-119.15975,53.84009],[-119.15999,53.84005],[-119.16011,53.83993],[-119.16041,53.83974],[-119.16051,53.83962],[-119.1607,53.83955],[-119.16092,53.83961],[-119.1611,53.83967],[-119.16128,53.83959],[-119.16138,53.83949],[-119.16139,53.83948],[-119.16195,53.83947],[-119.16214,53.83949],[-119.16222,53.83949],[-119.16255,53.83966],[-119.16324,53.8398],[-119.16365,53.83992],[-119.16421,53.84015],[-119.16465,53.84026],[-119.16467,53.84027],[-119.16513,53.84044],[-119.16524,53.84048],[-119.16593,53.84062],[-119.16617,53.84066],[-119.16675,53.8407],[-119.16734,53.84068],[-119.16788,53.84064],[-119.1681,53.84069],[-119.16867,53.84109],[-119.16933,53.84144],[-119.1696,53.84165],[-119.16964,53.84181],[-119.16964,53.84199],[-119.1697,53.84213],[-119.16979,53.84225],[-119.16993,53.84234],[-119.17056,53.84253],[-119.17075,53.84261],[-119.17105,53.84281],[-119.17139,53.84297],[-119.1717,53.84317],[-119.17183,53.84327],[-119.17218,53.84343],[-119.17264,53.84371],[-119.17317,53.84395],[-119.1735,53.84413],[-119.17423,53.84446],[-119.17438,53.84456],[-119.17451,53.84467],[-119.17518,53.84503],[-119.17532,53.84514],[-119.17649,53.84576],[-119.17668,53.84583],[-119.17684,53.84592],[-119.17696,53.84603],[-119.17736,53.84628],[-119.17741,53.84631],[-119.17766,53.84653],[-119.17792,53.84671],[-119.17808,53.84683],[-119.17894,53.84759],[-119.17925,53.84778],[-119.17958,53.84794],[-119.17972,53.84804],[-119.18045,53.84836],[-119.18115,53.84886],[-119.18147,53.84903],[-119.18184,53.84918],[-119.18211,53.84938],[-119.18216,53.84945],[-119.18246,53.84923],[-119.18269,53.84917],[-119.18275,53.84904],[-119.18269,53.84891],[-119.18265,53.84875],[-119.18267,53.8486],[-119.18298,53.84822],[-119.18314,53.84795],[-119.18431,53.84733],[-119.18442,53.84721],[-119.18459,53.84693],[-119.18463,53.84675],[-119.18462,53.84671],[-119.18462,53.84642],[-119.1847,53.84629],[-119.18483,53.84618],[-119.1852,53.84603],[-119.18552,53.84566],[-119.18569,53.84538],[-119.18593,53.84516],[-119.18621,53.84497],[-119.1862,53.84481],[-119.18598,53.84458],[-119.18595,53.84442],[-119.18589,53.84428],[-119.18614,53.84412],[-119.18635,53.844],[-119.18633,53.84383],[-119.18628,53.84368],[-119.18603,53.84311],[-119.18578,53.84289],[-119.18555,53.84266],[-119.18541,53.84255],[-119.18456,53.84214],[-119.18393,53.84195],[-119.18354,53.84181],[-119.18243,53.84153],[-119.182,53.8414],[-119.18174,53.84136],[-119.18128,53.84126],[-119.18074,53.84103],[-119.18024,53.84078],[-119.1801,53.84068],[-119.17975,53.84051],[-119.17929,53.84023],[-119.17916,53.84012],[-119.17892,53.84005],[-119.17877,53.83984],[-119.17865,53.83972],[-119.17859,53.83957],[-119.17853,53.83948],[-119.17833,53.83918],[-119.1781,53.83894],[-119.17766,53.83865],[-119.17736,53.8384],[-119.17727,53.83833],[-119.17712,53.83804],[-119.177,53.83775],[-119.17687,53.83728],[-119.17687,53.83639],[-119.17686,53.83622],[-119.17672,53.83574],[-119.17674,53.83558],[-119.17689,53.83549],[-119.17714,53.83546],[-119.17734,53.83539],[-119.17736,53.83538],[-119.17768,53.83522],[-119.17834,53.83506],[-119.17931,53.8347],[-119.18002,53.83456],[-119.18053,53.83451],[-119.18147,53.83416],[-119.18164,53.83406],[-119.18184,53.83381],[-119.18191,53.83366],[-119.18208,53.83358],[-119.18231,53.83354],[-119.18249,53.83346],[-119.18297,53.8332],[-119.18337,53.83307],[-119.18383,53.83299],[-119.18424,53.83286],[-119.18448,53.83281],[-119.18498,53.83274],[-119.18655,53.83238],[-119.18682,53.83234],[-119.18692,53.83233],[-119.18808,53.83234],[-119.18827,53.83234],[-119.18857,53.83236],[-119.18902,53.83234],[-119.18943,53.83232],[-119.18965,53.83228],[-119.18991,53.83226],[-119.19043,53.83232],[-119.1907,53.83229],[-119.19119,53.83221],[-119.19179,53.83221],[-119.19221,53.83213],[-119.19234,53.83207],[-119.19243,53.83203],[-119.19255,53.83192],[-119.19293,53.83179],[-119.1932,53.83158],[-119.19329,53.83146],[-119.19333,53.83129],[-119.19328,53.83113],[-119.19313,53.83103],[-119.19296,53.83095],[-119.19274,53.8309],[-119.19255,53.83082],[-119.19231,53.8306],[-119.19223,53.83047],[-119.19222,53.83029],[-119.19227,53.82977],[-119.19221,53.82963],[-119.19191,53.82943],[-119.19183,53.8293],[-119.19185,53.82894],[-119.19182,53.82878],[-119.19166,53.82852],[-119.19169,53.82832],[-119.19192,53.82817],[-119.19249,53.82796],[-119.19281,53.82778],[-119.19294,53.82767],[-119.19312,53.82741],[-119.19324,53.8273],[-119.19384,53.82691],[-119.19421,53.82676],[-119.19443,53.8267],[-119.19579,53.8262],[-119.19616,53.82608],[-119.19648,53.82591],[-119.19688,53.82573],[-119.19722,53.8256],[-119.19826,53.82489],[-119.19831,53.82485],[-119.19847,53.82471],[-119.19862,53.82461],[-119.19882,53.82454],[-119.19897,53.82444],[-119.19907,53.82432],[-119.19947,53.82399],[-119.19956,53.82386],[-119.19967,53.82354],[-119.19988,53.82328],[-119.19993,53.82313],[-119.19991,53.82296],[-119.1998,53.82266],[-119.19978,53.82231],[-119.19981,53.82194],[-119.19987,53.82179],[-119.2001,53.82154],[-119.20026,53.82144],[-119.20089,53.82125],[-119.20147,53.82102],[-119.20209,53.82084],[-119.20212,53.82083],[-119.20245,53.82068],[-119.20297,53.82042],[-119.20374,53.82014],[-119.20435,53.81974],[-119.20462,53.81953],[-119.20484,53.81929],[-119.20493,53.81916],[-119.20498,53.81899],[-119.20497,53.81864],[-119.20487,53.81851],[-119.20495,53.81838],[-119.20514,53.81831],[-119.20536,53.81825],[-119.20561,53.81822],[-119.20615,53.81817],[-119.20637,53.81813],[-119.20667,53.81793],[-119.20718,53.81787],[-119.20737,53.81779],[-119.20751,53.81769],[-119.20754,53.81764],[-119.2077,53.81743],[-119.20784,53.81732],[-119.20796,53.81718],[-119.20797,53.81703],[-119.20792,53.81669],[-119.20783,53.81638],[-119.20786,53.81584],[-119.2079,53.8156],[-119.20802,53.81539],[-119.20789,53.81528],[-119.20804,53.81501],[-119.20792,53.81453],[-119.20797,53.81437],[-119.20806,53.81424],[-119.2082,53.81414],[-119.20908,53.81373],[-119.21,53.81334],[-119.21017,53.81325],[-119.21027,53.81311],[-119.2103,53.81294],[-119.21037,53.81279],[-119.21085,53.81271],[-119.21104,53.81264],[-119.21139,53.81247],[-119.21158,53.81239],[-119.21262,53.81208],[-119.21315,53.81204],[-119.21377,53.81186],[-119.21402,53.81176],[-119.2142,53.81168],[-119.21434,53.81161],[-119.21466,53.81148],[-119.21469,53.81147],[-119.21517,53.81139],[-119.21574,53.81138],[-119.21813,53.81145],[-119.2184,53.81149],[-119.21927,53.81153],[-119.22082,53.81155],[-119.22112,53.81154],[-119.2216,53.81146],[-119.22182,53.8114],[-119.2224,53.8112],[-119.22273,53.81103],[-119.22311,53.81088],[-119.22328,53.81079],[-119.22364,53.81043],[-119.22375,53.81031],[-119.2239,53.81021],[-119.22402,53.8101],[-119.22411,53.80996],[-119.2243,53.80932],[-119.22426,53.80911],[-119.22394,53.80863],[-119.22396,53.80847],[-119.22417,53.80804],[-119.22427,53.80791],[-119.22441,53.80781],[-119.22458,53.80773],[-119.2249,53.80754],[-119.22511,53.80749],[-119.22566,53.80727],[-119.22666,53.80673],[-119.22689,53.80662],[-119.2271,53.80653],[-119.22709,53.80652],[-119.22728,53.80644],[-119.22756,53.80642],[-119.228,53.8063],[-119.22861,53.80611],[-119.22898,53.80594],[-119.2292,53.80589],[-119.22947,53.80586],[-119.22976,53.80586],[-119.23011,53.80595],[-119.23111,53.80593],[-119.23139,53.8059],[-119.23195,53.80592],[-119.23274,53.8059],[-119.23315,53.8059],[-119.2334,53.80593],[-119.23368,53.80593],[-119.23394,53.8059],[-119.23412,53.80582],[-119.23437,53.8058],[-119.23479,53.80591],[-119.23507,53.80592],[-119.23535,53.8059],[-119.23558,53.80584],[-119.23611,53.80559],[-119.23661,53.80515],[-119.23682,53.8049],[-119.23687,53.80476],[-119.23688,53.80441],[-119.23691,53.80425],[-119.23697,53.80411],[-119.23725,53.80393],[-119.23763,53.80373],[-119.23781,53.8033],[-119.23782,53.80329],[-119.2379,53.80316],[-119.23803,53.80303],[-119.23829,53.80267],[-119.2386,53.80248],[-119.23898,53.80229],[-119.2391,53.80223],[-119.23943,53.80191],[-119.23945,53.8019],[-119.23955,53.80177],[-119.2398,53.80156],[-119.24012,53.80137],[-119.24113,53.80102],[-119.24148,53.80085],[-119.24162,53.80074],[-119.24174,53.80063],[-119.24222,53.80036],[-119.24257,53.80023],[-119.24289,53.80003],[-119.24347,53.79981],[-119.24397,53.79954],[-119.24426,53.79933],[-119.24528,53.79882],[-119.24568,53.79868],[-119.24682,53.79834],[-119.24777,53.79805],[-119.24823,53.79795],[-119.24895,53.7978],[-119.24938,53.79781],[-119.24979,53.79799],[-119.24989,53.79802],[-119.25002,53.79805],[-119.25014,53.79809],[-119.25022,53.79811],[-119.25117,53.79825],[-119.25129,53.79826],[-119.25141,53.79827],[-119.25167,53.79829],[-119.25199,53.79831],[-119.25259,53.79831],[-119.25289,53.7983],[-119.25313,53.79826],[-119.25333,53.79819],[-119.25395,53.7978],[-119.2542,53.79759],[-119.2546,53.79745],[-119.25483,53.7974],[-119.25511,53.79737],[-119.25542,53.79736],[-119.2557,53.79738],[-119.25595,53.79741],[-119.25681,53.79763],[-119.25711,53.79763],[-119.2574,53.79761],[-119.25781,53.79749],[-119.25828,53.79739],[-119.25854,53.79735],[-119.25913,53.79733],[-119.25938,53.79729],[-119.25958,53.79723],[-119.26007,53.79714],[-119.26171,53.79697],[-119.26201,53.79695],[-119.26267,53.79676],[-119.26316,53.7965],[-119.26341,53.79642],[-119.26375,53.79629],[-119.26412,53.79615],[-119.26421,53.79612],[-119.26513,53.79582],[-119.26519,53.79579],[-119.26591,53.79551],[-119.26745,53.79513],[-119.26808,53.79499],[-119.26852,53.79478],[-119.26884,53.79459],[-119.26923,53.79427],[-119.26985,53.79388],[-119.27001,53.7938],[-119.27089,53.79356],[-119.27138,53.79347],[-119.27166,53.79344],[-119.27197,53.79344],[-119.27221,53.79345],[-119.27245,53.7935],[-119.27338,53.79385],[-119.27426,53.79427],[-119.27464,53.79441],[-119.27507,53.79451],[-119.27527,53.79457],[-119.27574,53.79466],[-119.27604,53.79461],[-119.27623,53.79441],[-119.27636,53.79413],[-119.27644,53.79405],[-119.27648,53.79401],[-119.27665,53.79392],[-119.27683,53.79385],[-119.27725,53.79373],[-119.27767,53.7936],[-119.27837,53.79344],[-119.27927,53.79322],[-119.27972,53.79311],[-119.28033,53.79291],[-119.28108,53.7928],[-119.28161,53.79274],[-119.28181,53.79266],[-119.28195,53.79257],[-119.28207,53.79245],[-119.28212,53.7923],[-119.28201,53.79198],[-119.28203,53.79192],[-119.28205,53.79182],[-119.28218,53.79172],[-119.28235,53.79163],[-119.28253,53.79154],[-119.28296,53.79142],[-119.28343,53.79132],[-119.28396,53.79125],[-119.28447,53.79111],[-119.28486,53.79101],[-119.28524,53.79086],[-119.28546,53.7908],[-119.28621,53.79052],[-119.28709,53.79027],[-119.28806,53.79007],[-119.28853,53.78997],[-119.28853,53.78997],[-119.28896,53.78984],[-119.28898,53.78984],[-119.28941,53.78973],[-119.28975,53.78963],[-119.29073,53.78938],[-119.29115,53.78925],[-119.29155,53.7891],[-119.29255,53.78857],[-119.29257,53.78856],[-119.29336,53.78811],[-119.29354,53.78802],[-119.29398,53.7879],[-119.29425,53.78787],[-119.29456,53.78786],[-119.29481,53.78782],[-119.29526,53.78772],[-119.29564,53.78756],[-119.29598,53.7874],[-119.29616,53.78733],[-119.29665,53.78723],[-119.29714,53.78719],[-119.29812,53.78718],[-119.29871,53.78714],[-119.29922,53.78706],[-119.29965,53.78693],[-119.29998,53.78681],[-119.30025,53.78672],[-119.30058,53.78655],[-119.30088,53.78636],[-119.30101,53.78625],[-119.30122,53.78601],[-119.30154,53.78565],[-119.30194,53.78532],[-119.30267,53.78465],[-119.30316,53.784],[-119.30333,53.78373],[-119.30355,53.78349],[-119.30364,53.78336],[-119.30375,53.78325],[-119.30404,53.78305],[-119.30438,53.78289],[-119.30457,53.78282],[-119.30597,53.78251],[-119.30684,53.78224],[-119.30724,53.7821],[-119.30768,53.78199],[-119.30838,53.78184],[-119.30882,53.78173],[-119.30923,53.78159],[-119.30945,53.78153],[-119.31003,53.78151],[-119.31065,53.7815],[-119.31091,53.78147],[-119.31152,53.78133],[-119.31159,53.78131],[-119.31226,53.78114],[-119.3127,53.78102],[-119.31296,53.78098],[-119.31325,53.78096],[-119.3133,53.78096],[-119.31376,53.78097],[-119.31413,53.78098],[-119.31442,53.78097],[-119.31494,53.78089],[-119.31521,53.78082],[-119.31552,53.78066],[-119.31579,53.78049],[-119.31608,53.78043],[-119.31683,53.78053],[-119.31712,53.78052],[-119.31741,53.7805],[-119.31766,53.78047],[-119.31826,53.78044],[-119.31854,53.78045],[-119.31972,53.78065],[-119.31997,53.78068],[-119.32025,53.78069],[-119.32104,53.78058],[-119.32136,53.78059],[-119.32171,53.78072],[-119.32202,53.7808],[-119.32272,53.78092],[-119.32299,53.78094],[-119.32327,53.78093],[-119.32402,53.78081],[-119.32447,53.78069],[-119.32497,53.78062],[-119.32526,53.78061],[-119.32599,53.78071],[-119.32654,53.78074],[-119.32705,53.78081],[-119.32771,53.78093],[-119.32877,53.78101],[-119.32932,53.78104],[-119.33023,53.78102],[-119.33049,53.78104],[-119.33093,53.78114],[-119.33113,53.78121],[-119.33171,53.7812],[-119.33196,53.78116],[-119.33212,53.78107],[-119.33242,53.78071],[-119.33248,53.78057],[-119.33248,53.78039],[-119.33253,53.78024],[-119.33297,53.77996],[-119.33351,53.77972],[-119.33367,53.77962],[-119.33405,53.77948],[-119.3343,53.77946],[-119.33453,53.77951],[-119.33503,53.77957],[-119.33574,53.77969],[-119.3361,53.77984],[-119.33626,53.77993],[-119.33685,53.78014],[-119.33702,53.78021],[-119.33745,53.78033],[-119.33803,53.78053],[-119.33808,53.78053],[-119.33853,53.78059],[-119.33877,53.78062],[-119.33895,53.78069],[-119.33916,53.78074],[-119.33974,53.78074],[-119.33998,53.7807],[-119.34017,53.78063],[-119.3406,53.78051],[-119.34117,53.78029],[-119.34139,53.78014],[-119.34156,53.77996],[-119.34164,53.77983],[-119.34176,53.77972],[-119.34209,53.77955],[-119.34268,53.77915],[-119.34284,53.77906],[-119.34309,53.77885],[-119.34326,53.77877],[-119.34429,53.77845],[-119.3451,53.77823],[-119.34533,53.77814],[-119.34594,53.77775],[-119.34607,53.77765],[-119.34608,53.77763],[-119.34722,53.77774],[-119.34738,53.77765],[-119.34758,53.77758],[-119.34786,53.77755],[-119.34806,53.77762],[-119.34818,53.77773],[-119.34835,53.77781],[-119.34898,53.77797],[-119.34917,53.77804],[-119.34927,53.77816],[-119.34943,53.77844],[-119.34955,53.77855],[-119.34974,53.77862],[-119.35002,53.77864],[-119.35028,53.77861],[-119.35073,53.77849],[-119.35077,53.77847],[-119.35089,53.7784],[-119.35102,53.77829],[-119.35121,53.77822],[-119.35148,53.77819],[-119.35167,53.77811],[-119.35192,53.77789],[-119.35242,53.77763],[-119.35261,53.77756],[-119.35294,53.77738],[-119.35349,53.77715],[-119.35394,53.77705],[-119.3542,53.77701],[-119.35449,53.77701],[-119.35497,53.77709],[-119.35542,53.77718],[-119.35569,53.77716],[-119.35607,53.77702],[-119.35624,53.77694],[-119.35689,53.77678],[-119.35723,53.77661],[-119.35744,53.77655],[-119.35771,53.77652],[-119.35802,53.77652],[-119.35826,53.77655],[-119.35882,53.77658],[-119.35926,53.77669],[-119.35945,53.77675],[-119.35993,53.77701],[-119.36014,53.77707],[-119.36038,53.7771],[-119.36064,53.77711],[-119.36079,53.77724],[-119.36089,53.77751],[-119.36111,53.77774],[-119.36155,53.77801],[-119.36193,53.77833],[-119.36248,53.77855],[-119.3627,53.77861],[-119.36285,53.77862],[-119.36297,53.77862],[-119.36331,53.77861],[-119.36416,53.77858],[-119.36446,53.77858],[-119.36471,53.7786],[-119.3655,53.77864],[-119.36596,53.77876],[-119.36635,53.77889],[-119.36655,53.77895],[-119.367,53.77904],[-119.36737,53.77918],[-119.36776,53.77931],[-119.36809,53.77948],[-119.36833,53.77965],[-119.36878,53.78021],[-119.369,53.78063],[-119.36906,53.78098],[-119.36907,53.78131],[-119.36908,53.78169],[-119.36896,53.78198],[-119.36873,53.78238],[-119.36865,53.78286],[-119.36859,53.78301],[-119.36845,53.78327],[-119.3683,53.78372],[-119.36825,53.78405],[-119.36817,53.7844],[-119.36806,53.78483],[-119.36806,53.78519],[-119.36821,53.78547],[-119.36834,53.78558],[-119.36852,53.78565],[-119.36873,53.7857],[-119.36898,53.78574],[-119.36926,53.78572],[-119.36957,53.78559],[-119.36995,53.7854],[-119.37023,53.78519],[-119.37032,53.78507],[-119.37058,53.78487],[-119.37078,53.7848],[-119.37102,53.78475],[-119.37131,53.78473],[-119.3718,53.7848],[-119.37285,53.78506],[-119.37326,53.78518],[-119.37402,53.78532],[-119.37469,53.7854],[-119.37527,53.78541],[-119.37554,53.78538],[-119.37554,53.78538],[-119.37602,53.7853],[-119.3763,53.78527],[-119.37661,53.78526],[-119.37684,53.78531],[-119.37746,53.78549],[-119.37779,53.78565],[-119.37786,53.78597],[-119.37795,53.7861],[-119.37823,53.7863],[-119.37865,53.78661],[-119.37887,53.78671],[-119.37958,53.78695],[-119.38002,53.78708],[-119.3802,53.78716],[-119.38067,53.78743],[-119.38084,53.78751],[-119.38099,53.78761],[-119.38117,53.78769],[-119.38184,53.78783],[-119.38223,53.78796],[-119.38258,53.78813],[-119.38293,53.78827],[-119.3831,53.78835],[-119.38349,53.78849],[-119.38383,53.78855],[-119.38443,53.78865],[-119.38471,53.78865],[-119.38522,53.78857],[-119.38547,53.78856],[-119.38573,53.78859],[-119.38594,53.78864],[-119.38701,53.78872],[-119.38731,53.78873],[-119.38758,53.7887],[-119.38763,53.78869],[-119.38809,53.78859],[-119.38825,53.78855],[-119.38826,53.78855],[-119.389,53.78825],[-119.3895,53.78816],[-119.38994,53.78807],[-119.39031,53.7879],[-119.3905,53.78783],[-119.39072,53.78778],[-119.39095,53.78783],[-119.39146,53.78806],[-119.39173,53.78826],[-119.39189,53.78835],[-119.39209,53.78841],[-119.39234,53.78844],[-119.39263,53.78843],[-119.39316,53.78834],[-119.39388,53.78828],[-119.3941,53.78823],[-119.39438,53.78821],[-119.39497,53.7882],[-119.39526,53.78821],[-119.39577,53.78827],[-119.39599,53.78831],[-119.39618,53.78838],[-119.39633,53.78848],[-119.39639,53.78855],[-119.39644,53.7886],[-119.39636,53.78889],[-119.39637,53.78907],[-119.39645,53.78921],[-119.39658,53.78931],[-119.39713,53.78953],[-119.39757,53.78962],[-119.39774,53.7897],[-119.39834,53.7899],[-119.39887,53.79015],[-119.39906,53.79021],[-119.39922,53.7903],[-119.39933,53.79042],[-119.39947,53.79052],[-119.39981,53.79087],[-119.40022,53.79143],[-119.40032,53.79156],[-119.40049,53.79178],[-119.40055,53.79213],[-119.40051,53.79246],[-119.40037,53.79256],[-119.40035,53.79271],[-119.40049,53.79298],[-119.4006,53.79331],[-119.40068,53.79345],[-119.40113,53.79369],[-119.40157,53.79402],[-119.40169,53.79414],[-119.40211,53.79424],[-119.40237,53.79422],[-119.40256,53.79415],[-119.40291,53.79397],[-119.40356,53.79365],[-119.4037,53.79355],[-119.40402,53.79339],[-119.40424,53.79332],[-119.40453,53.79332],[-119.40478,53.79335],[-119.40518,53.79335],[-119.4056,53.79331],[-119.40582,53.79326],[-119.40607,53.79314],[-119.4064,53.79312],[-119.40716,53.79321],[-119.40744,53.79323],[-119.40775,53.79323],[-119.40824,53.79316],[-119.40869,53.79306],[-119.40955,53.79303],[-119.40979,53.79299],[-119.41022,53.79287],[-119.41081,53.79267],[-119.41113,53.79249],[-119.41155,53.79219],[-119.41167,53.79207],[-119.4118,53.7918],[-119.41195,53.79135],[-119.41202,53.79102],[-119.41205,53.79086],[-119.41222,53.79059],[-119.4124,53.79054],[-119.41243,53.79054],[-119.41268,53.7905],[-119.41286,53.7905],[-119.41297,53.7905],[-119.41348,53.79057],[-119.4145,53.79088],[-119.41523,53.79117],[-119.41602,53.7916],[-119.41638,53.79176],[-119.41657,53.79181],[-119.41688,53.79197],[-119.41717,53.79218],[-119.4175,53.79232],[-119.41771,53.79237],[-119.41799,53.79239],[-119.41827,53.79238],[-119.41848,53.79232],[-119.41884,53.79217],[-119.41897,53.79206],[-119.41936,53.79156],[-119.41964,53.79117],[-119.42008,53.79071],[-119.42081,53.79022],[-119.42097,53.79013],[-119.42151,53.78989],[-119.42184,53.78972],[-119.42241,53.78951],[-119.42278,53.78936],[-119.42357,53.7891],[-119.42419,53.78899],[-119.4247,53.78885],[-119.4251,53.78876],[-119.42538,53.7887],[-119.42564,53.78866],[-119.42604,53.78855],[-119.42605,53.78854],[-119.42633,53.78834],[-119.42662,53.78797],[-119.42703,53.78767],[-119.42715,53.78756],[-119.42729,53.78746],[-119.42798,53.78715],[-119.42826,53.78696],[-119.42884,53.78676],[-119.42901,53.78668],[-119.4294,53.78656],[-119.42991,53.7865],[-119.4304,53.78645],[-119.43061,53.7864],[-119.43118,53.78622],[-119.43151,53.78606],[-119.43171,53.786],[-119.4324,53.78588],[-119.43265,53.78588],[-119.43336,53.78598],[-119.4337,53.78611],[-119.43429,53.78645],[-119.43455,53.78665],[-119.43509,53.78688],[-119.43522,53.78698],[-119.43547,53.78737],[-119.43572,53.78759],[-119.43589,53.78768],[-119.43627,53.78782],[-119.43672,53.78792],[-119.43718,53.78797],[-119.43748,53.78801],[-119.43764,53.78801],[-119.43777,53.78802],[-119.43812,53.78799],[-119.43861,53.78798],[-119.43885,53.78801],[-119.43944,53.78822],[-119.43987,53.78833],[-119.44051,53.78844],[-119.4408,53.78849],[-119.44135,53.78853],[-119.44225,53.78851],[-119.44252,53.78849],[-119.443,53.7884],[-119.44319,53.78832],[-119.44361,53.78802],[-119.4441,53.78776],[-119.44428,53.78768],[-119.44452,53.78764],[-119.44482,53.78764],[-119.44508,53.78766],[-119.4456,53.7879],[-119.44585,53.78812],[-119.44614,53.78831],[-119.44632,53.78838],[-119.44653,53.78843],[-119.44679,53.78846],[-119.44739,53.78844],[-119.44763,53.78841],[-119.44798,53.78831],[-119.44825,53.78821],[-119.44841,53.78813],[-119.44854,53.78802],[-119.449,53.78775],[-119.44916,53.78765],[-119.44934,53.78757],[-119.44987,53.78743],[-119.44998,53.7874],[-119.45023,53.78736],[-119.45084,53.78734],[-119.45143,53.78735],[-119.45196,53.78741],[-119.45244,53.7875],[-119.45343,53.78765],[-119.45371,53.78767],[-119.4546,53.78766],[-119.45531,53.78753],[-119.45558,53.78751],[-119.45619,53.78751],[-119.45645,53.78753],[-119.45692,53.78762],[-119.45746,53.78766],[-119.45776,53.78766],[-119.45856,53.78759],[-119.45904,53.7875],[-119.45932,53.78749],[-119.45979,53.7874],[-119.4602,53.78728],[-119.46043,53.78723],[-119.46073,53.78721],[-119.46196,53.78727],[-119.46214,53.78728],[-119.46241,53.78728],[-119.46367,53.78728],[-119.4645,53.78722],[-119.46476,53.78719],[-119.46489,53.78709],[-119.46497,53.78696],[-119.46512,53.78687],[-119.46533,53.78682],[-119.46563,53.78682],[-119.46589,53.78684],[-119.46632,53.78695],[-119.4673,53.78729],[-119.46766,53.78744],[-119.46785,53.78751],[-119.46821,53.78766],[-119.46846,53.78773],[-119.46889,53.78782],[-119.46916,53.78784],[-119.47005,53.78784],[-119.47065,53.78782],[-119.47146,53.78789],[-119.47273,53.78805],[-119.47383,53.78812],[-119.4744,53.78814],[-119.47465,53.78812],[-119.47494,53.7881],[-119.47552,53.78809],[-119.47578,53.78811],[-119.47628,53.78817],[-119.47658,53.78818],[-119.47681,53.78813],[-119.477,53.78806],[-119.47754,53.78778],[-119.47783,53.78764],[-119.47796,53.78754],[-119.47816,53.78747],[-119.4784,53.78744],[-119.47863,53.78749],[-119.47896,53.78765],[-119.47912,53.78775],[-119.4795,53.78807],[-119.47994,53.78835],[-119.48024,53.78845],[-119.48062,53.78852],[-119.48081,53.78856],[-119.48116,53.78872],[-119.48136,53.78879],[-119.48186,53.78903],[-119.48206,53.78909],[-119.48229,53.78914],[-119.48257,53.78916],[-119.48317,53.78915],[-119.48397,53.78906],[-119.48471,53.78896],[-119.48565,53.78878],[-119.48569,53.78878],[-119.48624,53.78877],[-119.48629,53.7888],[-119.48673,53.78887],[-119.48687,53.78889],[-119.48719,53.78898],[-119.48758,53.78899],[-119.48806,53.78892],[-119.48833,53.78893],[-119.48856,53.78897],[-119.48898,53.78909],[-119.48934,53.78925],[-119.48966,53.78943],[-119.49001,53.78972],[-119.49013,53.78988],[-119.49097,53.79051],[-119.49137,53.79081],[-119.49157,53.79105],[-119.49174,53.79113],[-119.4922,53.79123],[-119.49245,53.79126],[-119.49267,53.79131],[-119.49318,53.79138],[-119.49337,53.79145],[-119.49349,53.79156],[-119.49359,53.79185],[-119.49371,53.79195],[-119.49373,53.79196],[-119.49407,53.79212],[-119.49428,53.79218],[-119.49464,53.79221],[-119.49477,53.79224],[-119.49489,53.79232],[-119.49516,53.79254],[-119.49531,53.79261],[-119.49552,53.79266],[-119.49591,53.79271],[-119.49645,53.79274],[-119.49666,53.79279],[-119.49693,53.79288],[-119.49711,53.79297],[-119.49729,53.79304],[-119.4974,53.79305],[-119.49786,53.79303],[-119.49851,53.79315],[-119.49964,53.79313],[-119.49993,53.79316],[-119.50002,53.79318],[-119.50014,53.79321],[-119.50056,53.79333],[-119.50102,53.79338],[-119.50131,53.79344],[-119.50158,53.79355],[-119.5017,53.79365],[-119.50175,53.79379],[-119.50176,53.79428],[-119.50173,53.79455],[-119.50177,53.79469],[-119.50186,53.79482],[-119.50205,53.79497],[-119.50222,53.79507],[-119.50241,53.79514],[-119.50276,53.79524],[-119.50366,53.79537],[-119.50385,53.79543],[-119.50396,53.79549],[-119.50441,53.79596],[-119.50476,53.79631],[-119.50515,53.79655],[-119.50567,53.7968],[-119.50603,53.79698],[-119.50614,53.79708],[-119.50615,53.79719],[-119.50614,53.79748],[-119.50623,53.79761],[-119.50695,53.79825],[-119.50725,53.79847],[-119.50742,53.79856],[-119.50761,53.79863],[-119.50798,53.7987],[-119.50859,53.79877],[-119.50957,53.79892],[-119.51121,53.79907],[-119.51143,53.79906],[-119.512,53.79897],[-119.51222,53.79895],[-119.51253,53.799],[-119.51293,53.79914],[-119.5137,53.79952],[-119.51421,53.79979],[-119.51527,53.80012],[-119.51611,53.80046],[-119.51631,53.80052],[-119.51651,53.80054],[-119.51732,53.80053],[-119.51777,53.80048],[-119.51807,53.80039],[-119.51958,53.79987],[-119.51995,53.79971],[-119.52023,53.79957],[-119.52039,53.79952],[-119.52062,53.79949],[-119.52084,53.7995],[-119.52099,53.79954],[-119.52116,53.79962],[-119.52159,53.79998],[-119.52209,53.80044],[-119.5224,53.80062],[-119.5226,53.80071],[-119.52282,53.80077],[-119.52303,53.80081],[-119.52325,53.80082],[-119.52365,53.80071],[-119.52386,53.80067],[-119.52401,53.80069],[-119.52452,53.80078],[-119.52519,53.80088],[-119.5254,53.80093],[-119.52638,53.80128],[-119.52709,53.8014],[-119.52773,53.80181],[-119.52844,53.80219],[-119.5291,53.80285],[-119.52973,53.80315],[-119.53059,53.80353],[-119.53157,53.80373],[-119.53346,53.80404],[-119.53388,53.80428],[-119.53575,53.80516],[-119.5405,53.80747],[-119.54101,53.80783],[-119.5441,53.80952],[-119.54466,53.80969],[-119.5451,53.80978],[-119.54582,53.80985],[-119.54672,53.80991],[-119.54732,53.80998],[-119.54767,53.81005],[-119.54825,53.81024],[-119.5493,53.81065],[-119.55066,53.81137],[-119.55113,53.81161],[-119.55164,53.81189],[-119.55201,53.81205],[-119.55241,53.81216],[-119.55292,53.81221],[-119.55331,53.81232],[-119.55378,53.81247],[-119.55582,53.81305],[-119.55664,53.81333],[-119.55699,53.81351],[-119.55748,53.81397],[-119.55783,53.81414],[-119.55842,53.81435],[-119.55907,53.81474],[-119.55925,53.81482],[-119.55945,53.81488],[-119.56014,53.81493],[-119.56036,53.81498],[-119.56058,53.81504],[-119.56077,53.81511],[-119.56092,53.81521],[-119.56101,53.81532],[-119.56113,53.81559],[-119.56122,53.81571],[-119.56161,53.81595],[-119.56205,53.8162],[-119.56241,53.81635],[-119.56404,53.81683],[-119.56418,53.81685],[-119.5646,53.81701],[-119.56494,53.81721],[-119.5653,53.81732],[-119.5657,53.81741],[-119.56662,53.81772],[-119.56686,53.81788],[-119.56719,53.81803],[-119.56755,53.81823],[-119.56781,53.81829],[-119.56799,53.81843],[-119.56835,53.81858],[-119.56861,53.81876],[-119.56881,53.81901],[-119.56953,53.81936],[-119.56991,53.81949],[-119.57032,53.8196],[-119.57072,53.81974],[-119.57099,53.81989],[-119.57171,53.82011],[-119.57201,53.82029],[-119.57236,53.82046],[-119.57269,53.82052],[-119.57311,53.82073],[-119.57342,53.82096],[-119.57456,53.82142],[-119.57527,53.82177],[-119.57551,53.82196],[-119.57593,53.82208],[-119.57754,53.82287],[-119.57841,53.82319],[-119.57876,53.82337],[-119.57917,53.82356],[-119.57965,53.82367],[-119.58017,53.82383],[-119.58045,53.82395],[-119.58084,53.82399],[-119.58118,53.82412],[-119.58153,53.8243],[-119.58258,53.82472],[-119.58349,53.82524],[-119.58405,53.8255],[-119.58467,53.82574],[-119.58523,53.82598],[-119.58611,53.82648],[-119.58653,53.82673],[-119.58685,53.82688],[-119.58721,53.82699],[-119.58765,53.82716],[-119.58843,53.82757],[-119.58911,53.8279],[-119.58941,53.82806],[-119.58986,53.82824],[-119.59033,53.82835],[-119.59056,53.82847],[-119.59139,53.82912],[-119.59229,53.82969],[-119.59292,53.83024],[-119.59331,53.83048],[-119.5937,53.83076],[-119.59397,53.83108],[-119.59427,53.83127],[-119.59468,53.83184],[-119.59498,53.83201],[-119.59543,53.8322],[-119.59595,53.83246],[-119.59632,53.83296],[-119.5966,53.83316],[-119.5968,53.83342],[-119.59706,53.83364],[-119.59723,53.83386],[-119.59758,53.8342],[-119.59797,53.83452],[-119.59846,53.83481],[-119.5989,53.83499],[-119.59928,53.83512],[-119.5997,53.83529],[-119.60031,53.83564],[-119.60076,53.83589],[-119.60117,53.83615],[-119.60154,53.83645],[-119.60178,53.83675],[-119.60187,53.83701],[-119.60185,53.83724],[-119.60167,53.83752],[-119.60138,53.83778],[-119.60109,53.83799],[-119.60076,53.8382],[-119.60048,53.83844],[-119.60025,53.83871],[-119.59996,53.83886],[-119.59955,53.83892],[-119.59883,53.83918],[-119.59843,53.83924],[-119.59794,53.83937],[-119.5975,53.83955],[-119.5971,53.8398],[-119.59686,53.84007],[-119.59672,53.8404],[-119.59665,53.84084],[-119.59665,53.84119],[-119.59657,53.84154],[-119.59641,53.84176],[-119.59619,53.84198],[-119.59603,53.84234],[-119.59593,53.8429],[-119.59587,53.84338],[-119.59591,53.84395],[-119.59645,53.84493],[-119.59682,53.84536],[-119.59713,53.84578],[-119.59727,53.84612],[-119.59746,53.8465],[-119.59767,53.84684],[-119.59828,53.84756],[-119.59856,53.84788],[-119.59901,53.84847],[-119.59975,53.84953],[-119.60006,53.84991],[-119.60061,53.85071],[-119.60094,53.85122],[-119.60101,53.85138],[-119.60115,53.85155],[-119.60141,53.85168],[-119.60172,53.85179],[-119.60266,53.85199],[-119.60314,53.85204],[-119.60358,53.85199],[-119.60414,53.85188],[-119.60536,53.85173],[-119.60572,53.85168],[-119.60648,53.85141],[-119.60692,53.85124],[-119.60739,53.85114],[-119.60804,53.8511],[-119.60858,53.85117],[-119.60899,53.85137],[-119.60931,53.85158],[-119.60975,53.85171],[-119.60976,53.85171],[-119.60965,53.8518],[-119.60934,53.85197],[-119.60924,53.85199],[-119.60893,53.85207],[-119.60881,53.85218],[-119.60866,53.85238],[-119.60852,53.85256],[-119.60838,53.85266],[-119.60793,53.85292],[-119.60777,53.85298],[-119.60754,53.85305],[-119.60574,53.85343],[-119.60556,53.85348],[-119.60518,53.85363],[-119.60454,53.85378],[-119.6044,53.85389],[-119.60436,53.85394],[-119.60387,53.85449],[-119.6038,53.85462],[-119.60359,53.85487],[-119.60307,53.85528],[-119.60296,53.8554],[-119.60273,53.85562],[-119.60253,53.85586],[-119.60241,53.85597],[-119.60201,53.85614],[-119.60171,53.85627],[-119.60114,53.85648],[-119.60071,53.85657],[-119.6002,53.85663],[-119.59973,53.85667],[-119.59911,53.85668],[-119.5987,53.85662],[-119.59854,53.85659],[-119.59813,53.85652],[-119.59792,53.85645],[-119.59718,53.85617],[-119.59697,53.85611],[-119.59657,53.85612],[-119.59646,53.85611],[-119.59617,53.85614],[-119.5947,53.85634],[-119.59402,53.85618],[-119.59312,53.85594],[-119.59266,53.85586],[-119.59184,53.85568],[-119.59151,53.85565],[-119.59096,53.85569],[-119.59071,53.85574],[-119.59024,53.85579],[-119.5891,53.85581],[-119.58857,53.85587],[-119.58718,53.8559],[-119.58634,53.85587],[-119.58631,53.85587],[-119.58585,53.85589],[-119.58576,53.85589],[-119.58501,53.85598],[-119.58399,53.85608],[-119.58342,53.85606],[-119.58287,53.85613],[-119.58173,53.85633],[-119.58159,53.85643],[-119.58162,53.85658],[-119.5822,53.85676],[-119.58231,53.85688],[-119.58223,53.857],[-119.58202,53.85706],[-119.5818,53.85709],[-119.58156,53.8571],[-119.58075,53.85723],[-119.58036,53.85729],[-119.57936,53.85751],[-119.57812,53.85778],[-119.57759,53.85779],[-119.57696,53.85776],[-119.57651,53.85778],[-119.57581,53.85777],[-119.57558,53.85771],[-119.57532,53.85751],[-119.5751,53.85749],[-119.57503,53.8575],[-119.57469,53.85761],[-119.57436,53.85776],[-119.57416,53.858],[-119.57388,53.85818],[-119.57377,53.85826],[-119.57373,53.85829],[-119.57357,53.85837],[-119.57317,53.8585],[-119.57257,53.85868],[-119.57202,53.85889],[-119.57175,53.85909],[-119.57145,53.85927],[-119.57094,53.85952],[-119.5708,53.85961],[-119.57044,53.86012],[-119.5703,53.86023],[-119.57013,53.86031],[-119.56973,53.86044],[-119.56959,53.86054],[-119.56947,53.86066],[-119.56922,53.86087],[-119.56898,53.86101],[-119.56862,53.86118],[-119.56856,53.8612],[-119.56816,53.86132],[-119.56794,53.86137],[-119.56774,53.86145],[-119.56758,53.86151],[-119.56739,53.86157],[-119.56716,53.86157],[-119.56686,53.86158],[-119.5666,53.86157],[-119.56607,53.8616],[-119.56581,53.86164],[-119.56561,53.8617],[-119.56537,53.86182],[-119.56529,53.86186],[-119.56506,53.86208],[-119.56475,53.86245],[-119.56453,53.86268],[-119.56387,53.863],[-119.56371,53.86309],[-119.5632,53.86334],[-119.56265,53.86355],[-119.56232,53.86374],[-119.56221,53.86385],[-119.56212,53.86397],[-119.5617,53.86447],[-119.56153,53.86462],[-119.56135,53.86477],[-119.56108,53.86501],[-119.56107,53.86502],[-119.56023,53.86541],[-119.55947,53.8657],[-119.55936,53.86577],[-119.55913,53.86586],[-119.55808,53.86614],[-119.55605,53.86656],[-119.55515,53.86672],[-119.55491,53.86673],[-119.55437,53.86677],[-119.55385,53.8668],[-119.55356,53.86677],[-119.55331,53.86671],[-119.55319,53.86666],[-119.55257,53.86642],[-119.55216,53.86611],[-119.55184,53.86573],[-119.55117,53.86521],[-119.5509,53.86505],[-119.55034,53.86481],[-119.55013,53.86475],[-119.54986,53.86472],[-119.54943,53.86475],[-119.54899,53.86483],[-119.5489,53.86484],[-119.54826,53.86501],[-119.54787,53.86516],[-119.54772,53.86525],[-119.54726,53.86552],[-119.54693,53.86568],[-119.54625,53.86602],[-119.54583,53.86631],[-119.54547,53.86664],[-119.54525,53.86687],[-119.54502,53.86701],[-119.54482,53.86716],[-119.54452,53.86752],[-119.54418,53.86788],[-119.54383,53.86822],[-119.54345,53.86854],[-119.54338,53.86858],[-119.54329,53.86863],[-119.54308,53.86868],[-119.54285,53.86869],[-119.54229,53.86869],[-119.542,53.86865],[-119.54176,53.86859],[-119.54175,53.86858],[-119.54138,53.86842],[-119.54118,53.86836],[-119.54074,53.86827],[-119.54011,53.86813],[-119.53983,53.86812],[-119.53955,53.86831],[-119.53933,53.86858],[-119.53925,53.86869],[-119.53902,53.86894],[-119.53826,53.86979],[-119.53767,53.87036],[-119.53694,53.87084],[-119.53676,53.87093],[-119.53661,53.871],[-119.5363,53.87109],[-119.53606,53.87116],[-119.53599,53.87117],[-119.53577,53.87117],[-119.5355,53.87111],[-119.53527,53.87112],[-119.53508,53.87119],[-119.53498,53.87124],[-119.53492,53.87127],[-119.53396,53.87159],[-119.53352,53.8717],[-119.53273,53.87184],[-119.53256,53.87185],[-119.5317,53.87187],[-119.53097,53.87198],[-119.53004,53.87219],[-119.5297,53.87227],[-119.52929,53.8724],[-119.52909,53.87264],[-119.52879,53.87294],[-119.52862,53.87309],[-119.52842,53.87334],[-119.5283,53.87362],[-119.52824,53.8737],[-119.52819,53.87375],[-119.52803,53.87384],[-119.52783,53.8739],[-119.52713,53.87399],[-119.52659,53.87405],[-119.52618,53.87402],[-119.52583,53.87396],[-119.52505,53.87387],[-119.52481,53.87394],[-119.52466,53.87403],[-119.52453,53.87413],[-119.52442,53.87425],[-119.52429,53.87452],[-119.52427,53.87474],[-119.52424,53.8749],[-119.52423,53.87501],[-119.52422,53.87508],[-119.52422,53.87513],[-119.5242,53.87535],[-119.52422,53.87561],[-119.52423,53.87575],[-119.52424,53.87581],[-119.52429,53.8762],[-119.52434,53.87635],[-119.52448,53.8766],[-119.52458,53.8769],[-119.52456,53.87722],[-119.52448,53.87755],[-119.52436,53.87769],[-119.52422,53.87778],[-119.5242,53.87779],[-119.52364,53.87799],[-119.52303,53.87817],[-119.52258,53.87825],[-119.52217,53.87825],[-119.52112,53.87822],[-119.52056,53.87828],[-119.52023,53.87826],[-119.52002,53.87822],[-119.51951,53.87817],[-119.51878,53.87804],[-119.51824,53.87797],[-119.51797,53.87798],[-119.51746,53.87804],[-119.5169,53.87803],[-119.51658,53.87806],[-119.51612,53.87814],[-119.51514,53.87845],[-119.51467,53.87862],[-119.51421,53.8788],[-119.51387,53.87897],[-119.51324,53.87932],[-119.5126,53.87969],[-119.51202,53.88007],[-119.51198,53.88009],[-119.51163,53.88026],[-119.51152,53.88032],[-119.51135,53.88041],[-119.51108,53.8806],[-119.51085,53.88083],[-119.51069,53.88109],[-119.51065,53.88124],[-119.51054,53.88157],[-119.51046,53.88171],[-119.51043,53.88202],[-119.5105,53.88217],[-119.51053,53.88247],[-119.5104,53.88278],[-119.51048,53.88291],[-119.51048,53.88303],[-119.51048,53.88305],[-119.51046,53.88308],[-119.51013,53.88325],[-119.50972,53.88336],[-119.5095,53.8834],[-119.5093,53.88347],[-119.5087,53.88377],[-119.50827,53.88394],[-119.50797,53.88412],[-119.50783,53.88423],[-119.50767,53.88449],[-119.50733,53.88485],[-119.50719,53.88511],[-119.50716,53.8856],[-119.50708,53.88587],[-119.50704,53.88614],[-119.50714,53.88694],[-119.50726,53.88722],[-119.50756,53.88775],[-119.50761,53.8879],[-119.50771,53.88853],[-119.50769,53.8887],[-119.50761,53.88883],[-119.5074,53.88908],[-119.50725,53.88917],[-119.50715,53.88929],[-119.50718,53.88962],[-119.50713,53.88993],[-119.50697,53.89025],[-119.50692,53.89037],[-119.50682,53.89041],[-119.50672,53.89044],[-119.50645,53.89045],[-119.50627,53.89053],[-119.5061,53.8906],[-119.50597,53.8907],[-119.50553,53.8908],[-119.505,53.89082],[-119.50473,53.89085],[-119.50452,53.89093],[-119.50437,53.89103],[-119.50431,53.8911],[-119.50415,53.89128],[-119.50399,53.89137],[-119.5038,53.89144],[-119.50309,53.8916],[-119.50224,53.89177],[-119.50133,53.89201],[-119.50097,53.89212],[-119.50062,53.89229],[-119.50002,53.89267],[-119.49986,53.89277],[-119.49949,53.89311],[-119.49944,53.89315],[-119.49915,53.89334],[-119.49891,53.89349],[-119.49846,53.89374],[-119.49796,53.89399],[-119.49774,53.89402],[-119.4975,53.89402],[-119.49722,53.89398],[-119.49698,53.89391],[-119.49625,53.8936],[-119.49599,53.89339],[-119.49531,53.8929],[-119.49446,53.89232],[-119.4941,53.89217],[-119.49381,53.89199],[-119.49335,53.89192],[-119.49309,53.89194],[-119.49289,53.89201],[-119.49255,53.89219],[-119.49226,53.89238],[-119.49215,53.8925],[-119.49206,53.89263],[-119.4919,53.89302],[-119.49181,53.89339],[-119.49168,53.89464],[-119.49159,53.89471],[-119.49066,53.89498],[-119.49039,53.89503],[-119.48983,53.89505],[-119.48953,53.89504],[-119.48927,53.89501],[-119.48903,53.89499],[-119.48877,53.895],[-119.48851,53.89505],[-119.48827,53.89512],[-119.48787,53.89517],[-119.48761,53.8952],[-119.48742,53.89529],[-119.48734,53.89542],[-119.48721,53.89555],[-119.48712,53.89564],[-119.48675,53.89577],[-119.48673,53.89577],[-119.4863,53.89589],[-119.48607,53.89591],[-119.48522,53.89616],[-119.48485,53.89631],[-119.48469,53.89639],[-119.48433,53.89653],[-119.48375,53.89669],[-119.4837,53.89671],[-119.48328,53.89682],[-119.48267,53.89701],[-119.4819,53.89732],[-119.48132,53.8975],[-119.48099,53.89766],[-119.48081,53.89774],[-119.48045,53.8979],[-119.48,53.89816],[-119.47982,53.89824],[-119.47956,53.89842],[-119.47934,53.89849],[-119.47918,53.89856],[-119.47884,53.89889],[-119.47867,53.89897],[-119.47846,53.89901],[-119.47823,53.89902],[-119.47794,53.89899],[-119.47772,53.89893],[-119.47681,53.89856],[-119.47656,53.89853],[-119.47606,53.89852],[-119.47534,53.89868],[-119.47487,53.89876],[-119.47467,53.89884],[-119.47449,53.89891],[-119.47428,53.89896],[-119.47388,53.8991],[-119.47356,53.89932],[-119.4734,53.89953],[-119.47338,53.89968],[-119.47343,53.89999],[-119.47366,53.90025],[-119.47393,53.90045],[-119.47414,53.90079],[-119.47467,53.90143],[-119.47468,53.90145],[-119.47469,53.90151],[-119.4747,53.90158],[-119.47467,53.90161],[-119.47456,53.90169],[-119.4741,53.90196],[-119.47389,53.90202],[-119.47265,53.90219],[-119.47211,53.90223],[-119.47134,53.90234],[-119.47102,53.90237],[-119.46966,53.90245],[-119.46803,53.9027],[-119.46767,53.90277],[-119.4671,53.9028],[-119.46623,53.90286],[-119.4657,53.90294],[-119.46522,53.90308],[-119.46508,53.90312],[-119.4649,53.90321],[-119.46449,53.90351],[-119.46432,53.90358],[-119.46418,53.90368],[-119.46394,53.9039],[-119.46351,53.90418],[-119.46332,53.90425],[-119.46304,53.90427],[-119.46301,53.9043],[-119.46282,53.90425],[-119.46257,53.90421],[-119.46243,53.90418],[-119.46233,53.90415],[-119.46198,53.90403],[-119.46133,53.90389],[-119.46109,53.90387],[-119.46053,53.90387],[-119.46009,53.90392],[-119.45972,53.90397],[-119.45951,53.90404],[-119.45931,53.90428],[-119.45929,53.90435],[-119.45925,53.90451],[-119.45918,53.90488],[-119.45918,53.90489],[-119.45915,53.90536],[-119.45918,53.90553],[-119.45923,53.90602],[-119.45919,53.90619],[-119.45905,53.90644],[-119.45899,53.90661],[-119.45891,53.9069],[-119.45892,53.90707],[-119.45885,53.90739],[-119.45873,53.90779],[-119.45866,53.90809],[-119.45848,53.90858],[-119.45823,53.90896],[-119.45818,53.9098],[-119.45811,53.91009],[-119.45794,53.91068],[-119.45784,53.91081],[-119.45781,53.91082],[-119.45763,53.91087],[-119.45634,53.9109],[-119.45619,53.91089],[-119.45562,53.9109],[-119.45515,53.911],[-119.45496,53.91107],[-119.45429,53.91141],[-119.45383,53.9117],[-119.45358,53.91191],[-119.45329,53.91212],[-119.45317,53.91221],[-119.45292,53.91241],[-119.45277,53.9125],[-119.4526,53.91258],[-119.45213,53.91285],[-119.45168,53.91314],[-119.45151,53.91323],[-119.45137,53.91333],[-119.45128,53.91345],[-119.45117,53.91372],[-119.45114,53.91403],[-119.45118,53.91454],[-119.45112,53.91471],[-119.45103,53.91483],[-119.45087,53.91489],[-119.45038,53.91483],[-119.4499,53.91481],[-119.44961,53.91479],[-119.44936,53.91485],[-119.44926,53.91493],[-119.4491,53.91507],[-119.44901,53.91519],[-119.44868,53.91552],[-119.44852,53.91561],[-119.44829,53.91561],[-119.4482,53.91558],[-119.44772,53.91539],[-119.44727,53.9153],[-119.44706,53.91527],[-119.44681,53.91528],[-119.44657,53.91534],[-119.44639,53.91542],[-119.44629,53.91553],[-119.44612,53.91578],[-119.44583,53.91615],[-119.44568,53.91624],[-119.4453,53.91638],[-119.44458,53.91669],[-119.44419,53.91683],[-119.4437,53.91695],[-119.44328,53.91702],[-119.44277,53.91708],[-119.44192,53.91705],[-119.4414,53.91699],[-119.44069,53.91686],[-119.44019,53.91679],[-119.43971,53.91677],[-119.43945,53.91681],[-119.43928,53.9169],[-119.43909,53.91698],[-119.43899,53.9171],[-119.43877,53.91745],[-119.43867,53.91761],[-119.43818,53.91806],[-119.43801,53.91813],[-119.43778,53.91815],[-119.43766,53.91815],[-119.4372,53.91813],[-119.43668,53.91812],[-119.43601,53.91816],[-119.43544,53.91826],[-119.43494,53.91834],[-119.43482,53.91836],[-119.43458,53.91837],[-119.43405,53.91831],[-119.43328,53.91823],[-119.43229,53.9181],[-119.43178,53.91814],[-119.43153,53.91819],[-119.43135,53.91827],[-119.43104,53.91857],[-119.42991,53.91862],[-119.42943,53.91869],[-119.42877,53.91884],[-119.42863,53.91895],[-119.42844,53.91902],[-119.42797,53.91909],[-119.42771,53.91915],[-119.42711,53.91936],[-119.42691,53.91942],[-119.42674,53.9195],[-119.42655,53.91963],[-119.42645,53.91969],[-119.42597,53.91994],[-119.42538,53.92032],[-119.42512,53.92044],[-119.42504,53.92048],[-119.42487,53.92053],[-119.4246,53.92059],[-119.42419,53.92072],[-119.42383,53.92089],[-119.42363,53.92096],[-119.42341,53.921],[-119.42316,53.92102],[-119.42291,53.92106],[-119.42241,53.92118],[-119.42158,53.92143],[-119.42028,53.92177],[-119.41989,53.92191],[-119.41939,53.92216],[-119.41907,53.92234],[-119.41874,53.92269],[-119.41863,53.92291],[-119.41842,53.92334],[-119.4184,53.92351],[-119.41827,53.92378],[-119.41818,53.92406],[-119.41814,53.92453],[-119.41805,53.92483],[-119.41782,53.9254],[-119.4178,53.92556],[-119.41756,53.92612],[-119.41746,53.92625],[-119.41734,53.92636],[-119.41689,53.92677],[-119.41649,53.92714],[-119.4162,53.92733],[-119.4158,53.92764],[-119.41554,53.92787],[-119.41533,53.92805],[-119.41479,53.92828],[-119.41446,53.92844],[-119.41433,53.92855],[-119.41391,53.92884],[-119.41368,53.92906],[-119.41326,53.92942],[-119.41319,53.92948],[-119.41307,53.92968],[-119.41302,53.92989],[-119.41305,53.93025],[-119.41314,53.93057],[-119.41332,53.93085],[-119.4137,53.93106],[-119.41443,53.93145],[-119.41513,53.93176],[-119.41529,53.93185],[-119.41643,53.93229],[-119.41656,53.93239],[-119.41675,53.93265],[-119.41686,53.93276],[-119.41694,53.9329],[-119.41688,53.93339],[-119.4169,53.93357],[-119.41682,53.93387],[-119.41676,53.93399],[-119.41676,53.934],[-119.4165,53.93422],[-119.41632,53.93447],[-119.41618,53.93457],[-119.41577,53.93471],[-119.41542,53.93488],[-119.41527,53.93497],[-119.41509,53.93515],[-119.41505,53.9352],[-119.41488,53.9353],[-119.41476,53.93538],[-119.41455,53.9356],[-119.41428,53.93598],[-119.41381,53.93698],[-119.41338,53.93763],[-119.41321,53.93805],[-119.41289,53.93866],[-119.41263,53.93915],[-119.41243,53.93938],[-119.41219,53.93952],[-119.4121,53.93956],[-119.41189,53.93961],[-119.41166,53.93964],[-119.4112,53.93976],[-119.41082,53.93991],[-119.41064,53.93998],[-119.40982,53.94027],[-119.40918,53.94045],[-119.40857,53.94067],[-119.40828,53.94084],[-119.40793,53.94098],[-119.40779,53.94108],[-119.40771,53.94121],[-119.40771,53.94122],[-119.40768,53.94135],[-119.40768,53.94146],[-119.40768,53.9415],[-119.40757,53.94165],[-119.40736,53.9417],[-119.40719,53.94179],[-119.40694,53.94201],[-119.40678,53.9421],[-119.40658,53.94234],[-119.40625,53.94287],[-119.40615,53.94316],[-119.40602,53.94327],[-119.40571,53.94346],[-119.40542,53.94365],[-119.40514,53.944],[-119.405,53.94411],[-119.40483,53.94419],[-119.40464,53.94426],[-119.40398,53.94443],[-119.40325,53.94455],[-119.40253,53.94472],[-119.40208,53.94485],[-119.40154,53.94511],[-119.40139,53.9452],[-119.40119,53.94535],[-119.40092,53.94563],[-119.40085,53.94568],[-119.40053,53.94594],[-119.40035,53.94619],[-119.40035,53.94622],[-119.40033,53.94629],[-119.40015,53.9469],[-119.40006,53.94707],[-119.39993,53.94735],[-119.39979,53.94764],[-119.39968,53.94775],[-119.39927,53.94806],[-119.39911,53.94815],[-119.3989,53.94821],[-119.39867,53.94825],[-119.39811,53.94829],[-119.39749,53.94831],[-119.3969,53.94836],[-119.39658,53.94836],[-119.39616,53.94827],[-119.39521,53.9481],[-119.39471,53.94804],[-119.39416,53.94804],[-119.39387,53.94808],[-119.39367,53.94816],[-119.3935,53.94818],[-119.39345,53.94819],[-119.39262,53.94808],[-119.39245,53.94805],[-119.39207,53.94791],[-119.39185,53.94788],[-119.39134,53.94784],[-119.39072,53.94786],[-119.39044,53.94791],[-119.39001,53.94803],[-119.38987,53.94813],[-119.38963,53.94838],[-119.38953,53.94845],[-119.38938,53.94855],[-119.38887,53.94872],[-119.38859,53.94881],[-119.3884,53.94889],[-119.38811,53.94906],[-119.38792,53.94917],[-119.38773,53.94924],[-119.38765,53.94926],[-119.38729,53.94934],[-119.38678,53.94941],[-119.38593,53.94945],[-119.38521,53.94946],[-119.38527,53.94975],[-119.38541,53.94983],[-119.38554,53.9499],[-119.38592,53.95],[-119.38587,53.95017],[-119.38592,53.95069],[-119.3859,53.95084],[-119.38583,53.95096],[-119.38558,53.95118],[-119.38549,53.9513],[-119.38551,53.95149],[-119.38556,53.95162],[-119.38569,53.95173],[-119.38604,53.95188],[-119.38624,53.95194],[-119.38651,53.95199],[-119.38711,53.95198],[-119.38735,53.95197],[-119.38757,53.95201],[-119.38786,53.95221],[-119.38819,53.95239],[-119.38829,53.95254],[-119.38834,53.95288],[-119.38838,53.95318],[-119.38843,53.95333],[-119.38829,53.95359],[-119.38824,53.95372],[-119.38837,53.95383],[-119.38858,53.9539],[-119.38888,53.95391],[-119.38939,53.95387],[-119.38994,53.95377],[-119.39017,53.95375],[-119.39039,53.95379],[-119.39049,53.95391],[-119.39042,53.95407],[-119.3905,53.95436],[-119.39063,53.95447],[-119.3911,53.95473],[-119.39154,53.95485],[-119.39208,53.9549],[-119.39233,53.95489],[-119.3931,53.9548],[-119.3932,53.95477],[-119.39392,53.95451],[-119.39418,53.95444],[-119.39448,53.95441],[-119.39475,53.9544],[-119.39499,53.95442],[-119.39521,53.95447],[-119.3954,53.95453],[-119.39568,53.95476],[-119.39583,53.95486],[-119.39602,53.95494],[-119.39615,53.95506],[-119.39624,53.95519],[-119.39639,53.95529],[-119.39707,53.95543],[-119.39789,53.95546],[-119.39812,53.95544],[-119.39844,53.95539],[-119.39877,53.95534],[-119.39914,53.95532],[-119.39935,53.95536],[-119.40003,53.95572],[-119.40066,53.95605],[-119.40099,53.95622],[-119.40125,53.95643],[-119.40161,53.95659],[-119.40184,53.95667],[-119.40212,53.95667],[-119.40237,53.95664],[-119.40259,53.95658],[-119.40276,53.95618],[-119.40285,53.95606],[-119.40297,53.95595],[-119.40314,53.95586],[-119.40341,53.95583],[-119.40394,53.95584],[-119.40439,53.95591],[-119.40454,53.95601],[-119.40473,53.95626],[-119.405,53.95647],[-119.40518,53.95655],[-119.40564,53.95662],[-119.40589,53.95659],[-119.40652,53.95641],[-119.4072,53.95627],[-119.40739,53.95619],[-119.40793,53.95618],[-119.40815,53.95616],[-119.40839,53.95605],[-119.40866,53.95591],[-119.40871,53.95575],[-119.40872,53.95546],[-119.4089,53.95538],[-119.40913,53.95541],[-119.4093,53.95549],[-119.40953,53.95556],[-119.40976,53.95556],[-119.40997,53.9555],[-119.4105,53.95528],[-119.41074,53.95524],[-119.41094,53.9553],[-119.41126,53.95545],[-119.41144,53.95552],[-119.41165,53.95556],[-119.41186,53.95552],[-119.41199,53.9554],[-119.41226,53.95506],[-119.41229,53.95504],[-119.41256,53.95505],[-119.41291,53.95517],[-119.41325,53.95534],[-119.41382,53.95573],[-119.41416,53.95589],[-119.41434,53.95601],[-119.41459,53.9562],[-119.41502,53.95631],[-119.41527,53.95633],[-119.41551,53.9563],[-119.41577,53.95625],[-119.41633,53.95622],[-119.41656,53.95623],[-119.41689,53.95632],[-119.41698,53.95635],[-119.41707,53.9565],[-119.4171,53.95663],[-119.41677,53.95695],[-119.41648,53.95715],[-119.41656,53.95728],[-119.41709,53.9577],[-119.41726,53.95778],[-119.41766,53.95791],[-119.41787,53.95796],[-119.418,53.95807],[-119.41795,53.9582],[-119.41769,53.95841],[-119.41764,53.95854],[-119.41779,53.95865],[-119.41822,53.95875],[-119.41841,53.95881],[-119.41855,53.95895],[-119.41859,53.95927],[-119.41865,53.9594],[-119.41905,53.95971],[-119.41915,53.95981],[-119.4193,53.95992],[-119.41953,53.95994],[-119.41977,53.95989],[-119.42007,53.95985],[-119.4203,53.95984],[-119.42081,53.95989],[-119.42102,53.95994],[-119.42121,53.96002],[-119.42166,53.9603],[-119.42184,53.96049],[-119.42201,53.96065],[-119.42233,53.96081],[-119.42251,53.96087],[-119.42275,53.96092],[-119.42325,53.96094],[-119.4236,53.96105],[-119.42395,53.96124],[-119.42427,53.96127],[-119.42452,53.96124],[-119.42493,53.96113],[-119.42534,53.96099],[-119.42557,53.96098],[-119.42575,53.96105],[-119.42583,53.9612],[-119.4258,53.96134],[-119.42571,53.96145],[-119.42527,53.96174],[-119.42493,53.9619],[-119.42479,53.962],[-119.42475,53.96213],[-119.42501,53.96235],[-119.42517,53.96244],[-119.42534,53.96252],[-119.42554,53.96258],[-119.42572,53.96265],[-119.42615,53.96276],[-119.42665,53.96281],[-119.42686,53.96286],[-119.42699,53.9632],[-119.42701,53.96334],[-119.42709,53.96347],[-119.42749,53.96359],[-119.42775,53.96364],[-119.42799,53.96364],[-119.4282,53.96369],[-119.42845,53.9639],[-119.4287,53.96412],[-119.429,53.96416],[-119.42923,53.96414],[-119.42945,53.9641],[-119.42974,53.96395],[-119.42994,53.96398],[-119.43029,53.96432],[-119.43042,53.96442],[-119.43059,53.96453],[-119.43077,53.96458],[-119.43152,53.96466],[-119.43212,53.96464],[-119.43241,53.96466],[-119.43264,53.96466],[-119.43286,53.96469],[-119.43306,53.96495],[-119.4329,53.9652],[-119.43273,53.96545],[-119.4327,53.96562],[-119.43293,53.9658],[-119.43317,53.96585],[-119.43346,53.96587],[-119.43371,53.96585],[-119.43394,53.96582],[-119.43416,53.96585],[-119.43455,53.966],[-119.43496,53.96612],[-119.43519,53.96616],[-119.43526,53.96633],[-119.43528,53.96647],[-119.4354,53.96674],[-119.43552,53.96684],[-119.43582,53.96702],[-119.43606,53.96714],[-119.43618,53.96717],[-119.43645,53.9672],[-119.43668,53.96721],[-119.43713,53.9673],[-119.43734,53.96736],[-119.43755,53.96744],[-119.43782,53.96763],[-119.43794,53.96774],[-119.43822,53.96814],[-119.4384,53.96857],[-119.43846,53.96872],[-119.43865,53.96896],[-119.4389,53.96917],[-119.4391,53.96946],[-119.43915,53.96959],[-119.43924,53.96972],[-119.43947,53.96979],[-119.43973,53.96978],[-119.44023,53.96972],[-119.44047,53.9697],[-119.44079,53.9697],[-119.44097,53.96979],[-119.44102,53.96996],[-119.44108,53.97044],[-119.44125,53.97073],[-119.44126,53.97088],[-119.44131,53.97101],[-119.44143,53.97112],[-119.44189,53.97139],[-119.44212,53.97144],[-119.44259,53.9715],[-119.4428,53.97157],[-119.44285,53.97172],[-119.44267,53.97212],[-119.44288,53.9722],[-119.44311,53.97216],[-119.44328,53.97209],[-119.44354,53.97202],[-119.44381,53.97201],[-119.44404,53.97202],[-119.44426,53.97207],[-119.44445,53.97213],[-119.4447,53.97234],[-119.44479,53.97265],[-119.44481,53.97284],[-119.44484,53.97298],[-119.44493,53.97311],[-119.44506,53.97322],[-119.44528,53.97326],[-119.44542,53.97316],[-119.44564,53.97294],[-119.44586,53.97286],[-119.4461,53.97285],[-119.44632,53.97289],[-119.44652,53.97294],[-119.4467,53.97302],[-119.44669,53.97316],[-119.4466,53.97328],[-119.44648,53.9734],[-119.44638,53.97355],[-119.4464,53.97371],[-119.44654,53.9738],[-119.4468,53.97377],[-119.44725,53.97368],[-119.44746,53.97363],[-119.44765,53.97368],[-119.4478,53.97377],[-119.44797,53.97386],[-119.44822,53.97392],[-119.44901,53.97395],[-119.44978,53.97403],[-119.44997,53.97408],[-119.45026,53.9741],[-119.45051,53.97408],[-119.45099,53.974],[-119.45122,53.97402],[-119.45139,53.97409],[-119.45153,53.97419],[-119.45165,53.97431],[-119.45169,53.97445],[-119.45194,53.97484],[-119.45201,53.97517],[-119.45211,53.9753],[-119.45227,53.97538],[-119.45246,53.97544],[-119.45268,53.97541],[-119.45298,53.97523],[-119.45311,53.97514],[-119.45336,53.97507],[-119.45393,53.97505],[-119.45416,53.97507],[-119.45453,53.9752],[-119.45512,53.97551],[-119.45547,53.97575],[-119.45573,53.97597],[-119.45595,53.9762],[-119.45624,53.9764],[-119.45665,53.97652],[-119.45694,53.97658],[-119.45715,53.9766],[-119.45738,53.9766],[-119.45757,53.97653],[-119.45771,53.97643],[-119.45783,53.97631],[-119.45801,53.97606],[-119.45813,53.97595],[-119.45856,53.97587],[-119.45862,53.97586],[-119.45905,53.97595],[-119.4592,53.97604],[-119.4593,53.97616],[-119.4594,53.9763],[-119.45946,53.97644],[-119.45958,53.97655],[-119.4598,53.97659],[-119.45999,53.97653],[-119.46034,53.97635],[-119.4606,53.97634],[-119.46183,53.97647],[-119.46239,53.97646],[-119.46294,53.97647],[-119.46317,53.97649],[-119.46336,53.97655],[-119.46349,53.97666],[-119.46382,53.977],[-119.46395,53.97711],[-119.46411,53.9772],[-119.46437,53.97725],[-119.46487,53.97725],[-119.46504,53.97733],[-119.46517,53.97743],[-119.46533,53.9777],[-119.46547,53.97782],[-119.46575,53.97782],[-119.46632,53.9778],[-119.46657,53.9778],[-119.4668,53.97784],[-119.46701,53.9779],[-119.4671,53.97806],[-119.46713,53.97836],[-119.46723,53.97848],[-119.46752,53.97866],[-119.46808,53.97885],[-119.46871,53.97901],[-119.46904,53.97917],[-119.46916,53.97929],[-119.46932,53.97938],[-119.4695,53.97945],[-119.46973,53.97946],[-119.47013,53.97933],[-119.47061,53.97908],[-119.47083,53.97904],[-119.4711,53.97904],[-119.47129,53.97912],[-119.47142,53.97924],[-119.47151,53.97953],[-119.4716,53.97965],[-119.47173,53.97976],[-119.4719,53.97985],[-119.47214,53.97991],[-119.47234,53.97994],[-119.47258,53.97992],[-119.47308,53.97976],[-119.47372,53.97961],[-119.47435,53.9795],[-119.4746,53.97953],[-119.47477,53.9796],[-119.47488,53.97972],[-119.47495,53.97985],[-119.47511,53.97994],[-119.47534,53.98],[-119.47562,53.98003],[-119.47622,53.98004],[-119.47681,53.98002],[-119.47704,53.98003],[-119.47837,53.9803],[-119.47897,53.98049],[-119.47912,53.98057],[-119.47926,53.98068],[-119.47965,53.98118],[-119.47989,53.98132],[-119.48001,53.98135],[-119.48025,53.98136],[-119.48047,53.98132],[-119.48065,53.98125],[-119.48089,53.98108],[-119.48128,53.98104],[-119.48129,53.98106],[-119.48135,53.98111],[-119.48138,53.98141],[-119.48142,53.98154],[-119.4815,53.98159],[-119.48165,53.98172],[-119.48166,53.98176],[-119.48192,53.98196],[-119.48227,53.9821],[-119.48247,53.98218],[-119.48334,53.98236],[-119.48357,53.98239],[-119.48375,53.98246],[-119.48399,53.98265],[-119.48425,53.98287],[-119.48457,53.98305],[-119.48485,53.98325],[-119.48503,53.98333],[-119.48545,53.98344],[-119.48588,53.98353],[-119.48624,53.98356],[-119.48642,53.98355],[-119.48651,53.98351],[-119.48698,53.98355],[-119.48726,53.98354],[-119.48823,53.9834],[-119.48875,53.98341],[-119.48906,53.98343],[-119.48925,53.98348],[-119.4893,53.98363],[-119.48925,53.98377],[-119.48907,53.98393],[-119.48901,53.98404],[-119.48903,53.98423],[-119.4891,53.98436],[-119.48925,53.98445],[-119.48948,53.98451],[-119.48996,53.98455],[-119.49038,53.98465],[-119.49058,53.98471],[-119.49082,53.98489],[-119.49083,53.98492],[-119.4909,53.98505],[-119.49102,53.98516],[-119.49124,53.98521],[-119.49188,53.98502],[-119.49204,53.98501],[-119.49235,53.98507],[-119.49274,53.98518],[-119.4931,53.98533],[-119.49335,53.98538],[-119.49383,53.98542],[-119.49405,53.98545],[-119.49445,53.98557],[-119.49467,53.98561],[-119.49483,53.98571],[-119.49494,53.98598],[-119.49504,53.9861],[-119.49518,53.98619],[-119.49541,53.98629],[-119.49567,53.98643],[-119.49594,53.98649],[-119.49621,53.98649],[-119.49644,53.98646],[-119.49668,53.9864],[-119.49696,53.98636],[-119.49776,53.98634],[-119.49805,53.98636],[-119.49818,53.98649],[-119.49825,53.98681],[-119.49823,53.98695],[-119.49818,53.98711],[-119.49816,53.98727],[-119.4982,53.9874],[-119.49839,53.98767],[-119.49845,53.9878],[-119.49856,53.98792],[-119.49859,53.98793],[-119.49886,53.98793],[-119.49909,53.9879],[-119.49946,53.98781],[-119.49992,53.98768],[-119.50002,53.98766],[-119.50017,53.98761],[-119.50041,53.98758],[-119.50063,53.98753],[-119.50086,53.98755],[-119.50101,53.98764],[-119.5011,53.98777],[-119.50122,53.98784],[-119.5012,53.98791],[-119.50123,53.98797],[-119.50134,53.98816],[-119.50184,53.9886],[-119.50198,53.98887],[-119.5022,53.9891],[-119.50221,53.98925],[-119.50225,53.98938],[-119.50251,53.9896],[-119.50281,53.98978],[-119.50285,53.98991],[-119.50273,53.99001],[-119.50295,53.99023],[-119.50311,53.99032],[-119.5034,53.99051],[-119.50371,53.99067],[-119.5038,53.99079],[-119.50381,53.99092],[-119.504,53.991],[-119.50423,53.99103],[-119.50464,53.99113],[-119.505,53.99126],[-119.50513,53.99136],[-119.50534,53.9916],[-119.50557,53.99165],[-119.50611,53.9917],[-119.50686,53.99174],[-119.50709,53.99178],[-119.50729,53.99184],[-119.50752,53.99186],[-119.50768,53.99195],[-119.50777,53.99207],[-119.50781,53.99215],[-119.50785,53.99223],[-119.50792,53.99264],[-119.50789,53.99279],[-119.5078,53.99296],[-119.50756,53.99318],[-119.50754,53.99321],[-119.50757,53.99335],[-119.5077,53.99345],[-119.50826,53.99365],[-119.50842,53.99372],[-119.50853,53.99384],[-119.50854,53.99402],[-119.50862,53.99414],[-119.50911,53.99438],[-119.50943,53.99455],[-119.50952,53.99471],[-119.50949,53.99486],[-119.50941,53.995],[-119.50936,53.99524],[-119.50952,53.9954],[-119.50979,53.99545],[-119.51024,53.99544],[-119.51035,53.99556],[-119.5106,53.99612],[-119.51071,53.99624],[-119.51163,53.99677],[-119.51167,53.9969],[-119.51157,53.99703],[-119.51141,53.99712],[-119.5112,53.99717],[-119.51102,53.99725],[-119.51088,53.99735],[-119.51084,53.99747],[-119.51105,53.99751],[-119.51119,53.9976],[-119.5113,53.99773],[-119.51156,53.99817],[-119.51163,53.99826],[-119.51178,53.99852],[-119.51205,53.99871],[-119.51228,53.99879],[-119.51283,53.99879],[-119.51326,53.99888],[-119.51343,53.99896],[-119.5136,53.99919],[-119.51374,53.99928],[-119.51408,53.99945],[-119.51507,53.99983],[-119.51583,54.0],[-119.51584,54.00001],[-119.51597,54.00006],[-119.51618,54.00016],[-119.51644,54.0003],[-119.51668,54.00045],[-119.517,54.00075],[-119.51715,54.00114],[-119.51766,54.00138],[-119.5191,54.00187],[-119.51949,54.00208],[-119.51979,54.00236],[-119.52027,54.00229],[-119.5204,54.00224],[-119.52064,54.00225],[-119.52095,54.00242],[-119.52127,54.00251],[-119.52147,54.00251],[-119.52253,54.0028],[-119.52319,54.00311],[-119.5236,54.00325],[-119.52405,54.00324],[-119.52453,54.00321],[-119.52462,54.00325],[-119.52499,54.00329],[-119.52521,54.00322],[-119.52544,54.00321],[-119.52588,54.00327],[-119.52661,54.00298],[-119.52735,54.0029],[-119.52793,54.00299],[-119.5286,54.00298],[-119.5289,54.00296],[-119.52907,54.00293],[-119.52935,54.00282],[-119.52949,54.00273],[-119.52963,54.00268],[-119.52995,54.00278],[-119.53023,54.00275],[-119.53088,54.00257],[-119.53108,54.0024],[-119.53112,54.00233],[-119.53128,54.0022],[-119.53156,54.00213],[-119.53221,54.00201],[-119.53246,54.00183],[-119.53251,54.00175],[-119.53252,54.00159],[-119.53259,54.00145],[-119.53269,54.00141],[-119.53333,54.00139],[-119.53372,54.00127],[-119.53393,54.00126],[-119.53417,54.00131],[-119.53459,54.00143],[-119.53525,54.00147],[-119.53538,54.00149],[-119.5358,54.00162],[-119.53594,54.00171],[-119.53609,54.00174],[-119.53623,54.00164],[-119.53651,54.00156],[-119.53691,54.00161],[-119.53724,54.00179],[-119.53761,54.00187],[-119.53769,54.00186],[-119.53785,54.00177],[-119.53788,54.00156],[-119.53809,54.00136],[-119.53859,54.00132],[-119.53906,54.00123],[-119.53939,54.00119],[-119.53955,54.00108],[-119.53944,54.0009],[-119.5394,54.00077],[-119.53975,54.00056],[-119.53982,54.00056],[-119.54024,54.00079],[-119.5404,54.00077],[-119.5408,54.00055],[-119.54155,54.00054],[-119.54205,54.0007],[-119.54225,54.00066],[-119.54248,54.00051],[-119.54251,54.00044],[-119.54237,54.00032],[-119.54235,54.00016],[-119.54247,54.00008],[-119.54257,54.00001],[-119.54258,54.0],[-119.54331,53.99978],[-119.54402,53.99949],[-119.54427,53.99936],[-119.5446,53.99928],[-119.54474,53.99927],[-119.54501,53.99929],[-119.54516,53.99928],[-119.54546,53.99919],[-119.5457,53.99915],[-119.54606,53.99913],[-119.54631,53.99905],[-119.54649,53.99897],[-119.5466,53.99887],[-119.54665,53.99883],[-119.54674,53.99867],[-119.54723,53.99842],[-119.54746,53.99837],[-119.54772,53.99836],[-119.54792,53.99842],[-119.54806,53.99852],[-119.54828,53.99857],[-119.54847,53.99851],[-119.54856,53.99838],[-119.5486,53.99823],[-119.5488,53.99819],[-119.54907,53.99821],[-119.54926,53.99813],[-119.54937,53.99784],[-119.54964,53.99764],[-119.54982,53.99758],[-119.55065,53.99754],[-119.55121,53.99754],[-119.55149,53.99753],[-119.55168,53.99747],[-119.55217,53.9974],[-119.55273,53.99739],[-119.55299,53.99742],[-119.55346,53.99743],[-119.55412,53.99744],[-119.55437,53.99747],[-119.55467,53.99747],[-119.5549,53.99751],[-119.55525,53.99768],[-119.5555,53.99769],[-119.55595,53.99762],[-119.55622,53.99763],[-119.55671,53.99769],[-119.557,53.99769],[-119.55747,53.99761],[-119.55776,53.99762],[-119.55797,53.99756],[-119.55813,53.99748],[-119.5584,53.99748],[-119.55859,53.99755],[-119.55881,53.99757],[-119.55897,53.99747],[-119.55915,53.99739],[-119.5594,53.99738],[-119.55995,53.99741],[-119.56067,53.9973],[-119.56083,53.99722],[-119.56111,53.99702],[-119.56131,53.99696],[-119.56157,53.99694],[-119.56198,53.99681],[-119.56204,53.9968],[-119.56229,53.9973],[-119.56272,53.99777],[-119.56302,53.99796],[-119.56338,53.99831],[-119.56343,53.99842],[-119.56347,53.99839],[-119.56355,53.99832],[-119.56393,53.99809],[-119.56432,53.99792],[-119.56547,53.99756],[-119.56735,53.99699],[-119.56872,53.99653],[-119.56973,53.99638],[-119.57071,53.99626],[-119.57136,53.99608],[-119.57204,53.99587],[-119.57229,53.99568],[-119.57237,53.99551],[-119.57242,53.99511],[-119.57249,53.99457],[-119.57281,53.99419],[-119.57384,53.99383],[-119.57414,53.99368],[-119.57418,53.99339],[-119.57413,53.993],[-119.5739,53.9925],[-119.57391,53.99213],[-119.57407,53.99162],[-119.5741,53.99148],[-119.57418,53.99165],[-119.57424,53.99183],[-119.57426,53.9919],[-119.57426,53.99196],[-119.57424,53.9922],[-119.57426,53.99238],[-119.57432,53.99253],[-119.57455,53.99295],[-119.5746,53.9931],[-119.57464,53.99343],[-119.57487,53.99415],[-119.57484,53.99447],[-119.57483,53.99479],[-119.57482,53.9951],[-119.57462,53.99549],[-119.57418,53.99593],[-119.5739,53.99611],[-119.57368,53.99617],[-119.57329,53.99631],[-119.57314,53.99639],[-119.57276,53.99671],[-119.57269,53.99685],[-119.57259,53.99732],[-119.57236,53.99809],[-119.57228,53.99822],[-119.57204,53.99843],[-119.57188,53.99852],[-119.57169,53.99859],[-119.57084,53.99879],[-119.56972,53.99922],[-119.56941,53.99935],[-119.56915,53.99944],[-119.56859,53.99959],[-119.56808,53.99975],[-119.56808,53.99978],[-119.56815,54.0],[-119.56815,54.00001],[-119.56817,54.00008],[-119.56836,54.00073],[-119.56844,54.0011],[-119.56831,54.00135],[-119.56801,54.00208],[-119.56799,54.00218],[-119.56823,54.00213],[-119.5684,54.00231],[-119.56857,54.00236],[-119.56885,54.00228],[-119.56907,54.00219],[-119.56938,54.00233],[-119.56938,54.00242],[-119.56927,54.0027],[-119.56929,54.00285],[-119.5696,54.00298],[-119.5702,54.00306],[-119.57041,54.00305],[-119.57031,54.00328],[-119.57037,54.00346],[-119.57073,54.00368],[-119.57107,54.0038],[-119.57118,54.0039],[-119.57174,54.00414],[-119.57202,54.00433],[-119.57229,54.00461],[-119.57235,54.00474],[-119.57228,54.00497],[-119.57228,54.00526],[-119.57235,54.00542],[-119.57258,54.00568],[-119.57256,54.00582],[-119.57243,54.006],[-119.57253,54.00618],[-119.57265,54.00639],[-119.57284,54.00648],[-119.57284,54.00662],[-119.57287,54.00666],[-119.5732,54.00685],[-119.57312,54.00696],[-119.57343,54.00712],[-119.5735,54.00719],[-119.57439,54.00767],[-119.57479,54.00778],[-119.57511,54.00796],[-119.57552,54.00817],[-119.57574,54.00834],[-119.57618,54.00853],[-119.57668,54.00863],[-119.57689,54.00881],[-119.57711,54.00925],[-119.57734,54.00945],[-119.57769,54.00961],[-119.57803,54.00995],[-119.57817,54.01005],[-119.5783,54.01029],[-119.57815,54.0105],[-119.5783,54.01068],[-119.57827,54.01078],[-119.57834,54.01089],[-119.57834,54.011],[-119.57852,54.0112],[-119.57847,54.01133],[-119.57831,54.01138],[-119.57825,54.01156],[-119.57805,54.01155],[-119.57801,54.01178],[-119.57797,54.0118],[-119.57798,54.01194],[-119.57825,54.01202],[-119.57811,54.01229],[-119.57817,54.01234],[-119.57829,54.01238],[-119.5784,54.01265],[-119.57837,54.01267],[-119.57796,54.01278],[-119.57794,54.01283],[-119.57801,54.01294],[-119.57789,54.01317],[-119.57783,54.01343],[-119.57766,54.01362],[-119.57752,54.01371],[-119.57709,54.01377],[-119.57696,54.01394],[-119.57663,54.01422],[-119.57651,54.01436],[-119.57655,54.01452],[-119.57672,54.01449],[-119.57687,54.01443],[-119.57712,54.01444],[-119.57847,54.01479],[-119.57867,54.01488],[-119.57872,54.01511],[-119.57881,54.01522],[-119.57884,54.01546],[-119.57892,54.01559],[-119.57916,54.01579],[-119.57913,54.01588],[-119.57919,54.01611],[-119.57971,54.0165],[-119.58009,54.01666],[-119.5806,54.01681],[-119.58072,54.01699],[-119.58059,54.0171],[-119.58069,54.01725],[-119.58085,54.01725],[-119.581,54.01729],[-119.58108,54.01726],[-119.58117,54.01728],[-119.58146,54.0173],[-119.58173,54.01711],[-119.58183,54.01712],[-119.58192,54.01717],[-119.58203,54.01719],[-119.58194,54.01736],[-119.58197,54.01745],[-119.58242,54.01752],[-119.58276,54.01769],[-119.58278,54.01775],[-119.58279,54.0178],[-119.58284,54.0179],[-119.5826,54.01799],[-119.58268,54.01808],[-119.58261,54.0183],[-119.5826,54.01857],[-119.58252,54.01863],[-119.58221,54.01874],[-119.5821,54.01884],[-119.58211,54.01897],[-119.58205,54.01905],[-119.58191,54.01906],[-119.58188,54.01909],[-119.58187,54.01934],[-119.58166,54.01928],[-119.58154,54.01929],[-119.58136,54.01943],[-119.58127,54.01959],[-119.58108,54.01984],[-119.58096,54.01992],[-119.58066,54.01993],[-119.58073,54.02011],[-119.58071,54.02032],[-119.58061,54.02047],[-119.58028,54.02067],[-119.5803,54.02086],[-119.58001,54.02119],[-119.57975,54.02137],[-119.57976,54.02148],[-119.5799,54.02186],[-119.57986,54.02205],[-119.57953,54.02208],[-119.57947,54.02224],[-119.5793,54.02239],[-119.57893,54.02245],[-119.57874,54.02252],[-119.57835,54.02276],[-119.5782,54.02291],[-119.57736,54.02298],[-119.57713,54.02305],[-119.57717,54.02316],[-119.57735,54.02324],[-119.57735,54.02327],[-119.57722,54.02331],[-119.57699,54.02334],[-119.57666,54.02356],[-119.57649,54.02352],[-119.57621,54.02351],[-119.57608,54.02357],[-119.57625,54.02368],[-119.57609,54.02372],[-119.57601,54.02379],[-119.57615,54.02381],[-119.57616,54.02386],[-119.57612,54.02392],[-119.57594,54.02392],[-119.57599,54.02402],[-119.57606,54.02406],[-119.57601,54.02409],[-119.57575,54.02407],[-119.57558,54.02411],[-119.57514,54.02406],[-119.57514,54.02415],[-119.57531,54.02424],[-119.57513,54.02433],[-119.57509,54.02438],[-119.57489,54.02449],[-119.57485,54.02462],[-119.57473,54.02463],[-119.57461,54.0246],[-119.57424,54.02444],[-119.57411,54.02445],[-119.57388,54.02454],[-119.57369,54.02451],[-119.57341,54.02463],[-119.57318,54.02468],[-119.57304,54.02474],[-119.57291,54.02489],[-119.57285,54.02504],[-119.57239,54.0251],[-119.57188,54.02526],[-119.57164,54.02543],[-119.57146,54.02564],[-119.57128,54.02577],[-119.5712,54.02575],[-119.57107,54.02581],[-119.57086,54.02599],[-119.57073,54.02614],[-119.57049,54.02623],[-119.57,54.02623],[-119.56968,54.02628],[-119.56936,54.02617],[-119.56931,54.02618],[-119.56923,54.02627],[-119.56909,54.02643],[-119.56897,54.02651],[-119.5688,54.02654],[-119.56864,54.02663],[-119.56818,54.02667],[-119.56805,54.02663],[-119.5677,54.02658],[-119.56727,54.02662],[-119.56693,54.02674],[-119.56672,54.02691],[-119.56646,54.02739],[-119.56639,54.02743],[-119.56614,54.02744],[-119.56597,54.02753],[-119.56573,54.02776],[-119.56572,54.02794],[-119.56548,54.02816],[-119.56526,54.02822],[-119.56501,54.02823],[-119.56491,54.02841],[-119.565,54.02863],[-119.56496,54.02901],[-119.56509,54.02934],[-119.56503,54.02949],[-119.56523,54.0296],[-119.56525,54.02978],[-119.56519,54.02999],[-119.56519,54.03016],[-119.56537,54.0303],[-119.5655,54.03045],[-119.56516,54.03082],[-119.56512,54.03119],[-119.565,54.03133],[-119.56478,54.0315],[-119.56453,54.03173],[-119.56451,54.03191],[-119.56434,54.03222],[-119.56413,54.03239],[-119.56396,54.0326],[-119.56393,54.03283],[-119.56402,54.03302],[-119.56426,54.03313],[-119.56454,54.03318],[-119.56469,54.03324],[-119.56477,54.03341],[-119.56463,54.03359],[-119.56446,54.03368],[-119.56393,54.03408],[-119.56382,54.03422],[-119.5639,54.03439],[-119.56369,54.03468],[-119.56373,54.03504],[-119.56355,54.03531],[-119.56355,54.03548],[-119.56344,54.03567],[-119.56328,54.03583],[-119.56291,54.03603],[-119.56286,54.03611],[-119.56287,54.0362],[-119.56303,54.03631],[-119.56316,54.03644],[-119.56314,54.0365],[-119.56305,54.03659],[-119.56283,54.03664],[-119.56273,54.0367],[-119.56291,54.0368],[-119.5624,54.03713],[-119.56175,54.03744],[-119.56134,54.03754],[-119.56124,54.03763],[-119.56119,54.03773],[-119.56139,54.03772],[-119.56151,54.03774],[-119.56154,54.038],[-119.56142,54.03817],[-119.56109,54.03837],[-119.56044,54.03855],[-119.56064,54.03879],[-119.56069,54.03891],[-119.56063,54.03902],[-119.56041,54.03907],[-119.56026,54.03916],[-119.56027,54.03934],[-119.56044,54.03966],[-119.56047,54.04],[-119.56034,54.04015],[-119.56015,54.04027],[-119.55944,54.04059],[-119.55906,54.0407],[-119.55884,54.04086],[-119.5588,54.04105],[-119.55886,54.0412],[-119.55893,54.04126],[-119.55891,54.04138],[-119.55872,54.04148],[-119.55832,54.0416],[-119.55801,54.04163],[-119.55783,54.04168],[-119.55761,54.04186],[-119.55747,54.04235],[-119.55737,54.04246],[-119.55705,54.04263],[-119.55706,54.04272],[-119.55726,54.04288],[-119.55737,54.04302],[-119.5574,54.04313],[-119.55772,54.04326],[-119.55802,54.04331],[-119.55823,54.04347],[-119.55848,54.04363],[-119.55868,54.04378],[-119.55855,54.04435],[-119.55832,54.04447],[-119.55793,54.0446],[-119.55753,54.04478],[-119.5573,54.04496],[-119.55714,54.04518],[-119.55675,54.04542],[-119.55613,54.04594],[-119.55583,54.04605],[-119.55547,54.04603],[-119.55505,54.04622],[-119.55457,54.04634],[-119.55433,54.04649],[-119.55432,54.04669],[-119.55423,54.04686],[-119.55385,54.04716],[-119.55388,54.04737],[-119.55358,54.0478],[-119.55359,54.04797],[-119.55383,54.04809],[-119.55438,54.04824],[-119.55459,54.04841],[-119.55463,54.0486],[-119.55457,54.04875],[-119.55473,54.04891],[-119.55476,54.04901],[-119.55469,54.04912],[-119.55433,54.04951],[-119.55418,54.0498],[-119.55413,54.05003],[-119.55417,54.05044],[-119.5544,54.05065],[-119.55471,54.05086],[-119.55473,54.05094],[-119.55475,54.0511],[-119.55462,54.05129],[-119.55446,54.05135],[-119.55435,54.05143],[-119.5539,54.05199],[-119.55406,54.05218],[-119.55418,54.05226],[-119.55431,54.05239],[-119.55436,54.0526],[-119.55434,54.05265],[-119.55387,54.05279],[-119.55367,54.05313],[-119.55357,54.0532],[-119.5531,54.0534],[-119.55277,54.05361],[-119.55271,54.05391],[-119.55289,54.05414],[-119.55284,54.05429],[-119.55277,54.05436],[-119.55267,54.05462],[-119.55277,54.05484],[-119.5529,54.05499],[-119.55299,54.05522],[-119.55289,54.05531],[-119.55269,54.05536],[-119.55221,54.0553],[-119.55208,54.0553],[-119.55206,54.0553],[-119.5518,54.05546],[-119.55167,54.05563],[-119.55142,54.05575],[-119.55077,54.05566],[-119.55035,54.05563],[-119.55018,54.05566],[-119.55003,54.05572],[-119.55068,54.05621],[-119.5508,54.05636],[-119.55076,54.05649],[-119.5506,54.05658],[-119.55038,54.05662],[-119.55044,54.05681],[-119.55055,54.05694],[-119.55119,54.05711],[-119.55139,54.0573],[-119.55146,54.05752],[-119.5514,54.05778],[-119.55143,54.05786],[-119.55191,54.05807],[-119.55231,54.0585],[-119.55257,54.05898],[-119.55281,54.05917],[-119.55309,54.05932],[-119.55316,54.05947],[-119.55318,54.05952],[-119.55319,54.05999],[-119.55302,54.06043],[-119.55287,54.06074],[-119.55272,54.06086],[-119.55238,54.06091],[-119.55227,54.06098],[-119.55224,54.06107],[-119.55258,54.0622],[-119.55279,54.06253],[-119.55339,54.06292],[-119.55346,54.06306],[-119.55347,54.06323],[-119.55335,54.06351],[-119.5532,54.06379],[-119.55311,54.06421],[-119.553,54.06441],[-119.55302,54.06457],[-119.5533,54.06502],[-119.55327,54.06518],[-119.55274,54.06546],[-119.55243,54.06569],[-119.55227,54.06595],[-119.55227,54.06603],[-119.55257,54.06638],[-119.55272,54.06715],[-119.5526,54.06733],[-119.55244,54.06744],[-119.55215,54.06755],[-119.55214,54.06776],[-119.55219,54.06795],[-119.55184,54.06805],[-119.55126,54.06839],[-119.55117,54.06848],[-119.55117,54.06856],[-119.55141,54.06877],[-119.55152,54.06883],[-119.55175,54.06904],[-119.55216,54.06927],[-119.55265,54.06945],[-119.55229,54.0697],[-119.55213,54.06994],[-119.55208,54.07022],[-119.55213,54.07049],[-119.55234,54.07081],[-119.55269,54.07107],[-119.55286,54.07116],[-119.553,54.07135],[-119.55316,54.07194],[-119.55324,54.0721],[-119.55317,54.07223],[-119.55255,54.07262],[-119.5522,54.0729],[-119.55222,54.07301],[-119.55264,54.0735],[-119.55268,54.07375],[-119.55261,54.07394],[-119.55216,54.07407],[-119.55177,54.07402],[-119.55152,54.07393],[-119.55131,54.07391],[-119.55096,54.07397],[-119.55051,54.0741],[-119.54997,54.07409],[-119.54956,54.07405],[-119.54927,54.07416],[-119.54929,54.07426],[-119.54908,54.07459],[-119.54905,54.07491],[-119.54914,54.0752],[-119.54915,54.07542],[-119.54891,54.07591],[-119.54894,54.07646],[-119.54887,54.07707],[-119.54877,54.07748],[-119.5486,54.07766],[-119.54816,54.07786],[-119.5478,54.07804],[-119.54704,54.07833],[-119.54669,54.07834],[-119.54557,54.07804],[-119.54488,54.07798],[-119.5447,54.07801],[-119.54448,54.07817],[-119.54458,54.07843],[-119.54453,54.07858],[-119.54457,54.07865],[-119.54485,54.07885],[-119.54486,54.07889],[-119.54467,54.07911],[-119.54435,54.07962],[-119.54349,54.08003],[-119.54312,54.08011],[-119.54287,54.08013],[-119.54173,54.08013],[-119.54108,54.08002],[-119.54049,54.0799],[-119.53998,54.07986],[-119.53952,54.07991],[-119.5392,54.08],[-119.53839,54.08045],[-119.53813,54.08035],[-119.53805,54.08025],[-119.53785,54.08011],[-119.53759,54.08004],[-119.5373,54.08001],[-119.53631,54.08024],[-119.53616,54.08034],[-119.53604,54.08043],[-119.536,54.08076],[-119.53625,54.0811],[-119.53633,54.08113],[-119.53656,54.08135],[-119.53654,54.08137],[-119.53606,54.08149],[-119.53547,54.08143],[-119.53497,54.08129],[-119.5348,54.08129],[-119.53457,54.08146],[-119.53434,54.08181],[-119.53428,54.08191],[-119.53422,54.08222],[-119.53471,54.08245],[-119.53442,54.0828],[-119.53422,54.08351],[-119.53406,54.08389],[-119.53394,54.08433],[-119.53358,54.08451],[-119.53302,54.08456],[-119.53292,54.08463],[-119.53277,54.08486],[-119.53266,54.08495],[-119.5321,54.08509],[-119.53159,54.08527],[-119.53136,54.08559],[-119.53104,54.08588],[-119.53047,54.08635],[-119.52979,54.08667],[-119.5295,54.08672],[-119.52936,54.08683],[-119.52932,54.08687],[-119.52929,54.08689],[-119.52917,54.08698],[-119.52897,54.08732],[-119.52895,54.08774],[-119.52907,54.0881],[-119.52911,54.08851],[-119.52907,54.08894],[-119.5289,54.08931],[-119.52852,54.08954],[-119.52822,54.08982],[-119.52747,54.09026],[-119.52716,54.09052],[-119.5271,54.09097],[-119.52698,54.09137],[-119.52685,54.09149],[-119.52648,54.09151],[-119.52601,54.09166],[-119.52554,54.09183],[-119.52519,54.09208],[-119.52505,54.09246],[-119.52526,54.09278],[-119.52525,54.09317],[-119.52491,54.09341],[-119.52448,54.0936],[-119.52414,54.09384],[-119.52442,54.09412],[-119.52464,54.09443],[-119.52455,54.09482],[-119.52434,54.09515],[-119.5243,54.09533],[-119.52482,54.09574],[-119.52531,54.09675],[-119.52521,54.09716],[-119.52489,54.0979],[-119.52461,54.09819],[-119.52426,54.09844],[-119.52407,54.0988],[-119.52362,54.09995],[-119.52358,54.10037],[-119.52384,54.10066],[-119.52414,54.10083],[-119.52441,54.10098],[-119.52442,54.10099],[-119.52456,54.10114],[-119.52527,54.10162],[-119.52589,54.10215],[-119.52615,54.10244],[-119.52633,54.10276],[-119.52644,54.10314],[-119.52662,54.10347],[-119.52671,54.10385],[-119.52674,54.10425],[-119.5267,54.10468],[-119.52652,54.10503],[-119.526,54.10533],[-119.52568,54.10539],[-119.52531,54.10562],[-119.52443,54.106],[-119.5239,54.10612],[-119.52291,54.10642],[-119.52198,54.10678],[-119.5216,54.107],[-119.52137,54.10732],[-119.5213,54.10774],[-119.52107,54.10806],[-119.52034,54.10855],[-119.51992,54.10875],[-119.51945,54.1089],[-119.51807,54.10879],[-119.51687,54.10895],[-119.5154,54.10941],[-119.51505,54.10966],[-119.51478,54.10997],[-119.51448,54.11016],[-119.51442,54.11021],[-119.51427,54.11026],[-119.51421,54.11029],[-119.51389,54.11041],[-119.51364,54.11066],[-119.51343,54.11099],[-119.51236,54.11142],[-119.51226,54.11165],[-119.51243,54.11199],[-119.51276,54.11225],[-119.51319,54.11245],[-119.51369,54.11263],[-119.51388,54.11293],[-119.51372,54.1133],[-119.51368,54.11511],[-119.51322,54.1156],[-119.51249,54.11559],[-119.51186,54.11549],[-119.51115,54.11548],[-119.5108,54.11573],[-119.51084,54.11612],[-119.51072,54.11652],[-119.51037,54.11677],[-119.50989,54.11693],[-119.50944,54.11711],[-119.50892,54.11724],[-119.50825,54.11726],[-119.50773,54.11739],[-119.50713,54.11749],[-119.50599,54.11724],[-119.50491,54.11749],[-119.50463,54.11779],[-119.50397,54.11832],[-119.50314,54.11872],[-119.50261,54.11884],[-119.502,54.11876],[-119.50136,54.11889],[-119.50087,54.11899],[-119.50014,54.1192],[-119.50002,54.11923],[-119.4999,54.11926],[-119.49985,54.11927],[-119.49917,54.11979],[-119.49859,54.11989],[-119.49797,54.11995],[-119.49753,54.12013],[-119.49697,54.12023],[-119.49665,54.1205],[-119.49638,54.12079],[-119.49627,54.12114],[-119.49598,54.12142],[-119.495,54.12172],[-119.4946,54.12151],[-119.49395,54.12146],[-119.49353,54.12166],[-119.49328,54.12198],[-119.49329,54.12239],[-119.49325,54.12283],[-119.49285,54.12305],[-119.4925,54.1233],[-119.49191,54.12342],[-119.49047,54.12336],[-119.49018,54.12365],[-119.49003,54.12403],[-119.48997,54.12404],[-119.48975,54.12407],[-119.48944,54.12411],[-119.48892,54.12423],[-119.48856,54.12448],[-119.48769,54.12487],[-119.48718,54.12501],[-119.48706,54.12504],[-119.48665,54.12515],[-119.48644,54.12518],[-119.48605,54.12524],[-119.48537,54.12528],[-119.48503,54.12554],[-119.48474,54.12582],[-119.48426,54.12598],[-119.48374,54.12613],[-119.48328,54.12595],[-119.48289,54.12573],[-119.48238,54.12581],[-119.48206,54.12608],[-119.48168,54.12622],[-119.48135,54.12596],[-119.47972,54.12552],[-119.47914,54.1254],[-119.47787,54.12551],[-119.47746,54.12571],[-119.47763,54.12603],[-119.47735,54.12633],[-119.47712,54.12664],[-119.47695,54.127],[-119.47642,54.12776],[-119.47623,54.12795],[-119.47577,54.12813],[-119.47518,54.12817],[-119.47467,54.12813],[-119.47429,54.12834],[-119.47385,54.12853],[-119.47323,54.12856],[-119.47269,54.12843],[-119.47247,54.12875],[-119.47209,54.12946],[-119.47182,54.12974],[-119.47123,54.12979],[-119.47101,54.12948],[-119.47085,54.12914],[-119.47063,54.12883],[-119.47035,54.12854],[-119.46977,54.12849],[-119.4695,54.12879],[-119.46938,54.12919],[-119.46886,54.12931],[-119.46842,54.12911],[-119.46826,54.12875],[-119.46775,54.1289],[-119.46768,54.12921],[-119.46773,54.12959],[-119.46717,54.12963],[-119.46691,54.12935],[-119.46674,54.12902],[-119.46622,54.12887],[-119.46575,54.12903],[-119.46599,54.12934],[-119.46614,54.12969],[-119.46619,54.13009],[-119.46616,54.13038],[-119.46563,54.13049],[-119.46527,54.13024],[-119.46512,54.12988],[-119.46491,54.12957],[-119.46464,54.12929],[-119.46428,54.12907],[-119.46351,54.12904],[-119.46296,54.12915],[-119.46267,54.12944],[-119.46323,54.12951],[-119.46364,54.12972],[-119.46367,54.13013],[-119.46355,54.13041],[-119.46344,54.1305],[-119.46233,54.13051],[-119.46141,54.13014],[-119.46127,54.13005],[-119.46064,54.12967],[-119.45963,54.12932],[-119.45916,54.12914],[-119.45849,54.12917],[-119.45794,54.1293],[-119.45755,54.12952],[-119.45751,54.12991],[-119.45769,54.13033],[-119.45757,54.13053],[-119.45717,54.13067],[-119.457,54.13078],[-119.45684,54.13077],[-119.45603,54.1306],[-119.45557,54.13058],[-119.45512,54.13069],[-119.45484,54.13085],[-119.45452,54.13083],[-119.45388,54.13073],[-119.45333,54.13069],[-119.4527,54.13047],[-119.45231,54.13025],[-119.45208,54.13001],[-119.45204,54.12971],[-119.45233,54.12915],[-119.45229,54.12899],[-119.45209,54.12884],[-119.45159,54.12865],[-119.45116,54.12858],[-119.45095,54.12861],[-119.45049,54.12879],[-119.44986,54.12888],[-119.44946,54.12886],[-119.44918,54.12881],[-119.44867,54.12865],[-119.44838,54.1285],[-119.44829,54.1284],[-119.44814,54.1281],[-119.44805,54.12808],[-119.44778,54.12781],[-119.44747,54.12769],[-119.44668,54.12784],[-119.446,54.12838],[-119.44586,54.12844],[-119.44515,54.12867],[-119.44493,54.12868],[-119.44475,54.12875],[-119.4446,54.12883],[-119.44442,54.12886],[-119.44367,54.12885],[-119.44347,54.12878],[-119.44332,54.1286],[-119.44327,54.12823],[-119.44319,54.12796],[-119.44288,54.12751],[-119.44267,54.12734],[-119.443,54.12722],[-119.44284,54.12706],[-119.44211,54.12653],[-119.44169,54.12636],[-119.44134,54.12635],[-119.44098,54.12642],[-119.44075,54.12655],[-119.44081,54.12669],[-119.44063,54.12683],[-119.43982,54.12718],[-119.43944,54.12726],[-119.43912,54.12728],[-119.43856,54.12703],[-119.43848,54.12691],[-119.43838,54.12688],[-119.43738,54.12672],[-119.4373,54.12665],[-119.43719,54.12647],[-119.43695,54.12628],[-119.43664,54.12615],[-119.43628,54.12605],[-119.4361,54.12598],[-119.43578,54.12597],[-119.43548,54.12596],[-119.43476,54.12589],[-119.43417,54.12573],[-119.43393,54.12579],[-119.43359,54.12621],[-119.43332,54.12642],[-119.43299,54.12657],[-119.43268,54.12651],[-119.43239,54.12641],[-119.432,54.12634],[-119.43145,54.1264],[-119.43116,54.12652],[-119.43103,54.12661],[-119.4307,54.12702],[-119.43053,54.12749],[-119.4306,54.12757],[-119.43054,54.12772],[-119.43035,54.12784],[-119.42972,54.12802],[-119.42911,54.12801],[-119.42887,54.12804],[-119.42869,54.12789],[-119.4285,54.1275],[-119.42812,54.1269],[-119.42813,54.12682],[-119.42794,54.12675],[-119.42743,54.12664],[-119.42655,54.12684],[-119.42647,54.12688],[-119.42632,54.12689],[-119.42548,54.12682],[-119.42514,54.12684],[-119.4248,54.12692],[-119.42461,54.12703],[-119.42451,54.12721],[-119.42463,54.12734],[-119.42486,54.12742],[-119.42515,54.12778],[-119.42517,54.12797],[-119.42509,54.12824],[-119.42481,54.12866],[-119.42481,54.12882],[-119.42466,54.12898],[-119.42458,54.12901],[-119.42447,54.12902],[-119.42438,54.129],[-119.42429,54.12892],[-119.42425,54.12877],[-119.42414,54.12862],[-119.42397,54.12851],[-119.42379,54.12849],[-119.42361,54.12852],[-119.42351,54.12858],[-119.42345,54.12859],[-119.42335,54.12856],[-119.42312,54.12842],[-119.42301,54.12829],[-119.42269,54.12815],[-119.42248,54.12813],[-119.42194,54.12817],[-119.42132,54.12836],[-119.42089,54.12858],[-119.4198,54.12865],[-119.41945,54.12864],[-119.41908,54.12855],[-119.41896,54.12845],[-119.41891,54.12838],[-119.41888,54.12817],[-119.41895,54.12795],[-119.41944,54.12734],[-119.41939,54.12718],[-119.41903,54.1271],[-119.41825,54.127],[-119.41788,54.12701],[-119.41764,54.12706],[-119.41755,54.12713],[-119.41733,54.12757],[-119.41707,54.12794],[-119.41699,54.12814],[-119.41682,54.12829],[-119.4165,54.12842],[-119.4162,54.12845],[-119.41556,54.12834],[-119.41519,54.1282],[-119.41504,54.12802],[-119.41511,54.12764],[-119.41507,54.12745],[-119.41492,54.12725],[-119.41444,54.12686],[-119.41419,54.12672],[-119.4139,54.12662],[-119.41336,54.12652],[-119.41296,54.12651],[-119.41257,54.12654],[-119.41225,54.12664],[-119.41157,54.12693],[-119.41095,54.12701],[-119.41032,54.12711],[-119.4101,54.12711],[-119.40965,54.12717],[-119.40912,54.12731],[-119.40872,54.1275],[-119.4083,54.12777],[-119.40812,54.12792],[-119.40766,54.12835],[-119.40722,54.12854],[-119.40667,54.12882],[-119.40638,54.12888],[-119.40615,54.12886],[-119.40579,54.12909],[-119.40558,54.12936],[-119.4052,54.12963],[-119.40468,54.12987],[-119.40447,54.13004],[-119.40439,54.13019],[-119.40454,54.13065],[-119.40467,54.13115],[-119.40479,54.13135],[-119.40479,54.13135],[-119.40474,54.13135],[-119.4038,54.1313],[-119.4029,54.13123],[-119.40226,54.13114],[-119.40196,54.13104],[-119.40168,54.13087],[-119.40094,54.13059],[-119.4005,54.1303],[-119.40021,54.13014],[-119.40006,54.1301],[-119.39985,54.13015],[-119.39973,54.13026],[-119.39959,54.13033],[-119.39948,54.13034],[-119.39882,54.13025],[-119.39847,54.13023],[-119.39831,54.1303],[-119.39815,54.13052],[-119.39809,54.13091],[-119.39792,54.1311],[-119.39653,54.13173],[-119.39615,54.13216],[-119.39591,54.13224],[-119.39551,54.13222],[-119.39499,54.13205],[-119.39475,54.13181],[-119.39457,54.1317],[-119.39399,54.13156],[-119.39341,54.13096],[-119.39331,54.13072],[-119.39324,54.13033],[-119.39313,54.13017],[-119.39248,54.13016],[-119.39241,54.13019],[-119.3925,54.13036],[-119.39261,54.13044],[-119.39263,54.13051],[-119.39239,54.13076],[-119.39194,54.13095],[-119.39163,54.13124],[-119.39161,54.1314],[-119.39203,54.1314],[-119.3923,54.13145],[-119.39249,54.13156],[-119.39252,54.13171],[-119.39284,54.13186],[-119.39295,54.13196],[-119.39302,54.13229],[-119.39286,54.13247],[-119.39272,54.13251],[-119.39253,54.13252],[-119.39217,54.13248],[-119.39078,54.13206],[-119.3905,54.13194],[-119.39011,54.1317],[-119.38984,54.13139],[-119.38957,54.13099],[-119.38906,54.13051],[-119.38867,54.13031],[-119.38809,54.13015],[-119.3875,54.13008],[-119.38729,54.13008],[-119.38684,54.13012],[-119.38668,54.13019],[-119.38656,54.13035],[-119.38653,54.13055],[-119.38661,54.13074],[-119.38706,54.13107],[-119.38706,54.1312],[-119.387,54.13127],[-119.38658,54.13137],[-119.3861,54.13156],[-119.38605,54.13155],[-119.3859,54.13133],[-119.38588,54.13122],[-119.38581,54.13113],[-119.38532,54.13085],[-119.38524,54.13068],[-119.38525,54.13065],[-119.38586,54.1305],[-119.38617,54.13028],[-119.38616,54.13009],[-119.38608,54.12992],[-119.38637,54.12978],[-119.38661,54.12949],[-119.38646,54.12934],[-119.38629,54.12921],[-119.38597,54.12906],[-119.38553,54.12902],[-119.38502,54.12907],[-119.38462,54.12915],[-119.3843,54.12925],[-119.38397,54.12941],[-119.38389,54.12947],[-119.38373,54.12972],[-119.38328,54.13005],[-119.38308,54.13028],[-119.38309,54.13039],[-119.38315,54.13045],[-119.38352,54.13061],[-119.38393,54.13083],[-119.38404,54.13102],[-119.38396,54.13119],[-119.38382,54.13136],[-119.38336,54.1316],[-119.38326,54.13165],[-119.38321,54.13168],[-119.38256,54.13145],[-119.38217,54.13127],[-119.38198,54.13109],[-119.38201,54.13072],[-119.38199,54.13065],[-119.38174,54.13045],[-119.38162,54.1304],[-119.38134,54.1302],[-119.3811,54.12978],[-119.38095,54.12964],[-119.38069,54.12955],[-119.38007,54.12944],[-119.37957,54.1294],[-119.37904,54.12943],[-119.37832,54.12933],[-119.3781,54.12925],[-119.37766,54.12904],[-119.37729,54.12901],[-119.37714,54.12912],[-119.37688,54.12944],[-119.37665,54.12997],[-119.37653,54.13007],[-119.37652,54.13017],[-119.37645,54.13035],[-119.37567,54.13083],[-119.3753,54.1309],[-119.37489,54.13092],[-119.37463,54.13083],[-119.3745,54.13065],[-119.37456,54.13049],[-119.3744,54.13029],[-119.37424,54.13018],[-119.3739,54.13012],[-119.37362,54.13015],[-119.37312,54.13028],[-119.37263,54.1305],[-119.37244,54.13054],[-119.37207,54.13058],[-119.37173,54.13055],[-119.37147,54.13043],[-119.37131,54.13024],[-119.37124,54.13007],[-119.3711,54.12992],[-119.37077,54.12983],[-119.37054,54.12989],[-119.37027,54.12984],[-119.36987,54.12989],[-119.36958,54.13],[-119.36925,54.13005],[-119.36892,54.13006],[-119.36857,54.12999],[-119.36786,54.12959],[-119.36759,54.12944],[-119.3673,54.12916],[-119.36708,54.12885],[-119.36677,54.12858],[-119.36632,54.1284],[-119.36575,54.12835],[-119.36488,54.12871],[-119.36427,54.1287],[-119.3637,54.12814],[-119.3632,54.12798],[-119.36266,54.12786],[-119.36201,54.12777],[-119.36127,54.12773],[-119.36054,54.12772],[-119.36007,54.1279],[-119.35955,54.12803],[-119.35959,54.12836],[-119.36121,54.12921],[-119.36153,54.12947],[-119.36142,54.12975],[-119.3612,54.12996],[-119.36032,54.1299],[-119.35868,54.1295],[-119.35726,54.12898],[-119.35684,54.12876],[-119.35588,54.1284],[-119.35536,54.12825],[-119.35476,54.12834],[-119.35449,54.12864],[-119.35442,54.12906],[-119.3544,54.12949],[-119.35457,54.12984],[-119.35483,54.13013],[-119.35435,54.13075],[-119.35402,54.13101],[-119.35333,54.1314],[-119.35248,54.13134],[-119.35122,54.13149],[-119.3501,54.13173],[-119.3496,54.13188],[-119.34897,54.13184],[-119.34808,54.13145],[-119.34785,54.13117],[-119.34769,54.13082],[-119.34737,54.13056],[-119.34691,54.13037],[-119.34664,54.1301],[-119.34648,54.12975],[-119.34586,54.12878],[-119.34532,54.12821],[-119.34513,54.12788],[-119.3449,54.12762],[-119.3444,54.12741],[-119.3438,54.12734],[-119.34319,54.12743],[-119.34292,54.12771],[-119.34305,54.12806],[-119.34281,54.12838],[-119.34251,54.12866],[-119.34217,54.12891],[-119.34166,54.12891],[-119.3412,54.12908],[-119.34084,54.12932],[-119.34069,54.1297],[-119.34044,54.13001],[-119.33993,54.13015],[-119.33936,54.13024],[-119.33878,54.12969],[-119.33834,54.12949],[-119.33772,54.12948],[-119.33727,54.12966],[-119.33698,54.12995],[-119.33653,54.13096],[-119.33642,54.13105],[-119.33586,54.13106],[-119.33461,54.1312],[-119.3326,54.13134],[-119.33188,54.13135],[-119.33122,54.13127],[-119.33089,54.13102],[-119.33096,54.13023],[-119.33029,54.13023],[-119.32986,54.13042],[-119.3293,54.13054],[-119.32861,54.13057],[-119.32787,54.13056],[-119.32732,54.13042],[-119.32694,54.1302],[-119.32623,54.13015],[-119.3255,54.13015],[-119.32508,54.13036],[-119.32458,54.13051],[-119.32439,54.13067],[-119.32417,54.13071],[-119.32355,54.13071],[-119.32359,54.13041],[-119.32396,54.13017],[-119.32382,54.12988],[-119.32342,54.12966],[-119.32296,54.12947],[-119.32233,54.1295],[-119.32183,54.12965],[-119.32148,54.1299],[-119.32098,54.13049],[-119.32045,54.13062],[-119.3198,54.13054],[-119.31931,54.13036],[-119.31913,54.13003],[-119.3194,54.12972],[-119.31978,54.12949],[-119.31998,54.12919],[-119.31973,54.1289],[-119.31912,54.12897],[-119.31832,54.12937],[-119.31764,54.1294],[-119.31691,54.12936],[-119.31642,54.1292],[-119.31601,54.12899],[-119.31545,54.12887],[-119.31471,54.12887],[-119.31413,54.12895],[-119.3135,54.12904],[-119.31299,54.12918],[-119.31262,54.12943],[-119.31273,54.12977],[-119.31302,54.13004],[-119.31363,54.13014],[-119.31394,54.13041],[-119.31389,54.13083],[-119.31391,54.13127],[-119.31379,54.13166],[-119.31347,54.13191],[-119.31298,54.13208],[-119.31232,54.13212],[-119.31164,54.13205],[-119.31143,54.13173],[-119.31143,54.13129],[-119.31105,54.13062],[-119.31098,54.13023],[-119.31065,54.12997],[-119.31064,54.12963],[-119.31043,54.12929],[-119.30953,54.12891],[-119.30898,54.12878],[-119.30883,54.12905],[-119.30918,54.1293],[-119.30899,54.12959],[-119.30863,54.12983],[-119.30793,54.12984],[-119.30743,54.12969],[-119.30702,54.12948],[-119.30679,54.12917],[-119.30648,54.1289],[-119.30591,54.12896],[-119.30544,54.12914],[-119.30509,54.12938],[-119.30482,54.12968],[-119.30449,54.12995],[-119.30432,54.13031],[-119.304,54.13059],[-119.30362,54.13081],[-119.30308,54.13094],[-119.30257,54.13109],[-119.30187,54.13111],[-119.30128,54.13101],[-119.30134,54.13062],[-119.3013,54.13035],[-119.3008,54.12967],[-119.30053,54.12938],[-119.30011,54.12917],[-119.29991,54.12915],[-119.29944,54.12911],[-119.29883,54.1292],[-119.29836,54.12938],[-119.29803,54.12964],[-119.29779,54.12996],[-119.29776,54.13036],[-119.29779,54.13044],[-119.29788,54.13073],[-119.29813,54.13103],[-119.29847,54.13125],[-119.29851,54.13134],[-119.29858,54.13158],[-119.29827,54.13185],[-119.29793,54.1321],[-119.29736,54.13216],[-119.29621,54.13194],[-119.29568,54.1318],[-119.2952,54.13163],[-119.29455,54.13155],[-119.29388,54.13157],[-119.2933,54.13179],[-119.29315,54.13202],[-119.29303,54.1324],[-119.29319,54.13318],[-119.29292,54.1334],[-119.29169,54.13353],[-119.29018,54.1335],[-119.28926,54.13313],[-119.28872,54.13299],[-119.28811,54.13289],[-119.28739,54.13291],[-119.28725,54.13295],[-119.28688,54.13305],[-119.28587,54.1337],[-119.28509,54.13383],[-119.28346,54.13421],[-119.28271,54.13452],[-119.28252,54.13458],[-119.28222,54.13485],[-119.28189,54.1351],[-119.28154,54.13547],[-119.28067,54.13625],[-119.28043,54.13656],[-119.28022,54.13689],[-119.28008,54.13728],[-119.28004,54.1376],[-119.28003,54.13767],[-119.28002,54.13782],[-119.27999,54.13815],[-119.28001,54.13857],[-119.28042,54.14008],[-119.28044,54.14028],[-119.28033,54.14048],[-119.28033,54.14088],[-119.28074,54.14121],[-119.28068,54.14131],[-119.28034,54.14153],[-119.27984,54.14192],[-119.2797,54.14208],[-119.2797,54.14213],[-119.27974,54.14216],[-119.27981,54.14218],[-119.2805,54.14215],[-119.28057,54.14226],[-119.28038,54.14248],[-119.27997,54.14274],[-119.2797,54.14282],[-119.27909,54.14312],[-119.27894,54.14316],[-119.27839,54.14304],[-119.27805,54.14305],[-119.27784,54.14325],[-119.2776,54.14355],[-119.2771,54.14375],[-119.27588,54.14439],[-119.27543,54.14457],[-119.27494,54.14487],[-119.2749,54.14488],[-119.27459,54.14503],[-119.27444,54.14517],[-119.27442,54.14519],[-119.27429,54.14531],[-119.27422,54.14587],[-119.27429,54.14616],[-119.27444,54.14626],[-119.27466,54.14639],[-119.2749,54.14649],[-119.27509,54.14657],[-119.27525,54.14664],[-119.27538,54.14694],[-119.27557,54.14728],[-119.27564,54.14765],[-119.27528,54.1479],[-119.2749,54.14793],[-119.27469,54.14794],[-119.27444,54.14798],[-119.27354,54.14813],[-119.27295,54.1482],[-119.27268,54.14849],[-119.27259,54.14889],[-119.27277,54.14923],[-119.27291,54.14958],[-119.27325,54.14983],[-119.2737,54.15025],[-119.2733,54.15076],[-119.27324,54.15115],[-119.27336,54.15154],[-119.27363,54.15183],[-119.27375,54.15209],[-119.27372,54.15213],[-119.27352,54.1524],[-119.27345,54.1525],[-119.27334,54.15287],[-119.27355,54.15324],[-119.27359,54.15334],[-119.27368,54.1536],[-119.27352,54.15397],[-119.27333,54.1543],[-119.27347,54.15464],[-119.27369,54.15494],[-119.27398,54.15522],[-119.27444,54.15549],[-119.27491,54.15577],[-119.27512,54.1559],[-119.27546,54.15615],[-119.27562,54.15631],[-119.27556,54.15652],[-119.27565,54.1569],[-119.27595,54.15718],[-119.27624,54.15745],[-119.27627,54.15784],[-119.27613,54.15848],[-119.27628,54.15895],[-119.2761,54.15923],[-119.27576,54.15943],[-119.27537,54.15958],[-119.27449,54.15973],[-119.27413,54.15995],[-119.27435,54.16027],[-119.27474,54.16049],[-119.27507,54.16075],[-119.27494,54.16111],[-119.27469,54.16142],[-119.2743,54.16164],[-119.27401,54.16174],[-119.27373,54.16174],[-119.27304,54.1615],[-119.27273,54.16152],[-119.27258,54.16158],[-119.2725,54.16255],[-119.27261,54.16283],[-119.27283,54.16326],[-119.27293,54.16365],[-119.27287,54.16406],[-119.27273,54.16444],[-119.27249,54.16474],[-119.27287,54.1654],[-119.27321,54.16566],[-119.27368,54.16584],[-119.27425,54.16596],[-119.27475,54.16612],[-119.27481,54.16628],[-119.27465,54.16644],[-119.27422,54.16664],[-119.27344,54.16709],[-119.2731,54.16733],[-119.27214,54.16754],[-119.27205,54.16763],[-119.27204,54.16804],[-119.27217,54.16865],[-119.2723,54.16875],[-119.27248,54.16889],[-119.27278,54.16899],[-119.27303,54.169],[-119.27343,54.16894],[-119.27397,54.16881],[-119.27441,54.16879],[-119.27461,54.16884],[-119.27485,54.16896],[-119.275,54.16908],[-119.27517,54.1693],[-119.27521,54.1694],[-119.27507,54.16966],[-119.27432,54.16999],[-119.27412,54.17014],[-119.27395,54.1705],[-119.27415,54.17134],[-119.27405,54.17168],[-119.27384,54.17201],[-119.27351,54.17227],[-119.27308,54.17247],[-119.27306,54.17283],[-119.27325,54.17315],[-119.27341,54.17327],[-119.27375,54.17333],[-119.27392,54.17329],[-119.2742,54.17313],[-119.27432,54.17302],[-119.27431,54.17267],[-119.27446,54.17241],[-119.27467,54.17231],[-119.27503,54.1723],[-119.27549,54.17242],[-119.27586,54.17273],[-119.27592,54.17313],[-119.2758,54.17351],[-119.27561,54.17386],[-119.27556,54.17425],[-119.27574,54.1746],[-119.27587,54.17497],[-119.27588,54.17538],[-119.27561,54.17569],[-119.27536,54.1757],[-119.27489,54.17588],[-119.27432,54.17626],[-119.2734,54.17661],[-119.27335,54.17675],[-119.27359,54.17706],[-119.27387,54.17734],[-119.27393,54.17775],[-119.27418,54.17805],[-119.2745,54.1783],[-119.2747,54.17837],[-119.27499,54.17847],[-119.27565,54.17854],[-119.27621,54.17866],[-119.27672,54.17881],[-119.27709,54.17904],[-119.27733,54.17935],[-119.27744,54.17945],[-119.27764,54.17963],[-119.27796,54.17983],[-119.27802,54.17987],[-119.27822,54.18018],[-119.27832,54.18058],[-119.27824,54.18099],[-119.27811,54.18136],[-119.27788,54.18186],[-119.27854,54.1822],[-119.27909,54.18233],[-119.27976,54.18239],[-119.28039,54.18248],[-119.28081,54.18269],[-119.28092,54.18285],[-119.28087,54.18305],[-119.28074,54.18317],[-119.28051,54.18331],[-119.2799,54.18341],[-119.2793,54.18329],[-119.2784,54.18292],[-119.27779,54.18286],[-119.27736,54.18305],[-119.27739,54.18354],[-119.27766,54.18375],[-119.27794,54.18403],[-119.27817,54.18435],[-119.27831,54.18472],[-119.27838,54.18512],[-119.27854,54.18547],[-119.27902,54.186],[-119.27918,54.18618],[-119.28034,54.18685],[-119.28081,54.18703],[-119.28137,54.18716],[-119.28207,54.1872],[-119.28278,54.18717],[-119.28337,54.18707],[-119.28354,54.18701],[-119.28404,54.18704],[-119.28456,54.1872],[-119.28495,54.18742],[-119.28521,54.18771],[-119.28541,54.18805],[-119.28538,54.18845],[-119.2852,54.18879],[-119.28493,54.18909],[-119.2846,54.18934],[-119.28417,54.18954],[-119.28379,54.18976],[-119.28352,54.19005],[-119.28332,54.19039],[-119.28329,54.19081],[-119.28331,54.19123],[-119.28326,54.19165],[-119.28281,54.1923],[-119.28241,54.19301],[-119.28253,54.19336],[-119.28291,54.19358],[-119.28322,54.19385],[-119.28347,54.19414],[-119.28382,54.19438],[-119.28373,54.19519],[-119.28404,54.19546],[-119.28443,54.19567],[-119.28466,54.19598],[-119.28439,54.19626],[-119.28394,54.19644],[-119.28298,54.19677],[-119.28278,54.19696],[-119.28286,54.19712],[-119.2832,54.19731],[-119.28332,54.19748],[-119.28334,54.1976],[-119.28341,54.19808],[-119.28341,54.19852],[-119.28337,54.19895],[-119.28312,54.19925],[-119.2832,54.19964],[-119.28338,54.19998],[-119.28361,54.20029],[-119.28412,54.20088],[-119.28442,54.20116],[-119.28509,54.20166],[-119.28551,54.20186],[-119.286,54.20202],[-119.28658,54.20213],[-119.28728,54.20233],[-119.28763,54.20242],[-119.28799,54.20266],[-119.28811,54.20302],[-119.28811,54.20303],[-119.28798,54.20339],[-119.28771,54.20369],[-119.28726,54.20391],[-119.28675,54.20414],[-119.28618,54.20458],[-119.28601,54.20493],[-119.28588,54.20574],[-119.2854,54.20628],[-119.28508,54.20662],[-119.28515,54.207],[-119.28519,54.20708],[-119.28552,54.20768],[-119.2858,54.20796],[-119.2868,54.20829],[-119.28773,54.20865],[-119.28814,54.20886],[-119.28846,54.20912],[-119.2885,54.20926],[-119.28836,54.20946],[-119.28722,54.21014],[-119.28682,54.21034],[-119.28635,54.21051],[-119.28523,54.21075],[-119.28459,54.21081],[-119.28402,54.21092],[-119.28342,54.21114],[-119.28315,54.21131],[-119.28293,54.21162],[-119.28204,54.21246],[-119.28171,54.21271],[-119.28134,54.21294],[-119.28022,54.21395],[-119.28007,54.21404],[-119.27964,54.21418],[-119.27895,54.21419],[-119.2784,54.21405],[-119.27803,54.21382],[-119.27763,54.21361],[-119.27692,54.21358],[-119.27635,54.2137],[-119.27592,54.21389],[-119.27556,54.21413],[-119.2753,54.21443],[-119.27507,54.2152],[-119.27498,54.21603],[-119.2751,54.21641],[-119.2751,54.2165],[-119.275,54.21684],[-119.27462,54.21751],[-119.27436,54.21781],[-119.27401,54.21805],[-119.27345,54.21817],[-119.27281,54.21822],[-119.27225,54.21802],[-119.27181,54.21812],[-119.27152,54.2184],[-119.27128,54.21871],[-119.27088,54.21893],[-119.27044,54.21912],[-119.2701,54.21938],[-119.26992,54.21971],[-119.26982,54.2201],[-119.26966,54.22046],[-119.26915,54.22133],[-119.26921,54.22188],[-119.26951,54.22258],[-119.26931,54.22291],[-119.26902,54.22319],[-119.26817,54.22359],[-119.26784,54.22385],[-119.26761,54.22416],[-119.26751,54.22458],[-119.26755,54.22493],[-119.26784,54.22521],[-119.26822,54.22544],[-119.26871,54.2256],[-119.26899,54.22573],[-119.2688,54.22595],[-119.26861,54.22629],[-119.26833,54.22658],[-119.26794,54.2268],[-119.26671,54.22696],[-119.26641,54.22723],[-119.26606,54.22749],[-119.26578,54.22777],[-119.26563,54.22813],[-119.26574,54.2285],[-119.26599,54.22879],[-119.26606,54.22883],[-119.26721,54.22872],[-119.26758,54.22895],[-119.26784,54.22925],[-119.26827,54.22945],[-119.26861,54.22956],[-119.26916,54.2298],[-119.26942,54.23009],[-119.26953,54.23047],[-119.26941,54.23086],[-119.26899,54.23125],[-119.26874,54.23136],[-119.2681,54.2314],[-119.26751,54.23129],[-119.26685,54.23115],[-119.26646,54.23129],[-119.26597,54.23191],[-119.26585,54.23216],[-119.26589,54.23227],[-119.26621,54.23254],[-119.2668,54.23308],[-119.26717,54.23331],[-119.26743,54.23361],[-119.26806,54.23414],[-119.26825,54.23448],[-119.26828,54.23489],[-119.26797,54.23561],[-119.26798,54.23605],[-119.2679,54.23645],[-119.2678,54.23669],[-119.26775,54.23681],[-119.26743,54.23709],[-119.26707,54.23733],[-119.26674,54.2376],[-119.26635,54.23782],[-119.26586,54.23798],[-119.26574,54.23835],[-119.26592,54.23869],[-119.26622,54.23896],[-119.26649,54.23925],[-119.26662,54.23962],[-119.26659,54.24002],[-119.26638,54.24036],[-119.26608,54.24064],[-119.2656,54.24079],[-119.26494,54.24072],[-119.2644,54.24059],[-119.26338,54.24027],[-119.26291,54.24025],[-119.26212,54.24037],[-119.26191,54.2407],[-119.26193,54.24079],[-119.26232,54.24092],[-119.26288,54.24105],[-119.26337,54.24121],[-119.26402,54.24128],[-119.26461,54.24139],[-119.265,54.24162],[-119.26508,54.24199],[-119.26495,54.24233],[-119.26524,54.24261],[-119.26569,54.24279],[-119.26584,54.24303],[-119.26585,54.24311],[-119.26545,54.24331],[-119.26507,54.24356],[-119.26426,54.24374],[-119.26393,54.244],[-119.26377,54.24437],[-119.26373,54.24453],[-119.26378,54.24468],[-119.26404,54.24499],[-119.26443,54.24521],[-119.26495,54.24535],[-119.26509,54.24572],[-119.26557,54.24632],[-119.26576,54.24665],[-119.26576,54.24699],[-119.26572,54.24719],[-119.26555,54.24748],[-119.26547,54.24781],[-119.2655,54.24814],[-119.26567,54.24851],[-119.26594,54.24866],[-119.26599,54.24866],[-119.26618,54.24865],[-119.26634,54.24863],[-119.26658,54.2486],[-119.26702,54.2486],[-119.26809,54.24872],[-119.26874,54.24887],[-119.26918,54.24909],[-119.26925,54.24915],[-119.26935,54.24934],[-119.26934,54.24945],[-119.26909,54.24978],[-119.26885,54.24993],[-119.26874,54.25001],[-119.26873,54.25001],[-119.26835,54.25014],[-119.2679,54.25023],[-119.26746,54.25025],[-119.26666,54.25022],[-119.26566,54.25051],[-119.26475,54.25099],[-119.2645,54.25127],[-119.26437,54.25161],[-119.26448,54.25201],[-119.26475,54.25231],[-119.265,54.25246],[-119.26567,54.2527],[-119.2663,54.25281],[-119.26663,54.25285],[-119.26685,54.25293],[-119.26709,54.25296],[-119.2675,54.25291],[-119.26773,54.25279],[-119.26817,54.25237],[-119.26845,54.25221],[-119.2686,54.25216],[-119.26942,54.25209],[-119.27129,54.25227],[-119.27184,54.25241],[-119.27228,54.25262],[-119.27241,54.25272],[-119.27264,54.25315],[-119.27271,54.25337],[-119.27268,54.25352],[-119.27183,54.25384],[-119.27152,54.25404],[-119.27125,54.25433],[-119.27078,54.25498],[-119.27056,54.25531],[-119.27024,54.25559],[-119.26933,54.256],[-119.26914,54.25619],[-119.26914,54.25632],[-119.2692,54.2564],[-119.26918,54.25671],[-119.26926,54.25695],[-119.26936,54.25709],[-119.2698,54.25736],[-119.27022,54.25752],[-119.27117,54.25773],[-119.27194,54.25777],[-119.27232,54.25787],[-119.27407,54.25799],[-119.27466,54.2581],[-119.27522,54.25824],[-119.27601,54.25854],[-119.27629,54.25872],[-119.27679,54.25918],[-119.27705,54.25965],[-119.27714,54.25993],[-119.27713,54.26025],[-119.2771,54.26035],[-119.27695,54.26054],[-119.27663,54.26079],[-119.27601,54.2611],[-119.27458,54.2621],[-119.27402,54.26271],[-119.27381,54.26304],[-119.27376,54.26335],[-119.27402,54.26421],[-119.27401,54.26446],[-119.27382,54.26462],[-119.27298,54.26506],[-119.27269,54.26531],[-119.2725,54.26551],[-119.27243,54.26565],[-119.27232,54.26604],[-119.27232,54.26648],[-119.27259,54.26727],[-119.27256,54.26781]]]},"properties":{"WMUNIT_NAME":"Sheep Creek","WMUNIT_CODE":"00442","GlobalID":"{973A78D6-394A-41B5-A8AC-DF39E1A75E75}","OBJECTID":56,"Shape__Area":3806965411.3856711,"Shape__Length":568159.19170336099}},{"type":"Feature","id":57,"geometry":{"type":"Polygon","coordinates":[[[-118.52511,54.2395],[-118.5267,54.2395],[-118.5267,54.2395],[-118.5289,54.23832],[-118.5293,54.23808],[-118.52963,54.23782],[-118.53021,54.23725],[-118.53089,54.2367],[-118.53237,54.23573],[-118.53316,54.23527],[-118.5353,54.23424],[-118.53613,54.2338],[-118.53636,54.23374],[-118.53719,54.23369],[-118.53742,54.23361],[-118.53745,54.23359],[-118.53781,54.23338],[-118.53824,54.23317],[-118.53918,54.23283],[-118.53961,54.23265],[-118.54084,54.23227],[-118.54323,54.23154],[-118.54417,54.23131],[-118.54528,54.23093],[-118.54583,54.23078],[-118.54634,54.23061],[-118.54826,54.22986],[-118.54964,54.22938],[-118.5501,54.22921],[-118.55021,54.22917],[-118.5518,54.22868],[-118.55516,54.22789],[-118.55634,54.22767],[-118.55698,54.22759],[-118.5581,54.22733],[-118.56074,54.22656],[-118.56131,54.22643],[-118.56234,54.2261],[-118.56244,54.22607],[-118.5634,54.2258],[-118.56384,54.22562],[-118.56483,54.22527],[-118.56517,54.22504],[-118.56595,54.22454],[-118.56613,54.22447],[-118.56631,54.22422],[-118.56636,54.22357],[-118.56661,54.2233],[-118.5667,54.22316],[-118.56735,54.22264],[-118.56859,54.22154],[-118.56897,54.2213],[-118.56926,54.22103],[-118.56949,54.22071],[-118.56968,54.22037],[-118.57018,54.21978],[-118.5705,54.21933],[-118.57096,54.21845],[-118.57124,54.21781],[-118.57193,54.21629],[-118.5723,54.2156],[-118.57264,54.2149],[-118.57349,54.21359],[-118.57399,54.21296],[-118.57445,54.21259],[-118.57463,54.21249],[-118.57509,54.21221],[-118.57587,54.21174],[-118.57628,54.21152],[-118.57645,54.21146],[-118.57708,54.21109],[-118.57755,54.2109],[-118.57803,54.21067],[-118.57848,54.2104],[-118.57893,54.21014],[-118.57908,54.21009],[-118.5795,54.20999],[-118.58094,54.20945],[-118.58243,54.209],[-118.58341,54.20864],[-118.5843,54.20823],[-118.58516,54.20787],[-118.58551,54.20762],[-118.58595,54.20741],[-118.58694,54.20707],[-118.58743,54.20694],[-118.58959,54.20636],[-118.59014,54.20617],[-118.59158,54.20571],[-118.5938,54.20519],[-118.59486,54.2049],[-118.596,54.20463],[-118.59658,54.20446],[-118.59698,54.20428],[-118.5978,54.20377],[-118.59918,54.20316],[-118.59962,54.20296],[-118.60008,54.20276],[-118.60009,54.20276],[-118.60205,54.20192],[-118.60293,54.20093],[-118.6037,54.20017],[-118.60393,54.19984],[-118.60398,54.19941],[-118.60406,54.19931],[-118.60473,54.19889],[-118.60532,54.19831],[-118.60627,54.19744],[-118.60668,54.19714],[-118.60764,54.19645],[-118.60801,54.19621],[-118.6083,54.19596],[-118.60832,54.19594],[-118.60864,54.19555],[-118.60922,54.19506],[-118.60966,54.19476],[-118.60993,54.19453],[-118.61068,54.19401],[-118.61104,54.19372],[-118.6113,54.19346],[-118.61233,54.19269],[-118.61242,54.19263],[-118.61314,54.19221],[-118.61352,54.19194],[-118.6139,54.1917],[-118.61446,54.19145],[-118.61572,54.19087],[-118.61619,54.19065],[-118.61665,54.19041],[-118.61693,54.19023],[-118.61708,54.19016],[-118.61779,54.18976],[-118.61829,54.18941],[-118.61854,54.18923],[-118.61943,54.18871],[-118.61976,54.18852],[-118.62019,54.18833],[-118.62114,54.18793],[-118.62165,54.18775],[-118.62221,54.18769],[-118.6231,54.18769],[-118.62375,54.18764],[-118.62451,54.18757],[-118.62461,54.18755],[-118.62507,54.18747],[-118.62533,54.18742],[-118.62563,54.18735],[-118.62745,54.18691],[-118.63121,54.18582],[-118.6317,54.18565],[-118.63235,54.18538],[-118.63266,54.18532],[-118.63369,54.18495],[-118.63421,54.18483],[-118.63463,54.1848],[-118.63554,54.18464],[-118.6362,54.18455],[-118.63714,54.18435],[-118.63741,54.18428],[-118.63792,54.18414],[-118.63895,54.18378],[-118.63976,54.18331],[-118.64013,54.18292],[-118.64095,54.18158],[-118.64112,54.18131],[-118.64112,54.1813],[-118.64227,54.17959],[-118.64279,54.17893],[-118.64313,54.1787],[-118.64334,54.17835],[-118.64346,54.17796],[-118.64355,54.17787],[-118.64426,54.17749],[-118.64445,54.17737],[-118.64462,54.17726],[-118.64494,54.17696],[-118.6467,54.17566],[-118.64703,54.1754],[-118.64741,54.17516],[-118.648,54.17502],[-118.64861,54.17495],[-118.64914,54.17475],[-118.6496,54.17449],[-118.64963,54.17448],[-118.6499,54.17418],[-118.65006,54.174],[-118.65011,54.17395],[-118.65097,54.1735],[-118.65319,54.17239],[-118.65394,54.17194],[-118.65471,54.1715],[-118.65516,54.17125],[-118.65742,54.17022],[-118.6579,54.17008],[-118.66009,54.16941],[-118.66059,54.16923],[-118.66193,54.16863],[-118.6624,54.16847],[-118.66294,54.16828],[-118.66471,54.16749],[-118.66549,54.16712],[-118.66598,54.16686],[-118.66631,54.16668],[-118.66773,54.16608],[-118.66808,54.16591],[-118.66838,54.16563],[-118.66862,54.16531],[-118.66895,54.16506],[-118.66981,54.16466],[-118.67014,54.16439],[-118.6704,54.16409],[-118.6706,54.16376],[-118.67074,54.16359],[-118.67098,54.16309],[-118.67117,54.1623],[-118.67121,54.16141],[-118.67136,54.16058],[-118.67157,54.1598],[-118.67167,54.15964],[-118.67168,54.15963],[-118.67179,54.15948],[-118.67251,54.159],[-118.67335,54.15858],[-118.67459,54.15808],[-118.67476,54.158],[-118.67505,54.15791],[-118.67624,54.1575],[-118.67734,54.15723],[-118.67873,54.15699],[-118.67923,54.15694],[-118.67999,54.15699],[-118.6805,54.15708],[-118.68107,54.1572],[-118.68214,54.15749],[-118.68382,54.15786],[-118.6848,54.15819],[-118.68636,54.15865],[-118.68695,54.15876],[-118.68739,54.1588],[-118.68831,54.15888],[-118.68903,54.15889],[-118.68916,54.15888],[-118.69056,54.15876],[-118.69177,54.15867],[-118.69202,54.15858],[-118.69237,54.15849],[-118.69276,54.15855],[-118.6934,54.15849],[-118.69404,54.1584],[-118.69515,54.15802],[-118.69591,54.15784],[-118.69613,54.15776],[-118.69653,54.15754],[-118.69687,54.15724],[-118.69709,54.15695],[-118.69762,54.1563],[-118.6979,54.156],[-118.69796,54.15591],[-118.69835,54.15557],[-118.69869,54.15531],[-118.69889,54.1551],[-118.6994,54.15486],[-118.69957,54.15481],[-118.69978,54.15474],[-118.70003,54.15469],[-118.7004,54.15463],[-118.70112,54.15457],[-118.70308,54.15458],[-118.70421,54.15463],[-118.70705,54.1547],[-118.70811,54.15467],[-118.70903,54.15468],[-118.7118,54.1549],[-118.71237,54.1549],[-118.7148,54.15489],[-118.71799,54.15486],[-118.72001,54.15468],[-118.72177,54.15447],[-118.7228,54.15431],[-118.72456,54.15395],[-118.72502,54.15386],[-118.7251,54.15384],[-118.72607,54.15346],[-118.72711,54.15289],[-118.72774,54.15248],[-118.72808,54.15227],[-118.72815,54.15221],[-118.72827,54.15211],[-118.72883,54.15175],[-118.72927,54.15098],[-118.72914,54.15066],[-118.72914,54.15021],[-118.72891,54.14938],[-118.72884,54.14894],[-118.72864,54.14844],[-118.72862,54.14822],[-118.72868,54.14808],[-118.72863,54.14763],[-118.72856,54.1474],[-118.72856,54.14714],[-118.72871,54.14666],[-118.72883,54.14615],[-118.72915,54.14568],[-118.72937,54.1455],[-118.73019,54.14502],[-118.73023,54.14498],[-118.73052,54.14477],[-118.7319,54.14414],[-118.73276,54.14378],[-118.73331,54.14359],[-118.73461,54.1433],[-118.73602,54.14335],[-118.7371,54.14345],[-118.73736,54.14347],[-118.73956,54.14366],[-118.7402,54.14376],[-118.7429,54.14379],[-118.74337,54.14377],[-118.74478,54.14353],[-118.74524,54.14343],[-118.74553,54.14334],[-118.74574,54.14324],[-118.74673,54.14289],[-118.74722,54.14267],[-118.748,54.14237],[-118.74849,54.14227],[-118.74954,54.14239],[-118.75001,54.14244],[-118.75002,54.14244],[-118.75014,54.14246],[-118.7502,54.14247],[-118.75131,54.14255],[-118.75235,54.14245],[-118.75312,54.14242],[-118.75354,54.1424],[-118.75441,54.14222],[-118.75537,54.142],[-118.75655,54.14147],[-118.75694,54.14126],[-118.75719,54.1406],[-118.75725,54.14054],[-118.75744,54.14046],[-118.76019,54.13987],[-118.76082,54.13947],[-118.76115,54.13918],[-118.76171,54.13893],[-118.76234,54.13856],[-118.76289,54.13824],[-118.76327,54.138],[-118.76376,54.13776],[-118.7642,54.13753],[-118.76549,54.13699],[-118.76634,54.13656],[-118.76673,54.13632],[-118.76767,54.13594],[-118.76817,54.13577],[-118.77029,54.1352],[-118.77131,54.13483],[-118.7718,54.13471],[-118.7725,54.13453],[-118.77267,54.13452],[-118.77453,54.13419],[-118.77499,54.13411],[-118.775,54.13411],[-118.77601,54.13395],[-118.77743,54.13365],[-118.77852,54.13333],[-118.77926,54.13315],[-118.77972,54.1331],[-118.78056,54.1331],[-118.78132,54.13315],[-118.78135,54.13313],[-118.78171,54.13335],[-118.7819,54.1334],[-118.78205,54.13342],[-118.78273,54.13332],[-118.78332,54.13318],[-118.7848,54.13307],[-118.78504,54.13301],[-118.78528,54.1329],[-118.78561,54.13262],[-118.7861,54.13194],[-118.78655,54.13054],[-118.78661,54.13034],[-118.78715,54.12925],[-118.78724,54.1291],[-118.78724,54.12898],[-118.78733,54.12881],[-118.78741,54.12864],[-118.78805,54.12739],[-118.78826,54.12711],[-118.78858,54.12683],[-118.7891,54.12645],[-118.78976,54.12588],[-118.79052,54.12503],[-118.79054,54.12501],[-118.79059,54.12496],[-118.79064,54.1249],[-118.79064,54.12475],[-118.79116,54.12367],[-118.79135,54.1234],[-118.79154,54.12313],[-118.79187,54.12267],[-118.79202,54.12228],[-118.79204,54.12184],[-118.79187,54.12143],[-118.7921,54.1211],[-118.79228,54.12084],[-118.7922,54.1205],[-118.79221,54.12039],[-118.79277,54.11959],[-118.79318,54.11913],[-118.79344,54.11877],[-118.79338,54.11848],[-118.79331,54.11841],[-118.79322,54.11817],[-118.79367,54.11779],[-118.79397,54.1175],[-118.79418,54.11716],[-118.79452,54.11679],[-118.79476,54.11658],[-118.7951,54.11623],[-118.79546,54.1159],[-118.79566,54.11572],[-118.79575,54.11562],[-118.79619,54.11513],[-118.79693,54.11416],[-118.79719,54.11388],[-118.79751,54.11359],[-118.79895,54.11211],[-118.79925,54.11192],[-118.79949,54.11185],[-118.79951,54.11185],[-118.79983,54.11181],[-118.79997,54.11181],[-118.8014,54.11178],[-118.80179,54.11172],[-118.80195,54.11164],[-118.80333,54.11062],[-118.80368,54.11035],[-118.80404,54.11011],[-118.80592,54.10935],[-118.80602,54.10934],[-118.80641,54.10912],[-118.80717,54.10868],[-118.80727,54.10862],[-118.80818,54.10834],[-118.80889,54.10815],[-118.80928,54.10801],[-118.80994,54.1079],[-118.81022,54.10764],[-118.81057,54.10739],[-118.81141,54.10651],[-118.81231,54.10535],[-118.81238,54.10526],[-118.81319,54.10438],[-118.81371,54.10389],[-118.81394,54.10361],[-118.8145,54.103],[-118.8147,54.10263],[-118.81547,54.10169],[-118.81561,54.10145],[-118.81608,54.10067],[-118.81625,54.10032],[-118.81625,54.09964],[-118.81634,54.09946],[-118.8166,54.09931],[-118.81739,54.09911],[-118.81821,54.09902],[-118.81875,54.099],[-118.81952,54.09848],[-118.82031,54.09802],[-118.82063,54.09776],[-118.82111,54.09759],[-118.82268,54.0971],[-118.82411,54.09652],[-118.82449,54.09637],[-118.82495,54.0962],[-118.82509,54.09615],[-118.82605,54.09566],[-118.82675,54.09525],[-118.82733,54.09501],[-118.82768,54.09483],[-118.82852,54.09431],[-118.82884,54.09412],[-118.82903,54.09404],[-118.82941,54.09389],[-118.82981,54.09371],[-118.8314,54.09278],[-118.83176,54.09249],[-118.8324,54.09199],[-118.83282,54.09174],[-118.83355,54.09123],[-118.83392,54.0909],[-118.83416,54.09065],[-118.83428,54.09049],[-118.83478,54.08985],[-118.83526,54.08898],[-118.8355,54.08834],[-118.83565,54.08698],[-118.83568,54.08682],[-118.83574,54.08655],[-118.83595,54.08622],[-118.83644,54.08564],[-118.83706,54.08506],[-118.83729,54.08479],[-118.83758,54.08446],[-118.8388,54.08336],[-118.84023,54.08236],[-118.84141,54.08168],[-118.84176,54.08144],[-118.84221,54.08124],[-118.84249,54.08115],[-118.84318,54.08096],[-118.84389,54.08058],[-118.84494,54.07999],[-118.84575,54.07977],[-118.8463,54.07977],[-118.84711,54.07998],[-118.84763,54.08006],[-118.84806,54.08008],[-118.84824,54.08012],[-118.84835,54.08016],[-118.84898,54.08026],[-118.84948,54.08054],[-118.84981,54.08073],[-118.84994,54.08077],[-118.85036,54.0809],[-118.85147,54.08117],[-118.85163,54.08121],[-118.8532,54.08128],[-118.85369,54.08129],[-118.85497,54.08124],[-118.85583,54.08112],[-118.85651,54.08099],[-118.85714,54.08081],[-118.85752,54.08062],[-118.85786,54.08034],[-118.858,54.08017],[-118.85805,54.08008],[-118.85814,54.07958],[-118.8583,54.07876],[-118.85828,54.07858],[-118.85829,54.07834],[-118.8586,54.07771],[-118.85863,54.07758],[-118.85911,54.07692],[-118.85968,54.0762],[-118.85989,54.07584],[-118.86009,54.07562],[-118.86046,54.07535],[-118.86059,54.0752],[-118.86086,54.07488],[-118.86109,54.0747],[-118.86197,54.07376],[-118.86221,54.0735],[-118.86228,54.0734],[-118.8624,54.07323],[-118.86251,54.07303],[-118.86265,54.07263],[-118.86267,54.07235],[-118.86279,54.07193],[-118.86287,54.07178],[-118.86321,54.07136],[-118.86336,54.07131],[-118.86345,54.07116],[-118.86359,54.07104],[-118.8636,54.07098],[-118.86385,54.07071],[-118.8641,54.0705],[-118.86446,54.07028],[-118.86513,54.07006],[-118.86541,54.07002],[-118.86601,54.06998],[-118.86657,54.07003],[-118.86773,54.06989],[-118.86801,54.06988],[-118.86889,54.06975],[-118.86936,54.06966],[-118.87002,54.06949],[-118.87045,54.06927],[-118.8707,54.06918],[-118.87301,54.06884],[-118.8744,54.06831],[-118.87447,54.06833],[-118.87489,54.06848],[-118.87493,54.06848],[-118.87533,54.06852],[-118.87557,54.06847],[-118.87605,54.06828],[-118.87645,54.06814],[-118.87721,54.06801],[-118.8779,54.06798],[-118.87896,54.06783],[-118.8797,54.06779],[-118.88214,54.06764],[-118.88352,54.06743],[-118.8839,54.06742],[-118.88483,54.06731],[-118.88599,54.06706],[-118.88652,54.06687],[-118.88727,54.06667],[-118.88875,54.06628],[-118.88943,54.0662],[-118.89015,54.06609],[-118.8909,54.06607],[-118.89242,54.06611],[-118.89397,54.06627],[-118.89438,54.06635],[-118.89525,54.06677],[-118.89647,54.06747],[-118.89713,54.06777],[-118.8978,54.06816],[-118.89832,54.0685],[-118.89946,54.06904],[-118.89992,54.06926],[-118.90181,54.07016],[-118.90281,54.0705],[-118.90393,54.07078],[-118.90456,54.0709],[-118.90529,54.07094],[-118.90631,54.07091],[-118.90748,54.07081],[-118.9088,54.0706],[-118.90939,54.07046],[-118.90986,54.07026],[-118.91021,54.07015],[-118.91043,54.07014],[-118.91102,54.07002],[-118.91135,54.06992],[-118.91185,54.06976],[-118.91225,54.06961],[-118.91227,54.06961],[-118.91322,54.06976],[-118.91385,54.0699],[-118.91433,54.07006],[-118.91527,54.07031],[-118.91714,54.07076],[-118.9178,54.07092],[-118.91994,54.07127],[-118.92313,54.07167],[-118.92433,54.07189],[-118.92446,54.07192],[-118.92487,54.07203],[-118.92492,54.07203],[-118.92608,54.07222],[-118.92705,54.0723],[-118.92743,54.07234],[-118.92806,54.07242],[-118.92875,54.07247],[-118.93103,54.07247],[-118.93393,54.07239],[-118.93519,54.0723],[-118.9353,54.0723],[-118.93601,54.07227],[-118.93664,54.07219],[-118.93727,54.07206],[-118.93777,54.07195],[-118.93831,54.07182],[-118.93846,54.07176],[-118.93877,54.07163],[-118.93928,54.07148],[-118.93967,54.07125],[-118.94017,54.07064],[-118.94054,54.07041],[-118.94098,54.07025],[-118.94114,54.07022],[-118.94235,54.07015],[-118.94367,54.07001],[-118.94617,54.06998],[-118.94691,54.07004],[-118.94729,54.06998],[-118.94776,54.06981],[-118.94853,54.06981],[-118.94925,54.06988],[-118.94946,54.06992],[-118.94992,54.07001],[-118.95042,54.0701],[-118.95095,54.07025],[-118.95212,54.0705],[-118.95326,54.07064],[-118.95349,54.07065],[-118.95441,54.07053],[-118.95535,54.07035],[-118.95603,54.07028],[-118.95676,54.07026],[-118.95744,54.0703],[-118.958,54.07045],[-118.95843,54.07067],[-118.95895,54.07082],[-118.96032,54.07073],[-118.96108,54.0707],[-118.96169,54.07061],[-118.96227,54.0705],[-118.96261,54.07044],[-118.96294,54.07042],[-118.964,54.07047],[-118.96421,54.0706],[-118.9647,54.07076],[-118.96515,54.07083],[-118.96652,54.07106],[-118.96771,54.07128],[-118.96838,54.07134],[-118.96955,54.07157],[-118.97015,54.07166],[-118.97092,54.07167],[-118.97146,54.07163],[-118.97161,54.07158],[-118.97251,54.07112],[-118.9737,54.07062],[-118.97447,54.0704],[-118.97493,54.07027],[-118.97527,54.07017],[-118.97636,54.06989],[-118.97755,54.06966],[-118.97879,54.06949],[-118.98141,54.06924],[-118.98203,54.06917],[-118.98306,54.06911],[-118.98337,54.06906],[-118.98414,54.06904],[-118.98586,54.06924],[-118.98606,54.06927],[-118.98684,54.06928],[-118.98728,54.06924],[-118.98765,54.06922],[-118.98816,54.06914],[-118.98869,54.06899],[-118.98908,54.06875],[-118.98957,54.06865],[-118.99025,54.06851],[-118.99127,54.06818],[-118.99164,54.06794],[-118.99189,54.06763],[-118.99222,54.06737],[-118.99337,54.06714],[-118.99662,54.06639],[-118.99677,54.06631],[-118.99711,54.06616],[-118.99948,54.06548],[-118.99972,54.06541],[-118.99994,54.06537],[-119.00002,54.06536],[-119.00014,54.06534],[-119.00028,54.06531],[-119.00095,54.06511],[-119.00112,54.06505],[-119.00119,54.06503],[-119.00131,54.06499],[-119.00143,54.06495],[-119.00186,54.06483],[-119.00247,54.06465],[-119.00382,54.06417],[-119.00488,54.0638],[-119.00547,54.06369],[-119.00583,54.06345],[-119.00586,54.06341],[-119.00607,54.06315],[-119.00688,54.0626],[-119.00745,54.06214],[-119.00887,54.06072],[-119.0095,54.06019],[-119.01102,54.05928],[-119.01138,54.05903],[-119.01188,54.05893],[-119.01272,54.05889],[-119.01333,54.059],[-119.01403,54.05907],[-119.01477,54.05918],[-119.01541,54.05918],[-119.01593,54.05925],[-119.01603,54.05926],[-119.01639,54.05928],[-119.01666,54.05929],[-119.01723,54.05917],[-119.01756,54.05891],[-119.01814,54.05885],[-119.01851,54.05887],[-119.01879,54.05884],[-119.01935,54.05871],[-119.02025,54.05833],[-119.02062,54.0581],[-119.02095,54.05784],[-119.02115,54.05761],[-119.02121,54.05754],[-119.02141,54.05721],[-119.02118,54.05694],[-119.02145,54.05665],[-119.02156,54.05636],[-119.02231,54.05591],[-119.02248,54.05556],[-119.02261,54.05518],[-119.02261,54.05487],[-119.0231,54.05426],[-119.02341,54.05399],[-119.02366,54.05368],[-119.02425,54.05312],[-119.02452,54.05282],[-119.02483,54.05212],[-119.02486,54.05196],[-119.02481,54.05168],[-119.02486,54.05126],[-119.02509,54.05095],[-119.02539,54.05071],[-119.02549,54.05101],[-119.02598,54.05089],[-119.02662,54.05049],[-119.02682,54.05038],[-119.02798,54.04973],[-119.02842,54.04954],[-119.02865,54.04941],[-119.02958,54.04888],[-119.02999,54.04867],[-119.03103,54.04793],[-119.03119,54.04778],[-119.0313,54.04764],[-119.03164,54.04694],[-119.03205,54.04672],[-119.03224,54.04638],[-119.03259,54.04627],[-119.03268,54.04648],[-119.03322,54.04623],[-119.03428,54.04501],[-119.03459,54.04473],[-119.03495,54.0445],[-119.03591,54.04416],[-119.03643,54.04401],[-119.03687,54.04382],[-119.03721,54.04356],[-119.03726,54.04341],[-119.03725,54.04316],[-119.03726,54.04315],[-119.0376,54.04246],[-119.03821,54.04055],[-119.0382,54.03972],[-119.03808,54.03926],[-119.03743,54.03773],[-119.03772,54.03711],[-119.03837,54.03614],[-119.03846,54.03601],[-119.03866,54.03574],[-119.03884,54.0355],[-119.03941,54.03493],[-119.04012,54.03444],[-119.04076,54.0341],[-119.04093,54.03401],[-119.04122,54.03387],[-119.04178,54.0336],[-119.04225,54.03342],[-119.04275,54.03326],[-119.04381,54.03298],[-119.0453,54.0325],[-119.04671,54.03193],[-119.04778,54.03121],[-119.04819,54.03107],[-119.04788,54.03132],[-119.04807,54.03148],[-119.04843,54.03124],[-119.04882,54.03102],[-119.04917,54.03077],[-119.04936,54.03044],[-119.04961,54.03022],[-119.05,54.02999],[-119.0504,54.02991],[-119.05153,54.02911],[-119.05222,54.0285],[-119.05244,54.0283],[-119.05347,54.02731],[-119.05391,54.02689],[-119.05422,54.02662],[-119.0546,54.0264],[-119.05545,54.02536],[-119.05561,54.02517],[-119.05576,54.02481],[-119.05587,54.02396],[-119.05596,54.02356],[-119.05637,54.02244],[-119.05655,54.0221],[-119.0567,54.02165],[-119.05677,54.02147],[-119.05691,54.02126],[-119.05703,54.02108],[-119.05725,54.0208],[-119.05744,54.02051],[-119.05792,54.01995],[-119.05823,54.01951],[-119.05842,54.01934],[-119.05912,54.01849],[-119.05944,54.01822],[-119.0602,54.01777],[-119.06061,54.01756],[-119.06125,54.01749],[-119.06148,54.01748],[-119.06319,54.01729],[-119.06377,54.01718],[-119.06428,54.01702],[-119.06485,54.01694],[-119.06532,54.01679],[-119.06548,54.01677],[-119.06556,54.01675],[-119.06581,54.01668],[-119.06602,54.0166],[-119.06626,54.0165],[-119.0668,54.01656],[-119.06736,54.01668],[-119.06803,54.01674],[-119.06875,54.01671],[-119.06937,54.01663],[-119.07038,54.01633],[-119.07103,54.01618],[-119.07117,54.0155],[-119.0719,54.01458],[-119.07253,54.01405],[-119.07256,54.01402],[-119.07325,54.01357],[-119.07349,54.01326],[-119.07382,54.01254],[-119.07416,54.01229],[-119.07473,54.01201],[-119.07515,54.01194],[-119.07578,54.01186],[-119.07662,54.01182],[-119.07795,54.01182],[-119.07826,54.01178],[-119.07848,54.01176],[-119.07935,54.01149],[-119.07986,54.01124],[-119.08024,54.01101],[-119.0807,54.01084],[-119.08094,54.01081],[-119.08168,54.01074],[-119.08197,54.01075],[-119.08271,54.01073],[-119.08328,54.01084],[-119.08388,54.01075],[-119.08441,54.0107],[-119.08506,54.01054],[-119.08555,54.01038],[-119.0864,54.00997],[-119.08684,54.00979],[-119.08778,54.00899],[-119.08799,54.00866],[-119.0885,54.00853],[-119.08891,54.00829],[-119.08935,54.0081],[-119.08971,54.00787],[-119.09012,54.00766],[-119.09036,54.00759],[-119.09062,54.0075],[-119.09082,54.00748],[-119.09112,54.00744],[-119.09164,54.00717],[-119.09203,54.00694],[-119.09213,54.00689],[-119.09272,54.00662],[-119.0929,54.00654],[-119.09447,54.00612],[-119.09505,54.00601],[-119.09568,54.00594],[-119.09683,54.0057],[-119.09788,54.00542],[-119.09876,54.00503],[-119.09975,54.00471],[-119.10089,54.0043],[-119.10211,54.00384],[-119.10306,54.00355],[-119.10362,54.00338],[-119.10417,54.00325],[-119.10478,54.00327],[-119.10493,54.00329],[-119.10641,54.00292],[-119.10812,54.00257],[-119.10872,54.00247],[-119.10927,54.00235],[-119.11072,54.00217],[-119.11116,54.00204],[-119.11172,54.00192],[-119.11224,54.00177],[-119.11279,54.00172],[-119.11373,54.00151],[-119.11405,54.00144],[-119.11515,54.00113],[-119.11561,54.00099],[-119.11569,54.00097],[-119.1161,54.00085],[-119.11654,54.00064],[-119.11721,54.00038],[-119.11744,54.00029],[-119.11792,54.00002],[-119.11795,54.00001],[-119.11804,53.99995],[-119.11833,53.99978],[-119.11871,53.99943],[-119.11876,53.9994],[-119.11931,53.99904],[-119.12003,53.99832],[-119.12044,53.99804],[-119.12073,53.99781],[-119.12104,53.99762],[-119.12156,53.99719],[-119.12167,53.99706],[-119.12172,53.99691],[-119.12172,53.99673],[-119.12164,53.99641],[-119.12168,53.99626],[-119.12231,53.99588],[-119.12249,53.9956],[-119.12258,53.99529],[-119.1226,53.99511],[-119.12264,53.99495],[-119.12274,53.99479],[-119.12281,53.9945],[-119.12274,53.99436],[-119.12245,53.99399],[-119.12237,53.99385],[-119.12237,53.99349],[-119.12231,53.99334],[-119.1221,53.9931],[-119.12198,53.9928],[-119.12195,53.99243],[-119.122,53.99228],[-119.12209,53.99217],[-119.12231,53.99191],[-119.12273,53.99159],[-119.12306,53.99123],[-119.12343,53.9909],[-119.12405,53.99051],[-119.12417,53.99039],[-119.12445,53.99018],[-119.12458,53.99003],[-119.12467,53.98985],[-119.12484,53.98951],[-119.12514,53.98912],[-119.12525,53.989],[-119.12556,53.98882],[-119.12594,53.98867],[-119.12615,53.98861],[-119.12656,53.98854],[-119.12717,53.98849],[-119.12778,53.98848],[-119.12783,53.98849],[-119.12857,53.98855],[-119.12961,53.98868],[-119.13018,53.9887],[-119.13103,53.98849],[-119.13191,53.9883],[-119.13318,53.98817],[-119.13427,53.98813],[-119.13469,53.98804],[-119.13495,53.98797],[-119.1365,53.98743],[-119.13684,53.98726],[-119.1373,53.98698],[-119.13743,53.98687],[-119.13755,53.98675],[-119.13819,53.9858],[-119.13831,53.98567],[-119.13857,53.98546],[-119.13874,53.98518],[-119.13876,53.98502],[-119.13876,53.98494],[-119.13875,53.98472],[-119.13879,53.98461],[-119.13882,53.98453],[-119.13904,53.98428],[-119.13922,53.98402],[-119.13959,53.98368],[-119.1397,53.98355],[-119.13985,53.9833],[-119.1399,53.98318],[-119.13992,53.98314],[-119.13998,53.9828],[-119.1399,53.98235],[-119.13978,53.98165],[-119.13966,53.98134],[-119.13959,53.98104],[-119.13957,53.98067],[-119.13922,53.98015],[-119.13923,53.98],[-119.13929,53.97983],[-119.13954,53.97941],[-119.13948,53.97926],[-119.13931,53.97918],[-119.13911,53.97912],[-119.13845,53.97896],[-119.13793,53.97893],[-119.13733,53.97894],[-119.13704,53.97893],[-119.13678,53.97886],[-119.13661,53.97877],[-119.136,53.97839],[-119.13552,53.97794],[-119.13544,53.97781],[-119.13538,53.97769],[-119.13533,53.97754],[-119.13524,53.97725],[-119.13523,53.9771],[-119.13529,53.97696],[-119.13542,53.97679],[-119.13619,53.97572],[-119.13668,53.97488],[-119.13673,53.97471],[-119.13678,53.97436],[-119.13683,53.97421],[-119.13705,53.97398],[-119.1372,53.97369],[-119.13732,53.97337],[-119.13732,53.97285],[-119.13744,53.97254],[-119.13762,53.97247],[-119.13783,53.97242],[-119.13788,53.97242],[-119.13823,53.97244],[-119.13834,53.97244],[-119.13852,53.97237],[-119.13888,53.97203],[-119.13902,53.97193],[-119.13952,53.97166],[-119.1399,53.97139],[-119.13996,53.97135],[-119.14036,53.97112],[-119.14078,53.97089],[-119.14152,53.97041],[-119.14165,53.97031],[-119.14177,53.97021],[-119.14213,53.97005],[-119.14335,53.96914],[-119.14428,53.96851],[-119.14453,53.96837],[-119.14498,53.96813],[-119.14578,53.96786],[-119.14592,53.96776],[-119.14619,53.96736],[-119.14637,53.96729],[-119.14661,53.96725],[-119.14683,53.9672],[-119.14709,53.96707],[-119.14755,53.96678],[-119.14774,53.96665],[-119.14836,53.9662],[-119.14848,53.96609],[-119.14855,53.96595],[-119.14845,53.96564],[-119.14844,53.96547],[-119.14833,53.96536],[-119.14793,53.96521],[-119.1475,53.96489],[-119.14741,53.96477],[-119.14745,53.96461],[-119.14753,53.96447],[-119.14765,53.96434],[-119.14856,53.96393],[-119.14897,53.96378],[-119.14921,53.96365],[-119.14931,53.96347],[-119.14943,53.96308],[-119.14946,53.96299],[-119.14945,53.96283],[-119.14956,53.9627],[-119.14963,53.96257],[-119.14961,53.96165],[-119.1497,53.96082],[-119.14985,53.96015],[-119.14984,53.96011],[-119.14972,53.96003],[-119.14959,53.96014],[-119.1495,53.96026],[-119.14929,53.96085],[-119.14928,53.96101],[-119.14936,53.96156],[-119.14925,53.9624],[-119.14914,53.96255],[-119.14897,53.96264],[-119.14874,53.96267],[-119.14848,53.96267],[-119.14824,53.96261],[-119.14789,53.96246],[-119.14729,53.96225],[-119.14713,53.96217],[-119.14715,53.96202],[-119.1474,53.96178],[-119.14823,53.96074],[-119.14825,53.96058],[-119.14789,53.96043],[-119.14741,53.96035],[-119.14719,53.9604],[-119.14693,53.96037],[-119.1467,53.96032],[-119.14655,53.96023],[-119.1466,53.9601],[-119.14688,53.9599],[-119.14734,53.95943],[-119.14758,53.95921],[-119.14777,53.95895],[-119.14804,53.95875],[-119.14824,53.95875],[-119.14847,53.95898],[-119.14862,53.95908],[-119.14923,53.95927],[-119.14952,53.95947],[-119.14986,53.95963],[-119.14996,53.95952],[-119.14996,53.95915],[-119.1499,53.95885],[-119.14998,53.95871],[-119.14989,53.95859],[-119.14958,53.95839],[-119.14945,53.95828],[-119.14943,53.95814],[-119.14972,53.95794],[-119.14992,53.95788],[-119.1501,53.95781],[-119.1502,53.95768],[-119.15021,53.95759],[-119.15022,53.95751],[-119.1502,53.95734],[-119.15018,53.95732],[-119.15011,53.9572],[-119.14985,53.95711],[-119.14969,53.95708],[-119.14952,53.957],[-119.14946,53.95686],[-119.14962,53.95638],[-119.1497,53.95625],[-119.15007,53.95609],[-119.15021,53.95598],[-119.1503,53.95586],[-119.15038,53.95573],[-119.15044,53.95554],[-119.15056,53.95521],[-119.15055,53.95508],[-119.15051,53.95493],[-119.15056,53.95478],[-119.15066,53.95466],[-119.15073,53.95453],[-119.15078,53.95418],[-119.15066,53.95407],[-119.15018,53.95379],[-119.14991,53.95358],[-119.14978,53.95343],[-119.14958,53.95323],[-119.14954,53.95307],[-119.14955,53.9529],[-119.1496,53.95274],[-119.14968,53.9526],[-119.14979,53.95249],[-119.15021,53.95218],[-119.15086,53.95186],[-119.15128,53.9517],[-119.15227,53.95135],[-119.15259,53.95128],[-119.15281,53.95123],[-119.15292,53.95119],[-119.15336,53.9505],[-119.1535,53.9502],[-119.1538,53.94982],[-119.15385,53.94947],[-119.1539,53.94931],[-119.1542,53.94892],[-119.1543,53.94872],[-119.15444,53.94845],[-119.1545,53.94834],[-119.15466,53.94806],[-119.15519,53.9475],[-119.15551,53.94722],[-119.15588,53.94705],[-119.15638,53.94679],[-119.15657,53.94672],[-119.15745,53.94654],[-119.15768,53.94651],[-119.15839,53.94636],[-119.15933,53.94621],[-119.16,53.94607],[-119.1605,53.94594],[-119.16085,53.94583],[-119.16102,53.94575],[-119.16215,53.94498],[-119.16221,53.94494],[-119.16242,53.94489],[-119.16259,53.94481],[-119.16271,53.94448],[-119.16286,53.94419],[-119.16293,53.94386],[-119.16291,53.94369],[-119.16267,53.94312],[-119.16264,53.94295],[-119.16268,53.9428],[-119.16284,53.94256],[-119.1631,53.94227],[-119.16336,53.94204],[-119.16364,53.94183],[-119.16376,53.9417],[-119.16443,53.94122],[-119.16467,53.94104],[-119.16476,53.94098],[-119.16513,53.9406],[-119.16523,53.9405],[-119.16575,53.94004],[-119.16585,53.93992],[-119.16596,53.93959],[-119.16599,53.93923],[-119.16615,53.93874],[-119.16631,53.93848],[-119.16695,53.9381],[-119.16698,53.93797],[-119.16691,53.9378],[-119.1668,53.93769],[-119.16635,53.9374],[-119.16624,53.93728],[-119.16611,53.93702],[-119.16591,53.93644],[-119.16576,53.93615],[-119.16551,53.93593],[-119.16514,53.93555],[-119.16506,53.93546],[-119.16497,53.93534],[-119.16492,53.93511],[-119.16491,53.93504],[-119.16478,53.93491],[-119.16468,53.93484],[-119.1643,53.93463],[-119.1637,53.93424],[-119.16351,53.93399],[-119.16293,53.93322],[-119.1628,53.93294],[-119.16271,53.93248],[-119.16301,53.93225],[-119.16312,53.93213],[-119.16319,53.93199],[-119.16321,53.93185],[-119.16331,53.93053],[-119.16325,53.93022],[-119.16317,53.93008],[-119.16283,53.92972],[-119.1628,53.92958],[-119.1628,53.92906],[-119.16267,53.92824],[-119.16226,53.92682],[-119.16224,53.92676],[-119.16205,53.92621],[-119.16174,53.92568],[-119.16148,53.92492],[-119.1613,53.92466],[-119.16127,53.92453],[-119.16134,53.92438],[-119.16145,53.92425],[-119.16158,53.92414],[-119.16202,53.92391],[-119.16228,53.92382],[-119.16236,53.9237],[-119.16234,53.92356],[-119.16213,53.92326],[-119.16185,53.92254],[-119.16173,53.92187],[-119.16161,53.92153],[-119.16164,53.92085],[-119.16161,53.92068],[-119.16144,53.92024],[-119.16142,53.92009],[-119.16135,53.91993],[-119.16145,53.91962],[-119.16149,53.91949],[-119.1615,53.91935],[-119.16151,53.91931],[-119.1613,53.91886],[-119.16117,53.91874],[-119.16029,53.91831],[-119.15991,53.91799],[-119.15975,53.9179],[-119.1594,53.91773],[-119.15925,53.91762],[-119.15914,53.91748],[-119.15898,53.91725],[-119.15887,53.91712],[-119.15839,53.91668],[-119.15819,53.91643],[-119.15756,53.91585],[-119.1574,53.91574],[-119.15723,53.91566],[-119.15651,53.91513],[-119.15587,53.91455],[-119.15536,53.91389],[-119.1551,53.91348],[-119.15493,53.913],[-119.15478,53.91258],[-119.15453,53.91216],[-119.15451,53.91213],[-119.15421,53.91179],[-119.15372,53.91117],[-119.15319,53.91042],[-119.15301,53.91004],[-119.15277,53.90979],[-119.1526,53.90959],[-119.15247,53.90943],[-119.1518,53.90881],[-119.15161,53.90861],[-119.15152,53.90849],[-119.15141,53.90827],[-119.15124,53.90792],[-119.15085,53.90742],[-119.1507,53.90715],[-119.1506,53.90684],[-119.1506,53.90668],[-119.15056,53.9065],[-119.15041,53.9062],[-119.15021,53.90556],[-119.15032,53.90492],[-119.15033,53.9049],[-119.15036,53.90476],[-119.15044,53.90439],[-119.15044,53.90382],[-119.15053,53.90359],[-119.15062,53.90343],[-119.15096,53.90278],[-119.15102,53.90226],[-119.15089,53.9017],[-119.15088,53.90144],[-119.151,53.90095],[-119.15106,53.90042],[-119.15112,53.89989],[-119.15122,53.89958],[-119.15123,53.89939],[-119.15108,53.89912],[-119.15105,53.89902],[-119.15104,53.89896],[-119.15115,53.89872],[-119.15132,53.8986],[-119.15137,53.89843],[-119.15142,53.89787],[-119.15149,53.89767],[-119.15175,53.89692],[-119.15193,53.89662],[-119.15215,53.89639],[-119.15243,53.89617],[-119.15258,53.89608],[-119.15261,53.89607],[-119.15296,53.89594],[-119.15308,53.89583],[-119.15331,53.89522],[-119.15344,53.89511],[-119.15386,53.895],[-119.15401,53.89491],[-119.1543,53.89471],[-119.15451,53.89465],[-119.155,53.89458],[-119.15521,53.89453],[-119.15525,53.89448],[-119.15524,53.89428],[-119.15512,53.89398],[-119.15509,53.89354],[-119.15512,53.89306],[-119.15519,53.89291],[-119.15555,53.89255],[-119.15575,53.89228],[-119.15589,53.89217],[-119.15621,53.89199],[-119.15679,53.8918],[-119.15795,53.89162],[-119.15889,53.89162],[-119.15972,53.89156],[-119.16002,53.89157],[-119.1605,53.8915],[-119.16101,53.89157],[-119.16129,53.89157],[-119.1615,53.89152],[-119.16184,53.89135],[-119.16205,53.89129],[-119.16232,53.89128],[-119.1629,53.89131],[-119.16315,53.89128],[-119.16323,53.89129],[-119.16366,53.89135],[-119.16394,53.89136],[-119.16445,53.89133],[-119.16457,53.89131],[-119.16469,53.89128],[-119.16471,53.89128],[-119.16476,53.89126],[-119.16438,53.88951],[-119.16425,53.88889],[-119.16399,53.88782],[-119.16383,53.88743],[-119.16361,53.88707],[-119.16331,53.88671],[-119.16298,53.88643],[-119.16206,53.88586],[-119.16165,53.88566],[-119.16107,53.88545],[-119.16016,53.88523],[-119.1595,53.88511],[-119.15868,53.88504],[-119.158,53.88501],[-119.15721,53.88505],[-119.15654,53.88513],[-119.15563,53.88531],[-119.15501,53.88548],[-119.15427,53.88575],[-119.15374,53.88601],[-119.15343,53.88621],[-119.15329,53.8863],[-119.15078,53.88843],[-119.14984,53.88916],[-119.14831,53.89015],[-119.14746,53.89059],[-119.14665,53.89096],[-119.14304,53.89241],[-119.14176,53.8929],[-119.141,53.89326],[-119.13664,53.89562],[-119.13495,53.89649],[-119.13349,53.89728],[-119.13256,53.89771],[-119.13221,53.89787],[-119.13141,53.89813],[-119.13062,53.89834],[-119.13055,53.89836],[-119.12992,53.89847],[-119.12874,53.8986],[-119.12783,53.89867],[-119.12699,53.89867],[-119.12607,53.8986],[-119.12502,53.89845],[-119.1241,53.89825],[-119.12299,53.89792],[-119.12229,53.89766],[-119.12157,53.89732],[-119.12089,53.89694],[-119.1203,53.89651],[-119.11988,53.89612],[-119.11905,53.8951],[-119.11774,53.89333],[-119.11757,53.8928],[-119.11712,53.89216],[-119.11638,53.89124],[-119.1157,53.89044],[-119.11462,53.88902],[-119.11428,53.8886],[-119.11391,53.88814],[-119.11351,53.88758],[-119.1132,53.88722],[-119.1128,53.88689],[-119.11199,53.88637],[-119.11079,53.88575],[-119.11023,53.88551],[-119.10935,53.88519],[-119.10836,53.88491],[-119.10775,53.88478],[-119.10655,53.88461],[-119.10568,53.88453],[-119.10539,53.88454],[-119.1053,53.88455],[-119.10445,53.88457],[-119.10321,53.88468],[-119.10249,53.88479],[-119.1014,53.88503],[-119.09989,53.88552],[-119.09966,53.88563],[-119.09826,53.88626],[-119.09736,53.88661],[-119.09716,53.88671],[-119.09527,53.88747],[-119.09457,53.88778],[-119.09287,53.88845],[-119.09132,53.88911],[-119.09057,53.88934],[-119.08965,53.88968],[-119.08745,53.89027],[-119.0861,53.89059],[-119.08486,53.89081],[-119.08421,53.89093],[-119.08266,53.89112],[-119.08242,53.89115],[-119.0801,53.89152],[-119.07879,53.89187],[-119.07806,53.89211],[-119.07745,53.89237],[-119.07677,53.89274],[-119.07598,53.89326],[-119.07539,53.89372],[-119.07059,53.89838],[-119.06902,53.89986],[-119.06886,53.89999],[-119.06807,53.90063],[-119.06745,53.90104],[-119.06678,53.9014],[-119.06569,53.90191],[-119.0645,53.90239],[-119.06331,53.90281],[-119.06074,53.90364],[-119.0582,53.90448],[-119.05411,53.90587],[-119.05329,53.90621],[-119.05237,53.90666],[-119.05171,53.90707],[-119.05129,53.90742],[-119.05082,53.90792],[-119.04907,53.91024],[-119.04728,53.91268],[-119.04679,53.91329],[-119.04625,53.91381],[-119.04569,53.91424],[-119.04512,53.91458],[-119.04442,53.91493],[-119.04336,53.91536],[-119.04267,53.91557],[-119.0418,53.91575],[-119.03962,53.91609],[-119.038,53.91634],[-119.03722,53.91647],[-119.03583,53.91668],[-119.03137,53.91739],[-119.02344,53.91861],[-119.01958,53.9192],[-119.01475,53.91996],[-119.01306,53.92023],[-119.01072,53.92063],[-119.00943,53.92091],[-119.00814,53.92125],[-119.00655,53.92175],[-119.00459,53.92244],[-119.00363,53.9228],[-119.00263,53.92329],[-119.00141,53.92382],[-119.00129,53.92387],[-119.00117,53.92393],[-119.00078,53.92414],[-119.00014,53.92443],[-119.00002,53.92449],[-118.9999,53.92455],[-118.99975,53.92461],[-118.99805,53.92536],[-118.99787,53.92544],[-118.99717,53.92571],[-118.99638,53.92597],[-118.99531,53.92628],[-118.9944,53.92646],[-118.99333,53.92663],[-118.99219,53.92674],[-118.99116,53.92682],[-118.98899,53.92684],[-118.98763,53.92682],[-118.9871,53.92681],[-118.98485,53.92675],[-118.98102,53.9267],[-118.97345,53.92658],[-118.9724,53.92658],[-118.97098,53.92663],[-118.97031,53.92668],[-118.96966,53.92672],[-118.96884,53.92679],[-118.96544,53.92727],[-118.96167,53.92784],[-118.96025,53.92803],[-118.95887,53.92819],[-118.95648,53.92833],[-118.95388,53.92834],[-118.95209,53.92831],[-118.95034,53.9283],[-118.93764,53.9281],[-118.93295,53.92804],[-118.93156,53.92803],[-118.92903,53.928],[-118.92762,53.92796],[-118.92623,53.92786],[-118.92515,53.92769],[-118.92417,53.92746],[-118.92332,53.92717],[-118.92242,53.92678],[-118.92169,53.92639],[-118.92003,53.92545],[-118.91926,53.92505],[-118.91839,53.92469],[-118.9173,53.92442],[-118.91615,53.92423],[-118.91486,53.92417],[-118.91372,53.92423],[-118.91248,53.92447],[-118.91147,53.92478],[-118.9106,53.9252],[-118.91,53.92558],[-118.90944,53.92605],[-118.90895,53.92662],[-118.90697,53.92868],[-118.90639,53.92915],[-118.90571,53.92955],[-118.90495,53.92989],[-118.90389,53.93021],[-118.90309,53.93036],[-118.90233,53.93044],[-118.90128,53.93051],[-118.88802,53.93062],[-118.8871,53.93061],[-118.88415,53.93045],[-118.88236,53.93026],[-118.88147,53.93013],[-118.87511,53.92917],[-118.87245,53.92875],[-118.87136,53.92861],[-118.86829,53.92815],[-118.86721,53.92797],[-118.86609,53.92781],[-118.86213,53.9272],[-118.85994,53.92693],[-118.85807,53.92677],[-118.85719,53.92673],[-118.85613,53.92671],[-118.85153,53.9267],[-118.84323,53.92671],[-118.84062,53.92667],[-118.83927,53.92658],[-118.83826,53.92647],[-118.83612,53.92611],[-118.83516,53.92589],[-118.8347,53.92578],[-118.83156,53.925],[-118.8298,53.92459],[-118.82916,53.92442],[-118.82845,53.92429],[-118.82682,53.92409],[-118.82601,53.92407],[-118.82511,53.9241],[-118.82425,53.92417],[-118.82326,53.9243],[-118.81802,53.9253],[-118.81657,53.9256],[-118.81446,53.926],[-118.81361,53.92618],[-118.81271,53.92634],[-118.81187,53.92652],[-118.81094,53.92669],[-118.81016,53.92685],[-118.80923,53.92702],[-118.80779,53.92725],[-118.80707,53.92733],[-118.80616,53.92739],[-118.80468,53.92743],[-118.80345,53.92743],[-118.80223,53.92739],[-118.79818,53.92701],[-118.79723,53.92695],[-118.7946,53.92667],[-118.7926,53.92651],[-118.79075,53.92632],[-118.78984,53.92626],[-118.78863,53.92612],[-118.7879,53.92606],[-118.78647,53.92593],[-118.78579,53.92584],[-118.78279,53.92558],[-118.78177,53.92547],[-118.77959,53.92526],[-118.77821,53.92512],[-118.77472,53.92478],[-118.77382,53.92472],[-118.77232,53.92467],[-118.77142,53.92469],[-118.77068,53.92473],[-118.76917,53.9249],[-118.76798,53.92509],[-118.76734,53.92525],[-118.76688,53.92536],[-118.76556,53.92574],[-118.76375,53.92633],[-118.76313,53.92651],[-118.76063,53.9273],[-118.75996,53.92752],[-118.75876,53.92789],[-118.75874,53.92789],[-118.7586,53.92793],[-118.75846,53.92798],[-118.75716,53.92839],[-118.75669,53.92852],[-118.75557,53.92879],[-118.75516,53.92889],[-118.75346,53.92921],[-118.75276,53.92932],[-118.7514,53.92943],[-118.75128,53.92944],[-118.75116,53.92945],[-118.75014,53.9295],[-118.75002,53.92951],[-118.74989,53.92952],[-118.74919,53.92955],[-118.73876,53.93011],[-118.73649,53.93022],[-118.72773,53.93067],[-118.72591,53.93078],[-118.72303,53.93091],[-118.72184,53.93097],[-118.72016,53.93096],[-118.71859,53.93089],[-118.71815,53.93089],[-118.71747,53.93085],[-118.71688,53.93079],[-118.7155,53.93063],[-118.71502,53.93058],[-118.71299,53.9303],[-118.7121,53.93015],[-118.71164,53.93012],[-118.71062,53.92999],[-118.7072,53.92949],[-118.7037,53.92905],[-118.70232,53.92883],[-118.69844,53.92831],[-118.69783,53.92821],[-118.69602,53.92799],[-118.69433,53.92774],[-118.69032,53.9272],[-118.68427,53.92637],[-118.68243,53.92611],[-118.67854,53.92561],[-118.67513,53.92512],[-118.67264,53.92479],[-118.67248,53.92526],[-118.67241,53.92538],[-118.6721,53.92577],[-118.67185,53.92598],[-118.67156,53.92616],[-118.6712,53.92633],[-118.6708,53.92647],[-118.67029,53.92659],[-118.6691,53.92682],[-118.66747,53.92706],[-118.66683,53.92717],[-118.66512,53.9276],[-118.66451,53.92778],[-118.66406,53.92797],[-118.66314,53.9285],[-118.66283,53.92872],[-118.66219,53.92934],[-118.66196,53.92969],[-118.66178,53.93014],[-118.66175,53.93021],[-118.6617,53.93062],[-118.66176,53.93117],[-118.66181,53.93172],[-118.66204,53.93286],[-118.66204,53.93289],[-118.66214,53.9335],[-118.66214,53.93352],[-118.66215,53.93389],[-118.662,53.93453],[-118.66181,53.93534],[-118.66155,53.93606],[-118.66134,53.93678],[-118.66115,53.93783],[-118.66114,53.93823],[-118.6612,53.9387],[-118.66131,53.93905],[-118.66155,53.93948],[-118.66199,53.94008],[-118.66259,53.94075],[-118.6652,53.94302],[-118.66625,53.94397],[-118.66872,53.94614],[-118.67033,53.94755],[-118.67092,53.94808],[-118.6714,53.94858],[-118.6725,53.94952],[-118.67296,53.94995],[-118.67366,53.95046],[-118.67412,53.95082],[-118.675,53.95145],[-118.67551,53.95172],[-118.67632,53.95206],[-118.67811,53.95295],[-118.67914,53.95349],[-118.68052,53.95409],[-118.68216,53.95495],[-118.68321,53.95553],[-118.68401,53.9561],[-118.68434,53.95645],[-118.68472,53.95693],[-118.68487,53.95722],[-118.68504,53.95801],[-118.68506,53.95845],[-118.68496,53.95913],[-118.6848,53.95953],[-118.68465,53.95977],[-118.68449,53.96001],[-118.68408,53.96049],[-118.68346,53.96097],[-118.68293,53.96135],[-118.68247,53.96159],[-118.68158,53.96194],[-118.68099,53.9621],[-118.68037,53.96223],[-118.67886,53.96258],[-118.67752,53.96284],[-118.67592,53.96323],[-118.67501,53.96342],[-118.67369,53.96375],[-118.6727,53.96395],[-118.67016,53.96451],[-118.66999,53.96456],[-118.66881,53.96489],[-118.66822,53.9651],[-118.66712,53.96559],[-118.66679,53.96578],[-118.66592,53.96661],[-118.66526,53.96778],[-118.66485,53.96834],[-118.66457,53.96892],[-118.66318,53.97077],[-118.66307,53.97096],[-118.66279,53.97121],[-118.66256,53.97133],[-118.66228,53.97145],[-118.66192,53.97158],[-118.66125,53.97177],[-118.6611,53.97187],[-118.66083,53.97194],[-118.66016,53.97219],[-118.65929,53.97256],[-118.65808,53.97315],[-118.65585,53.97452],[-118.655,53.97523],[-118.65466,53.97558],[-118.65368,53.97723],[-118.65317,53.97789],[-118.65291,53.97818],[-118.65239,53.97861],[-118.65108,53.97951],[-118.64982,53.98017],[-118.6494,53.98038],[-118.64876,53.98076],[-118.64834,53.98093],[-118.64819,53.98102],[-118.64814,53.9811],[-118.6474,53.98143],[-118.64688,53.9817],[-118.64532,53.98243],[-118.64479,53.98261],[-118.64402,53.98291],[-118.64319,53.98307],[-118.6429,53.98345],[-118.64243,53.98381],[-118.64124,53.98447],[-118.64042,53.98516],[-118.63894,53.98629],[-118.63825,53.98716],[-118.63733,53.98842],[-118.63629,53.98976],[-118.63507,53.99132],[-118.63386,53.99287],[-118.63316,53.99363],[-118.63247,53.99461],[-118.63195,53.99537],[-118.63137,53.99591],[-118.63108,53.99645],[-118.63051,53.99698],[-118.63009,53.9974],[-118.62951,53.9979],[-118.62886,53.9984],[-118.62828,53.99911],[-118.62764,53.99996],[-118.62651,54.00164],[-118.62633,54.00192],[-118.6261,54.00225],[-118.62582,54.00271],[-118.62554,54.00312],[-118.62508,54.0037],[-118.6248,54.00402],[-118.62434,54.00438],[-118.62373,54.00479],[-118.62297,54.00525],[-118.62249,54.00557],[-118.62194,54.00595],[-118.62155,54.00627],[-118.62129,54.00649],[-118.62104,54.00679],[-118.62091,54.00708],[-118.62077,54.0074],[-118.62074,54.00779],[-118.62072,54.00829],[-118.62093,54.00947],[-118.62117,54.01121],[-118.62121,54.01152],[-118.62125,54.01193],[-118.62122,54.0123],[-118.62116,54.01251],[-118.62103,54.01276],[-118.62086,54.01302],[-118.62047,54.0135],[-118.62006,54.01405],[-118.61911,54.01565],[-118.61874,54.01623],[-118.61818,54.01702],[-118.61792,54.01743],[-118.61767,54.01782],[-118.61747,54.01815],[-118.61726,54.01848],[-118.61703,54.01881],[-118.61684,54.0191],[-118.61662,54.01935],[-118.61636,54.01961],[-118.61603,54.01998],[-118.61574,54.02039],[-118.61549,54.02077],[-118.61525,54.02113],[-118.61505,54.0214],[-118.6148,54.02167],[-118.61454,54.02191],[-118.614,54.02231],[-118.61355,54.02266],[-118.61308,54.02303],[-118.61268,54.02335],[-118.61195,54.02387],[-118.6116,54.02416],[-118.61129,54.02441],[-118.61094,54.02465],[-118.61052,54.0249],[-118.61003,54.02518],[-118.60937,54.02556],[-118.60876,54.02594],[-118.60824,54.02632],[-118.60745,54.02691],[-118.60689,54.02735],[-118.6063,54.02781],[-118.60554,54.02843],[-118.60517,54.02874],[-118.6049,54.02905],[-118.60467,54.02938],[-118.60443,54.02971],[-118.60412,54.03002],[-118.60382,54.03029],[-118.60354,54.03051],[-118.60326,54.03068],[-118.60298,54.03081],[-118.60263,54.03097],[-118.60191,54.03119],[-118.60089,54.03176],[-118.60056,54.03196],[-118.59969,54.03249],[-118.59915,54.03282],[-118.59836,54.03335],[-118.59789,54.0337],[-118.59654,54.03489],[-118.5958,54.03547],[-118.59555,54.03563],[-118.59525,54.03589],[-118.59412,54.03675],[-118.59389,54.03706],[-118.59363,54.03751],[-118.5931,54.03896],[-118.59293,54.03934],[-118.59198,54.04102],[-118.59147,54.04184],[-118.59053,54.04305],[-118.58996,54.04371],[-118.58962,54.04394],[-118.58918,54.04407],[-118.5886,54.04417],[-118.58705,54.04426],[-118.58633,54.04434],[-118.58587,54.0445],[-118.58464,54.04533],[-118.58394,54.04571],[-118.58346,54.04589],[-118.58223,54.04633],[-118.58163,54.04658],[-118.58061,54.04712],[-118.58024,54.04743],[-118.58006,54.04761],[-118.57989,54.04777],[-118.57957,54.04817],[-118.57919,54.04853],[-118.57876,54.04889],[-118.578,54.04963],[-118.57733,54.05105],[-118.57702,54.05142],[-118.57596,54.05192],[-118.57524,54.05218],[-118.5747,54.05244],[-118.5741,54.05283],[-118.57294,54.05352],[-118.57241,54.05377],[-118.57027,54.05469],[-118.56975,54.05496],[-118.56952,54.05516],[-118.56932,54.05541],[-118.56876,54.05637],[-118.56859,54.05672],[-118.56847,54.05693],[-118.5678,54.05893],[-118.56759,54.05987],[-118.5675,54.06114],[-118.56739,54.06157],[-118.56725,54.06198],[-118.56688,54.06279],[-118.56649,54.06349],[-118.5662,54.0638],[-118.56456,54.06533],[-118.56421,54.06578],[-118.56398,54.0663],[-118.56385,54.06691],[-118.56378,54.06772],[-118.56378,54.06788],[-118.56375,54.06798],[-118.56364,54.0683],[-118.56339,54.06866],[-118.56303,54.06902],[-118.56223,54.06971],[-118.56146,54.07043],[-118.56117,54.07086],[-118.56015,54.07335],[-118.55961,54.07438],[-118.55892,54.07507],[-118.55817,54.0757],[-118.55784,54.07602],[-118.55764,54.0764],[-118.55761,54.07653],[-118.5575,54.07692],[-118.55733,54.07807],[-118.55709,54.07915],[-118.55687,54.07961],[-118.55657,54.08014],[-118.55644,54.08036],[-118.55624,54.0806],[-118.55463,54.08289],[-118.5541,54.08367],[-118.55382,54.08405],[-118.55233,54.08664],[-118.55077,54.08937],[-118.55036,54.09005],[-118.55003,54.09046],[-118.54989,54.09065],[-118.54973,54.09076],[-118.54941,54.09105],[-118.54748,54.09245],[-118.54682,54.09296],[-118.5459,54.09359],[-118.54518,54.09416],[-118.54457,54.09473],[-118.54376,54.09559],[-118.54321,54.09617],[-118.53964,54.09993],[-118.53928,54.10027],[-118.53858,54.10099],[-118.53737,54.10208],[-118.53646,54.10302],[-118.53624,54.10333],[-118.53565,54.10431],[-118.53528,54.10511],[-118.53502,54.1061],[-118.53491,54.10704],[-118.53475,54.10747],[-118.53452,54.10792],[-118.53425,54.10832],[-118.53376,54.10922],[-118.53329,54.10995],[-118.53295,54.11033],[-118.53276,54.1106],[-118.53263,54.11089],[-118.53272,54.1116],[-118.5329,54.11199],[-118.5332,54.11242],[-118.53345,54.11271],[-118.53372,54.11313],[-118.53411,54.11391],[-118.5345,54.11507],[-118.53459,54.1155],[-118.5346,54.11583],[-118.53458,54.11596],[-118.5344,54.11632],[-118.53413,54.1167],[-118.53383,54.11703],[-118.53347,54.11731],[-118.53196,54.11803],[-118.53105,54.11859],[-118.53072,54.1189],[-118.53039,54.11934],[-118.52963,54.12077],[-118.52871,54.12195],[-118.52801,54.12267],[-118.52717,54.12336],[-118.52683,54.12368],[-118.52586,54.12495],[-118.52578,54.12503],[-118.52401,54.12663],[-118.52326,54.12785],[-118.52294,54.12827],[-118.52234,54.12885],[-118.52197,54.12912],[-118.5216,54.1293],[-118.52084,54.12959],[-118.52029,54.12965],[-118.5186,54.12961],[-118.51825,54.12963],[-118.51749,54.12978],[-118.51646,54.13009],[-118.51503,54.13062],[-118.51434,54.13089],[-118.51386,54.13104],[-118.51299,54.13138],[-118.51257,54.13168],[-118.51226,54.13194],[-118.51197,54.13236],[-118.51048,54.13431],[-118.50999,54.13492],[-118.50963,54.13566],[-118.50951,54.13627],[-118.50919,54.13723],[-118.50896,54.13803],[-118.5088,54.13904],[-118.50861,54.13993],[-118.50855,54.14002],[-118.50831,54.14079],[-118.50804,54.14141],[-118.50775,54.1417],[-118.50746,54.14185],[-118.50713,54.14205],[-118.50691,54.14214],[-118.50652,54.14229],[-118.50631,54.14234],[-118.50617,54.14236],[-118.50584,54.14236],[-118.50527,54.14241],[-118.50296,54.14243],[-118.50249,54.14252],[-118.50199,54.14257],[-118.50173,54.1426],[-118.50129,54.14267],[-118.50089,54.14274],[-118.50014,54.1429],[-118.50002,54.14292],[-118.49989,54.14295],[-118.49879,54.14315],[-118.49795,54.14334],[-118.49775,54.14338],[-118.49692,54.14355],[-118.4964,54.14371],[-118.49617,54.14378],[-118.49515,54.14422],[-118.4949,54.14436],[-118.49418,54.14466],[-118.49366,54.14492],[-118.49293,54.14517],[-118.49267,54.1453],[-118.49213,54.14548],[-118.49192,54.14558],[-118.49184,54.14569],[-118.49169,54.1458],[-118.49121,54.14623],[-118.49087,54.14669],[-118.49014,54.14821],[-118.48973,54.14913],[-118.4895,54.15003],[-118.48943,54.15031],[-118.48913,54.15103],[-118.48793,54.15248],[-118.48743,54.15293],[-118.48703,54.15341],[-118.48659,54.15387],[-118.48642,54.15411],[-118.48605,54.15484],[-118.48564,54.15587],[-118.48509,54.15727],[-118.48494,54.15768],[-118.48486,54.1585],[-118.48484,54.15868],[-118.48498,54.15915],[-118.48523,54.15975],[-118.48532,54.16013],[-118.48539,54.16074],[-118.48559,54.16159],[-118.48587,54.16248],[-118.48597,54.16269],[-118.48611,54.16301],[-118.48612,54.16331],[-118.48613,54.16341],[-118.48588,54.16555],[-118.4859,54.16697],[-118.48583,54.16747],[-118.48531,54.16821],[-118.48505,54.16846],[-118.48481,54.16876],[-118.4841,54.16956],[-118.48371,54.16996],[-118.4836,54.17012],[-118.4834,54.17023],[-118.48229,54.17099],[-118.48197,54.17116],[-118.48163,54.17139],[-118.48143,54.17153],[-118.48083,54.1719],[-118.48063,54.17212],[-118.48034,54.17256],[-118.48028,54.17279],[-118.48014,54.17366],[-118.48002,54.17429],[-118.47974,54.17505],[-118.4788,54.1763],[-118.47827,54.17684],[-118.47815,54.17701],[-118.47762,54.17759],[-118.4774,54.17791],[-118.47629,54.17936],[-118.47602,54.17957],[-118.47576,54.17986],[-118.47476,54.18093],[-118.47446,54.18116],[-118.47381,54.18179],[-118.47287,54.18258],[-118.47087,54.18438],[-118.47046,54.18475],[-118.46974,54.1852],[-118.46914,54.18542],[-118.46879,54.1855],[-118.46714,54.18572],[-118.46564,54.18583],[-118.46423,54.186],[-118.46318,54.18629],[-118.46266,54.18651],[-118.46206,54.18672],[-118.46166,54.18691],[-118.45881,54.18813],[-118.45756,54.18874],[-118.45632,54.18982],[-118.45602,54.19004],[-118.45432,54.19146],[-118.45353,54.1919],[-118.45279,54.1922],[-118.45208,54.1924],[-118.44964,54.19322],[-118.4486,54.19365],[-118.44823,54.19377],[-118.44812,54.19381],[-118.4476,54.19403],[-118.44685,54.19425],[-118.44652,54.19431],[-118.44499,54.19442],[-118.44318,54.19446],[-118.44261,54.1945],[-118.43981,54.19456],[-118.43896,54.19475],[-118.43851,54.1949],[-118.43766,54.19535],[-118.43738,54.19557],[-118.43723,54.19564],[-118.43638,54.19611],[-118.43548,54.19666],[-118.43512,54.1969],[-118.43457,54.19721],[-118.43408,54.19748],[-118.43396,54.19758],[-118.43284,54.19823],[-118.43124,54.19884],[-118.43086,54.19909],[-118.4306,54.19934],[-118.42979,54.20005],[-118.42933,54.20039],[-118.42877,54.20095],[-118.42788,54.20206],[-118.42764,54.20246],[-118.42708,54.20317],[-118.42633,54.20447],[-118.42626,54.20459],[-118.42557,54.20594],[-118.42534,54.20652],[-118.42511,54.2079],[-118.42497,54.20832],[-118.42442,54.20925],[-118.42413,54.20966],[-118.4232,54.21033],[-118.42193,54.21104],[-118.42152,54.21143],[-118.42101,54.21193],[-118.42078,54.21232],[-118.42066,54.21243],[-118.42052,54.213],[-118.42052,54.21357],[-118.4207,54.21449],[-118.42111,54.21534],[-118.42137,54.21577],[-118.4216,54.21616],[-118.42182,54.21638],[-118.42198,54.21659],[-118.42215,54.21682],[-118.42242,54.21702],[-118.42279,54.21755],[-118.42316,54.21795],[-118.42321,54.21807],[-118.42334,54.21838],[-118.42338,54.21868],[-118.42355,54.21989],[-118.42369,54.22054],[-118.4239,54.22174],[-118.4239,54.22207],[-118.42349,54.22343],[-118.4235,54.224],[-118.42356,54.22411],[-118.42389,54.2247],[-118.42431,54.22525],[-118.42509,54.22607],[-118.42546,54.22663],[-118.42565,54.2271],[-118.42591,54.22807],[-118.42615,54.22983],[-118.42615,54.23044],[-118.426,54.23072],[-118.42582,54.23092],[-118.42561,54.23109],[-118.42531,54.23124],[-118.42501,54.23132],[-118.42461,54.23145],[-118.42377,54.23171],[-118.42335,54.2318],[-118.42247,54.23207],[-118.42112,54.23252],[-118.4208,54.23267],[-118.42033,54.233],[-118.41968,54.23345],[-118.41934,54.23376],[-118.41869,54.23445],[-118.41844,54.2348],[-118.41829,54.23515],[-118.41829,54.2356],[-118.41834,54.23602],[-118.41848,54.23638],[-118.41869,54.23668],[-118.41958,54.23739],[-118.41983,54.23766],[-118.42086,54.23846],[-118.42089,54.23877],[-118.4208,54.23919],[-118.42055,54.23949],[-118.42055,54.23949],[-118.42471,54.23949],[-118.42517,54.23949],[-118.4375,54.23948],[-118.44969,54.23948],[-118.45015,54.23948],[-118.46249,54.23948],[-118.47468,54.23949],[-118.47514,54.23949],[-118.48748,54.23949],[-118.49967,54.2395],[-118.50013,54.2395],[-118.51248,54.2395],[-118.52465,54.2395],[-118.52511,54.2395]]]},"properties":{"WMUNIT_NAME":"Joachim","WMUNIT_CODE":"00441","GlobalID":"{5F5F825A-667E-431E-9270-97F9EA22A5D2}","OBJECTID":57,"Shape__Area":782448142.3600533,"Shape__Length":157446.80536553473}},{"type":"Feature","id":64,"geometry":{"type":"Polygon","coordinates":[[[-119.03726,54.07105],[-119.0373,54.07104],[-119.03798,54.07097],[-119.03866,54.07092],[-119.03927,54.07084],[-119.0407,54.07079],[-119.04142,54.07081],[-119.04204,54.0709],[-119.0427,54.07093],[-119.0429,54.07093],[-119.04478,54.0707],[-119.04529,54.07055],[-119.04573,54.07035],[-119.04608,54.0701],[-119.04657,54.06951],[-119.04664,54.06905],[-119.04646,54.06871],[-119.04654,54.06834],[-119.04704,54.06819],[-119.04761,54.06808],[-119.04795,54.06798],[-119.04882,54.06805],[-119.04946,54.06813],[-119.04949,54.06814],[-119.04996,54.06824],[-119.05048,54.06836],[-119.05063,54.06841],[-119.05144,54.06877],[-119.05182,54.06899],[-119.05202,54.06922],[-119.05211,54.06935],[-119.05217,54.06974],[-119.05204,54.07011],[-119.05207,54.07049],[-119.05225,54.07091],[-119.05248,54.07123],[-119.05281,54.07148],[-119.05332,54.07163],[-119.05373,54.07145],[-119.05395,54.07114],[-119.05476,54.07072],[-119.05525,54.07056],[-119.05582,54.07044],[-119.05653,54.07047],[-119.05719,54.07054],[-119.05936,54.07049],[-119.0599,54.07058],[-119.06052,54.07051],[-119.06106,54.07039],[-119.06148,54.07019],[-119.0623,54.06951],[-119.06242,54.0694],[-119.06282,54.06919],[-119.06312,54.06892],[-119.06315,54.06831],[-119.06328,54.06794],[-119.0636,54.06768],[-119.06366,54.06756],[-119.06424,54.06713],[-119.06461,54.06689],[-119.06479,54.06683],[-119.06498,54.06666],[-119.06512,54.06629],[-119.0651,54.06587],[-119.06497,54.0655],[-119.06494,54.06507],[-119.06493,54.06479],[-119.06492,54.06467],[-119.06505,54.06387],[-119.06538,54.06317],[-119.06556,54.06306],[-119.06575,54.06295],[-119.06602,54.06285],[-119.06623,54.06278],[-119.06665,54.06266],[-119.06708,54.06237],[-119.0675,54.06216],[-119.06789,54.062],[-119.06793,54.06189],[-119.0683,54.06173],[-119.06872,54.06161],[-119.06911,54.06139],[-119.06861,54.0608],[-119.0685,54.06042],[-119.06861,54.06011],[-119.06918,54.05962],[-119.07009,54.05871],[-119.07037,54.05858],[-119.07047,54.05848],[-119.07081,54.05823],[-119.07112,54.05796],[-119.07124,54.05761],[-119.07129,54.05757],[-119.07157,54.05737],[-119.07216,54.05681],[-119.07255,54.0566],[-119.07305,54.05645],[-119.07343,54.05622],[-119.07402,54.05612],[-119.07467,54.05561],[-119.07477,54.05523],[-119.07507,54.05472],[-119.07516,54.05457],[-119.07543,54.05428],[-119.07595,54.05414],[-119.07734,54.05418],[-119.07798,54.05425],[-119.07827,54.05433],[-119.0785,54.05439],[-119.07922,54.05447],[-119.07948,54.05449],[-119.0802,54.05448],[-119.08083,54.0544],[-119.08134,54.05425],[-119.08171,54.054],[-119.0821,54.05379],[-119.08229,54.05348],[-119.08245,54.05334],[-119.08266,54.05324],[-119.08282,54.05288],[-119.08318,54.05266],[-119.08347,54.05239],[-119.0842,54.05191],[-119.08461,54.0517],[-119.0853,54.05166],[-119.08566,54.05166],[-119.08607,54.05164],[-119.0867,54.05157],[-119.08743,54.05154],[-119.0881,54.05158],[-119.0888,54.05159],[-119.08919,54.05186],[-119.08934,54.05188],[-119.08976,54.05179],[-119.09003,54.0515],[-119.09027,54.05107],[-119.09036,54.05102],[-119.09066,54.05082],[-119.09082,54.05068],[-119.09092,54.05059],[-119.09131,54.05037],[-119.09134,54.05035],[-119.09163,54.0501],[-119.09203,54.04989],[-119.09316,54.04965],[-119.09371,54.04951],[-119.09465,54.04916],[-119.09514,54.04901],[-119.09544,54.04897],[-119.09583,54.04896],[-119.09653,54.04899],[-119.09712,54.04896],[-119.09745,54.04871],[-119.09809,54.04834],[-119.09822,54.0482],[-119.09841,54.04786],[-119.09833,54.04772],[-119.09847,54.04753],[-119.0988,54.0473],[-119.09895,54.0473],[-119.09932,54.04726],[-119.10045,54.04749],[-119.10094,54.04767],[-119.10158,54.0478],[-119.10218,54.04789],[-119.10283,54.04796],[-119.10306,54.04797],[-119.10352,54.048],[-119.10385,54.04792],[-119.104,54.04779],[-119.10423,54.04737],[-119.10426,54.04661],[-119.10445,54.04596],[-119.10454,54.04582],[-119.10517,54.04582],[-119.10571,54.04594],[-119.10629,54.0462],[-119.10756,54.04665],[-119.10835,54.04709],[-119.10908,54.04755],[-119.1094,54.04781],[-119.10962,54.04813],[-119.10994,54.04839],[-119.11046,54.04853],[-119.11164,54.04872],[-119.11228,54.04879],[-119.11371,54.04885],[-119.11495,54.04901],[-119.11515,54.04902],[-119.11561,54.04905],[-119.11634,54.04909],[-119.11697,54.04916],[-119.11752,54.04929],[-119.11788,54.04941],[-119.11844,54.04968],[-119.1189,54.04985],[-119.11957,54.04982],[-119.11979,54.04949],[-119.11988,54.0491],[-119.11991,54.0482],[-119.1202,54.04728],[-119.12061,54.04667],[-119.12107,54.0464],[-119.1219,54.04609],[-119.1221,54.04603],[-119.12225,54.04601],[-119.1223,54.046],[-119.12249,54.04597],[-119.1227,54.04594],[-119.12297,54.04593],[-119.12474,54.04608],[-119.12537,54.04616],[-119.12587,54.04631],[-119.12687,54.04681],[-119.12784,54.0473],[-119.12793,54.04734],[-119.12885,54.0477],[-119.13022,54.04773],[-119.13142,54.04719],[-119.13205,54.04669],[-119.13249,54.0465],[-119.13312,54.04643],[-119.13379,54.04647],[-119.13432,54.0466],[-119.13488,54.0467],[-119.13559,54.04672],[-119.13622,54.04664],[-119.13667,54.04647],[-119.13701,54.04621],[-119.13728,54.04593],[-119.13775,54.04532],[-119.13803,54.04504],[-119.13803,54.04467],[-119.13824,54.04435],[-119.1385,54.04405],[-119.13884,54.0438],[-119.13992,54.04332],[-119.14015,54.04322],[-119.14038,54.04313],[-119.14041,54.04312],[-119.14108,54.04286],[-119.14221,54.04262],[-119.14356,54.04209],[-119.14454,54.04177],[-119.14573,54.04113],[-119.14577,54.04108],[-119.14585,54.041],[-119.14589,54.04096],[-119.146,54.04084],[-119.14617,54.0405],[-119.14629,54.04013],[-119.14647,54.03978],[-119.1465,54.03937],[-119.1466,54.03903],[-119.14658,54.03866],[-119.14634,54.03838],[-119.14612,54.03806],[-119.14575,54.03785],[-119.14581,54.03744],[-119.14604,54.03719],[-119.14641,54.03696],[-119.14686,54.03678],[-119.14688,54.03674],[-119.14688,54.03672],[-119.14697,54.03647],[-119.14764,54.03598],[-119.14779,54.03588],[-119.14796,54.03571],[-119.14809,54.03559],[-119.14827,54.03535],[-119.14866,54.03497],[-119.1491,54.03446],[-119.14955,54.03428],[-119.14971,54.03407],[-119.14986,54.03375],[-119.15017,54.03348],[-119.15057,54.03327],[-119.15065,54.03295],[-119.15063,54.03284],[-119.15042,54.03262],[-119.15048,54.03228],[-119.15044,54.03181],[-119.15054,54.03104],[-119.15063,54.0307],[-119.15091,54.03042],[-119.15124,54.0302],[-119.15145,54.03007],[-119.15163,54.02995],[-119.15205,54.02975],[-119.15245,54.02963],[-119.1526,54.02957],[-119.15261,54.02957],[-119.15313,54.02947],[-119.15369,54.02939],[-119.15406,54.02909],[-119.15448,54.02885],[-119.15488,54.02866],[-119.15514,54.02848],[-119.15529,54.02839],[-119.15612,54.02801],[-119.15697,54.02775],[-119.15722,54.02769],[-119.15731,54.02755],[-119.15762,54.02741],[-119.15791,54.02732],[-119.15809,54.02727],[-119.15894,54.02728],[-119.15977,54.02705],[-119.16005,54.02696],[-119.16093,54.02678],[-119.16126,54.02672],[-119.16177,54.0267],[-119.16257,54.02678],[-119.16311,54.02679],[-119.16376,54.02682],[-119.16388,54.0268],[-119.16413,54.02669],[-119.16423,54.02652],[-119.16447,54.02644],[-119.16448,54.02631],[-119.16434,54.02615],[-119.16468,54.0258],[-119.16472,54.02577],[-119.16514,54.02546],[-119.16536,54.02533],[-119.1659,54.02524],[-119.16641,54.02527],[-119.16702,54.02542],[-119.16747,54.02561],[-119.16769,54.02577],[-119.16774,54.02587],[-119.16806,54.02616],[-119.1685,54.02639],[-119.16887,54.02646],[-119.16915,54.0265],[-119.16988,54.02646],[-119.17116,54.02632],[-119.17172,54.02612],[-119.17255,54.02561],[-119.17291,54.02514],[-119.1732,54.02492],[-119.17401,54.02468],[-119.1763,54.02415],[-119.17715,54.02398],[-119.17738,54.02392],[-119.1777,54.02384],[-119.17832,54.02375],[-119.17872,54.02372],[-119.17934,54.02345],[-119.18053,54.02278],[-119.18097,54.02258],[-119.182,54.02225],[-119.18258,54.02214],[-119.18301,54.02215],[-119.18376,54.02209],[-119.18561,54.02209],[-119.18599,54.02203],[-119.18733,54.0217],[-119.18917,54.02124],[-119.18945,54.02117],[-119.18991,54.02105],[-119.1903,54.02095],[-119.19095,54.02057],[-119.19134,54.0203],[-119.1926,54.01916],[-119.19275,54.01894],[-119.1927,54.01879],[-119.19256,54.0186],[-119.19229,54.01836],[-119.19208,54.01805],[-119.19201,54.01783],[-119.19202,54.01772],[-119.19219,54.01738],[-119.19257,54.01709],[-119.1929,54.01689],[-119.1933,54.01674],[-119.19344,54.01665],[-119.19425,54.01633],[-119.1947,54.01613],[-119.19521,54.01596],[-119.19561,54.01586],[-119.19648,54.01555],[-119.1967,54.01541],[-119.19709,54.01526],[-119.1973,54.01518],[-119.19763,54.01498],[-119.19799,54.01477],[-119.19853,54.01461],[-119.19917,54.01434],[-119.2,54.01402],[-119.20014,54.01397],[-119.2006,54.01389],[-119.20108,54.01387],[-119.20188,54.01398],[-119.20206,54.01403],[-119.20214,54.01405],[-119.20372,54.01442],[-119.2042,54.01462],[-119.20469,54.01486],[-119.20514,54.01503],[-119.20551,54.01527],[-119.20558,54.01534],[-119.20571,54.01541],[-119.20592,54.01551],[-119.20685,54.01588],[-119.20712,54.01585],[-119.20764,54.01578],[-119.20867,54.01545],[-119.20928,54.01515],[-119.20969,54.01493],[-119.21006,54.01465],[-119.21091,54.01416],[-119.21091,54.01404],[-119.21091,54.01402],[-119.21082,54.01389],[-119.2106,54.01379],[-119.20975,54.01378],[-119.20916,54.01368],[-119.20826,54.01345],[-119.20819,54.01335],[-119.20788,54.01315],[-119.20777,54.01304],[-119.20777,54.0126],[-119.20795,54.01224],[-119.20842,54.01167],[-119.20885,54.01135],[-119.20938,54.01112],[-119.21015,54.01103],[-119.21055,54.0109],[-119.21104,54.01071],[-119.21138,54.01047],[-119.21172,54.01014],[-119.21212,54.00986],[-119.21173,54.00964],[-119.21133,54.00956],[-119.21117,54.0095],[-119.21115,54.00941],[-119.21153,54.00881],[-119.21192,54.00862],[-119.21224,54.0085],[-119.21304,54.00744],[-119.21333,54.00718],[-119.21344,54.0069],[-119.21356,54.00663],[-119.21381,54.00607],[-119.21422,54.00569],[-119.21468,54.00527],[-119.21469,54.00526],[-119.21502,54.00505],[-119.21618,54.00436],[-119.21738,54.00412],[-119.21741,54.00409],[-119.21805,54.00397],[-119.21929,54.00384],[-119.22017,54.00386],[-119.22075,54.00386],[-119.22142,54.00383],[-119.22166,54.00385],[-119.22201,54.00375],[-119.2225,54.00368],[-119.22265,54.00364],[-119.22322,54.00357],[-119.22374,54.00341],[-119.22421,54.00323],[-119.22473,54.00293],[-119.22468,54.00266],[-119.22452,54.00235],[-119.22486,54.0021],[-119.22578,54.00173],[-119.22618,54.00151],[-119.22652,54.00137],[-119.22669,54.00135],[-119.22691,54.00136],[-119.22807,54.00145],[-119.22863,54.0016],[-119.22923,54.00165],[-119.22968,54.00183],[-119.23042,54.00234],[-119.23103,54.00257],[-119.23157,54.00271],[-119.23246,54.00309],[-119.23339,54.00338],[-119.23347,54.0034],[-119.23364,54.00339],[-119.23371,54.0034],[-119.23426,54.00348],[-119.23499,54.00346],[-119.2356,54.00338],[-119.23661,54.0031],[-119.23719,54.00299],[-119.23789,54.00296],[-119.23854,54.00288],[-119.23899,54.00276],[-119.23907,54.00274],[-119.23944,54.00251],[-119.23945,54.00249],[-119.24001,54.00195],[-119.24005,54.0013],[-119.23992,54.00117],[-119.23972,54.00084],[-119.23977,54.00043],[-119.23994,54.00002],[-119.23994,54.00001],[-119.23995,53.99995],[-119.23999,53.99957],[-119.24004,53.99941],[-119.24005,53.99939],[-119.24021,53.99898],[-119.24062,53.99831],[-119.24082,53.99805],[-119.2411,53.99765],[-119.24144,53.99692],[-119.24152,53.99678],[-119.24215,53.99623],[-119.24244,53.99602],[-119.24277,53.99567],[-119.24292,53.99557],[-119.24315,53.9955],[-119.2434,53.99548],[-119.24371,53.99548],[-119.24576,53.9958],[-119.24621,53.99579],[-119.24653,53.99573],[-119.24715,53.99561],[-119.24768,53.99555],[-119.24879,53.99547],[-119.24911,53.99547],[-119.24938,53.99545],[-119.24961,53.99541],[-119.25001,53.99527],[-119.25002,53.99527],[-119.25013,53.9952],[-119.25018,53.99518],[-119.25045,53.99497],[-119.25063,53.99476],[-119.25074,53.99458],[-119.25079,53.99443],[-119.25081,53.99408],[-119.25087,53.99394],[-119.25108,53.99369],[-119.25119,53.99358],[-119.25131,53.9935],[-119.25143,53.99344],[-119.25169,53.99329],[-119.25183,53.99321],[-119.25211,53.99301],[-119.25249,53.9925],[-119.25264,53.99229],[-119.25271,53.99219],[-119.25286,53.99198],[-119.25299,53.99187],[-119.25364,53.99151],[-119.25377,53.9914],[-119.25397,53.99134],[-119.25447,53.99127],[-119.25472,53.99123],[-119.25545,53.9911],[-119.25596,53.99104],[-119.25655,53.99102],[-119.25716,53.99102],[-119.25742,53.99098],[-119.25779,53.99083],[-119.25809,53.99063],[-119.25851,53.99031],[-119.25896,53.99002],[-119.25925,53.98983],[-119.25942,53.98975],[-119.26004,53.98957],[-119.26062,53.98935],[-119.26105,53.98922],[-119.26176,53.98909],[-119.26219,53.98898],[-119.26277,53.98895],[-119.26339,53.98896],[-119.26363,53.98899],[-119.26377,53.98903],[-119.26423,53.98917],[-119.26426,53.98918],[-119.26472,53.98928],[-119.26498,53.98931],[-119.26519,53.98937],[-119.26554,53.98953],[-119.26577,53.98958],[-119.26605,53.98959],[-119.26647,53.98946],[-119.26684,53.98932],[-119.26749,53.98915],[-119.26798,53.98908],[-119.26818,53.989],[-119.26835,53.98892],[-119.2685,53.98881],[-119.26869,53.98856],[-119.26894,53.98816],[-119.26924,53.98777],[-119.26941,53.98769],[-119.27012,53.98754],[-119.27037,53.9875],[-119.27058,53.98744],[-119.27111,53.98721],[-119.27126,53.98712],[-119.27163,53.98698],[-119.27206,53.98668],[-119.27222,53.9866],[-119.27246,53.98655],[-119.27292,53.98653],[-119.27334,53.98653],[-119.27358,53.98649],[-119.27378,53.98643],[-119.27394,53.98634],[-119.27442,53.98588],[-119.27525,53.98496],[-119.27528,53.98492],[-119.27552,53.98468],[-119.27561,53.98455],[-119.27566,53.98439],[-119.27562,53.98424],[-119.27544,53.98398],[-119.27527,53.98353],[-119.27529,53.98265],[-119.27542,53.98236],[-119.27552,53.98224],[-119.27579,53.98203],[-119.27609,53.98184],[-119.2762,53.98171],[-119.27623,53.98155],[-119.27616,53.98141],[-119.27584,53.98127],[-119.27556,53.98121],[-119.27543,53.9811],[-119.27542,53.98093],[-119.27553,53.98081],[-119.27582,53.98061],[-119.27631,53.98035],[-119.27646,53.98027],[-119.27664,53.98018],[-119.27759,53.97983],[-119.27806,53.97955],[-119.27835,53.97924],[-119.2786,53.97877],[-119.27881,53.97852],[-119.27893,53.97841],[-119.27903,53.97828],[-119.27913,53.97797],[-119.27914,53.97782],[-119.27914,53.9778],[-119.27909,53.97755],[-119.27907,53.97747],[-119.27907,53.97711],[-119.27917,53.97698],[-119.27947,53.97686],[-119.28019,53.97666],[-119.28038,53.97659],[-119.28119,53.97615],[-119.28146,53.97593],[-119.28162,53.97583],[-119.282,53.97569],[-119.28217,53.97561],[-119.28244,53.97541],[-119.28276,53.97523],[-119.28311,53.97508],[-119.28338,53.97487],[-119.28347,53.97474],[-119.28345,53.97458],[-119.28334,53.97447],[-119.28319,53.97438],[-119.28307,53.97426],[-119.28309,53.97409],[-119.28333,53.9739],[-119.2837,53.97375],[-119.28421,53.97361],[-119.28463,53.97354],[-119.28497,53.9735],[-119.28561,53.97349],[-119.28619,53.97349],[-119.28705,53.97345],[-119.28761,53.97347],[-119.28817,53.97351],[-119.28841,53.97351],[-119.28854,53.97348],[-119.28857,53.97348],[-119.289,53.9734],[-119.28912,53.97338],[-119.29028,53.97331],[-119.29081,53.97329],[-119.29101,53.97322],[-119.29162,53.97304],[-119.29197,53.97289],[-119.29211,53.97276],[-119.29214,53.97242],[-119.29218,53.97228],[-119.29224,53.97215],[-119.29253,53.97194],[-119.29286,53.97178],[-119.29345,53.97156],[-119.29371,53.9715],[-119.29398,53.97149],[-119.29476,53.97156],[-119.2952,53.97166],[-119.2954,53.97172],[-119.29569,53.97188],[-119.29605,53.97204],[-119.29624,53.97211],[-119.29658,53.97228],[-119.29672,53.97237],[-119.29685,53.9725],[-119.29692,53.97265],[-119.29696,53.97279],[-119.29707,53.97291],[-119.29739,53.97308],[-119.29776,53.97326],[-119.29799,53.97326],[-119.29818,53.9732],[-119.29878,53.97265],[-119.29907,53.97246],[-119.29927,53.97238],[-119.29972,53.97226],[-119.30025,53.97219],[-119.30051,53.97218],[-119.30124,53.97225],[-119.30127,53.97226],[-119.30236,53.97247],[-119.30402,53.97266],[-119.30448,53.97274],[-119.30494,53.97284],[-119.30525,53.97288],[-119.30548,53.97288],[-119.30569,53.97283],[-119.30596,53.97269],[-119.30643,53.97252],[-119.30685,53.9724],[-119.30711,53.97238],[-119.30717,53.97234],[-119.30726,53.97228],[-119.30736,53.97214],[-119.3074,53.97199],[-119.30756,53.97174],[-119.30804,53.9713],[-119.30812,53.97117],[-119.30822,53.97106],[-119.30855,53.97089],[-119.30875,53.97083],[-119.30886,53.97067],[-119.30884,53.97035],[-119.30882,53.97032],[-119.30877,53.97022],[-119.30855,53.96999],[-119.3084,53.96989],[-119.30822,53.96981],[-119.30809,53.9697],[-119.30801,53.96955],[-119.30806,53.96924],[-119.30817,53.96897],[-119.30826,53.96884],[-119.30839,53.96874],[-119.30857,53.96866],[-119.3089,53.96854],[-119.30914,53.96843],[-119.30927,53.96835],[-119.30956,53.96813],[-119.3099,53.96795],[-119.3104,53.96794],[-119.31058,53.96786],[-119.31092,53.96768],[-119.31171,53.9676],[-119.31193,53.96756],[-119.31291,53.96725],[-119.31305,53.96716],[-119.31292,53.96702],[-119.31269,53.96685],[-119.31262,53.96671],[-119.31261,53.96655],[-119.31266,53.96641],[-119.31269,53.96612],[-119.31269,53.96606],[-119.31276,53.96593],[-119.31308,53.96577],[-119.31332,53.96568],[-119.31345,53.96563],[-119.31378,53.96548],[-119.3138,53.96547],[-119.31436,53.96526],[-119.31487,53.965],[-119.31503,53.96494],[-119.31536,53.9648],[-119.3156,53.9647],[-119.31575,53.9646],[-119.31592,53.96417],[-119.316,53.96404],[-119.31622,53.96381],[-119.31636,53.96371],[-119.31657,53.96364],[-119.31755,53.96347],[-119.31803,53.9634],[-119.31851,53.96324],[-119.31897,53.96308],[-119.3192,53.96301],[-119.31938,53.96292],[-119.31951,53.96283],[-119.32005,53.9626],[-119.32059,53.96234],[-119.32099,53.96237],[-119.32126,53.96233],[-119.3214,53.96232],[-119.32149,53.96232],[-119.32166,53.96224],[-119.32208,53.96195],[-119.32228,53.96187],[-119.32293,53.96171],[-119.32369,53.96159],[-119.32392,53.96157],[-119.32396,53.96156],[-119.32411,53.96149],[-119.32416,53.96118],[-119.32426,53.96106],[-119.32442,53.96097],[-119.32482,53.96083],[-119.32546,53.96064],[-119.32592,53.96055],[-119.32601,53.96054],[-119.32614,53.96052],[-119.32673,53.96032],[-119.32687,53.9602],[-119.3269,53.95989],[-119.32706,53.95962],[-119.32714,53.95915],[-119.3272,53.95902],[-119.32751,53.95884],[-119.32771,53.95877],[-119.32797,53.95872],[-119.32873,53.95863],[-119.32897,53.95863],[-119.32919,53.9586],[-119.32974,53.95838],[-119.33023,53.95813],[-119.3306,53.95798],[-119.33082,53.95792],[-119.33187,53.9578],[-119.33216,53.95779],[-119.33271,53.9578],[-119.33294,53.95778],[-119.33306,53.95766],[-119.33321,53.95741],[-119.33332,53.9573],[-119.33361,53.95711],[-119.33388,53.95705],[-119.33414,53.95706],[-119.33498,53.95712],[-119.33556,53.95713],[-119.33579,53.95711],[-119.33608,53.95694],[-119.33627,53.95687],[-119.33632,53.95683],[-119.33639,53.95676],[-119.33646,53.95664],[-119.33659,53.95653],[-119.33696,53.95639],[-119.33732,53.95629],[-119.3378,53.95614],[-119.33809,53.9561],[-119.33827,53.95607],[-119.33851,53.95601],[-119.33855,53.95601],[-119.33986,53.95591],[-119.34016,53.95591],[-119.34059,53.95585],[-119.34061,53.95585],[-119.34085,53.95579],[-119.34134,53.95575],[-119.34155,53.95567],[-119.34169,53.95559],[-119.34175,53.95543],[-119.34181,53.95514],[-119.34212,53.95479],[-119.34235,53.95457],[-119.34264,53.95438],[-119.34271,53.9543],[-119.34285,53.95414],[-119.34305,53.95373],[-119.34311,53.95358],[-119.34318,53.9533],[-119.34334,53.95321],[-119.34364,53.95312],[-119.34372,53.95309],[-119.34377,53.95295],[-119.34362,53.95287],[-119.34344,53.95279],[-119.34337,53.95269],[-119.34356,53.95261],[-119.34396,53.9525],[-119.34412,53.95241],[-119.34435,53.95235],[-119.34458,53.95239],[-119.34476,53.95242],[-119.34542,53.95253],[-119.34591,53.95264],[-119.34607,53.95268],[-119.34645,53.95281],[-119.34661,53.95282],[-119.34673,53.95283],[-119.34691,53.95276],[-119.34702,53.95265],[-119.34753,53.95241],[-119.34783,53.95222],[-119.34796,53.9521],[-119.34803,53.95179],[-119.34808,53.95163],[-119.34811,53.95115],[-119.34812,53.95082],[-119.34811,53.95069],[-119.34812,53.95046],[-119.34823,53.95019],[-119.34845,53.94995],[-119.34865,53.94981],[-119.34889,53.94966],[-119.34906,53.94958],[-119.34971,53.94938],[-119.34999,53.94937],[-119.35024,53.94938],[-119.35049,53.94941],[-119.35069,53.94947],[-119.35079,53.9495],[-119.35111,53.94958],[-119.3514,53.94961],[-119.35171,53.94962],[-119.35254,53.94955],[-119.35277,53.94952],[-119.35298,53.94947],[-119.35314,53.94939],[-119.35367,53.94898],[-119.35377,53.94885],[-119.35384,53.94871],[-119.35397,53.94844],[-119.35405,53.94828],[-119.35422,53.94752],[-119.3543,53.94723],[-119.35438,53.9471],[-119.35451,53.947],[-119.3549,53.94685],[-119.35547,53.94668],[-119.35589,53.94648],[-119.3565,53.94626],[-119.35673,53.9462],[-119.35703,53.94616],[-119.35754,53.94616],[-119.3576,53.94616],[-119.35782,53.94614],[-119.35803,53.94609],[-119.35819,53.94601],[-119.35831,53.94587],[-119.35832,53.94584],[-119.35842,53.94561],[-119.35884,53.94531],[-119.35902,53.94524],[-119.35948,53.94513],[-119.36004,53.94505],[-119.36033,53.94503],[-119.36116,53.94507],[-119.36189,53.94517],[-119.36274,53.94539],[-119.36287,53.94541],[-119.36319,53.94547],[-119.36333,53.94552],[-119.36376,53.94568],[-119.36412,53.94582],[-119.36462,53.94607],[-119.36509,53.94635],[-119.36556,53.94663],[-119.3658,53.94686],[-119.366,53.94714],[-119.36605,53.94729],[-119.36622,53.94756],[-119.36637,53.94766],[-119.36672,53.94782],[-119.3674,53.94795],[-119.36805,53.94793],[-119.36858,53.94797],[-119.36881,53.94795],[-119.36906,53.94788],[-119.36962,53.94786],[-119.37017,53.9478],[-119.37071,53.94776],[-119.37082,53.94775],[-119.37127,53.9477],[-119.37245,53.94767],[-119.37325,53.94772],[-119.3738,53.9478],[-119.37469,53.94793],[-119.37515,53.948],[-119.37557,53.9481],[-119.37588,53.94818],[-119.37607,53.94822],[-119.3766,53.94824],[-119.37683,53.94826],[-119.37727,53.94836],[-119.37753,53.94845],[-119.37786,53.94856],[-119.37833,53.94865],[-119.37875,53.94872],[-119.37929,53.94881],[-119.37985,53.94881],[-119.38016,53.94878],[-119.38044,53.94878],[-119.3812,53.94886],[-119.38191,53.94895],[-119.38223,53.94895],[-119.38296,53.94902],[-119.38337,53.94914],[-119.38351,53.94924],[-119.38369,53.94932],[-119.38441,53.94944],[-119.3847,53.94946],[-119.38521,53.94946],[-119.38593,53.94945],[-119.38678,53.94941],[-119.38729,53.94934],[-119.38765,53.94926],[-119.38773,53.94924],[-119.38792,53.94917],[-119.38811,53.94906],[-119.3884,53.94889],[-119.38859,53.94881],[-119.38887,53.94872],[-119.38938,53.94855],[-119.38953,53.94845],[-119.38963,53.94838],[-119.38987,53.94813],[-119.39001,53.94803],[-119.39044,53.94791],[-119.39072,53.94786],[-119.39134,53.94784],[-119.39185,53.94788],[-119.39207,53.94791],[-119.39245,53.94805],[-119.39262,53.94808],[-119.39345,53.94819],[-119.3935,53.94818],[-119.39367,53.94816],[-119.39387,53.94808],[-119.39416,53.94804],[-119.39471,53.94804],[-119.39521,53.9481],[-119.39616,53.94827],[-119.39658,53.94836],[-119.3969,53.94836],[-119.39749,53.94831],[-119.39811,53.94829],[-119.39867,53.94825],[-119.3989,53.94821],[-119.39911,53.94815],[-119.39927,53.94806],[-119.39968,53.94775],[-119.39979,53.94764],[-119.39993,53.94735],[-119.40006,53.94707],[-119.40015,53.9469],[-119.40033,53.94629],[-119.40035,53.94622],[-119.40035,53.94619],[-119.40053,53.94594],[-119.40085,53.94568],[-119.40092,53.94563],[-119.40119,53.94535],[-119.40139,53.9452],[-119.40154,53.94511],[-119.40208,53.94485],[-119.40253,53.94472],[-119.40325,53.94455],[-119.40398,53.94443],[-119.40464,53.94426],[-119.40483,53.94419],[-119.405,53.94411],[-119.40514,53.944],[-119.40542,53.94365],[-119.40571,53.94346],[-119.40602,53.94327],[-119.40615,53.94316],[-119.40625,53.94287],[-119.40658,53.94234],[-119.40678,53.9421],[-119.40694,53.94201],[-119.40719,53.94179],[-119.40736,53.9417],[-119.40757,53.94165],[-119.40768,53.9415],[-119.40768,53.94146],[-119.40768,53.94135],[-119.40771,53.94122],[-119.40771,53.94121],[-119.40779,53.94108],[-119.40793,53.94098],[-119.40828,53.94084],[-119.40857,53.94067],[-119.40918,53.94045],[-119.40982,53.94027],[-119.41064,53.93998],[-119.41082,53.93991],[-119.4112,53.93976],[-119.41166,53.93964],[-119.41189,53.93961],[-119.4121,53.93956],[-119.41219,53.93952],[-119.41243,53.93938],[-119.41263,53.93915],[-119.41289,53.93866],[-119.41321,53.93805],[-119.41338,53.93763],[-119.41381,53.93698],[-119.41428,53.93598],[-119.41455,53.9356],[-119.41476,53.93538],[-119.41488,53.9353],[-119.41505,53.9352],[-119.41509,53.93515],[-119.41527,53.93497],[-119.41542,53.93488],[-119.41577,53.93471],[-119.41618,53.93457],[-119.41632,53.93447],[-119.4165,53.93422],[-119.41676,53.934],[-119.41676,53.93399],[-119.41682,53.93387],[-119.4169,53.93357],[-119.41688,53.93339],[-119.41694,53.9329],[-119.41686,53.93276],[-119.41675,53.93265],[-119.41656,53.93239],[-119.41643,53.93229],[-119.41529,53.93185],[-119.41513,53.93176],[-119.41443,53.93145],[-119.4137,53.93106],[-119.41332,53.93085],[-119.41314,53.93057],[-119.41305,53.93025],[-119.41302,53.92989],[-119.41307,53.92968],[-119.41319,53.92948],[-119.41326,53.92942],[-119.41368,53.92906],[-119.41391,53.92884],[-119.41433,53.92855],[-119.41446,53.92844],[-119.41479,53.92828],[-119.41533,53.92805],[-119.41554,53.92787],[-119.4158,53.92764],[-119.4162,53.92733],[-119.41649,53.92714],[-119.41689,53.92677],[-119.41734,53.92636],[-119.41746,53.92625],[-119.41756,53.92612],[-119.4178,53.92556],[-119.41782,53.9254],[-119.41805,53.92483],[-119.41814,53.92453],[-119.41818,53.92406],[-119.41827,53.92378],[-119.4184,53.92351],[-119.41842,53.92334],[-119.41863,53.92291],[-119.41874,53.92269],[-119.41907,53.92234],[-119.41939,53.92216],[-119.41989,53.92191],[-119.42028,53.92177],[-119.42158,53.92143],[-119.42241,53.92118],[-119.42291,53.92106],[-119.42316,53.92102],[-119.42341,53.921],[-119.42363,53.92096],[-119.42383,53.92089],[-119.42419,53.92072],[-119.4246,53.92059],[-119.42487,53.92053],[-119.42504,53.92048],[-119.42512,53.92044],[-119.42538,53.92032],[-119.42597,53.91994],[-119.42645,53.91969],[-119.42655,53.91963],[-119.42674,53.9195],[-119.42691,53.91942],[-119.42711,53.91936],[-119.42771,53.91915],[-119.42797,53.91909],[-119.42844,53.91902],[-119.42863,53.91895],[-119.42877,53.91884],[-119.42943,53.91869],[-119.42991,53.91862],[-119.43104,53.91857],[-119.43135,53.91827],[-119.43153,53.91819],[-119.43178,53.91814],[-119.43229,53.9181],[-119.43328,53.91823],[-119.43405,53.91831],[-119.43458,53.91837],[-119.43482,53.91836],[-119.43494,53.91834],[-119.43544,53.91826],[-119.43601,53.91816],[-119.43668,53.91812],[-119.4372,53.91813],[-119.43766,53.91815],[-119.43778,53.91815],[-119.43801,53.91813],[-119.43818,53.91806],[-119.43867,53.91761],[-119.43877,53.91745],[-119.43899,53.9171],[-119.43909,53.91698],[-119.43928,53.9169],[-119.43945,53.91681],[-119.43971,53.91677],[-119.44019,53.91679],[-119.44069,53.91686],[-119.4414,53.91699],[-119.44192,53.91705],[-119.44277,53.91708],[-119.44328,53.91702],[-119.4437,53.91695],[-119.44419,53.91683],[-119.44458,53.91669],[-119.4453,53.91638],[-119.44568,53.91624],[-119.44583,53.91615],[-119.44612,53.91578],[-119.44629,53.91553],[-119.44639,53.91542],[-119.44657,53.91534],[-119.44681,53.91528],[-119.44706,53.91527],[-119.44727,53.9153],[-119.44772,53.91539],[-119.4482,53.91558],[-119.44829,53.91561],[-119.44852,53.91561],[-119.44868,53.91552],[-119.44901,53.91519],[-119.4491,53.91507],[-119.44926,53.91493],[-119.44936,53.91485],[-119.44961,53.91479],[-119.4499,53.91481],[-119.45038,53.91483],[-119.45087,53.91489],[-119.45103,53.91483],[-119.45112,53.91471],[-119.45118,53.91454],[-119.45114,53.91403],[-119.45117,53.91372],[-119.45128,53.91345],[-119.45137,53.91333],[-119.45151,53.91323],[-119.45168,53.91314],[-119.45213,53.91285],[-119.4526,53.91258],[-119.45277,53.9125],[-119.45292,53.91241],[-119.45317,53.91221],[-119.45329,53.91212],[-119.45358,53.91191],[-119.45383,53.9117],[-119.45429,53.91141],[-119.45496,53.91107],[-119.45515,53.911],[-119.45562,53.9109],[-119.45619,53.91089],[-119.45634,53.9109],[-119.45763,53.91087],[-119.45781,53.91082],[-119.45784,53.91081],[-119.45794,53.91068],[-119.45811,53.91009],[-119.45818,53.9098],[-119.45823,53.90896],[-119.45848,53.90858],[-119.45866,53.90809],[-119.45873,53.90779],[-119.45885,53.90739],[-119.45892,53.90707],[-119.45891,53.9069],[-119.45899,53.90661],[-119.45905,53.90644],[-119.45919,53.90619],[-119.45923,53.90602],[-119.45918,53.90553],[-119.45915,53.90536],[-119.45918,53.90489],[-119.45918,53.90488],[-119.45925,53.90451],[-119.45929,53.90435],[-119.45931,53.90428],[-119.45951,53.90404],[-119.45972,53.90397],[-119.46009,53.90392],[-119.46053,53.90387],[-119.46109,53.90387],[-119.46133,53.90389],[-119.46198,53.90403],[-119.46233,53.90415],[-119.46243,53.90418],[-119.46257,53.90421],[-119.46282,53.90425],[-119.46301,53.9043],[-119.46304,53.90427],[-119.46332,53.90425],[-119.46351,53.90418],[-119.46394,53.9039],[-119.46418,53.90368],[-119.46432,53.90358],[-119.46449,53.90351],[-119.4649,53.90321],[-119.46508,53.90312],[-119.46522,53.90308],[-119.4657,53.90294],[-119.46623,53.90286],[-119.4671,53.9028],[-119.46767,53.90277],[-119.46803,53.9027],[-119.46966,53.90245],[-119.47102,53.90237],[-119.47134,53.90234],[-119.47211,53.90223],[-119.47265,53.90219],[-119.47389,53.90202],[-119.4741,53.90196],[-119.47456,53.90169],[-119.47467,53.90161],[-119.4747,53.90158],[-119.47469,53.90151],[-119.47468,53.90145],[-119.47467,53.90143],[-119.47414,53.90079],[-119.47393,53.90045],[-119.47366,53.90025],[-119.47343,53.89999],[-119.47338,53.89968],[-119.4734,53.89953],[-119.47356,53.89932],[-119.47388,53.8991],[-119.47428,53.89896],[-119.47449,53.89891],[-119.47467,53.89884],[-119.47487,53.89876],[-119.47534,53.89868],[-119.47606,53.89852],[-119.47656,53.89853],[-119.47681,53.89856],[-119.47772,53.89893],[-119.47794,53.89899],[-119.47823,53.89902],[-119.47846,53.89901],[-119.47867,53.89897],[-119.47884,53.89889],[-119.47918,53.89856],[-119.47934,53.89849],[-119.47956,53.89842],[-119.47982,53.89824],[-119.48,53.89816],[-119.48045,53.8979],[-119.48081,53.89774],[-119.48099,53.89766],[-119.48132,53.8975],[-119.4819,53.89732],[-119.48267,53.89701],[-119.48328,53.89682],[-119.4837,53.89671],[-119.48375,53.89669],[-119.48433,53.89653],[-119.48469,53.89639],[-119.48485,53.89631],[-119.48522,53.89616],[-119.48607,53.89591],[-119.4863,53.89589],[-119.48673,53.89577],[-119.48675,53.89577],[-119.48712,53.89564],[-119.48721,53.89555],[-119.48734,53.89542],[-119.48742,53.89529],[-119.48761,53.8952],[-119.48787,53.89517],[-119.48827,53.89512],[-119.48851,53.89505],[-119.48877,53.895],[-119.48903,53.89499],[-119.48927,53.89501],[-119.48953,53.89504],[-119.48983,53.89505],[-119.49039,53.89503],[-119.49066,53.89498],[-119.49159,53.89471],[-119.49168,53.89464],[-119.49181,53.89339],[-119.4919,53.89302],[-119.49206,53.89263],[-119.49215,53.8925],[-119.49226,53.89238],[-119.49255,53.89219],[-119.49289,53.89201],[-119.49309,53.89194],[-119.49335,53.89192],[-119.49381,53.89199],[-119.4941,53.89217],[-119.49446,53.89232],[-119.49531,53.8929],[-119.49599,53.89339],[-119.49625,53.8936],[-119.49698,53.89391],[-119.49722,53.89398],[-119.4975,53.89402],[-119.49774,53.89402],[-119.49796,53.89399],[-119.49846,53.89374],[-119.49891,53.89349],[-119.49915,53.89334],[-119.49944,53.89315],[-119.49949,53.89311],[-119.49986,53.89277],[-119.50002,53.89267],[-119.50062,53.89229],[-119.50097,53.89212],[-119.50133,53.89201],[-119.50224,53.89177],[-119.50309,53.8916],[-119.5038,53.89144],[-119.50399,53.89137],[-119.50415,53.89128],[-119.50431,53.8911],[-119.50437,53.89103],[-119.50452,53.89093],[-119.50473,53.89085],[-119.505,53.89082],[-119.50553,53.8908],[-119.50597,53.8907],[-119.5061,53.8906],[-119.50627,53.89053],[-119.50645,53.89045],[-119.50672,53.89044],[-119.50682,53.89041],[-119.50692,53.89037],[-119.50697,53.89025],[-119.50713,53.88993],[-119.50718,53.88962],[-119.50715,53.88929],[-119.50725,53.88917],[-119.5074,53.88908],[-119.50761,53.88883],[-119.50769,53.8887],[-119.50771,53.88853],[-119.50761,53.8879],[-119.50756,53.88775],[-119.50726,53.88722],[-119.50714,53.88694],[-119.50704,53.88614],[-119.50708,53.88587],[-119.50716,53.8856],[-119.50719,53.88511],[-119.50733,53.88485],[-119.50767,53.88449],[-119.50783,53.88423],[-119.50797,53.88412],[-119.50827,53.88394],[-119.5087,53.88377],[-119.5093,53.88347],[-119.5095,53.8834],[-119.50972,53.88336],[-119.51013,53.88325],[-119.51046,53.88308],[-119.51048,53.88305],[-119.51048,53.88303],[-119.51048,53.88291],[-119.5104,53.88278],[-119.51053,53.88247],[-119.5105,53.88217],[-119.51043,53.88202],[-119.51046,53.88171],[-119.51054,53.88157],[-119.51065,53.88124],[-119.51069,53.88109],[-119.51085,53.88083],[-119.51108,53.8806],[-119.51135,53.88041],[-119.51152,53.88032],[-119.51163,53.88026],[-119.51198,53.88009],[-119.51202,53.88007],[-119.5126,53.87969],[-119.51324,53.87932],[-119.51387,53.87897],[-119.51421,53.8788],[-119.51467,53.87862],[-119.51514,53.87845],[-119.51612,53.87814],[-119.51658,53.87806],[-119.5169,53.87803],[-119.51746,53.87804],[-119.51797,53.87798],[-119.51824,53.87797],[-119.51878,53.87804],[-119.51951,53.87817],[-119.52002,53.87822],[-119.52023,53.87826],[-119.52056,53.87828],[-119.52112,53.87822],[-119.52217,53.87825],[-119.52258,53.87825],[-119.52303,53.87817],[-119.52364,53.87799],[-119.5242,53.87779],[-119.52422,53.87778],[-119.52436,53.87769],[-119.52448,53.87755],[-119.52456,53.87722],[-119.52458,53.8769],[-119.52448,53.8766],[-119.52434,53.87635],[-119.52429,53.8762],[-119.52424,53.87581],[-119.52423,53.87575],[-119.52422,53.87561],[-119.5242,53.87535],[-119.52422,53.87513],[-119.52422,53.87508],[-119.52423,53.87501],[-119.52424,53.8749],[-119.52427,53.87474],[-119.52429,53.87452],[-119.52442,53.87425],[-119.52453,53.87413],[-119.52466,53.87403],[-119.52481,53.87394],[-119.52505,53.87387],[-119.52583,53.87396],[-119.52618,53.87402],[-119.52659,53.87405],[-119.52713,53.87399],[-119.52783,53.8739],[-119.52803,53.87384],[-119.52819,53.87375],[-119.52824,53.8737],[-119.5283,53.87362],[-119.52842,53.87334],[-119.52862,53.87309],[-119.52879,53.87294],[-119.52909,53.87264],[-119.52929,53.8724],[-119.5297,53.87227],[-119.53004,53.87219],[-119.53097,53.87198],[-119.5317,53.87187],[-119.53256,53.87185],[-119.53273,53.87184],[-119.53352,53.8717],[-119.53396,53.87159],[-119.53492,53.87127],[-119.53498,53.87124],[-119.53508,53.87119],[-119.53527,53.87112],[-119.5355,53.87111],[-119.53577,53.87117],[-119.53599,53.87117],[-119.53606,53.87116],[-119.5363,53.87109],[-119.53661,53.871],[-119.53676,53.87093],[-119.53694,53.87084],[-119.53767,53.87036],[-119.53826,53.86979],[-119.53902,53.86894],[-119.53925,53.86869],[-119.53933,53.86858],[-119.53955,53.86831],[-119.53983,53.86812],[-119.54011,53.86813],[-119.54074,53.86827],[-119.54118,53.86836],[-119.54138,53.86842],[-119.54175,53.86858],[-119.54176,53.86859],[-119.542,53.86865],[-119.54229,53.86869],[-119.54285,53.86869],[-119.54308,53.86868],[-119.54329,53.86863],[-119.54338,53.86858],[-119.54345,53.86854],[-119.54383,53.86822],[-119.54418,53.86788],[-119.54452,53.86752],[-119.54482,53.86716],[-119.54502,53.86701],[-119.54525,53.86687],[-119.54547,53.86664],[-119.54583,53.86631],[-119.54625,53.86602],[-119.54693,53.86568],[-119.54726,53.86552],[-119.54772,53.86525],[-119.54787,53.86516],[-119.54826,53.86501],[-119.5489,53.86484],[-119.54899,53.86483],[-119.54943,53.86475],[-119.54986,53.86472],[-119.55013,53.86475],[-119.55034,53.86481],[-119.5509,53.86505],[-119.55117,53.86521],[-119.55184,53.86573],[-119.55216,53.86611],[-119.55257,53.86642],[-119.55319,53.86666],[-119.55331,53.86671],[-119.55356,53.86677],[-119.55385,53.8668],[-119.55437,53.86677],[-119.55491,53.86673],[-119.55515,53.86672],[-119.55605,53.86656],[-119.55808,53.86614],[-119.55913,53.86586],[-119.55936,53.86577],[-119.55947,53.8657],[-119.56023,53.86541],[-119.56107,53.86502],[-119.56108,53.86501],[-119.56135,53.86477],[-119.56153,53.86462],[-119.5617,53.86447],[-119.56212,53.86397],[-119.56221,53.86385],[-119.56232,53.86374],[-119.56265,53.86355],[-119.5632,53.86334],[-119.56371,53.86309],[-119.56387,53.863],[-119.56453,53.86268],[-119.56475,53.86245],[-119.56506,53.86208],[-119.56529,53.86186],[-119.56537,53.86182],[-119.56561,53.8617],[-119.56581,53.86164],[-119.56607,53.8616],[-119.5666,53.86157],[-119.56686,53.86158],[-119.56716,53.86157],[-119.56739,53.86157],[-119.56758,53.86151],[-119.56774,53.86145],[-119.56794,53.86137],[-119.56816,53.86132],[-119.56856,53.8612],[-119.56862,53.86118],[-119.56898,53.86101],[-119.56922,53.86087],[-119.56947,53.86066],[-119.56959,53.86054],[-119.56973,53.86044],[-119.57013,53.86031],[-119.5703,53.86023],[-119.57044,53.86012],[-119.5708,53.85961],[-119.57094,53.85952],[-119.57145,53.85927],[-119.57175,53.85909],[-119.57202,53.85889],[-119.57257,53.85868],[-119.57317,53.8585],[-119.57357,53.85837],[-119.57373,53.85829],[-119.57377,53.85826],[-119.57388,53.85818],[-119.57416,53.858],[-119.57436,53.85776],[-119.57469,53.85761],[-119.57503,53.8575],[-119.5751,53.85749],[-119.57532,53.85751],[-119.57558,53.85771],[-119.57581,53.85777],[-119.57651,53.85778],[-119.57696,53.85776],[-119.57759,53.85779],[-119.57812,53.85778],[-119.57936,53.85751],[-119.58036,53.85729],[-119.58075,53.85723],[-119.58156,53.8571],[-119.5818,53.85709],[-119.58202,53.85706],[-119.58223,53.857],[-119.58231,53.85688],[-119.5822,53.85676],[-119.58162,53.85658],[-119.58159,53.85643],[-119.58173,53.85633],[-119.58287,53.85613],[-119.58342,53.85606],[-119.58399,53.85608],[-119.58501,53.85598],[-119.58576,53.85589],[-119.58585,53.85589],[-119.58631,53.85587],[-119.58634,53.85587],[-119.58718,53.8559],[-119.58857,53.85587],[-119.5891,53.85581],[-119.59024,53.85579],[-119.59071,53.85574],[-119.59096,53.85569],[-119.59151,53.85565],[-119.59184,53.85568],[-119.59266,53.85586],[-119.59312,53.85594],[-119.59402,53.85618],[-119.5947,53.85634],[-119.59617,53.85614],[-119.59646,53.85611],[-119.59657,53.85612],[-119.59697,53.85611],[-119.59718,53.85617],[-119.59792,53.85645],[-119.59813,53.85652],[-119.59854,53.85659],[-119.5987,53.85662],[-119.59911,53.85668],[-119.59973,53.85667],[-119.6002,53.85663],[-119.60071,53.85657],[-119.60114,53.85648],[-119.60171,53.85627],[-119.60201,53.85614],[-119.60241,53.85597],[-119.60253,53.85586],[-119.60273,53.85562],[-119.60296,53.8554],[-119.60307,53.85528],[-119.60359,53.85487],[-119.6038,53.85462],[-119.60387,53.85449],[-119.60436,53.85394],[-119.6044,53.85389],[-119.60454,53.85378],[-119.60518,53.85363],[-119.60556,53.85348],[-119.60574,53.85343],[-119.60754,53.85305],[-119.60777,53.85298],[-119.60793,53.85292],[-119.60838,53.85266],[-119.60852,53.85256],[-119.60866,53.85238],[-119.60881,53.85218],[-119.60893,53.85207],[-119.60924,53.85199],[-119.60934,53.85197],[-119.60965,53.8518],[-119.60976,53.85171],[-119.60975,53.85171],[-119.60931,53.85158],[-119.60899,53.85137],[-119.60858,53.85117],[-119.60804,53.8511],[-119.60739,53.85114],[-119.60692,53.85124],[-119.60648,53.85141],[-119.60572,53.85168],[-119.60536,53.85173],[-119.60414,53.85188],[-119.60358,53.85199],[-119.60314,53.85204],[-119.60266,53.85199],[-119.60172,53.85179],[-119.60141,53.85168],[-119.60115,53.85155],[-119.60101,53.85138],[-119.60094,53.85122],[-119.60061,53.85071],[-119.60006,53.84991],[-119.59975,53.84953],[-119.59901,53.84847],[-119.59856,53.84788],[-119.59828,53.84756],[-119.59767,53.84684],[-119.59746,53.8465],[-119.59727,53.84612],[-119.59713,53.84578],[-119.59682,53.84536],[-119.59645,53.84493],[-119.59591,53.84395],[-119.59587,53.84338],[-119.59593,53.8429],[-119.59603,53.84234],[-119.59619,53.84198],[-119.59641,53.84176],[-119.59657,53.84154],[-119.59665,53.84119],[-119.59665,53.84084],[-119.59672,53.8404],[-119.59686,53.84007],[-119.5971,53.8398],[-119.5975,53.83955],[-119.59794,53.83937],[-119.59843,53.83924],[-119.59883,53.83918],[-119.59955,53.83892],[-119.59996,53.83886],[-119.60025,53.83871],[-119.60048,53.83844],[-119.60076,53.8382],[-119.60109,53.83799],[-119.60138,53.83778],[-119.60167,53.83752],[-119.60185,53.83724],[-119.60187,53.83701],[-119.60178,53.83675],[-119.60154,53.83645],[-119.60117,53.83615],[-119.60076,53.83589],[-119.60031,53.83564],[-119.5997,53.83529],[-119.59928,53.83512],[-119.5989,53.83499],[-119.59846,53.83481],[-119.59797,53.83452],[-119.59758,53.8342],[-119.59723,53.83386],[-119.59706,53.83364],[-119.5968,53.83342],[-119.5966,53.83316],[-119.59632,53.83296],[-119.59595,53.83246],[-119.59543,53.8322],[-119.59498,53.83201],[-119.59468,53.83184],[-119.59427,53.83127],[-119.59397,53.83108],[-119.5937,53.83076],[-119.59331,53.83048],[-119.59292,53.83024],[-119.59229,53.82969],[-119.59139,53.82912],[-119.59056,53.82847],[-119.59033,53.82835],[-119.58986,53.82824],[-119.58941,53.82806],[-119.58911,53.8279],[-119.58843,53.82757],[-119.58765,53.82716],[-119.58721,53.82699],[-119.58685,53.82688],[-119.58653,53.82673],[-119.58611,53.82648],[-119.58523,53.82598],[-119.58467,53.82574],[-119.58405,53.8255],[-119.58349,53.82524],[-119.58258,53.82472],[-119.58153,53.8243],[-119.58118,53.82412],[-119.58084,53.82399],[-119.58045,53.82395],[-119.58017,53.82383],[-119.57965,53.82367],[-119.57917,53.82356],[-119.57876,53.82337],[-119.57841,53.82319],[-119.57754,53.82287],[-119.57593,53.82208],[-119.57551,53.82196],[-119.57527,53.82177],[-119.57456,53.82142],[-119.57342,53.82096],[-119.57311,53.82073],[-119.57269,53.82052],[-119.57236,53.82046],[-119.57201,53.82029],[-119.57171,53.82011],[-119.57099,53.81989],[-119.57072,53.81974],[-119.57032,53.8196],[-119.56991,53.81949],[-119.56953,53.81936],[-119.56881,53.81901],[-119.56861,53.81876],[-119.56835,53.81858],[-119.56799,53.81843],[-119.56781,53.81829],[-119.56755,53.81823],[-119.56719,53.81803],[-119.56686,53.81788],[-119.56662,53.81772],[-119.5657,53.81741],[-119.5653,53.81732],[-119.56494,53.81721],[-119.5646,53.81701],[-119.56418,53.81685],[-119.56404,53.81683],[-119.56241,53.81635],[-119.56205,53.8162],[-119.56161,53.81595],[-119.56122,53.81571],[-119.56113,53.81559],[-119.56101,53.81532],[-119.56092,53.81521],[-119.56077,53.81511],[-119.56058,53.81504],[-119.56036,53.81498],[-119.56014,53.81493],[-119.55945,53.81488],[-119.55925,53.81482],[-119.55907,53.81474],[-119.55842,53.81435],[-119.55783,53.81414],[-119.55748,53.81397],[-119.55699,53.81351],[-119.55664,53.81333],[-119.55582,53.81305],[-119.55378,53.81247],[-119.55331,53.81232],[-119.55292,53.81221],[-119.55241,53.81216],[-119.55201,53.81205],[-119.55164,53.81189],[-119.55113,53.81161],[-119.55066,53.81137],[-119.5493,53.81065],[-119.54825,53.81024],[-119.54767,53.81005],[-119.54732,53.80998],[-119.54672,53.80991],[-119.54582,53.80985],[-119.5451,53.80978],[-119.54466,53.80969],[-119.5441,53.80952],[-119.54101,53.80783],[-119.5405,53.80747],[-119.53575,53.80516],[-119.53388,53.80428],[-119.53346,53.80404],[-119.53157,53.80373],[-119.53059,53.80353],[-119.52973,53.80315],[-119.5291,53.80285],[-119.52844,53.80219],[-119.52773,53.80181],[-119.52709,53.8014],[-119.52638,53.80128],[-119.5254,53.80093],[-119.52519,53.80088],[-119.52452,53.80078],[-119.52401,53.80069],[-119.52386,53.80067],[-119.52365,53.80071],[-119.52325,53.80082],[-119.52303,53.80081],[-119.52282,53.80077],[-119.5226,53.80071],[-119.5224,53.80062],[-119.52209,53.80044],[-119.52159,53.79998],[-119.52116,53.79962],[-119.52099,53.79954],[-119.52084,53.7995],[-119.52062,53.79949],[-119.52039,53.79952],[-119.52023,53.79957],[-119.51995,53.79971],[-119.51958,53.79987],[-119.51807,53.80039],[-119.51777,53.80048],[-119.51732,53.80053],[-119.51651,53.80054],[-119.51631,53.80052],[-119.51611,53.80046],[-119.51527,53.80012],[-119.51421,53.79979],[-119.5137,53.79952],[-119.51293,53.79914],[-119.51253,53.799],[-119.51222,53.79895],[-119.512,53.79897],[-119.51143,53.79906],[-119.51121,53.79907],[-119.50957,53.79892],[-119.50859,53.79877],[-119.50798,53.7987],[-119.50761,53.79863],[-119.50742,53.79856],[-119.50725,53.79847],[-119.50695,53.79825],[-119.50623,53.79761],[-119.50614,53.79748],[-119.50615,53.79719],[-119.50614,53.79708],[-119.50603,53.79698],[-119.50567,53.7968],[-119.50515,53.79655],[-119.50476,53.79631],[-119.50441,53.79596],[-119.50396,53.79549],[-119.50385,53.79543],[-119.50366,53.79537],[-119.50276,53.79524],[-119.50241,53.79514],[-119.50222,53.79507],[-119.50205,53.79497],[-119.50186,53.79482],[-119.50177,53.79469],[-119.50173,53.79455],[-119.50176,53.79428],[-119.50175,53.79379],[-119.5017,53.79365],[-119.50158,53.79355],[-119.50131,53.79344],[-119.50102,53.79338],[-119.50056,53.79333],[-119.50014,53.79321],[-119.50002,53.79318],[-119.49993,53.79316],[-119.49964,53.79313],[-119.49851,53.79315],[-119.49786,53.79303],[-119.4974,53.79305],[-119.49729,53.79304],[-119.49711,53.79297],[-119.49693,53.79288],[-119.49666,53.79279],[-119.49645,53.79274],[-119.49591,53.79271],[-119.49552,53.79266],[-119.49531,53.79261],[-119.49516,53.79254],[-119.49489,53.79232],[-119.49477,53.79224],[-119.49464,53.79221],[-119.49428,53.79218],[-119.49407,53.79212],[-119.49373,53.79196],[-119.49371,53.79195],[-119.49359,53.79185],[-119.49349,53.79156],[-119.49337,53.79145],[-119.49318,53.79138],[-119.49267,53.79131],[-119.49245,53.79126],[-119.4922,53.79123],[-119.49174,53.79113],[-119.49157,53.79105],[-119.49137,53.79081],[-119.49097,53.79051],[-119.49013,53.78988],[-119.49001,53.78972],[-119.48966,53.78943],[-119.48934,53.78925],[-119.48898,53.78909],[-119.48856,53.78897],[-119.48833,53.78893],[-119.48806,53.78892],[-119.48758,53.78899],[-119.48719,53.78898],[-119.48687,53.78889],[-119.48673,53.78887],[-119.48629,53.7888],[-119.48624,53.78877],[-119.48569,53.78878],[-119.48565,53.78878],[-119.48471,53.78896],[-119.48397,53.78906],[-119.48317,53.78915],[-119.48257,53.78916],[-119.48229,53.78914],[-119.48206,53.78909],[-119.48186,53.78903],[-119.48136,53.78879],[-119.48116,53.78872],[-119.48081,53.78856],[-119.48062,53.78852],[-119.48024,53.78845],[-119.47994,53.78835],[-119.4795,53.78807],[-119.47912,53.78775],[-119.47896,53.78765],[-119.47863,53.78749],[-119.4784,53.78744],[-119.47816,53.78747],[-119.47796,53.78754],[-119.47783,53.78764],[-119.47754,53.78778],[-119.477,53.78806],[-119.47681,53.78813],[-119.47658,53.78818],[-119.47628,53.78817],[-119.47578,53.78811],[-119.47552,53.78809],[-119.47494,53.7881],[-119.47465,53.78812],[-119.4744,53.78814],[-119.47383,53.78812],[-119.47273,53.78805],[-119.47146,53.78789],[-119.47065,53.78782],[-119.47005,53.78784],[-119.46916,53.78784],[-119.46889,53.78782],[-119.46846,53.78773],[-119.46821,53.78766],[-119.46785,53.78751],[-119.46766,53.78744],[-119.4673,53.78729],[-119.46632,53.78695],[-119.46589,53.78684],[-119.46563,53.78682],[-119.46533,53.78682],[-119.46512,53.78687],[-119.46497,53.78696],[-119.46489,53.78709],[-119.46476,53.78719],[-119.4645,53.78722],[-119.46367,53.78728],[-119.46241,53.78728],[-119.46214,53.78728],[-119.46196,53.78727],[-119.46073,53.78721],[-119.46043,53.78723],[-119.4602,53.78728],[-119.45979,53.7874],[-119.45932,53.78749],[-119.45904,53.7875],[-119.45856,53.78759],[-119.45776,53.78766],[-119.45746,53.78766],[-119.45692,53.78762],[-119.45645,53.78753],[-119.45619,53.78751],[-119.45558,53.78751],[-119.45531,53.78753],[-119.4546,53.78766],[-119.45371,53.78767],[-119.45343,53.78765],[-119.45244,53.7875],[-119.45196,53.78741],[-119.45143,53.78735],[-119.45084,53.78734],[-119.45023,53.78736],[-119.44998,53.7874],[-119.44987,53.78743],[-119.44934,53.78757],[-119.44916,53.78765],[-119.449,53.78775],[-119.44854,53.78802],[-119.44841,53.78813],[-119.44825,53.78821],[-119.44798,53.78831],[-119.44763,53.78841],[-119.44739,53.78844],[-119.44679,53.78846],[-119.44653,53.78843],[-119.44632,53.78838],[-119.44614,53.78831],[-119.44585,53.78812],[-119.4456,53.7879],[-119.44508,53.78766],[-119.44482,53.78764],[-119.44452,53.78764],[-119.44428,53.78768],[-119.4441,53.78776],[-119.44361,53.78802],[-119.44319,53.78832],[-119.443,53.7884],[-119.44252,53.78849],[-119.44225,53.78851],[-119.44135,53.78853],[-119.4408,53.78849],[-119.44051,53.78844],[-119.43987,53.78833],[-119.43944,53.78822],[-119.43885,53.78801],[-119.43861,53.78798],[-119.43812,53.78799],[-119.43777,53.78802],[-119.43764,53.78801],[-119.43748,53.78801],[-119.43718,53.78797],[-119.43672,53.78792],[-119.43627,53.78782],[-119.43589,53.78768],[-119.43572,53.78759],[-119.43547,53.78737],[-119.43522,53.78698],[-119.43509,53.78688],[-119.43455,53.78665],[-119.43429,53.78645],[-119.4337,53.78611],[-119.43336,53.78598],[-119.43265,53.78588],[-119.4324,53.78588],[-119.43171,53.786],[-119.43151,53.78606],[-119.43118,53.78622],[-119.43061,53.7864],[-119.4304,53.78645],[-119.42991,53.7865],[-119.4294,53.78656],[-119.42901,53.78668],[-119.42884,53.78676],[-119.42826,53.78696],[-119.42798,53.78715],[-119.42729,53.78746],[-119.42715,53.78756],[-119.42703,53.78767],[-119.42662,53.78797],[-119.42633,53.78834],[-119.42605,53.78854],[-119.42604,53.78855],[-119.42564,53.78866],[-119.42538,53.7887],[-119.4251,53.78876],[-119.4247,53.78885],[-119.42419,53.78899],[-119.42357,53.7891],[-119.42278,53.78936],[-119.42241,53.78951],[-119.42184,53.78972],[-119.42151,53.78989],[-119.42097,53.79013],[-119.42081,53.79022],[-119.42008,53.79071],[-119.41964,53.79117],[-119.41936,53.79156],[-119.41897,53.79206],[-119.41884,53.79217],[-119.41848,53.79232],[-119.41827,53.79238],[-119.41799,53.79239],[-119.41771,53.79237],[-119.4175,53.79232],[-119.41717,53.79218],[-119.41688,53.79197],[-119.41657,53.79181],[-119.41638,53.79176],[-119.41602,53.7916],[-119.41523,53.79117],[-119.4145,53.79088],[-119.41348,53.79057],[-119.41297,53.7905],[-119.41286,53.7905],[-119.41268,53.7905],[-119.41243,53.79054],[-119.4124,53.79054],[-119.41222,53.79059],[-119.41205,53.79086],[-119.41202,53.79102],[-119.41195,53.79135],[-119.4118,53.7918],[-119.41167,53.79207],[-119.41155,53.79219],[-119.41113,53.79249],[-119.41081,53.79267],[-119.41022,53.79287],[-119.40979,53.79299],[-119.40955,53.79303],[-119.40869,53.79306],[-119.40824,53.79316],[-119.40775,53.79323],[-119.40744,53.79323],[-119.40716,53.79321],[-119.4064,53.79312],[-119.40607,53.79314],[-119.40582,53.79326],[-119.4056,53.79331],[-119.40518,53.79335],[-119.40478,53.79335],[-119.40453,53.79332],[-119.40424,53.79332],[-119.40402,53.79339],[-119.4037,53.79355],[-119.40356,53.79365],[-119.40291,53.79397],[-119.40256,53.79415],[-119.40237,53.79422],[-119.40211,53.79424],[-119.40169,53.79414],[-119.40157,53.79402],[-119.40113,53.79369],[-119.40068,53.79345],[-119.4006,53.79331],[-119.40049,53.79298],[-119.40035,53.79271],[-119.40037,53.79256],[-119.40051,53.79246],[-119.40055,53.79213],[-119.40049,53.79178],[-119.40032,53.79156],[-119.40022,53.79143],[-119.39981,53.79087],[-119.39947,53.79052],[-119.39933,53.79042],[-119.39922,53.7903],[-119.39906,53.79021],[-119.39887,53.79015],[-119.39834,53.7899],[-119.39774,53.7897],[-119.39757,53.78962],[-119.39713,53.78953],[-119.39658,53.78931],[-119.39645,53.78921],[-119.39637,53.78907],[-119.39636,53.78889],[-119.39644,53.7886],[-119.39639,53.78855],[-119.39633,53.78848],[-119.39618,53.78838],[-119.39599,53.78831],[-119.39577,53.78827],[-119.39526,53.78821],[-119.39497,53.7882],[-119.39438,53.78821],[-119.3941,53.78823],[-119.39388,53.78828],[-119.39316,53.78834],[-119.39263,53.78843],[-119.39234,53.78844],[-119.39209,53.78841],[-119.39189,53.78835],[-119.39173,53.78826],[-119.39146,53.78806],[-119.39095,53.78783],[-119.39072,53.78778],[-119.3905,53.78783],[-119.39031,53.7879],[-119.38994,53.78807],[-119.3895,53.78816],[-119.389,53.78825],[-119.38826,53.78855],[-119.38825,53.78855],[-119.38809,53.78859],[-119.38763,53.78869],[-119.38758,53.7887],[-119.38731,53.78873],[-119.38701,53.78872],[-119.38594,53.78864],[-119.38573,53.78859],[-119.38547,53.78856],[-119.38522,53.78857],[-119.38471,53.78865],[-119.38443,53.78865],[-119.38383,53.78855],[-119.38349,53.78849],[-119.3831,53.78835],[-119.38293,53.78827],[-119.38258,53.78813],[-119.38223,53.78796],[-119.38184,53.78783],[-119.38117,53.78769],[-119.38099,53.78761],[-119.38084,53.78751],[-119.38067,53.78743],[-119.3802,53.78716],[-119.38002,53.78708],[-119.37958,53.78695],[-119.37887,53.78671],[-119.37865,53.78661],[-119.37823,53.7863],[-119.37795,53.7861],[-119.37786,53.78597],[-119.37779,53.78565],[-119.37746,53.78549],[-119.37684,53.78531],[-119.37661,53.78526],[-119.3763,53.78527],[-119.37602,53.7853],[-119.37554,53.78538],[-119.37554,53.78538],[-119.37527,53.78541],[-119.37469,53.7854],[-119.37402,53.78532],[-119.37326,53.78518],[-119.37285,53.78506],[-119.3718,53.7848],[-119.37131,53.78473],[-119.37102,53.78475],[-119.37078,53.7848],[-119.37058,53.78487],[-119.37032,53.78507],[-119.37023,53.78519],[-119.36995,53.7854],[-119.36957,53.78559],[-119.36926,53.78572],[-119.36898,53.78574],[-119.36873,53.7857],[-119.36852,53.78565],[-119.36834,53.78558],[-119.36821,53.78547],[-119.36806,53.78519],[-119.36806,53.78483],[-119.36817,53.7844],[-119.36825,53.78405],[-119.3683,53.78372],[-119.36845,53.78327],[-119.36859,53.78301],[-119.36865,53.78286],[-119.36873,53.78238],[-119.36896,53.78198],[-119.36908,53.78169],[-119.36907,53.78131],[-119.36906,53.78098],[-119.369,53.78063],[-119.36878,53.78021],[-119.36833,53.77965],[-119.36809,53.77948],[-119.36776,53.77931],[-119.36737,53.77918],[-119.367,53.77904],[-119.36655,53.77895],[-119.36635,53.77889],[-119.36596,53.77876],[-119.3655,53.77864],[-119.36471,53.7786],[-119.36446,53.77858],[-119.36416,53.77858],[-119.36331,53.77861],[-119.36297,53.77862],[-119.36285,53.77862],[-119.3627,53.77861],[-119.36248,53.77855],[-119.36193,53.77833],[-119.36155,53.77801],[-119.36111,53.77774],[-119.36089,53.77751],[-119.36079,53.77724],[-119.36064,53.77711],[-119.36038,53.7771],[-119.36014,53.77707],[-119.35993,53.77701],[-119.35945,53.77675],[-119.35926,53.77669],[-119.35882,53.77658],[-119.35826,53.77655],[-119.35802,53.77652],[-119.35771,53.77652],[-119.35744,53.77655],[-119.35723,53.77661],[-119.35689,53.77678],[-119.35624,53.77694],[-119.35607,53.77702],[-119.35569,53.77716],[-119.35542,53.77718],[-119.35497,53.77709],[-119.35449,53.77701],[-119.3542,53.77701],[-119.35394,53.77705],[-119.35349,53.77715],[-119.35294,53.77738],[-119.35261,53.77756],[-119.35242,53.77763],[-119.35192,53.77789],[-119.35167,53.77811],[-119.35148,53.77819],[-119.35121,53.77822],[-119.35102,53.77829],[-119.35089,53.7784],[-119.35077,53.77847],[-119.35073,53.77849],[-119.35028,53.77861],[-119.35002,53.77864],[-119.34974,53.77862],[-119.34955,53.77855],[-119.34943,53.77844],[-119.34927,53.77816],[-119.34917,53.77804],[-119.34898,53.77797],[-119.34835,53.77781],[-119.34818,53.77773],[-119.34806,53.77762],[-119.34786,53.77755],[-119.34758,53.77758],[-119.34738,53.77765],[-119.34722,53.77774],[-119.34608,53.77763],[-119.34607,53.77765],[-119.34594,53.77775],[-119.34533,53.77814],[-119.3451,53.77823],[-119.34429,53.77845],[-119.34326,53.77877],[-119.34309,53.77885],[-119.34284,53.77906],[-119.34268,53.77915],[-119.34209,53.77955],[-119.34176,53.77972],[-119.34164,53.77983],[-119.34156,53.77996],[-119.34139,53.78014],[-119.34117,53.78029],[-119.3406,53.78051],[-119.34017,53.78063],[-119.33998,53.7807],[-119.33974,53.78074],[-119.33916,53.78074],[-119.33895,53.78069],[-119.33877,53.78062],[-119.33853,53.78059],[-119.33808,53.78053],[-119.33803,53.78053],[-119.33745,53.78033],[-119.33702,53.78021],[-119.33685,53.78014],[-119.33626,53.77993],[-119.3361,53.77984],[-119.33574,53.77969],[-119.33503,53.77957],[-119.33453,53.77951],[-119.3343,53.77946],[-119.33405,53.77948],[-119.33367,53.77962],[-119.33351,53.77972],[-119.33297,53.77996],[-119.33253,53.78024],[-119.33248,53.78039],[-119.33248,53.78057],[-119.33242,53.78071],[-119.33212,53.78107],[-119.33196,53.78116],[-119.33171,53.7812],[-119.33113,53.78121],[-119.33093,53.78114],[-119.33049,53.78104],[-119.33023,53.78102],[-119.32932,53.78104],[-119.32877,53.78101],[-119.32771,53.78093],[-119.32705,53.78081],[-119.32654,53.78074],[-119.32599,53.78071],[-119.32526,53.78061],[-119.32497,53.78062],[-119.32447,53.78069],[-119.32402,53.78081],[-119.32327,53.78093],[-119.32299,53.78094],[-119.32272,53.78092],[-119.32202,53.7808],[-119.32171,53.78072],[-119.32136,53.78059],[-119.32104,53.78058],[-119.32025,53.78069],[-119.31997,53.78068],[-119.31972,53.78065],[-119.31854,53.78045],[-119.31826,53.78044],[-119.31766,53.78047],[-119.31741,53.7805],[-119.31712,53.78052],[-119.31683,53.78053],[-119.31608,53.78043],[-119.31579,53.78049],[-119.31552,53.78066],[-119.31521,53.78082],[-119.31494,53.78089],[-119.31442,53.78097],[-119.31413,53.78098],[-119.31376,53.78097],[-119.3133,53.78096],[-119.31325,53.78096],[-119.31296,53.78098],[-119.3127,53.78102],[-119.31226,53.78114],[-119.31159,53.78131],[-119.31152,53.78133],[-119.31091,53.78147],[-119.31065,53.7815],[-119.31003,53.78151],[-119.30945,53.78153],[-119.30923,53.78159],[-119.30882,53.78173],[-119.30838,53.78184],[-119.30768,53.78199],[-119.30724,53.7821],[-119.30684,53.78224],[-119.30597,53.78251],[-119.30457,53.78282],[-119.30438,53.78289],[-119.30404,53.78305],[-119.30375,53.78325],[-119.30364,53.78336],[-119.30355,53.78349],[-119.30333,53.78373],[-119.30316,53.784],[-119.30267,53.78465],[-119.30194,53.78532],[-119.30154,53.78565],[-119.30122,53.78601],[-119.30101,53.78625],[-119.30088,53.78636],[-119.30058,53.78655],[-119.30025,53.78672],[-119.29998,53.78681],[-119.29965,53.78693],[-119.29922,53.78706],[-119.29871,53.78714],[-119.29812,53.78718],[-119.29714,53.78719],[-119.29665,53.78723],[-119.29616,53.78733],[-119.29598,53.7874],[-119.29564,53.78756],[-119.29526,53.78772],[-119.29481,53.78782],[-119.29456,53.78786],[-119.29425,53.78787],[-119.29398,53.7879],[-119.29354,53.78802],[-119.29336,53.78811],[-119.29257,53.78856],[-119.29255,53.78857],[-119.29155,53.7891],[-119.29115,53.78925],[-119.29073,53.78938],[-119.28975,53.78963],[-119.28941,53.78973],[-119.28898,53.78984],[-119.28896,53.78984],[-119.28853,53.78997],[-119.28853,53.78997],[-119.28806,53.79007],[-119.28709,53.79027],[-119.28621,53.79052],[-119.28546,53.7908],[-119.28524,53.79086],[-119.28486,53.79101],[-119.28447,53.79111],[-119.28396,53.79125],[-119.28343,53.79132],[-119.28296,53.79142],[-119.28253,53.79154],[-119.28235,53.79163],[-119.28218,53.79172],[-119.28205,53.79182],[-119.28203,53.79192],[-119.28201,53.79198],[-119.28212,53.7923],[-119.28207,53.79245],[-119.28195,53.79257],[-119.28181,53.79266],[-119.28161,53.79274],[-119.28108,53.7928],[-119.28033,53.79291],[-119.27972,53.79311],[-119.27927,53.79322],[-119.27837,53.79344],[-119.27767,53.7936],[-119.27725,53.79373],[-119.27683,53.79385],[-119.27665,53.79392],[-119.27648,53.79401],[-119.27644,53.79405],[-119.27636,53.79413],[-119.27623,53.79441],[-119.27604,53.79461],[-119.27574,53.79466],[-119.27527,53.79457],[-119.27507,53.79451],[-119.27464,53.79441],[-119.27426,53.79427],[-119.27338,53.79385],[-119.27245,53.7935],[-119.27221,53.79345],[-119.27197,53.79344],[-119.27166,53.79344],[-119.27138,53.79347],[-119.27089,53.79356],[-119.27001,53.7938],[-119.26985,53.79388],[-119.26923,53.79427],[-119.26884,53.79459],[-119.26852,53.79478],[-119.26808,53.79499],[-119.26745,53.79513],[-119.26591,53.79551],[-119.26519,53.79579],[-119.26513,53.79582],[-119.26421,53.79612],[-119.26412,53.79615],[-119.26375,53.79629],[-119.26341,53.79642],[-119.26316,53.7965],[-119.26267,53.79676],[-119.26201,53.79695],[-119.26171,53.79697],[-119.26007,53.79714],[-119.25958,53.79723],[-119.25938,53.79729],[-119.25913,53.79733],[-119.25854,53.79735],[-119.25828,53.79739],[-119.25781,53.79749],[-119.2574,53.79761],[-119.25711,53.79763],[-119.25681,53.79763],[-119.25595,53.79741],[-119.2557,53.79738],[-119.25542,53.79736],[-119.25511,53.79737],[-119.25483,53.7974],[-119.2546,53.79745],[-119.2542,53.79759],[-119.25395,53.7978],[-119.25333,53.79819],[-119.25313,53.79826],[-119.25289,53.7983],[-119.25259,53.79831],[-119.25199,53.79831],[-119.25167,53.79829],[-119.25141,53.79827],[-119.25129,53.79826],[-119.25117,53.79825],[-119.25022,53.79811],[-119.25014,53.79809],[-119.25002,53.79805],[-119.24989,53.79802],[-119.24979,53.79799],[-119.24938,53.79781],[-119.24895,53.7978],[-119.24823,53.79795],[-119.24777,53.79805],[-119.24682,53.79834],[-119.24568,53.79868],[-119.24528,53.79882],[-119.24426,53.79933],[-119.24397,53.79954],[-119.24347,53.79981],[-119.24289,53.80003],[-119.24257,53.80023],[-119.24222,53.80036],[-119.24174,53.80063],[-119.24162,53.80074],[-119.24148,53.80085],[-119.24113,53.80102],[-119.24012,53.80137],[-119.2398,53.80156],[-119.23955,53.80177],[-119.23945,53.8019],[-119.23943,53.80191],[-119.2391,53.80223],[-119.23898,53.80229],[-119.2386,53.80248],[-119.23829,53.80267],[-119.23803,53.80303],[-119.2379,53.80316],[-119.23782,53.80329],[-119.23781,53.8033],[-119.23763,53.80373],[-119.23725,53.80393],[-119.23697,53.80411],[-119.23691,53.80425],[-119.23688,53.80441],[-119.23687,53.80476],[-119.23682,53.8049],[-119.23661,53.80515],[-119.23611,53.80559],[-119.23558,53.80584],[-119.23535,53.8059],[-119.23507,53.80592],[-119.23479,53.80591],[-119.23437,53.8058],[-119.23412,53.80582],[-119.23394,53.8059],[-119.23368,53.80593],[-119.2334,53.80593],[-119.23315,53.8059],[-119.23274,53.8059],[-119.23195,53.80592],[-119.23139,53.8059],[-119.23111,53.80593],[-119.23011,53.80595],[-119.22976,53.80586],[-119.22947,53.80586],[-119.2292,53.80589],[-119.22898,53.80594],[-119.22861,53.80611],[-119.228,53.8063],[-119.22756,53.80642],[-119.22728,53.80644],[-119.22709,53.80652],[-119.2271,53.80653],[-119.22689,53.80662],[-119.22666,53.80673],[-119.22566,53.80727],[-119.22511,53.80749],[-119.2249,53.80754],[-119.22458,53.80773],[-119.22441,53.80781],[-119.22427,53.80791],[-119.22417,53.80804],[-119.22396,53.80847],[-119.22394,53.80863],[-119.22426,53.80911],[-119.2243,53.80932],[-119.22411,53.80996],[-119.22402,53.8101],[-119.2239,53.81021],[-119.22375,53.81031],[-119.22364,53.81043],[-119.22328,53.81079],[-119.22311,53.81088],[-119.22273,53.81103],[-119.2224,53.8112],[-119.22182,53.8114],[-119.2216,53.81146],[-119.22112,53.81154],[-119.22082,53.81155],[-119.21927,53.81153],[-119.2184,53.81149],[-119.21813,53.81145],[-119.21574,53.81138],[-119.21517,53.81139],[-119.21469,53.81147],[-119.21466,53.81148],[-119.21434,53.81161],[-119.2142,53.81168],[-119.21402,53.81176],[-119.21377,53.81186],[-119.21315,53.81204],[-119.21262,53.81208],[-119.21158,53.81239],[-119.21139,53.81247],[-119.21104,53.81264],[-119.21085,53.81271],[-119.21037,53.81279],[-119.2103,53.81294],[-119.21027,53.81311],[-119.21017,53.81325],[-119.21,53.81334],[-119.20908,53.81373],[-119.2082,53.81414],[-119.20806,53.81424],[-119.20797,53.81437],[-119.20792,53.81453],[-119.20804,53.81501],[-119.20789,53.81528],[-119.20802,53.81539],[-119.2079,53.8156],[-119.20786,53.81584],[-119.20783,53.81638],[-119.20792,53.81669],[-119.20797,53.81703],[-119.20796,53.81718],[-119.20784,53.81732],[-119.2077,53.81743],[-119.20754,53.81764],[-119.20751,53.81769],[-119.20737,53.81779],[-119.20718,53.81787],[-119.20667,53.81793],[-119.20637,53.81813],[-119.20615,53.81817],[-119.20561,53.81822],[-119.20536,53.81825],[-119.20514,53.81831],[-119.20495,53.81838],[-119.20487,53.81851],[-119.20497,53.81864],[-119.20498,53.81899],[-119.20493,53.81916],[-119.20484,53.81929],[-119.20462,53.81953],[-119.20435,53.81974],[-119.20374,53.82014],[-119.20297,53.82042],[-119.20245,53.82068],[-119.20212,53.82083],[-119.20209,53.82084],[-119.20147,53.82102],[-119.20089,53.82125],[-119.20026,53.82144],[-119.2001,53.82154],[-119.19987,53.82179],[-119.19981,53.82194],[-119.19978,53.82231],[-119.1998,53.82266],[-119.19991,53.82296],[-119.19993,53.82313],[-119.19988,53.82328],[-119.19967,53.82354],[-119.19956,53.82386],[-119.19947,53.82399],[-119.19907,53.82432],[-119.19897,53.82444],[-119.19882,53.82454],[-119.19862,53.82461],[-119.19847,53.82471],[-119.19831,53.82485],[-119.19826,53.82489],[-119.19722,53.8256],[-119.19688,53.82573],[-119.19648,53.82591],[-119.19616,53.82608],[-119.19579,53.8262],[-119.19443,53.8267],[-119.19421,53.82676],[-119.19384,53.82691],[-119.19324,53.8273],[-119.19312,53.82741],[-119.19294,53.82767],[-119.19281,53.82778],[-119.19249,53.82796],[-119.19192,53.82817],[-119.19169,53.82832],[-119.19166,53.82852],[-119.19182,53.82878],[-119.19185,53.82894],[-119.19183,53.8293],[-119.19191,53.82943],[-119.19221,53.82963],[-119.19227,53.82977],[-119.19222,53.83029],[-119.19223,53.83047],[-119.19231,53.8306],[-119.19255,53.83082],[-119.19274,53.8309],[-119.19296,53.83095],[-119.19313,53.83103],[-119.19328,53.83113],[-119.19333,53.83129],[-119.19329,53.83146],[-119.1932,53.83158],[-119.19293,53.83179],[-119.19255,53.83192],[-119.19243,53.83203],[-119.19234,53.83207],[-119.19221,53.83213],[-119.19179,53.83221],[-119.19119,53.83221],[-119.1907,53.83229],[-119.19043,53.83232],[-119.18991,53.83226],[-119.18965,53.83228],[-119.18943,53.83232],[-119.18902,53.83234],[-119.18857,53.83236],[-119.18827,53.83234],[-119.18808,53.83234],[-119.18692,53.83233],[-119.18682,53.83234],[-119.18655,53.83238],[-119.18498,53.83274],[-119.18448,53.83281],[-119.18424,53.83286],[-119.18383,53.83299],[-119.18337,53.83307],[-119.18297,53.8332],[-119.18249,53.83346],[-119.18231,53.83354],[-119.18208,53.83358],[-119.18191,53.83366],[-119.18184,53.83381],[-119.18164,53.83406],[-119.18147,53.83416],[-119.18053,53.83451],[-119.18002,53.83456],[-119.17931,53.8347],[-119.17834,53.83506],[-119.17768,53.83522],[-119.17736,53.83538],[-119.17734,53.83539],[-119.17714,53.83546],[-119.17689,53.83549],[-119.17674,53.83558],[-119.17672,53.83574],[-119.17686,53.83622],[-119.17687,53.83639],[-119.17687,53.83728],[-119.177,53.83775],[-119.17712,53.83804],[-119.17727,53.83833],[-119.17736,53.8384],[-119.17766,53.83865],[-119.1781,53.83894],[-119.17833,53.83918],[-119.17853,53.83948],[-119.17859,53.83957],[-119.17865,53.83972],[-119.17877,53.83984],[-119.17892,53.84005],[-119.17916,53.84012],[-119.17929,53.84023],[-119.17975,53.84051],[-119.1801,53.84068],[-119.18024,53.84078],[-119.18074,53.84103],[-119.18128,53.84126],[-119.18174,53.84136],[-119.182,53.8414],[-119.18243,53.84153],[-119.18354,53.84181],[-119.18393,53.84195],[-119.18456,53.84214],[-119.18541,53.84255],[-119.18555,53.84266],[-119.18578,53.84289],[-119.18603,53.84311],[-119.18628,53.84368],[-119.18633,53.84383],[-119.18635,53.844],[-119.18614,53.84412],[-119.18589,53.84428],[-119.18595,53.84442],[-119.18598,53.84458],[-119.1862,53.84481],[-119.18621,53.84497],[-119.18593,53.84516],[-119.18569,53.84538],[-119.18552,53.84566],[-119.1852,53.84603],[-119.18483,53.84618],[-119.1847,53.84629],[-119.18462,53.84642],[-119.18462,53.84671],[-119.18463,53.84675],[-119.18459,53.84693],[-119.18442,53.84721],[-119.18431,53.84733],[-119.18314,53.84795],[-119.18298,53.84822],[-119.18267,53.8486],[-119.18265,53.84875],[-119.18269,53.84891],[-119.18275,53.84904],[-119.18269,53.84917],[-119.18246,53.84923],[-119.18216,53.84945],[-119.18216,53.84946],[-119.18209,53.84954],[-119.18206,53.84959],[-119.18187,53.84998],[-119.1815,53.85052],[-119.18066,53.85131],[-119.18051,53.85141],[-119.18015,53.85157],[-119.17969,53.85167],[-119.17931,53.85182],[-119.17883,53.8519],[-119.17862,53.85196],[-119.17814,53.85204],[-119.17784,53.85204],[-119.1776,53.852],[-119.17736,53.85199],[-119.17734,53.85199],[-119.17709,53.85203],[-119.17691,53.85211],[-119.17602,53.85273],[-119.17567,53.85311],[-119.17564,53.85327],[-119.17561,53.85381],[-119.17556,53.85394],[-119.17545,53.85428],[-119.17537,53.85461],[-119.17536,53.85514],[-119.17524,53.85564],[-119.17526,53.8558],[-119.17564,53.85667],[-119.17579,53.85694],[-119.17583,53.85728],[-119.17592,53.85755],[-119.17602,53.85771],[-119.17607,53.85786],[-119.17626,53.85812],[-119.17647,53.85837],[-119.17717,53.85888],[-119.17736,53.85901],[-119.17747,53.85907],[-119.17758,53.85919],[-119.17775,53.85944],[-119.17806,53.85998],[-119.17811,53.86012],[-119.17811,53.861],[-119.17808,53.86117],[-119.17789,53.86143],[-119.17788,53.86144],[-119.17762,53.86164],[-119.17752,53.86154],[-119.17736,53.86155],[-119.17724,53.86155],[-119.17703,53.86179],[-119.17673,53.86198],[-119.17632,53.86198],[-119.17591,53.86203],[-119.1755,53.86215],[-119.17533,53.86223],[-119.17507,53.86226],[-119.17476,53.86226],[-119.17428,53.86233],[-119.17347,53.86239],[-119.17298,53.86246],[-119.17231,53.86261],[-119.17157,53.8629],[-119.17142,53.863],[-119.17125,53.86308],[-119.17103,53.86313],[-119.17055,53.86313],[-119.17018,53.86316],[-119.1697,53.86324],[-119.16951,53.86331],[-119.16939,53.86342],[-119.16908,53.86362],[-119.16897,53.86374],[-119.16878,53.86401],[-119.16862,53.86448],[-119.16856,53.86483],[-119.16848,53.86497],[-119.16833,53.86507],[-119.168,53.86525],[-119.16771,53.86544],[-119.16748,53.86565],[-119.1676,53.86594],[-119.16751,53.86608],[-119.16719,53.86646],[-119.16687,53.86665],[-119.1666,53.86686],[-119.16598,53.86743],[-119.16553,53.86792],[-119.16546,53.86807],[-119.16527,53.86834],[-119.16527,53.86849],[-119.16529,53.86858],[-119.16535,53.86881],[-119.16545,53.86894],[-119.16551,53.86909],[-119.16562,53.86921],[-119.16595,53.86939],[-119.16617,53.86945],[-119.16643,53.86948],[-119.16679,53.86961],[-119.16696,53.86972],[-119.16708,53.86983],[-119.1673,53.87024],[-119.16746,53.87033],[-119.16766,53.87059],[-119.16797,53.87109],[-119.16797,53.87125],[-119.16793,53.87184],[-119.16781,53.87196],[-119.16753,53.87217],[-119.16736,53.87225],[-119.16712,53.8723],[-119.16694,53.87237],[-119.16673,53.87244],[-119.16655,53.87252],[-119.16654,53.87268],[-119.1665,53.87283],[-119.1661,53.87313],[-119.16566,53.87342],[-119.16545,53.87347],[-119.1652,53.87351],[-119.16514,53.87354],[-119.16505,53.8736],[-119.16498,53.87373],[-119.16507,53.87386],[-119.16514,53.87391],[-119.16534,53.87406],[-119.16543,53.87419],[-119.1655,53.87435],[-119.16555,53.87467],[-119.16551,53.87496],[-119.1655,53.87501],[-119.1655,53.87503],[-119.16547,53.87509],[-119.16546,53.8751],[-119.16542,53.87518],[-119.16532,53.8755],[-119.16524,53.87561],[-119.16514,53.87572],[-119.1649,53.87596],[-119.16468,53.8765],[-119.16454,53.87686],[-119.16429,53.87728],[-119.16415,53.87759],[-119.1639,53.87846],[-119.16389,53.87873],[-119.16399,53.87957],[-119.16398,53.87986],[-119.16398,53.87989],[-119.16397,53.87994],[-119.16383,53.88062],[-119.16369,53.88092],[-119.16362,53.88128],[-119.16347,53.88176],[-119.16348,53.88212],[-119.16367,53.88275],[-119.16368,53.88303],[-119.16368,53.88309],[-119.16377,53.88322],[-119.16421,53.88351],[-119.1646,53.88365],[-119.16469,53.88369],[-119.16495,53.88381],[-119.16514,53.88385],[-119.16519,53.88386],[-119.16539,53.88392],[-119.16553,53.88393],[-119.16592,53.88407],[-119.16639,53.88416],[-119.16653,53.88426],[-119.16675,53.88468],[-119.16692,53.88513],[-119.16696,53.88636],[-119.16681,53.88663],[-119.1668,53.88681],[-119.16674,53.88696],[-119.16665,53.8871],[-119.16659,53.88725],[-119.16652,53.88757],[-119.16646,53.88846],[-119.16637,53.88879],[-119.16629,53.88893],[-119.16617,53.88904],[-119.16615,53.88994],[-119.16611,53.89011],[-119.16598,53.89021],[-119.1658,53.89026],[-119.16577,53.89027],[-119.16558,53.89034],[-119.16553,53.89044],[-119.16551,53.89049],[-119.1654,53.89062],[-119.1653,53.8909],[-119.1652,53.89103],[-119.16515,53.89106],[-119.16506,53.89113],[-119.16494,53.89118],[-119.16476,53.89126],[-119.16471,53.89128],[-119.16469,53.89128],[-119.16457,53.89131],[-119.16445,53.89133],[-119.16394,53.89136],[-119.16366,53.89135],[-119.16323,53.89129],[-119.16315,53.89128],[-119.1629,53.89131],[-119.16232,53.89128],[-119.16205,53.89129],[-119.16184,53.89135],[-119.1615,53.89152],[-119.16129,53.89157],[-119.16101,53.89157],[-119.1605,53.8915],[-119.16002,53.89157],[-119.15972,53.89156],[-119.15889,53.89162],[-119.15795,53.89162],[-119.15679,53.8918],[-119.15621,53.89199],[-119.15589,53.89217],[-119.15575,53.89228],[-119.15555,53.89255],[-119.15519,53.89291],[-119.15512,53.89306],[-119.15509,53.89354],[-119.15512,53.89398],[-119.15524,53.89428],[-119.15525,53.89448],[-119.15521,53.89453],[-119.155,53.89458],[-119.15451,53.89465],[-119.1543,53.89471],[-119.15401,53.89491],[-119.15386,53.895],[-119.15344,53.89511],[-119.15331,53.89522],[-119.15308,53.89583],[-119.15296,53.89594],[-119.15261,53.89607],[-119.15258,53.89608],[-119.15243,53.89617],[-119.15215,53.89639],[-119.15193,53.89662],[-119.15175,53.89692],[-119.15149,53.89767],[-119.15142,53.89787],[-119.15137,53.89843],[-119.15132,53.8986],[-119.15115,53.89872],[-119.15104,53.89896],[-119.15105,53.89902],[-119.15108,53.89912],[-119.15123,53.89939],[-119.15122,53.89958],[-119.15112,53.89989],[-119.15106,53.90042],[-119.151,53.90095],[-119.15088,53.90144],[-119.15089,53.9017],[-119.15102,53.90226],[-119.15096,53.90278],[-119.15062,53.90343],[-119.15053,53.90359],[-119.15044,53.90382],[-119.15044,53.90439],[-119.15036,53.90476],[-119.15033,53.9049],[-119.15032,53.90492],[-119.15021,53.90556],[-119.15041,53.9062],[-119.15056,53.9065],[-119.1506,53.90668],[-119.1506,53.90684],[-119.1507,53.90715],[-119.15085,53.90742],[-119.15124,53.90792],[-119.15141,53.90827],[-119.15152,53.90849],[-119.15161,53.90861],[-119.1518,53.90881],[-119.15247,53.90943],[-119.1526,53.90959],[-119.15277,53.90979],[-119.15301,53.91004],[-119.15319,53.91042],[-119.15372,53.91117],[-119.15421,53.91179],[-119.15451,53.91213],[-119.15453,53.91216],[-119.15478,53.91258],[-119.15493,53.913],[-119.1551,53.91348],[-119.15536,53.91389],[-119.15587,53.91455],[-119.15651,53.91513],[-119.15723,53.91566],[-119.1574,53.91574],[-119.15756,53.91585],[-119.15819,53.91643],[-119.15839,53.91668],[-119.15887,53.91712],[-119.15898,53.91725],[-119.15914,53.91748],[-119.15925,53.91762],[-119.1594,53.91773],[-119.15975,53.9179],[-119.15991,53.91799],[-119.16029,53.91831],[-119.16117,53.91874],[-119.1613,53.91886],[-119.16151,53.91931],[-119.1615,53.91935],[-119.16149,53.91949],[-119.16145,53.91962],[-119.16135,53.91993],[-119.16142,53.92009],[-119.16144,53.92024],[-119.16161,53.92068],[-119.16164,53.92085],[-119.16161,53.92153],[-119.16173,53.92187],[-119.16185,53.92254],[-119.16213,53.92326],[-119.16234,53.92356],[-119.16236,53.9237],[-119.16228,53.92382],[-119.16202,53.92391],[-119.16158,53.92414],[-119.16145,53.92425],[-119.16134,53.92438],[-119.16127,53.92453],[-119.1613,53.92466],[-119.16148,53.92492],[-119.16174,53.92568],[-119.16205,53.92621],[-119.16224,53.92676],[-119.16226,53.92682],[-119.16267,53.92824],[-119.1628,53.92906],[-119.1628,53.92958],[-119.16283,53.92972],[-119.16317,53.93008],[-119.16325,53.93022],[-119.16331,53.93053],[-119.16321,53.93185],[-119.16319,53.93199],[-119.16312,53.93213],[-119.16301,53.93225],[-119.16271,53.93248],[-119.1628,53.93294],[-119.16293,53.93322],[-119.16351,53.93399],[-119.1637,53.93424],[-119.1643,53.93463],[-119.16468,53.93484],[-119.16478,53.93491],[-119.16491,53.93504],[-119.16492,53.93511],[-119.16497,53.93534],[-119.16506,53.93546],[-119.16514,53.93555],[-119.16551,53.93593],[-119.16576,53.93615],[-119.16591,53.93644],[-119.16611,53.93702],[-119.16624,53.93728],[-119.16635,53.9374],[-119.1668,53.93769],[-119.16691,53.9378],[-119.16698,53.93797],[-119.16695,53.9381],[-119.16631,53.93848],[-119.16615,53.93874],[-119.16599,53.93923],[-119.16596,53.93959],[-119.16585,53.93992],[-119.16575,53.94004],[-119.16523,53.9405],[-119.16513,53.9406],[-119.16476,53.94098],[-119.16467,53.94104],[-119.16443,53.94122],[-119.16376,53.9417],[-119.16364,53.94183],[-119.16336,53.94204],[-119.1631,53.94227],[-119.16284,53.94256],[-119.16268,53.9428],[-119.16264,53.94295],[-119.16267,53.94312],[-119.16291,53.94369],[-119.16293,53.94386],[-119.16286,53.94419],[-119.16271,53.94448],[-119.16259,53.94481],[-119.16242,53.94489],[-119.16221,53.94494],[-119.16215,53.94498],[-119.16102,53.94575],[-119.16085,53.94583],[-119.1605,53.94594],[-119.16,53.94607],[-119.15933,53.94621],[-119.15839,53.94636],[-119.15768,53.94651],[-119.15745,53.94654],[-119.15657,53.94672],[-119.15638,53.94679],[-119.15588,53.94705],[-119.15551,53.94722],[-119.15519,53.9475],[-119.15466,53.94806],[-119.1545,53.94834],[-119.15444,53.94845],[-119.1543,53.94872],[-119.1542,53.94892],[-119.1539,53.94931],[-119.15385,53.94947],[-119.1538,53.94982],[-119.1535,53.9502],[-119.15336,53.9505],[-119.15292,53.95119],[-119.15281,53.95123],[-119.15259,53.95128],[-119.15227,53.95135],[-119.15128,53.9517],[-119.15086,53.95186],[-119.15021,53.95218],[-119.14979,53.95249],[-119.14968,53.9526],[-119.1496,53.95274],[-119.14955,53.9529],[-119.14954,53.95307],[-119.14958,53.95323],[-119.14978,53.95343],[-119.14991,53.95358],[-119.15018,53.95379],[-119.15066,53.95407],[-119.15078,53.95418],[-119.15073,53.95453],[-119.15066,53.95466],[-119.15056,53.95478],[-119.15051,53.95493],[-119.15055,53.95508],[-119.15056,53.95521],[-119.15044,53.95554],[-119.15038,53.95573],[-119.1503,53.95586],[-119.15021,53.95598],[-119.15007,53.95609],[-119.1497,53.95625],[-119.14962,53.95638],[-119.14946,53.95686],[-119.14952,53.957],[-119.14969,53.95708],[-119.14985,53.95711],[-119.15011,53.9572],[-119.15018,53.95732],[-119.1502,53.95734],[-119.15022,53.95751],[-119.15021,53.95759],[-119.1502,53.95768],[-119.1501,53.95781],[-119.14992,53.95788],[-119.14972,53.95794],[-119.14943,53.95814],[-119.14945,53.95828],[-119.14958,53.95839],[-119.14989,53.95859],[-119.14998,53.95871],[-119.1499,53.95885],[-119.14996,53.95915],[-119.14996,53.95952],[-119.14986,53.95963],[-119.14952,53.95947],[-119.14923,53.95927],[-119.14862,53.95908],[-119.14847,53.95898],[-119.14824,53.95875],[-119.14804,53.95875],[-119.14777,53.95895],[-119.14758,53.95921],[-119.14734,53.95943],[-119.14688,53.9599],[-119.1466,53.9601],[-119.14655,53.96023],[-119.1467,53.96032],[-119.14693,53.96037],[-119.14719,53.9604],[-119.14741,53.96035],[-119.14789,53.96043],[-119.14825,53.96058],[-119.14823,53.96074],[-119.1474,53.96178],[-119.14715,53.96202],[-119.14713,53.96217],[-119.14729,53.96225],[-119.14789,53.96246],[-119.14824,53.96261],[-119.14848,53.96267],[-119.14874,53.96267],[-119.14897,53.96264],[-119.14914,53.96255],[-119.14925,53.9624],[-119.14936,53.96156],[-119.14928,53.96101],[-119.14929,53.96085],[-119.1495,53.96026],[-119.14959,53.96014],[-119.14972,53.96003],[-119.14984,53.96011],[-119.14985,53.96015],[-119.1497,53.96082],[-119.14961,53.96165],[-119.14963,53.96257],[-119.14956,53.9627],[-119.14945,53.96283],[-119.14946,53.96299],[-119.14943,53.96308],[-119.14931,53.96347],[-119.14921,53.96365],[-119.14897,53.96378],[-119.14856,53.96393],[-119.14765,53.96434],[-119.14753,53.96447],[-119.14745,53.96461],[-119.14741,53.96477],[-119.1475,53.96489],[-119.14793,53.96521],[-119.14833,53.96536],[-119.14844,53.96547],[-119.14845,53.96564],[-119.14855,53.96595],[-119.14848,53.96609],[-119.14836,53.9662],[-119.14774,53.96665],[-119.14755,53.96678],[-119.14709,53.96707],[-119.14683,53.9672],[-119.14661,53.96725],[-119.14637,53.96729],[-119.14619,53.96736],[-119.14592,53.96776],[-119.14578,53.96786],[-119.14498,53.96813],[-119.14453,53.96837],[-119.14428,53.96851],[-119.14335,53.96914],[-119.14213,53.97005],[-119.14177,53.97021],[-119.14165,53.97031],[-119.14152,53.97041],[-119.14078,53.97089],[-119.14036,53.97112],[-119.13996,53.97135],[-119.1399,53.97139],[-119.13952,53.97166],[-119.13902,53.97193],[-119.13888,53.97203],[-119.13852,53.97237],[-119.13834,53.97244],[-119.13823,53.97244],[-119.13788,53.97242],[-119.13783,53.97242],[-119.13762,53.97247],[-119.13744,53.97254],[-119.13732,53.97285],[-119.13732,53.97337],[-119.1372,53.97369],[-119.13705,53.97398],[-119.13683,53.97421],[-119.13678,53.97436],[-119.13673,53.97471],[-119.13668,53.97488],[-119.13619,53.97572],[-119.13542,53.97679],[-119.13529,53.97696],[-119.13523,53.9771],[-119.13524,53.97725],[-119.13533,53.97754],[-119.13538,53.97769],[-119.13544,53.97781],[-119.13552,53.97794],[-119.136,53.97839],[-119.13661,53.97877],[-119.13678,53.97886],[-119.13704,53.97893],[-119.13733,53.97894],[-119.13793,53.97893],[-119.13845,53.97896],[-119.13911,53.97912],[-119.13931,53.97918],[-119.13948,53.97926],[-119.13954,53.97941],[-119.13929,53.97983],[-119.13923,53.98],[-119.13922,53.98015],[-119.13957,53.98067],[-119.13959,53.98104],[-119.13966,53.98134],[-119.13978,53.98165],[-119.1399,53.98235],[-119.13998,53.9828],[-119.13992,53.98314],[-119.1399,53.98318],[-119.13985,53.9833],[-119.1397,53.98355],[-119.13959,53.98368],[-119.13922,53.98402],[-119.13904,53.98428],[-119.13882,53.98453],[-119.13879,53.98461],[-119.13875,53.98472],[-119.13876,53.98494],[-119.13876,53.98502],[-119.13874,53.98518],[-119.13857,53.98546],[-119.13831,53.98567],[-119.13819,53.9858],[-119.13755,53.98675],[-119.13743,53.98687],[-119.1373,53.98698],[-119.13684,53.98726],[-119.1365,53.98743],[-119.13495,53.98797],[-119.13469,53.98804],[-119.13427,53.98813],[-119.13318,53.98817],[-119.13191,53.9883],[-119.13103,53.98849],[-119.13018,53.9887],[-119.12961,53.98868],[-119.12857,53.98855],[-119.12783,53.98849],[-119.12778,53.98848],[-119.12717,53.98849],[-119.12656,53.98854],[-119.12615,53.98861],[-119.12594,53.98867],[-119.12556,53.98882],[-119.12525,53.989],[-119.12514,53.98912],[-119.12484,53.98951],[-119.12467,53.98985],[-119.12458,53.99003],[-119.12445,53.99018],[-119.12417,53.99039],[-119.12405,53.99051],[-119.12343,53.9909],[-119.12306,53.99123],[-119.12273,53.99159],[-119.12231,53.99191],[-119.12209,53.99217],[-119.122,53.99228],[-119.12195,53.99243],[-119.12198,53.9928],[-119.1221,53.9931],[-119.12231,53.99334],[-119.12237,53.99349],[-119.12237,53.99385],[-119.12245,53.99399],[-119.12274,53.99436],[-119.12281,53.9945],[-119.12274,53.99479],[-119.12264,53.99495],[-119.1226,53.99511],[-119.12258,53.99529],[-119.12249,53.9956],[-119.12231,53.99588],[-119.12168,53.99626],[-119.12164,53.99641],[-119.12172,53.99673],[-119.12172,53.99691],[-119.12167,53.99706],[-119.12156,53.99719],[-119.12104,53.99762],[-119.12073,53.99781],[-119.12044,53.99804],[-119.12003,53.99832],[-119.11931,53.99904],[-119.11876,53.9994],[-119.11871,53.99943],[-119.11833,53.99978],[-119.11804,53.99995],[-119.11795,54.00001],[-119.11792,54.00002],[-119.11744,54.00029],[-119.11721,54.00038],[-119.11654,54.00064],[-119.1161,54.00085],[-119.11569,54.00097],[-119.11561,54.00099],[-119.11515,54.00113],[-119.11405,54.00144],[-119.11373,54.00151],[-119.11279,54.00172],[-119.11224,54.00177],[-119.11172,54.00192],[-119.11116,54.00204],[-119.11072,54.00217],[-119.10927,54.00235],[-119.10872,54.00247],[-119.10812,54.00257],[-119.10641,54.00292],[-119.10493,54.00329],[-119.10478,54.00327],[-119.10417,54.00325],[-119.10362,54.00338],[-119.10306,54.00355],[-119.10211,54.00384],[-119.10089,54.0043],[-119.09975,54.00471],[-119.09876,54.00503],[-119.09788,54.00542],[-119.09683,54.0057],[-119.09568,54.00594],[-119.09505,54.00601],[-119.09447,54.00612],[-119.0929,54.00654],[-119.09272,54.00662],[-119.09213,54.00689],[-119.09203,54.00694],[-119.09164,54.00717],[-119.09112,54.00744],[-119.09082,54.00748],[-119.09062,54.0075],[-119.09036,54.00759],[-119.09012,54.00766],[-119.08971,54.00787],[-119.08935,54.0081],[-119.08891,54.00829],[-119.0885,54.00853],[-119.08799,54.00866],[-119.08778,54.00899],[-119.08684,54.00979],[-119.0864,54.00997],[-119.08555,54.01038],[-119.08506,54.01054],[-119.08441,54.0107],[-119.08388,54.01075],[-119.08328,54.01084],[-119.08271,54.01073],[-119.08197,54.01075],[-119.08168,54.01074],[-119.08094,54.01081],[-119.0807,54.01084],[-119.08024,54.01101],[-119.07986,54.01124],[-119.07935,54.01149],[-119.07848,54.01176],[-119.07826,54.01178],[-119.07795,54.01182],[-119.07662,54.01182],[-119.07578,54.01186],[-119.07515,54.01194],[-119.07473,54.01201],[-119.07416,54.01229],[-119.07382,54.01254],[-119.07349,54.01326],[-119.07325,54.01357],[-119.07256,54.01402],[-119.07253,54.01405],[-119.0719,54.01458],[-119.07117,54.0155],[-119.07103,54.01618],[-119.07038,54.01633],[-119.06937,54.01663],[-119.06875,54.01671],[-119.06803,54.01674],[-119.06736,54.01668],[-119.0668,54.01656],[-119.06626,54.0165],[-119.06602,54.0166],[-119.06581,54.01668],[-119.06556,54.01675],[-119.06548,54.01677],[-119.06532,54.01679],[-119.06485,54.01694],[-119.06428,54.01702],[-119.06377,54.01718],[-119.06319,54.01729],[-119.06148,54.01748],[-119.06125,54.01749],[-119.06061,54.01756],[-119.0602,54.01777],[-119.05944,54.01822],[-119.05912,54.01849],[-119.05842,54.01934],[-119.05823,54.01951],[-119.05792,54.01995],[-119.05744,54.02051],[-119.05725,54.0208],[-119.05703,54.02108],[-119.05691,54.02126],[-119.05677,54.02147],[-119.0567,54.02165],[-119.05655,54.0221],[-119.05637,54.02244],[-119.05596,54.02356],[-119.05587,54.02396],[-119.05576,54.02481],[-119.05561,54.02517],[-119.05545,54.02536],[-119.0546,54.0264],[-119.05422,54.02662],[-119.05391,54.02689],[-119.05347,54.02731],[-119.05244,54.0283],[-119.05222,54.0285],[-119.05153,54.02911],[-119.0504,54.02991],[-119.05,54.02999],[-119.04961,54.03022],[-119.04936,54.03044],[-119.04917,54.03077],[-119.04882,54.03102],[-119.04843,54.03124],[-119.04807,54.03148],[-119.04788,54.03132],[-119.04819,54.03107],[-119.04778,54.03121],[-119.04671,54.03193],[-119.0453,54.0325],[-119.04381,54.03298],[-119.04275,54.03326],[-119.04225,54.03342],[-119.04178,54.0336],[-119.04122,54.03387],[-119.04093,54.03401],[-119.04076,54.0341],[-119.04012,54.03444],[-119.03941,54.03493],[-119.03884,54.0355],[-119.03866,54.03574],[-119.03846,54.03601],[-119.03837,54.03614],[-119.03772,54.03711],[-119.03743,54.03773],[-119.03808,54.03926],[-119.0382,54.03972],[-119.03821,54.04055],[-119.0376,54.04246],[-119.03726,54.04315],[-119.03725,54.04316],[-119.03726,54.04341],[-119.03721,54.04356],[-119.03687,54.04382],[-119.03643,54.04401],[-119.03591,54.04416],[-119.03495,54.0445],[-119.03459,54.04473],[-119.03428,54.04501],[-119.03322,54.04623],[-119.03268,54.04648],[-119.03259,54.04627],[-119.03224,54.04638],[-119.03205,54.04672],[-119.03164,54.04694],[-119.0313,54.04764],[-119.03119,54.04778],[-119.03103,54.04793],[-119.02999,54.04867],[-119.02958,54.04888],[-119.02865,54.04941],[-119.02842,54.04954],[-119.02798,54.04973],[-119.02682,54.05038],[-119.02662,54.05049],[-119.02598,54.05089],[-119.02549,54.05101],[-119.02539,54.05071],[-119.02509,54.05095],[-119.02486,54.05126],[-119.02481,54.05168],[-119.02486,54.05196],[-119.02483,54.05212],[-119.02452,54.05282],[-119.02425,54.05312],[-119.02366,54.05368],[-119.02341,54.05399],[-119.0231,54.05426],[-119.02261,54.05487],[-119.02261,54.05518],[-119.02248,54.05556],[-119.02231,54.05591],[-119.02156,54.05636],[-119.02145,54.05665],[-119.02118,54.05694],[-119.02141,54.05721],[-119.02121,54.05754],[-119.02115,54.05761],[-119.02095,54.05784],[-119.02062,54.0581],[-119.02025,54.05833],[-119.01935,54.05871],[-119.01879,54.05884],[-119.01851,54.05887],[-119.01814,54.05885],[-119.01756,54.05891],[-119.01723,54.05917],[-119.01666,54.05929],[-119.01639,54.05928],[-119.01603,54.05926],[-119.01593,54.05925],[-119.01541,54.05918],[-119.01477,54.05918],[-119.01403,54.05907],[-119.01333,54.059],[-119.01272,54.05889],[-119.01188,54.05893],[-119.01138,54.05903],[-119.01102,54.05928],[-119.0095,54.06019],[-119.00887,54.06072],[-119.00745,54.06214],[-119.00688,54.0626],[-119.00607,54.06315],[-119.00586,54.06341],[-119.00654,54.06408],[-119.00666,54.0642],[-119.00706,54.06442],[-119.00719,54.06467],[-119.0077,54.0648],[-119.00783,54.06482],[-119.00829,54.06491],[-119.00874,54.06504],[-119.00877,54.06505],[-119.0088,54.06506],[-119.00911,54.06521],[-119.00919,54.06525],[-119.00947,54.06541],[-119.01064,54.06607],[-119.01096,54.06633],[-119.01172,54.06678],[-119.01229,54.0668],[-119.01232,54.0668],[-119.01279,54.06665],[-119.01347,54.06661],[-119.01414,54.06666],[-119.01471,54.06676],[-119.01511,54.06654],[-119.01556,54.06635],[-119.01623,54.06629],[-119.01658,54.06629],[-119.01674,54.06623],[-119.01721,54.06638],[-119.01797,54.06684],[-119.01917,54.06749],[-119.01954,54.06771],[-119.0207,54.06794],[-119.02119,54.0681],[-119.02155,54.06834],[-119.02239,54.06874],[-119.02294,54.06887],[-119.02354,54.06896],[-119.02449,54.06907],[-119.02455,54.06908],[-119.02476,54.06924],[-119.02495,54.06931],[-119.02518,54.06939],[-119.02534,54.06941],[-119.02673,54.06949],[-119.02724,54.06963],[-119.02751,54.06992],[-119.02789,54.07015],[-119.02846,54.07025],[-119.02916,54.07023],[-119.03122,54.0701],[-119.03183,54.07015],[-119.03445,54.07064],[-119.03479,54.07076],[-119.03593,54.07099],[-119.03657,54.07107],[-119.03726,54.07105]]]},"properties":{"WMUNIT_NAME":"Mount Hamell","WMUNIT_CODE":"00444","GlobalID":"{84A031FF-4789-4832-9ABF-56854073616D}","OBJECTID":64,"Shape__Area":499149707.24914938,"Shape__Length":134138.00739792446}},{"type":"Feature","id":66,"geometry":{"type":"Polygon","coordinates":[[[-118.96544,53.92727],[-118.96884,53.92679],[-118.96966,53.92672],[-118.97031,53.92668],[-118.97098,53.92663],[-118.9724,53.92658],[-118.97345,53.92658],[-118.98102,53.9267],[-118.98485,53.92675],[-118.9871,53.92681],[-118.98763,53.92682],[-118.98899,53.92684],[-118.99116,53.92682],[-118.99219,53.92674],[-118.99333,53.92663],[-118.9944,53.92646],[-118.99531,53.92628],[-118.99638,53.92597],[-118.99717,53.92571],[-118.99787,53.92544],[-118.99805,53.92536],[-118.99975,53.92461],[-118.9999,53.92455],[-119.00002,53.92449],[-119.00014,53.92443],[-119.00078,53.92414],[-119.00117,53.92393],[-119.00129,53.92387],[-119.00141,53.92382],[-119.00263,53.92329],[-119.00363,53.9228],[-119.00459,53.92244],[-119.00655,53.92175],[-119.00814,53.92125],[-119.00943,53.92091],[-119.01072,53.92063],[-119.01306,53.92023],[-119.01475,53.91996],[-119.01958,53.9192],[-119.02344,53.91861],[-119.03137,53.91739],[-119.03583,53.91668],[-119.03722,53.91647],[-119.038,53.91634],[-119.03962,53.91609],[-119.0418,53.91575],[-119.04267,53.91557],[-119.04336,53.91536],[-119.04442,53.91493],[-119.04512,53.91458],[-119.04569,53.91424],[-119.04625,53.91381],[-119.04679,53.91329],[-119.04728,53.91268],[-119.04907,53.91024],[-119.05082,53.90792],[-119.05129,53.90742],[-119.05171,53.90707],[-119.05237,53.90666],[-119.05329,53.90621],[-119.05411,53.90587],[-119.0582,53.90448],[-119.06074,53.90364],[-119.06331,53.90281],[-119.0645,53.90239],[-119.06569,53.90191],[-119.06678,53.9014],[-119.06745,53.90104],[-119.06807,53.90063],[-119.06886,53.89999],[-119.06902,53.89986],[-119.07059,53.89838],[-119.07539,53.89372],[-119.07598,53.89326],[-119.07677,53.89274],[-119.07745,53.89237],[-119.07806,53.89211],[-119.07879,53.89187],[-119.0801,53.89152],[-119.08242,53.89115],[-119.08266,53.89112],[-119.08421,53.89093],[-119.08486,53.89081],[-119.0861,53.89059],[-119.08745,53.89027],[-119.08965,53.88968],[-119.09057,53.88934],[-119.09132,53.88911],[-119.09287,53.88845],[-119.09457,53.88778],[-119.09527,53.88747],[-119.09716,53.88671],[-119.09736,53.88661],[-119.09826,53.88626],[-119.09966,53.88563],[-119.09989,53.88552],[-119.1014,53.88503],[-119.10249,53.88479],[-119.10321,53.88468],[-119.10445,53.88457],[-119.1053,53.88455],[-119.10539,53.88454],[-119.10568,53.88453],[-119.10655,53.88461],[-119.10775,53.88478],[-119.10836,53.88491],[-119.10935,53.88519],[-119.11023,53.88551],[-119.11079,53.88575],[-119.11199,53.88637],[-119.1128,53.88689],[-119.1132,53.88722],[-119.11351,53.88758],[-119.11391,53.88814],[-119.11428,53.8886],[-119.11462,53.88902],[-119.1157,53.89044],[-119.11638,53.89124],[-119.11712,53.89216],[-119.11757,53.8928],[-119.11774,53.89333],[-119.11905,53.8951],[-119.11988,53.89612],[-119.1203,53.89651],[-119.12089,53.89694],[-119.12157,53.89732],[-119.12229,53.89766],[-119.12299,53.89792],[-119.1241,53.89825],[-119.12502,53.89845],[-119.12607,53.8986],[-119.12699,53.89867],[-119.12783,53.89867],[-119.12874,53.8986],[-119.12992,53.89847],[-119.13055,53.89836],[-119.13062,53.89834],[-119.13141,53.89813],[-119.13221,53.89787],[-119.13256,53.89771],[-119.13349,53.89728],[-119.13495,53.89649],[-119.13664,53.89562],[-119.141,53.89326],[-119.14176,53.8929],[-119.14304,53.89241],[-119.14665,53.89096],[-119.14746,53.89059],[-119.14831,53.89015],[-119.14984,53.88916],[-119.15078,53.88843],[-119.15329,53.8863],[-119.15343,53.88621],[-119.15374,53.88601],[-119.15427,53.88575],[-119.15501,53.88548],[-119.15563,53.88531],[-119.15654,53.88513],[-119.15721,53.88505],[-119.158,53.88501],[-119.15868,53.88504],[-119.1595,53.88511],[-119.16016,53.88523],[-119.16107,53.88545],[-119.16165,53.88566],[-119.16206,53.88586],[-119.16298,53.88643],[-119.16331,53.88671],[-119.16361,53.88707],[-119.16383,53.88743],[-119.16399,53.88782],[-119.16425,53.88889],[-119.16438,53.88951],[-119.16476,53.89126],[-119.16494,53.89118],[-119.16506,53.89113],[-119.16515,53.89106],[-119.1652,53.89103],[-119.1653,53.8909],[-119.1654,53.89062],[-119.16551,53.89049],[-119.16553,53.89044],[-119.16558,53.89034],[-119.16577,53.89027],[-119.1658,53.89026],[-119.16598,53.89021],[-119.16611,53.89011],[-119.16615,53.88994],[-119.16617,53.88904],[-119.16629,53.88893],[-119.16637,53.88879],[-119.16646,53.88846],[-119.16652,53.88757],[-119.16659,53.88725],[-119.16665,53.8871],[-119.16674,53.88696],[-119.1668,53.88681],[-119.16681,53.88663],[-119.16696,53.88636],[-119.16692,53.88513],[-119.16675,53.88468],[-119.16653,53.88426],[-119.16639,53.88416],[-119.16592,53.88407],[-119.16553,53.88393],[-119.16539,53.88392],[-119.16519,53.88386],[-119.16514,53.88385],[-119.16495,53.88381],[-119.16469,53.88369],[-119.1646,53.88365],[-119.16421,53.88351],[-119.16377,53.88322],[-119.16368,53.88309],[-119.16368,53.88303],[-119.16367,53.88275],[-119.16348,53.88212],[-119.16347,53.88176],[-119.16362,53.88128],[-119.16369,53.88092],[-119.16383,53.88062],[-119.16397,53.87994],[-119.16398,53.87989],[-119.16398,53.87986],[-119.16399,53.87957],[-119.16389,53.87873],[-119.1639,53.87846],[-119.16415,53.87759],[-119.16429,53.87728],[-119.16454,53.87686],[-119.16468,53.8765],[-119.1649,53.87596],[-119.16514,53.87572],[-119.16524,53.87561],[-119.16532,53.8755],[-119.16542,53.87518],[-119.16546,53.8751],[-119.16547,53.87509],[-119.1655,53.87503],[-119.1655,53.87501],[-119.16551,53.87496],[-119.16555,53.87467],[-119.1655,53.87435],[-119.16543,53.87419],[-119.16534,53.87406],[-119.16514,53.87391],[-119.16507,53.87386],[-119.16498,53.87373],[-119.16505,53.8736],[-119.16514,53.87354],[-119.1652,53.87351],[-119.16545,53.87347],[-119.16566,53.87342],[-119.1661,53.87313],[-119.1665,53.87283],[-119.16654,53.87268],[-119.16655,53.87252],[-119.16673,53.87244],[-119.16694,53.87237],[-119.16712,53.8723],[-119.16736,53.87225],[-119.16753,53.87217],[-119.16781,53.87196],[-119.16793,53.87184],[-119.16797,53.87125],[-119.16797,53.87109],[-119.16766,53.87059],[-119.16746,53.87033],[-119.1673,53.87024],[-119.16708,53.86983],[-119.16696,53.86972],[-119.16679,53.86961],[-119.16643,53.86948],[-119.16617,53.86945],[-119.16595,53.86939],[-119.16562,53.86921],[-119.16551,53.86909],[-119.16545,53.86894],[-119.16535,53.86881],[-119.16529,53.86858],[-119.16527,53.86849],[-119.16527,53.86834],[-119.16546,53.86807],[-119.16553,53.86792],[-119.16598,53.86743],[-119.1666,53.86686],[-119.16687,53.86665],[-119.16719,53.86646],[-119.16751,53.86608],[-119.1676,53.86594],[-119.16748,53.86565],[-119.16771,53.86544],[-119.168,53.86525],[-119.16833,53.86507],[-119.16848,53.86497],[-119.16856,53.86483],[-119.16862,53.86448],[-119.16878,53.86401],[-119.16897,53.86374],[-119.16908,53.86362],[-119.16939,53.86342],[-119.16951,53.86331],[-119.1697,53.86324],[-119.17018,53.86316],[-119.17055,53.86313],[-119.17103,53.86313],[-119.17125,53.86308],[-119.17142,53.863],[-119.17157,53.8629],[-119.17231,53.86261],[-119.17298,53.86246],[-119.17347,53.86239],[-119.17428,53.86233],[-119.17476,53.86226],[-119.17507,53.86226],[-119.17533,53.86223],[-119.1755,53.86215],[-119.17591,53.86203],[-119.17632,53.86198],[-119.17673,53.86198],[-119.17703,53.86179],[-119.17724,53.86155],[-119.17736,53.86155],[-119.17752,53.86154],[-119.17762,53.86164],[-119.17788,53.86144],[-119.17789,53.86143],[-119.17808,53.86117],[-119.17811,53.861],[-119.17811,53.86012],[-119.17806,53.85998],[-119.17775,53.85944],[-119.17758,53.85919],[-119.17747,53.85907],[-119.17736,53.85901],[-119.17717,53.85888],[-119.17647,53.85837],[-119.17626,53.85812],[-119.17607,53.85786],[-119.17602,53.85771],[-119.17592,53.85755],[-119.17583,53.85728],[-119.17579,53.85694],[-119.17564,53.85667],[-119.17526,53.8558],[-119.17524,53.85564],[-119.17536,53.85514],[-119.17537,53.85461],[-119.17545,53.85428],[-119.17556,53.85394],[-119.17561,53.85381],[-119.17564,53.85327],[-119.17567,53.85311],[-119.17602,53.85273],[-119.17691,53.85211],[-119.17709,53.85203],[-119.17734,53.85199],[-119.17736,53.85199],[-119.1776,53.852],[-119.17784,53.85204],[-119.17814,53.85204],[-119.17862,53.85196],[-119.17883,53.8519],[-119.17931,53.85182],[-119.17969,53.85167],[-119.18015,53.85157],[-119.18051,53.85141],[-119.18066,53.85131],[-119.1815,53.85052],[-119.18187,53.84998],[-119.18206,53.84959],[-119.18209,53.84954],[-119.18216,53.84946],[-119.18216,53.84945],[-119.18211,53.84938],[-119.18184,53.84918],[-119.18147,53.84903],[-119.18115,53.84886],[-119.18045,53.84836],[-119.17972,53.84804],[-119.17958,53.84794],[-119.17925,53.84778],[-119.17894,53.84759],[-119.17808,53.84683],[-119.17792,53.84671],[-119.17766,53.84653],[-119.17741,53.84631],[-119.17736,53.84628],[-119.17696,53.84603],[-119.17684,53.84592],[-119.17668,53.84583],[-119.17649,53.84576],[-119.17532,53.84514],[-119.17518,53.84503],[-119.17451,53.84467],[-119.17438,53.84456],[-119.17423,53.84446],[-119.1735,53.84413],[-119.17317,53.84395],[-119.17264,53.84371],[-119.17218,53.84343],[-119.17183,53.84327],[-119.1717,53.84317],[-119.17139,53.84297],[-119.17105,53.84281],[-119.17075,53.84261],[-119.17056,53.84253],[-119.16993,53.84234],[-119.16979,53.84225],[-119.1697,53.84213],[-119.16964,53.84199],[-119.16964,53.84181],[-119.1696,53.84165],[-119.16933,53.84144],[-119.16867,53.84109],[-119.1681,53.84069],[-119.16788,53.84064],[-119.16734,53.84068],[-119.16675,53.8407],[-119.16617,53.84066],[-119.16593,53.84062],[-119.16524,53.84048],[-119.16513,53.84044],[-119.16467,53.84027],[-119.16465,53.84026],[-119.16421,53.84015],[-119.16365,53.83992],[-119.16324,53.8398],[-119.16255,53.83966],[-119.16222,53.83949],[-119.16214,53.83949],[-119.16195,53.83947],[-119.16139,53.83948],[-119.16138,53.83949],[-119.16128,53.83959],[-119.1611,53.83967],[-119.16092,53.83961],[-119.1607,53.83955],[-119.16051,53.83962],[-119.16041,53.83974],[-119.16011,53.83993],[-119.15999,53.84005],[-119.15975,53.84009],[-119.15949,53.84011],[-119.15922,53.8401],[-119.15902,53.84003],[-119.15821,53.83959],[-119.15802,53.83952],[-119.15743,53.8395],[-119.15693,53.83958],[-119.15679,53.83968],[-119.15678,53.83985],[-119.15684,53.84018],[-119.15682,53.84055],[-119.15675,53.84087],[-119.15657,53.84112],[-119.15643,53.84123],[-119.15604,53.84136],[-119.1558,53.8414],[-119.15519,53.84138],[-119.15493,53.84135],[-119.1547,53.8413],[-119.15457,53.8412],[-119.15451,53.84106],[-119.15452,53.84018],[-119.1545,53.84002],[-119.15444,53.83987],[-119.15435,53.83975],[-119.15423,53.83963],[-119.15388,53.83949],[-119.15368,53.83941],[-119.15345,53.83935],[-119.1532,53.83932],[-119.15294,53.83935],[-119.15273,53.8394],[-119.15259,53.83946],[-119.15254,53.83948],[-119.15251,53.83949],[-119.15213,53.83959],[-119.15199,53.8397],[-119.15166,53.84006],[-119.15127,53.84075],[-119.151,53.84133],[-119.15087,53.84143],[-119.1507,53.84151],[-119.15058,53.84169],[-119.15024,53.8419],[-119.15007,53.84198],[-119.14984,53.84195],[-119.1495,53.84178],[-119.14936,53.84168],[-119.14897,53.84104],[-119.14887,53.84089],[-119.14883,53.84073],[-119.14875,53.84059],[-119.14861,53.8405],[-119.14841,53.84043],[-119.14812,53.84043],[-119.14788,53.84047],[-119.14768,53.84053],[-119.14751,53.84062],[-119.14737,53.84072],[-119.14699,53.84104],[-119.14685,53.84114],[-119.14644,53.84148],[-119.14616,53.84187],[-119.14595,53.84267],[-119.14577,53.84293],[-119.14564,53.84304],[-119.14545,53.84311],[-119.14523,53.84316],[-119.1445,53.84328],[-119.14424,53.8433],[-119.14339,53.84332],[-119.14314,53.84335],[-119.14291,53.84339],[-119.14274,53.84347],[-119.14243,53.84366],[-119.14207,53.844],[-119.14164,53.84467],[-119.14152,53.84479],[-119.14117,53.84495],[-119.14058,53.84514],[-119.14042,53.84523],[-119.14036,53.84527],[-119.14028,53.84533],[-119.14024,53.84549],[-119.14024,53.84567],[-119.14033,53.84596],[-119.14036,53.84601],[-119.14047,53.84623],[-119.14065,53.84649],[-119.1407,53.84665],[-119.14069,53.84672],[-119.14068,53.84682],[-119.14056,53.84727],[-119.14047,53.84743],[-119.14036,53.84758],[-119.14028,53.84769],[-119.1399,53.84802],[-119.13988,53.84803],[-119.13988,53.84831],[-119.1399,53.84833],[-119.1401,53.84854],[-119.14023,53.84883],[-119.14036,53.84899],[-119.14042,53.84907],[-119.14045,53.84922],[-119.14044,53.84938],[-119.14038,53.8499],[-119.14036,53.84994],[-119.14029,53.85004],[-119.14017,53.85015],[-119.1399,53.85023],[-119.13976,53.85028],[-119.13959,53.85036],[-119.13934,53.85039],[-119.13817,53.85041],[-119.13758,53.85039],[-119.137,53.85018],[-119.13653,53.85009],[-119.13623,53.85007],[-119.13598,53.8501],[-119.13535,53.85045],[-119.13515,53.85052],[-119.13468,53.85079],[-119.13449,53.85086],[-119.13428,53.85091],[-119.1336,53.85062],[-119.13338,53.85052],[-119.13267,53.85024],[-119.1321,53.84998],[-119.13164,53.84988],[-119.1314,53.84985],[-119.13111,53.84983],[-119.13022,53.84983],[-119.12997,53.84986],[-119.12975,53.84992],[-119.1294,53.85008],[-119.12892,53.85035],[-119.12879,53.85046],[-119.12869,53.85058],[-119.12855,53.85068],[-119.12832,53.85092],[-119.12805,53.85112],[-119.12788,53.8512],[-119.12782,53.85126],[-119.12749,53.85153],[-119.12729,53.8516],[-119.12677,53.85165],[-119.1262,53.85168],[-119.12597,53.85172],[-119.12536,53.85191],[-119.12487,53.85217],[-119.12409,53.85245],[-119.12343,53.8528],[-119.12314,53.853],[-119.12281,53.85316],[-119.12134,53.85357],[-119.12068,53.85373],[-119.12051,53.85381],[-119.1204,53.85393],[-119.12041,53.85395],[-119.12046,53.85408],[-119.12054,53.85421],[-119.12065,53.85432],[-119.12159,53.85485],[-119.12205,53.85499],[-119.12289,53.85519],[-119.12309,53.85526],[-119.12351,53.85556],[-119.12381,53.85574],[-119.12445,53.85609],[-119.12456,53.85621],[-119.12472,53.85647],[-119.12482,53.85677],[-119.12471,53.85689],[-119.1245,53.85703],[-119.124,53.8575],[-119.12376,53.85781],[-119.1237,53.85802],[-119.12379,53.85817],[-119.12399,53.85833],[-119.124,53.85846],[-119.12392,53.85861],[-119.12357,53.85882],[-119.12327,53.85905],[-119.12319,53.85926],[-119.12326,53.85944],[-119.12355,53.85969],[-119.12385,53.85987],[-119.12391,53.85999],[-119.12378,53.8601],[-119.12369,53.86023],[-119.1234,53.86042],[-119.12318,53.86046],[-119.12292,53.86049],[-119.12232,53.86047],[-119.12205,53.86044],[-119.12176,53.86045],[-119.12153,53.8605],[-119.12143,53.86062],[-119.12142,53.86079],[-119.12146,53.86095],[-119.12154,53.86107],[-119.12159,53.86118],[-119.1216,53.86122],[-119.12176,53.86145],[-119.12186,53.86161],[-119.122,53.86189],[-119.12198,53.86206],[-119.12187,53.86236],[-119.12176,53.86248],[-119.12155,53.86254],[-119.12095,53.86253],[-119.12069,53.8625],[-119.12029,53.86236],[-119.12002,53.86232],[-119.11976,53.86233],[-119.11953,53.86237],[-119.11934,53.86244],[-119.11934,53.86258],[-119.11949,53.86267],[-119.11961,53.86278],[-119.11979,53.86303],[-119.11992,53.86331],[-119.12003,53.86343],[-119.12006,53.86344],[-119.12024,53.86348],[-119.12043,53.86355],[-119.12076,53.86391],[-119.12089,53.86411],[-119.12083,53.86431],[-119.12064,53.86439],[-119.12006,53.8645],[-119.11967,53.86453],[-119.11914,53.86453],[-119.11854,53.86457],[-119.11801,53.86467],[-119.11787,53.8647],[-119.11753,53.86472],[-119.11728,53.8648],[-119.11698,53.86492],[-119.11647,53.86524],[-119.11619,53.86564],[-119.11608,53.86591],[-119.11605,53.86626],[-119.11607,53.86643],[-119.11605,53.86714],[-119.11599,53.86731],[-119.1158,53.86757],[-119.11558,53.8678],[-119.11557,53.86781],[-119.11514,53.8681],[-119.11512,53.8681],[-119.11464,53.86824],[-119.11425,53.86821],[-119.11407,53.86814],[-119.11391,53.86805],[-119.11339,53.86758],[-119.11327,53.86751],[-119.11282,53.8674],[-119.11256,53.8674],[-119.11238,53.86748],[-119.11225,53.86759],[-119.1119,53.86794],[-119.11148,53.86825],[-119.11111,53.8684],[-119.11087,53.86843],[-119.11057,53.86843],[-119.11033,53.86839],[-119.11014,53.86833],[-119.10997,53.86824],[-119.10983,53.86814],[-119.10974,53.86802],[-119.10963,53.86772],[-119.10963,53.86719],[-119.10951,53.86689],[-119.10922,53.86652],[-119.10897,53.8663],[-119.10864,53.86612],[-119.10842,53.86606],[-119.10791,53.86597],[-119.10749,53.86584],[-119.10726,53.86579],[-119.10618,53.86569],[-119.10487,53.86567],[-119.1036,53.86558],[-119.10337,53.86552],[-119.10303,53.8654],[-119.10298,53.86537],[-119.10267,53.86519],[-119.10249,53.86492],[-119.10217,53.86422],[-119.10197,53.86362],[-119.10195,53.86327],[-119.10187,53.86296],[-119.10172,53.86269],[-119.1016,53.86257],[-119.10151,53.8625],[-119.10147,53.86247],[-119.10127,53.86241],[-119.10097,53.86243],[-119.10053,53.86267],[-119.10041,53.86278],[-119.10031,53.86292],[-119.10003,53.8631],[-119.0994,53.86366],[-119.0991,53.86385],[-119.09874,53.86401],[-119.09843,53.86419],[-119.09804,53.86431],[-119.09739,53.86447],[-119.09714,53.86451],[-119.09685,53.86452],[-119.09654,53.86451],[-119.0963,53.86448],[-119.09584,53.86438],[-119.09569,53.86428],[-119.09544,53.86408],[-119.09508,53.86356],[-119.09499,53.86325],[-119.09504,53.86309],[-119.09537,53.86272],[-119.09556,53.86245],[-119.09558,53.86229],[-119.09544,53.86219],[-119.09526,53.86211],[-119.09498,53.86209],[-119.09467,53.8621],[-119.09347,53.8623],[-119.09318,53.86231],[-119.09231,53.86228],[-119.09175,53.86224],[-119.0913,53.86213],[-119.0908,53.86195],[-119.09053,53.86185],[-119.0904,53.86175],[-119.09034,53.86169],[-119.09017,53.86152],[-119.09008,53.86145],[-119.08989,53.86132],[-119.08976,53.86118],[-119.08956,53.86097],[-119.08918,53.86044],[-119.08895,53.86004],[-119.08882,53.85976],[-119.08872,53.85964],[-119.08858,53.85954],[-119.08841,53.85946],[-119.08821,53.8594],[-119.08799,53.85936],[-119.0877,53.85934],[-119.08711,53.85934],[-119.08623,53.85931],[-119.086,53.85936],[-119.08582,53.85943],[-119.08571,53.85954],[-119.08556,53.85983],[-119.08544,53.85995],[-119.08516,53.86015],[-119.08506,53.86027],[-119.0843,53.86096],[-119.08401,53.86115],[-119.08395,53.86118],[-119.08365,53.86131],[-119.08338,53.86133],[-119.08311,53.86131],[-119.08292,53.86124],[-119.08282,53.86118],[-119.08278,53.86115],[-119.08218,53.86059],[-119.08173,53.8603],[-119.08148,53.86026],[-119.08118,53.86026],[-119.08091,53.86029],[-119.08044,53.86037],[-119.07922,53.86075],[-119.07852,53.86088],[-119.07825,53.86087],[-119.07792,53.86086],[-119.07744,53.86079],[-119.07709,53.86063],[-119.07695,53.86052],[-119.07684,53.86031],[-119.07675,53.86009],[-119.07659,53.85947],[-119.07659,53.85929],[-119.07651,53.85916],[-119.07635,53.85908],[-119.07612,53.85902],[-119.07586,53.85899],[-119.07532,53.85899],[-119.07483,53.8591],[-119.07386,53.85925],[-119.07332,53.85928],[-119.07307,53.85924],[-119.07289,53.85916],[-119.07277,53.85905],[-119.07269,53.8589],[-119.0727,53.85874],[-119.07276,53.85858],[-119.07271,53.85834],[-119.07259,53.85814],[-119.07239,53.85789],[-119.07215,53.8575],[-119.07203,53.85738],[-119.07185,53.8573],[-119.07161,53.85726],[-119.07147,53.85725],[-119.07133,53.85724],[-119.07107,53.85726],[-119.07059,53.85734],[-119.0703,53.85734],[-119.07003,53.85731],[-119.06981,53.85726],[-119.06964,53.85718],[-119.06949,53.85708],[-119.06938,53.85696],[-119.06931,53.85681],[-119.06927,53.85659],[-119.06921,53.85611],[-119.06909,53.8555],[-119.06902,53.85535],[-119.06884,53.85511],[-119.0686,53.85489],[-119.06801,53.85451],[-119.06702,53.85397],[-119.06692,53.85395],[-119.06601,53.85369],[-119.06592,53.85367],[-119.06566,53.85369],[-119.06555,53.85372],[-119.06475,53.85392],[-119.06466,53.85395],[-119.06435,53.85402],[-119.06338,53.85418],[-119.06284,53.85421],[-119.06236,53.85419],[-119.06209,53.85413],[-119.06189,53.85407],[-119.06172,53.85399],[-119.06166,53.85395],[-119.06141,53.85381],[-119.06067,53.8535],[-119.06042,53.85327],[-119.06039,53.85311],[-119.06043,53.85295],[-119.06052,53.85281],[-119.06158,53.85175],[-119.06166,53.85161],[-119.06171,53.85145],[-119.06172,53.85109],[-119.06165,53.85089],[-119.06146,53.85069],[-119.06132,53.85058],[-119.06099,53.85041],[-119.06045,53.85016],[-119.05962,53.8499],[-119.05904,53.84968],[-119.05829,53.84958],[-119.05808,53.84952],[-119.05766,53.8494],[-119.05732,53.84923],[-119.05718,53.84912],[-119.05696,53.84889],[-119.05682,53.8486],[-119.0568,53.84843],[-119.05682,53.84809],[-119.05688,53.84793],[-119.05724,53.8474],[-119.05735,53.84709],[-119.05742,53.84675],[-119.05741,53.84672],[-119.05735,53.84661],[-119.05716,53.84653],[-119.05687,53.84652],[-119.05659,53.84653],[-119.05583,53.84662],[-119.05538,53.84671],[-119.05526,53.84673],[-119.0548,53.84677],[-119.05407,53.84685],[-119.05379,53.84683],[-119.05361,53.84677],[-119.05356,53.84673],[-119.05348,53.84666],[-119.05345,53.84663],[-119.0533,53.84641],[-119.05325,53.84627],[-119.05321,53.84586],[-119.05324,53.84553],[-119.05337,53.84529],[-119.05345,53.84521],[-119.0536,53.84504],[-119.05385,53.84483],[-119.05407,53.84459],[-119.05436,53.8444],[-119.05464,53.84424],[-119.05476,53.84407],[-119.05472,53.84391],[-119.05458,53.84381],[-119.05425,53.84362],[-119.05384,53.84348],[-119.05345,53.8434],[-119.05313,53.84333],[-119.05237,53.84322],[-119.05151,53.84325],[-119.04903,53.84357],[-119.04865,53.84357],[-119.04818,53.84354],[-119.04795,53.8435],[-119.04776,53.84342],[-119.04745,53.84323],[-119.04721,53.84301],[-119.04702,53.84272],[-119.04684,53.84233],[-119.0468,53.84217],[-119.0468,53.84199],[-119.04684,53.84183],[-119.04734,53.8412],[-119.04737,53.84086],[-119.04732,53.84071],[-119.04722,53.84059],[-119.04678,53.84029],[-119.04668,53.84017],[-119.04652,53.8399],[-119.04634,53.8395],[-119.04626,53.83933],[-119.04591,53.83896],[-119.04562,53.83861],[-119.04523,53.83795],[-119.04512,53.83784],[-119.04495,53.83773],[-119.04469,53.83756],[-119.04435,53.83739],[-119.04396,53.83724],[-119.04335,53.83706],[-119.04283,53.83695],[-119.04238,53.83687],[-119.0421,53.83688],[-119.04185,53.8369],[-119.04154,53.8369],[-119.0412,53.83684],[-119.04113,53.83683],[-119.04076,53.83673],[-119.04074,53.83672],[-119.04042,53.83664],[-119.04013,53.83662],[-119.0393,53.83661],[-119.03908,53.83656],[-119.03865,53.83643],[-119.03833,53.83624],[-119.03807,53.83603],[-119.03798,53.8359],[-119.038,53.83554],[-119.03815,53.83506],[-119.03829,53.83476],[-119.03839,53.83464],[-119.03866,53.83442],[-119.03882,53.83433],[-119.03908,53.8341],[-119.03917,53.83396],[-119.03923,53.83382],[-119.0392,53.83366],[-119.03905,53.83357],[-119.03887,53.83349],[-119.03866,53.83342],[-119.0384,53.83339],[-119.03719,53.83334],[-119.03652,53.83335],[-119.03616,53.83345],[-119.036,53.83354],[-119.03581,53.83361],[-119.03558,53.83365],[-119.03505,53.83362],[-119.03447,53.83363],[-119.03369,53.83361],[-119.03336,53.83364],[-119.03288,53.83372],[-119.03266,53.83378],[-119.03241,53.83381],[-119.03182,53.83379],[-119.03105,53.83369],[-119.03083,53.83364],[-119.03049,53.83346],[-119.03028,53.83339],[-119.03011,53.83331],[-119.0297,53.83299],[-119.02954,53.8329],[-119.02909,53.83272],[-119.02881,53.83259],[-119.02863,53.83254],[-119.0286,53.83253],[-119.02785,53.8324],[-119.02777,53.83238],[-119.02744,53.83227],[-119.02727,53.83218],[-119.02705,53.83211],[-119.02687,53.83204],[-119.02659,53.8319],[-119.02625,53.83166],[-119.02607,53.83158],[-119.02585,53.83152],[-119.02548,53.83137],[-119.02532,53.83127],[-119.02512,53.83104],[-119.02507,53.83088],[-119.02507,53.8307],[-119.02502,53.83054],[-119.02489,53.83025],[-119.02485,53.83009],[-119.02493,53.82977],[-119.02519,53.82913],[-119.02522,53.82901],[-119.02523,53.82884],[-119.02516,53.8287],[-119.02502,53.8286],[-119.02485,53.82851],[-119.02444,53.82838],[-119.02352,53.82815],[-119.02301,53.82808],[-119.02246,53.82802],[-119.022,53.82792],[-119.0216,53.82778],[-119.02136,53.82773],[-119.02111,53.82766],[-119.02071,53.82736],[-119.02039,53.82699],[-119.02023,53.82671],[-119.01991,53.82635],[-119.01972,53.82609],[-119.01944,53.82536],[-119.01942,53.82519],[-119.01943,53.82502],[-119.01948,53.82488],[-119.01954,53.82471],[-119.01964,53.82458],[-119.0198,53.8245],[-119.02,53.82443],[-119.02023,53.82439],[-119.02074,53.82433],[-119.02117,53.82422],[-119.02154,53.82407],[-119.0217,53.82398],[-119.02183,53.82388],[-119.02202,53.82363],[-119.02207,53.82348],[-119.02225,53.8234],[-119.0224,53.82325],[-119.02252,53.82299],[-119.02249,53.82283],[-119.02235,53.82243],[-119.02235,53.82199],[-119.02241,53.82183],[-119.02255,53.82173],[-119.02312,53.82151],[-119.02423,53.82123],[-119.02496,53.82112],[-119.02517,53.82107],[-119.02531,53.82097],[-119.0255,53.82072],[-119.02571,53.82029],[-119.02576,53.81994],[-119.02577,53.8197],[-119.02584,53.81893],[-119.02585,53.81841],[-119.02604,53.81797],[-119.0263,53.81765],[-119.02632,53.81763],[-119.02658,53.81742],[-119.02676,53.81732],[-119.02703,53.81726],[-119.02753,53.81723],[-119.02763,53.8172],[-119.02787,53.81708],[-119.02799,53.81694],[-119.02803,53.81676],[-119.02798,53.81644],[-119.02785,53.81623],[-119.02748,53.81581],[-119.02738,53.81566],[-119.02733,53.81548],[-119.02734,53.81516],[-119.02743,53.81503],[-119.02755,53.81492],[-119.02773,53.81482],[-119.02798,53.81476],[-119.02827,53.81473],[-119.02863,53.81473],[-119.02912,53.81474],[-119.02934,53.8147],[-119.02951,53.81462],[-119.02964,53.81449],[-119.02978,53.81423],[-119.02995,53.81381],[-119.03021,53.81359],[-119.03041,53.81335],[-119.03054,53.81325],[-119.03137,53.813],[-119.03152,53.8129],[-119.0316,53.81275],[-119.03155,53.81261],[-119.03127,53.81228],[-119.03111,53.81213],[-119.03103,53.812],[-119.03099,53.81185],[-119.03118,53.81161],[-119.03147,53.81156],[-119.03238,53.81153],[-119.03327,53.81154],[-119.03352,53.81153],[-119.03373,53.81149],[-119.03391,53.81141],[-119.03405,53.81131],[-119.03428,53.81111],[-119.03445,53.811],[-119.03462,53.81091],[-119.03524,53.81071],[-119.03583,53.81067],[-119.03608,53.81067],[-119.03661,53.81073],[-119.03687,53.81073],[-119.03709,53.81069],[-119.03724,53.8106],[-119.03726,53.81057],[-119.03726,53.81042],[-119.03726,53.81041],[-119.03707,53.80995],[-119.03706,53.8098],[-119.0371,53.80966],[-119.03717,53.80953],[-119.0375,53.80917],[-119.03756,53.80899],[-119.03751,53.80867],[-119.03745,53.8085],[-119.03742,53.80817],[-119.03745,53.80803],[-119.03772,53.80784],[-119.0381,53.8077],[-119.03882,53.80739],[-119.03967,53.80714],[-119.04035,53.80701],[-119.04071,53.80701],[-119.04074,53.807],[-119.04094,53.80698],[-119.04111,53.80691],[-119.0412,53.80684],[-119.04166,53.80649],[-119.04201,53.80634],[-119.0428,53.80608],[-119.04317,53.80593],[-119.0434,53.80586],[-119.04371,53.80583],[-119.04508,53.80582],[-119.04529,53.80577],[-119.0459,53.80556],[-119.04624,53.80548],[-119.04637,53.80538],[-119.04677,53.80521],[-119.04717,53.80508],[-119.04793,53.80491],[-119.04927,53.80464],[-119.05007,53.80455],[-119.05062,53.80453],[-119.05141,53.80442],[-119.05169,53.80441],[-119.05192,53.80439],[-119.0521,53.8043],[-119.05215,53.80414],[-119.0521,53.804],[-119.05193,53.80374],[-119.05142,53.80329],[-119.0514,53.80327],[-119.05131,53.80316],[-119.05122,53.803],[-119.05123,53.80268],[-119.0514,53.80223],[-119.05155,53.80192],[-119.05157,53.80177],[-119.05153,53.80163],[-119.05141,53.80152],[-119.05133,53.80137],[-119.05138,53.80123],[-119.05178,53.80057],[-119.0519,53.80044],[-119.05197,53.80028],[-119.05196,53.80014],[-119.05178,53.79986],[-119.05177,53.79969],[-119.05175,53.79901],[-119.05178,53.7985],[-119.0517,53.79761],[-119.0519,53.79734],[-119.05193,53.7967],[-119.05178,53.79623],[-119.05177,53.79606],[-119.05187,53.79578],[-119.05187,53.79577],[-119.05185,53.79543],[-119.05179,53.79529],[-119.05161,53.79502],[-119.0515,53.79492],[-119.05093,53.79452],[-119.0505,53.79403],[-119.05016,53.79352],[-119.04982,53.79298],[-119.04978,53.79282],[-119.04979,53.79247],[-119.04976,53.7923],[-119.04949,53.79209],[-119.04901,53.79193],[-119.04887,53.79192],[-119.04791,53.79178],[-119.04746,53.79168],[-119.04728,53.7916],[-119.04708,53.79156],[-119.04683,53.79153],[-119.04665,53.79147],[-119.04652,53.79138],[-119.04646,53.79099],[-119.04637,53.79095],[-119.04615,53.79092],[-119.04596,53.79086],[-119.04583,53.79076],[-119.04578,53.79055],[-119.0458,53.79025],[-119.04586,53.79011],[-119.04604,53.78986],[-119.04642,53.78955],[-119.04687,53.78928],[-119.04774,53.78888],[-119.04823,53.78861],[-119.0483,53.78854],[-119.04834,53.7885],[-119.04843,53.78838],[-119.04849,53.78819],[-119.04847,53.78788],[-119.04841,53.78773],[-119.04815,53.78731],[-119.04786,53.78695],[-119.04747,53.78662],[-119.04731,53.78652],[-119.04678,53.78628],[-119.04637,53.78598],[-119.04601,53.78583],[-119.04517,53.78562],[-119.04498,53.78555],[-119.04455,53.78534],[-119.04405,53.78518],[-119.04357,53.7851],[-119.04335,53.78505],[-119.0431,53.78494],[-119.04281,53.7848],[-119.0422,53.7846],[-119.04207,53.7845],[-119.04197,53.78439],[-119.0419,53.78423],[-119.04189,53.78406],[-119.04163,53.78386],[-119.04156,53.78371],[-119.04157,53.78353],[-119.04162,53.78338],[-119.04182,53.78313],[-119.04186,53.78298],[-119.04172,53.78288],[-119.04154,53.78281],[-119.04133,53.78275],[-119.04119,53.78272],[-119.04074,53.78264],[-119.04066,53.78262],[-119.04016,53.78255],[-119.03989,53.78248],[-119.03906,53.78232],[-119.03865,53.78217],[-119.03801,53.78201],[-119.03777,53.78191],[-119.03697,53.7815],[-119.03659,53.78137],[-119.03654,53.78132],[-119.03647,53.78126],[-119.03628,53.78099],[-119.03607,53.7804],[-119.03595,53.78027],[-119.03578,53.78018],[-119.03359,53.77945],[-119.03318,53.77933],[-119.03279,53.7792],[-119.03226,53.77897],[-119.03149,53.77869],[-119.03062,53.77848],[-119.02981,53.77824],[-119.02926,53.77802],[-119.02896,53.77785],[-119.02879,53.77775],[-119.02862,53.77754],[-119.02839,53.77725],[-119.02821,53.77715],[-119.02788,53.77701],[-119.02773,53.77692],[-119.02747,53.77671],[-119.02688,53.77632],[-119.0267,53.77615],[-119.02663,53.77607],[-119.02658,53.7759],[-119.0266,53.77576],[-119.02688,53.77522],[-119.02698,53.77507],[-119.02705,53.77494],[-119.02708,53.77464],[-119.02703,53.77448],[-119.02693,53.77435],[-119.02677,53.77424],[-119.02664,53.77419],[-119.02641,53.77411],[-119.02624,53.77402],[-119.02616,53.77392],[-119.02595,53.77366],[-119.02573,53.7733],[-119.02547,53.77302],[-119.02527,53.77262],[-119.02525,53.77259],[-119.02511,53.7725],[-119.02491,53.77243],[-119.0247,53.77238],[-119.02442,53.77238],[-119.02303,53.77249],[-119.02274,53.77249],[-119.02248,53.77246],[-119.02191,53.77245],[-119.02171,53.77239],[-119.02153,53.77232],[-119.02121,53.77213],[-119.02081,53.7718],[-119.0206,53.77158],[-119.02052,53.77126],[-119.02049,53.77085],[-119.02043,53.77035],[-119.02039,53.7702],[-119.02027,53.76992],[-119.02017,53.7698],[-119.01993,53.76957],[-119.01959,53.76934],[-119.01855,53.76891],[-119.01812,53.7688],[-119.01694,53.76861],[-119.01654,53.7685],[-119.01636,53.76842],[-119.01631,53.76839],[-119.01608,53.76822],[-119.0159,53.76807],[-119.01579,53.76797],[-119.01559,53.76768],[-119.01558,53.76741],[-119.01578,53.76699],[-119.0159,53.76675],[-119.01601,53.76655],[-119.01618,53.76628],[-119.01627,53.76599],[-119.01627,53.76581],[-119.01626,53.76563],[-119.01622,53.76547],[-119.01614,53.76533],[-119.01591,53.76509],[-119.0159,53.76503],[-119.01584,53.76421],[-119.01577,53.76408],[-119.01531,53.76362],[-119.01467,53.7631],[-119.01444,53.76286],[-119.01417,53.76266],[-119.01409,53.76247],[-119.01411,53.76198],[-119.01423,53.7617],[-119.01431,53.76144],[-119.01435,53.76088],[-119.01449,53.76045],[-119.0145,53.76031],[-119.01445,53.75975],[-119.01439,53.7596],[-119.01429,53.75947],[-119.01429,53.75946],[-119.01406,53.75925],[-119.01386,53.75901],[-119.01363,53.75868],[-119.01335,53.75855],[-119.01293,53.75847],[-119.01236,53.75845],[-119.01212,53.75841],[-119.01164,53.75829],[-119.01046,53.75796],[-119.01006,53.7578],[-119.00958,53.75759],[-119.00911,53.75732],[-119.00874,53.75708],[-119.00837,53.75683],[-119.00825,53.75673],[-119.00815,53.7566],[-119.00807,53.75644],[-119.00807,53.75629],[-119.00813,53.75616],[-119.00824,53.75604],[-119.00839,53.75595],[-119.00849,53.7558],[-119.00855,53.75567],[-119.00903,53.75539],[-119.00918,53.75523],[-119.00919,53.75519],[-119.0092,53.7551],[-119.00915,53.75495],[-119.00898,53.75468],[-119.00881,53.75452],[-119.0087,53.75447],[-119.00799,53.75436],[-119.00793,53.75432],[-119.0079,53.75422],[-119.00792,53.75406],[-119.00814,53.75383],[-119.00818,53.75367],[-119.00811,53.75334],[-119.00812,53.75317],[-119.00827,53.75289],[-119.00858,53.75253],[-119.00868,53.75239],[-119.00868,53.75224],[-119.00869,53.75222],[-119.00864,53.75204],[-119.00844,53.75168],[-119.00797,53.75124],[-119.00714,53.75046],[-119.00698,53.75022],[-119.00696,53.75019],[-119.00692,53.7501],[-119.00689,53.75003],[-119.00689,53.75001],[-119.0069,53.74984],[-119.00709,53.74891],[-119.00741,53.74799],[-119.00746,53.74788],[-119.00755,53.74771],[-119.00774,53.74711],[-119.00776,53.74706],[-119.008,53.7466],[-119.00832,53.74616],[-119.00833,53.74607],[-119.00833,53.74578],[-119.00819,53.74516],[-119.00817,53.7451],[-119.0081,53.74488],[-119.00806,53.74483],[-119.00795,53.7447],[-119.0078,53.74447],[-119.00784,53.74418],[-119.008,53.74368],[-119.00796,53.7425],[-119.00795,53.74244],[-119.00789,53.74198],[-119.00781,53.74184],[-119.00756,53.74163],[-119.00747,53.74149],[-119.00738,53.74113],[-119.00727,53.74086],[-119.00707,53.74066],[-119.00693,53.74048],[-119.00694,53.74032],[-119.00722,53.74012],[-119.00738,53.74004],[-119.00763,53.73984],[-119.00789,53.7396],[-119.00805,53.73932],[-119.0081,53.73915],[-119.0081,53.73898],[-119.00806,53.73883],[-119.00798,53.73866],[-119.00767,53.73795],[-119.00759,53.73765],[-119.00759,53.7376],[-119.0076,53.73712],[-119.00765,53.73677],[-119.00778,53.73642],[-119.0078,53.73598],[-119.00786,53.73575],[-119.0081,53.73548],[-119.00828,53.73521],[-119.00853,53.73519],[-119.00903,53.73527],[-119.00961,53.73528],[-119.01011,53.73531],[-119.01023,53.73528],[-119.01046,53.73516],[-119.01058,53.73505],[-119.01082,53.73463],[-119.01111,53.7339],[-119.01144,53.73338],[-119.01187,53.73289],[-119.01216,53.73251],[-119.01242,53.73229],[-119.01256,53.73219],[-119.01292,53.73181],[-119.01297,53.73168],[-119.01319,53.73161],[-119.01363,53.73152],[-119.01404,53.7314],[-119.01422,53.73133],[-119.01413,53.73109],[-119.014,53.73092],[-119.01428,53.73071],[-119.01443,53.73062],[-119.01445,53.73059],[-119.0145,53.73047],[-119.01445,53.73037],[-119.01442,53.73031],[-119.01446,53.73],[-119.01457,53.72972],[-119.01467,53.7296],[-119.01509,53.72931],[-119.01541,53.72914],[-119.01555,53.72904],[-119.01577,53.7288],[-119.0159,53.72864],[-119.01616,53.72831],[-119.01636,53.72803],[-119.01642,53.72793],[-119.01716,53.72744],[-119.01762,53.72717],[-119.01801,53.72685],[-119.01818,53.72659],[-119.01835,53.72611],[-119.01855,53.72555],[-119.01877,53.72515],[-119.01897,53.72491],[-119.0191,53.72481],[-119.01956,53.72454],[-119.01965,53.72439],[-119.01964,53.72424],[-119.01958,53.7241],[-119.01942,53.72383],[-119.01921,53.7236],[-119.01907,53.72348],[-119.019,53.72342],[-119.01894,53.72329],[-119.0189,53.72314],[-119.01886,53.72298],[-119.01879,53.72233],[-119.01882,53.72208],[-119.01898,53.7217],[-119.01917,53.72145],[-119.01903,53.72114],[-119.01897,53.72091],[-119.01892,53.72086],[-119.01869,53.72083],[-119.01846,53.72078],[-119.01834,53.72068],[-119.01828,53.72036],[-119.01814,53.71988],[-119.01812,53.71953],[-119.01812,53.71918],[-119.01818,53.71903],[-119.01837,53.71874],[-119.01832,53.71841],[-119.01824,53.71787],[-119.01817,53.71747],[-119.01819,53.71724],[-119.01835,53.71681],[-119.01855,53.71639],[-119.01864,53.71627],[-119.01889,53.71606],[-119.01909,53.71597],[-119.01923,53.71591],[-119.01944,53.71569],[-119.01947,53.71567],[-119.0197,53.71544],[-119.01984,53.71534],[-119.02029,53.71504],[-119.02047,53.71496],[-119.02087,53.71484],[-119.02103,53.71477],[-119.02116,53.71465],[-119.02124,53.71453],[-119.02135,53.71442],[-119.02174,53.71408],[-119.02209,53.71384],[-119.02216,53.71374],[-119.0223,53.71347],[-119.02261,53.71308],[-119.02332,53.71253],[-119.02345,53.71242],[-119.02345,53.71228],[-119.02328,53.71216],[-119.02284,53.71193],[-119.02258,53.71167],[-119.0224,53.71148],[-119.02205,53.71115],[-119.02183,53.71091],[-119.02176,53.71077],[-119.02166,53.71066],[-119.0213,53.7105],[-119.02113,53.71042],[-119.021,53.71031],[-119.02089,53.71019],[-119.0208,53.71004],[-119.02076,53.70974],[-119.02073,53.70958],[-119.02071,53.70954],[-119.0205,53.70935],[-119.02044,53.7092],[-119.02047,53.70895],[-119.0206,53.70874],[-119.02075,53.70865],[-119.02092,53.70857],[-119.02106,53.70852],[-119.02124,53.70846],[-119.02173,53.70832],[-119.02259,53.7079],[-119.02297,53.70774],[-119.0238,53.70749],[-119.02419,53.70733],[-119.0248,53.70714],[-119.02547,53.70697],[-119.02594,53.70678],[-119.02675,53.70629],[-119.02699,53.70617],[-119.02726,53.70607],[-119.0276,53.70599],[-119.02807,53.70583],[-119.02839,53.7057],[-119.02851,53.70562],[-119.02857,53.70555],[-119.02861,53.70543],[-119.02856,53.70517],[-119.02838,53.70485],[-119.02836,53.70471],[-119.02841,53.70464],[-119.02847,53.70445],[-119.02856,53.70432],[-119.02871,53.70423],[-119.02891,53.70415],[-119.02977,53.70419],[-119.03,53.70418],[-119.0302,53.70411],[-119.03051,53.70393],[-119.03077,53.7037],[-119.03087,53.70353],[-119.0309,53.70338],[-119.03086,53.70324],[-119.03062,53.70293],[-119.0302,53.70259],[-119.02976,53.70227],[-119.02925,53.70209],[-119.02907,53.70194],[-119.02895,53.70182],[-119.02886,53.70168],[-119.02876,53.70156],[-119.02879,53.70141],[-119.02882,53.70128],[-119.02883,53.70124],[-119.02902,53.70103],[-119.02917,53.70086],[-119.02923,53.70073],[-119.02935,53.70062],[-119.02963,53.70042],[-119.0298,53.70032],[-119.03021,53.70018],[-119.0308,53.69997],[-119.03142,53.6998],[-119.03158,53.69969],[-119.03169,53.6994],[-119.03182,53.69921],[-119.03195,53.69902],[-119.03204,53.69888],[-119.03202,53.69872],[-119.03209,53.69859],[-119.03227,53.69842],[-119.03246,53.69826],[-119.03269,53.6981],[-119.03292,53.69794],[-119.03317,53.69776],[-119.03332,53.69764],[-119.03402,53.69712],[-119.03409,53.69698],[-119.03408,53.6968],[-119.034,53.69667],[-119.03368,53.69632],[-119.03352,53.69605],[-119.03341,53.69594],[-119.0331,53.69577],[-119.03274,53.69563],[-119.03227,53.69547],[-119.03182,53.69532],[-119.03175,53.6953],[-119.0311,53.69494],[-119.03087,53.69489],[-119.03044,53.69477],[-119.02993,53.69454],[-119.02979,53.69444],[-119.02962,53.69426],[-119.02952,53.69414],[-119.02943,53.69406],[-119.02933,53.69395],[-119.02918,53.69385],[-119.0287,53.6936],[-119.02851,53.69344],[-119.02844,53.69339],[-119.02827,53.6933],[-119.02797,53.69312],[-119.02773,53.69307],[-119.02746,53.69305],[-119.02732,53.69295],[-119.02735,53.69279],[-119.02736,53.69243],[-119.02728,53.69209],[-119.0273,53.69192],[-119.02734,53.69178],[-119.02743,53.69166],[-119.02771,53.69144],[-119.02782,53.69132],[-119.02771,53.691],[-119.02775,53.69089],[-119.02785,53.69074],[-119.02812,53.69056],[-119.02831,53.69047],[-119.02859,53.69043],[-119.02936,53.69041],[-119.03029,53.69034],[-119.03077,53.69027],[-119.03104,53.69026],[-119.03163,53.69006],[-119.03178,53.68996],[-119.03182,53.6899],[-119.03202,53.68955],[-119.03212,53.68943],[-119.03226,53.68932],[-119.03227,53.68931],[-119.03282,53.68908],[-119.03318,53.68893],[-119.03362,53.68882],[-119.0339,53.68878],[-119.03434,53.6888],[-119.03445,53.6888],[-119.03465,53.68883],[-119.03499,53.68887],[-119.03566,53.689],[-119.03625,53.68907],[-119.03738,53.6891],[-119.03767,53.68908],[-119.03789,53.68903],[-119.0382,53.68885],[-119.03853,53.68849],[-119.03856,53.68833],[-119.03832,53.68806],[-119.03806,53.68771],[-119.03801,53.68755],[-119.03803,53.68704],[-119.03808,53.68692],[-119.03819,53.68665],[-119.03821,53.6866],[-119.0384,53.68634],[-119.03889,53.68587],[-119.03908,53.68562],[-119.03908,53.6856],[-119.03882,53.68505],[-119.0388,53.68468],[-119.03854,53.68451],[-119.03828,53.6843],[-119.03739,53.68331],[-119.03723,53.68322],[-119.03699,53.68319],[-119.03666,53.68321],[-119.03615,53.68319],[-119.0354,53.68308],[-119.03467,53.68293],[-119.03445,53.68287],[-119.03429,53.68278],[-119.03416,53.68269],[-119.03399,53.6826],[-119.03368,53.68256],[-119.03317,53.68259],[-119.03297,53.68252],[-119.03281,53.68243],[-119.03267,53.68234],[-119.03254,53.68214],[-119.0324,53.68194],[-119.03227,53.6816],[-119.03224,53.6815],[-119.03213,53.68139],[-119.03188,53.68102],[-119.03185,53.68092],[-119.03182,53.68078],[-119.0318,53.68071],[-119.03182,53.68026],[-119.03182,53.68018],[-119.03182,53.68016],[-119.03178,53.68002],[-119.03171,53.67989],[-119.03175,53.67971],[-119.03182,53.67963],[-119.03193,53.6795],[-119.03225,53.67932],[-119.03227,53.67931],[-119.03266,53.6792],[-119.03284,53.67914],[-119.03299,53.67904],[-119.03311,53.6789],[-119.03317,53.67872],[-119.0332,53.67821],[-119.03303,53.67795],[-119.03294,53.67783],[-119.03282,53.67772],[-119.03265,53.67764],[-119.03227,53.67752],[-119.03226,53.67751],[-119.03211,53.67743],[-119.03199,53.67733],[-119.03183,53.67704],[-119.03182,53.67699],[-119.03178,53.67687],[-119.03177,53.67656],[-119.03179,53.67633],[-119.03182,53.6762],[-119.03182,53.67618],[-119.03192,53.67606],[-119.03218,53.67587],[-119.03215,53.67575],[-119.03197,53.67567],[-119.03182,53.67566],[-119.03171,53.67565],[-119.0315,53.6756],[-119.03138,53.67548],[-119.03132,53.67534],[-119.03129,53.67519],[-119.03129,53.67496],[-119.03142,53.67452],[-119.03137,53.67438],[-119.03124,53.67427],[-119.03117,53.67413],[-119.03119,53.67391],[-119.03129,53.67365],[-119.03152,53.67342],[-119.03182,53.67318],[-119.03204,53.67299],[-119.03227,53.67286],[-119.03236,53.67281],[-119.03264,53.6726],[-119.03297,53.67243],[-119.03305,53.67228],[-119.03307,53.67219],[-119.03307,53.67214],[-119.03316,53.67201],[-119.03356,53.67166],[-119.03369,53.67153],[-119.03393,53.67137],[-119.03444,53.67113],[-119.0347,53.67091],[-119.03493,53.67068],[-119.03516,53.67049],[-119.03546,53.67029],[-119.0358,53.67009],[-119.03623,53.66979],[-119.03666,53.6695],[-119.03715,53.66923],[-119.03734,53.66916],[-119.0376,53.66911],[-119.03807,53.66909],[-119.03847,53.66858],[-119.03859,53.6684],[-119.03893,53.66794],[-119.03897,53.66739],[-119.03905,53.66726],[-119.03918,53.66716],[-119.03969,53.66692],[-119.03984,53.66682],[-119.04011,53.66643],[-119.04023,53.66632],[-119.04066,53.66603],[-119.04084,53.66594],[-119.04103,53.66582],[-119.04112,53.66575],[-119.04116,53.66559],[-119.04102,53.66498],[-119.04102,53.66496],[-119.04103,53.6648],[-119.04101,53.66463],[-119.04083,53.66438],[-119.04063,53.66424],[-119.04016,53.66389],[-119.04005,53.66374],[-119.04006,53.66358],[-119.04018,53.66326],[-119.04027,53.66261],[-119.04009,53.66235],[-119.03999,53.66203],[-119.04001,53.66188],[-119.04009,53.66176],[-119.04039,53.66156],[-119.04087,53.66129],[-119.04097,53.66118],[-119.04101,53.66101],[-119.04088,53.66055],[-119.04091,53.66019],[-119.04097,53.66005],[-119.04097,53.65988],[-119.04081,53.65961],[-119.04076,53.65947],[-119.04069,53.65934],[-119.04051,53.65918],[-119.04044,53.6591],[-119.0404,53.6588],[-119.04023,53.65818],[-119.04013,53.65806],[-119.03989,53.65784],[-119.03988,53.65783],[-119.03946,53.65756],[-119.03929,53.65745],[-119.03892,53.65731],[-119.03861,53.65714],[-119.03849,53.65703],[-119.03841,53.65689],[-119.03845,53.65655],[-119.03844,53.65602],[-119.03837,53.65588],[-119.03821,53.65579],[-119.03782,53.65565],[-119.03766,53.65557],[-119.03714,53.65532],[-119.03684,53.65513],[-119.03619,53.65462],[-119.03583,53.65447],[-119.03522,53.65429],[-119.03498,53.65426],[-119.03466,53.65425],[-119.03439,53.65423],[-119.0342,53.65416],[-119.03392,53.65397],[-119.03344,53.6537],[-119.03272,53.65321],[-119.03232,53.65306],[-119.03227,53.65304],[-119.03182,53.65284],[-119.03179,53.65283],[-119.03128,53.65257],[-119.03091,53.65243],[-119.03051,53.65231],[-119.03032,53.65223],[-119.03009,53.65211],[-119.02971,53.65188],[-119.02943,53.65177],[-119.02895,53.6516],[-119.02872,53.65159],[-119.02846,53.6516],[-119.02827,53.65152],[-119.02814,53.65142],[-119.02798,53.65133],[-119.02776,53.65128],[-119.02736,53.65116],[-119.02703,53.65099],[-119.0269,53.65089],[-119.02682,53.65075],[-119.0268,53.65054],[-119.0268,53.65033],[-119.0268,53.65005],[-119.02678,53.64974],[-119.02673,53.64955],[-119.0264,53.64922],[-119.02627,53.64909],[-119.02584,53.649],[-119.02568,53.64892],[-119.02541,53.64854],[-119.02536,53.64838],[-119.02535,53.64803],[-119.02525,53.64754],[-119.02526,53.64718],[-119.02512,53.6469],[-119.02502,53.64678],[-119.02486,53.6467],[-119.02464,53.64664],[-119.0244,53.6466],[-119.02412,53.64659],[-119.02379,53.6467],[-119.02347,53.64709],[-119.02303,53.64737],[-119.02264,53.6475],[-119.02241,53.64755],[-119.02218,53.64766],[-119.02196,53.64782],[-119.02178,53.6479],[-119.0217,53.64804],[-119.02162,53.64836],[-119.02141,53.6485],[-119.02119,53.6486],[-119.02092,53.64866],[-119.02068,53.64869],[-119.02041,53.64866],[-119.01997,53.64855],[-119.01983,53.64851],[-119.01936,53.64835],[-119.01906,53.64828],[-119.01867,53.64821],[-119.01848,53.64813],[-119.01833,53.64803],[-119.01797,53.64788],[-119.01772,53.64785],[-119.01683,53.64763],[-119.01645,53.64748],[-119.01621,53.64732],[-119.01598,53.64721],[-119.01511,53.64701],[-119.01476,53.64688],[-119.01453,53.6468],[-119.01367,53.64638],[-119.01345,53.64632],[-119.01303,53.64623],[-119.01255,53.64613],[-119.01214,53.64602],[-119.012,53.64592],[-119.01189,53.6458],[-119.01189,53.64563],[-119.01193,53.64528],[-119.01204,53.64498],[-119.01199,53.64483],[-119.01191,53.6447],[-119.01179,53.64459],[-119.01156,53.64455],[-119.01135,53.64449],[-119.01118,53.64441],[-119.01096,53.64419],[-119.01082,53.6441],[-119.01043,53.64396],[-119.0102,53.64399],[-119.00978,53.64446],[-119.00964,53.64455],[-119.00948,53.64463],[-119.00918,53.6447],[-119.00888,53.64471],[-119.00817,53.64482],[-119.0079,53.64484],[-119.00772,53.64491],[-119.0077,53.64493],[-119.0076,53.64502],[-119.00743,53.64511],[-119.00724,53.64512],[-119.00708,53.64513],[-119.00659,53.6451],[-119.00635,53.64506],[-119.00615,53.645],[-119.00587,53.64486],[-119.00515,53.64454],[-119.00488,53.64434],[-119.00471,53.64426],[-119.00441,53.64415],[-119.00393,53.64398],[-119.00354,53.64384],[-119.00291,53.64366],[-119.00243,53.6437],[-119.00221,53.64365],[-119.00148,53.64344],[-119.00139,53.6434],[-119.00127,53.64336],[-119.00119,53.64329],[-119.00101,53.64311],[-119.00091,53.64302],[-119.0006,53.64264],[-119.00043,53.64237],[-119.00032,53.64225],[-119.00009,53.64217],[-119.00002,53.64217],[-118.99989,53.64216],[-118.99956,53.64216],[-118.99858,53.64203],[-118.99844,53.64193],[-118.99827,53.64166],[-118.99815,53.64154],[-118.99801,53.64144],[-118.99768,53.64126],[-118.99747,53.64102],[-118.99721,53.6408],[-118.99706,53.6405],[-118.99694,53.64016],[-118.99689,53.63966],[-118.99682,53.63951],[-118.99662,53.63924],[-118.9964,53.63875],[-118.99644,53.63834],[-118.99667,53.63785],[-118.99668,53.63768],[-118.99661,53.63735],[-118.99665,53.6372],[-118.99673,53.63707],[-118.99675,53.63691],[-118.99666,53.63678],[-118.99651,53.63668],[-118.99633,53.63661],[-118.99611,53.63655],[-118.99583,53.63655],[-118.99565,53.63648],[-118.9955,53.63638],[-118.9954,53.63625],[-118.99537,53.63609],[-118.99543,53.63595],[-118.9955,53.63589],[-118.99555,53.63584],[-118.99561,53.63573],[-118.99526,53.63543],[-118.99524,53.63541],[-118.99476,53.63496],[-118.99466,53.63473],[-118.99443,53.63444],[-118.99395,53.63389],[-118.99383,53.63378],[-118.99368,53.63369],[-118.99331,53.63368],[-118.99251,53.63378],[-118.99199,53.63402],[-118.99179,53.63408],[-118.99154,53.63412],[-118.99129,53.63409],[-118.99108,53.63404],[-118.99079,53.63403],[-118.99028,53.63409],[-118.98999,53.6341],[-118.98952,53.63403],[-118.98909,53.63393],[-118.98841,53.6338],[-118.98766,53.63352],[-118.98738,53.63354],[-118.98717,53.63349],[-118.98691,53.63328],[-118.98658,53.63292],[-118.98651,53.63278],[-118.98637,53.6323],[-118.9863,53.63216],[-118.9859,53.63165],[-118.98567,53.63142],[-118.98562,53.63126],[-118.98587,53.63105],[-118.98589,53.63088],[-118.98586,53.63071],[-118.98587,53.63055],[-118.98594,53.63041],[-118.9859,53.63025],[-118.98594,53.62994],[-118.98587,53.6298],[-118.98571,53.62971],[-118.98545,53.6295],[-118.98515,53.62932],[-118.98494,53.62927],[-118.98465,53.62927],[-118.98442,53.62931],[-118.98415,53.62934],[-118.98391,53.6293],[-118.98316,53.62903],[-118.98313,53.62902],[-118.98283,53.62886],[-118.98267,53.62882],[-118.98242,53.62875],[-118.98202,53.62864],[-118.98188,53.62853],[-118.98189,53.62848],[-118.9819,53.62829],[-118.98184,53.62818],[-118.98168,53.62809],[-118.98157,53.62797],[-118.98154,53.62762],[-118.98146,53.62748],[-118.98135,53.62736],[-118.98131,53.6272],[-118.98132,53.62702],[-118.98139,53.62689],[-118.98168,53.62653],[-118.98172,53.62638],[-118.98159,53.62628],[-118.98119,53.62616],[-118.97994,53.62565],[-118.97964,53.62546],[-118.9791,53.62545],[-118.9787,53.62532],[-118.97853,53.62519],[-118.97847,53.6251],[-118.97842,53.62502],[-118.97841,53.62501],[-118.97837,53.62495],[-118.97812,53.62457],[-118.97798,53.62447],[-118.97723,53.6242],[-118.9769,53.62403],[-118.97676,53.62394],[-118.97665,53.62383],[-118.97643,53.62378],[-118.97589,53.62356],[-118.97576,53.62346],[-118.9756,53.62337],[-118.97507,53.62314],[-118.97462,53.62305],[-118.97434,53.62305],[-118.97381,53.62301],[-118.97336,53.62292],[-118.97297,53.62279],[-118.97267,53.62261],[-118.9723,53.62251],[-118.97212,53.62244],[-118.97197,53.62234],[-118.97177,53.6221],[-118.97162,53.62182],[-118.97132,53.62145],[-118.97118,53.62135],[-118.97102,53.62125],[-118.97087,53.62117],[-118.97083,53.62109],[-118.97035,53.62105],[-118.97011,53.62101],[-118.96992,53.62095],[-118.96968,53.62083],[-118.9693,53.62059],[-118.96898,53.62042],[-118.96853,53.62032],[-118.96817,53.62018],[-118.96806,53.62007],[-118.96796,53.61964],[-118.9679,53.61949],[-118.96781,53.61936],[-118.96747,53.61919],[-118.96681,53.61905],[-118.96668,53.61895],[-118.96659,53.61863],[-118.96661,53.61811],[-118.96656,53.61795],[-118.96628,53.61757],[-118.96606,53.61733],[-118.96587,53.61726],[-118.96555,53.61727],[-118.96548,53.61727],[-118.96542,53.61726],[-118.96529,53.61726],[-118.96506,53.61721],[-118.96491,53.61712],[-118.96481,53.617],[-118.96467,53.61672],[-118.96457,53.61659],[-118.96443,53.61631],[-118.96444,53.61597],[-118.96439,53.61553],[-118.96426,53.61534],[-118.96414,53.61522],[-118.96371,53.61493],[-118.96354,53.61485],[-118.96295,53.61465],[-118.96209,53.61445],[-118.96191,53.61437],[-118.9616,53.61418],[-118.96134,53.61397],[-118.96101,53.61363],[-118.96065,53.61309],[-118.96041,53.61287],[-118.96011,53.61269],[-118.95926,53.61229],[-118.95863,53.61193],[-118.95788,53.61166],[-118.95719,53.61153],[-118.95698,53.61148],[-118.95683,53.61138],[-118.9567,53.61127],[-118.9566,53.61115],[-118.95644,53.61088],[-118.95623,53.61064],[-118.95608,53.61054],[-118.95571,53.61041],[-118.95529,53.6103],[-118.95473,53.61028],[-118.95424,53.61022],[-118.95404,53.61016],[-118.95386,53.61008],[-118.95345,53.60977],[-118.95319,53.60955],[-118.953,53.60931],[-118.95255,53.60885],[-118.95235,53.60859],[-118.95197,53.60828],[-118.95159,53.60777],[-118.95132,53.60756],[-118.95116,53.60748],[-118.95059,53.60729],[-118.95009,53.60704],[-118.94964,53.60675],[-118.94951,53.60665],[-118.94931,53.60642],[-118.94838,53.60531],[-118.94816,53.60489],[-118.94805,53.60478],[-118.9479,53.60468],[-118.94707,53.60448],[-118.94633,53.60438],[-118.94591,53.60427],[-118.9454,53.60404],[-118.94511,53.60384],[-118.94499,53.60374],[-118.94467,53.60318],[-118.94451,53.60272],[-118.94445,53.60221],[-118.94434,53.60209],[-118.94407,53.60189],[-118.94377,53.60172],[-118.94349,53.60163],[-118.94317,53.60154],[-118.94214,53.60144],[-118.94176,53.60131],[-118.94163,53.60119],[-118.94129,53.60066],[-118.94073,53.60008],[-118.94001,53.59959],[-118.93966,53.59944],[-118.9392,53.59917],[-118.93893,53.59896],[-118.93887,53.59882],[-118.93884,53.59865],[-118.93864,53.59822],[-118.93854,53.59809],[-118.93839,53.59799],[-118.9382,53.59792],[-118.93797,53.59788],[-118.93768,53.59789],[-118.93687,53.59784],[-118.93657,53.59785],[-118.93631,53.59783],[-118.93596,53.59768],[-118.93538,53.59748],[-118.93523,53.5974],[-118.93499,53.59717],[-118.93469,53.59699],[-118.93444,53.59678],[-118.93435,53.59666],[-118.93412,53.59643],[-118.93383,53.59625],[-118.93358,53.59615],[-118.93325,53.59598],[-118.93311,53.59588],[-118.93295,53.59561],[-118.93297,53.59528],[-118.93291,53.59512],[-118.93281,53.595],[-118.93255,53.59478],[-118.93234,53.59454],[-118.93162,53.59387],[-118.9308,53.59326],[-118.93048,53.5931],[-118.92989,53.59291],[-118.9296,53.59271],[-118.92949,53.5926],[-118.92934,53.59233],[-118.92906,53.59194],[-118.929,53.59179],[-118.92892,53.59128],[-118.92885,53.59114],[-118.92876,53.59101],[-118.92853,53.59078],[-118.92827,53.59057],[-118.92735,53.59003],[-118.92683,53.58978],[-118.92637,53.58951],[-118.92597,53.58937],[-118.92553,53.58926],[-118.92517,53.58917],[-118.92453,53.58898],[-118.92359,53.58883],[-118.92331,53.58882],[-118.92257,53.58875],[-118.92223,53.5887],[-118.92185,53.58857],[-118.92152,53.5884],[-118.92118,53.58825],[-118.92077,53.58813],[-118.92025,53.58808],[-118.91996,53.58809],[-118.91944,53.58816],[-118.91885,53.58817],[-118.91833,53.58812],[-118.9181,53.58809],[-118.91791,53.58802],[-118.91784,53.58797],[-118.91716,53.58766],[-118.9166,53.58745],[-118.91651,53.58732],[-118.91659,53.58719],[-118.91679,53.58694],[-118.9168,53.58678],[-118.91667,53.58649],[-118.91647,53.58623],[-118.91603,53.58595],[-118.91549,53.58552],[-118.91543,53.58538],[-118.91547,53.58523],[-118.91555,53.58509],[-118.91554,53.58491],[-118.91546,53.58477],[-118.9153,53.58468],[-118.91511,53.58462],[-118.91459,53.58458],[-118.91436,53.58454],[-118.91416,53.58448],[-118.91365,53.58424],[-118.91357,53.58415],[-118.91343,53.58381],[-118.91325,53.58355],[-118.91312,53.58345],[-118.91278,53.58328],[-118.91218,53.58311],[-118.91174,53.58301],[-118.91128,53.58292],[-118.91101,53.58291],[-118.91058,53.58293],[-118.91038,53.58287],[-118.91002,53.58272],[-118.91009,53.5826],[-118.91022,53.5825],[-118.91056,53.58234],[-118.91086,53.58215],[-118.91098,53.58204],[-118.91106,53.58191],[-118.91109,53.58176],[-118.91106,53.58125],[-118.91084,53.58062],[-118.91046,53.58029],[-118.91022,53.57988],[-118.90998,53.57966],[-118.90971,53.5795],[-118.90947,53.57949],[-118.90901,53.57958],[-118.90873,53.57961],[-118.90782,53.57962],[-118.90755,53.5796],[-118.90733,53.57956],[-118.90716,53.57948],[-118.90682,53.57894],[-118.90658,53.57871],[-118.90643,53.57862],[-118.90621,53.57857],[-118.9058,53.57845],[-118.90485,53.57831],[-118.90431,53.57827],[-118.9039,53.57817],[-118.9036,53.57799],[-118.90298,53.57743],[-118.90264,53.57726],[-118.90248,53.57717],[-118.90219,53.5768],[-118.90213,53.57665],[-118.90173,53.57635],[-118.90151,53.57632],[-118.9013,53.57637],[-118.90109,53.57647],[-118.90084,53.57664],[-118.90047,53.57678],[-118.9,53.57705],[-118.89978,53.5771],[-118.89955,53.57707],[-118.89937,53.57699],[-118.89926,53.57687],[-118.89927,53.5767],[-118.8994,53.57642],[-118.89939,53.57625],[-118.89931,53.57611],[-118.8991,53.57587],[-118.89897,53.57576],[-118.8988,53.57568],[-118.89839,53.57559],[-118.89795,53.57547],[-118.89746,53.5754],[-118.89726,53.57534],[-118.8971,53.57525],[-118.89691,53.57519],[-118.89661,53.57501],[-118.89636,53.57506],[-118.89621,53.57515],[-118.89603,53.57522],[-118.89557,53.57514],[-118.89538,53.57507],[-118.8952,53.57498],[-118.89425,53.57446],[-118.89375,53.57421],[-118.89342,53.57404],[-118.89317,53.57382],[-118.89283,53.57349],[-118.89275,53.57328],[-118.8926,53.57307],[-118.89235,53.57284],[-118.89206,53.57265],[-118.89171,53.57249],[-118.89151,53.57242],[-118.89124,53.57241],[-118.89024,53.57255],[-118.88998,53.57254],[-118.88977,53.57249],[-118.88924,53.57226],[-118.88902,53.57222],[-118.88861,53.5721],[-118.88841,53.57199],[-118.88815,53.57184],[-118.88795,53.57177],[-118.8875,53.57169],[-118.88723,53.57171],[-118.88704,53.57178],[-118.88654,53.57204],[-118.88633,53.5721],[-118.88605,53.57211],[-118.88582,53.57189],[-118.88584,53.57173],[-118.88591,53.5716],[-118.88616,53.57139],[-118.88622,53.57125],[-118.88622,53.57108],[-118.8861,53.57079],[-118.88598,53.57068],[-118.88567,53.57049],[-118.8856,53.57034],[-118.88543,53.56988],[-118.88527,53.56961],[-118.88509,53.56953],[-118.88484,53.56956],[-118.88449,53.56971],[-118.88429,53.56977],[-118.88403,53.5698],[-118.88376,53.56979],[-118.8831,53.56965],[-118.88269,53.56953],[-118.88236,53.56936],[-118.88207,53.56918],[-118.8814,53.56885],[-118.88111,53.56865],[-118.88093,53.56858],[-118.88046,53.56831],[-118.88035,53.5682],[-118.88031,53.56791],[-118.88023,53.56776],[-118.88013,53.56764],[-118.87987,53.56744],[-118.87935,53.5672],[-118.8792,53.56711],[-118.8791,53.56699],[-118.8789,53.56655],[-118.87858,53.56619],[-118.87844,53.56609],[-118.87821,53.56605],[-118.87791,53.56606],[-118.87764,53.56604],[-118.87722,53.56594],[-118.87691,53.56576],[-118.87653,53.56549],[-118.87606,53.56507],[-118.87572,53.56472],[-118.87538,53.564],[-118.87502,53.56347],[-118.87481,53.56323],[-118.8746,53.56281],[-118.87434,53.56242],[-118.87406,53.56203],[-118.87381,53.5618],[-118.87366,53.56172],[-118.87338,53.56152],[-118.87329,53.56139],[-118.87324,53.56105],[-118.87324,53.56089],[-118.87314,53.56058],[-118.87305,53.56045],[-118.87292,53.56034],[-118.87276,53.56025],[-118.87256,53.56019],[-118.87229,53.5602],[-118.87166,53.56039],[-118.8713,53.56054],[-118.87108,53.5606],[-118.8708,53.56061],[-118.87062,53.56055],[-118.87035,53.56034],[-118.87031,53.56017],[-118.87038,53.56003],[-118.87053,53.55994],[-118.8707,53.55986],[-118.87081,53.55975],[-118.87077,53.55959],[-118.87071,53.55947],[-118.87055,53.55939],[-118.87032,53.55935],[-118.87002,53.55935],[-118.86981,53.55931],[-118.86965,53.55922],[-118.86962,53.55905],[-118.86968,53.55891],[-118.86991,53.55871],[-118.87028,53.55855],[-118.87032,53.55853],[-118.87091,53.55819],[-118.87111,53.55795],[-118.87116,53.55781],[-118.87117,53.55764],[-118.87111,53.5575],[-118.87099,53.55738],[-118.87086,53.55728],[-118.87051,53.55712],[-118.8703,53.55707],[-118.86921,53.55683],[-118.86904,53.55676],[-118.86891,53.55659],[-118.86896,53.55633],[-118.86904,53.55619],[-118.86908,53.55604],[-118.86908,53.55593],[-118.86901,53.55579],[-118.86886,53.5557],[-118.86851,53.55554],[-118.86748,53.55526],[-118.86712,53.55512],[-118.86686,53.55512],[-118.86664,53.55508],[-118.86647,53.555],[-118.86636,53.55488],[-118.86631,53.55472],[-118.86634,53.55456],[-118.86644,53.55444],[-118.867,53.55403],[-118.86738,53.55389],[-118.8676,53.55384],[-118.8679,53.55383],[-118.86862,53.55392],[-118.86914,53.55397],[-118.86941,53.55398],[-118.86961,53.55393],[-118.8698,53.55386],[-118.86992,53.55376],[-118.87001,53.55364],[-118.87011,53.55335],[-118.87014,53.5532],[-118.87013,53.55302],[-118.87007,53.55287],[-118.86996,53.55275],[-118.86992,53.55256],[-118.87003,53.55234],[-118.87033,53.55211],[-118.87052,53.55194],[-118.87109,53.55156],[-118.87147,53.55141],[-118.87158,53.5513],[-118.87161,53.55115],[-118.87131,53.55078],[-118.87125,53.55063],[-118.87131,53.55048],[-118.87179,53.55004],[-118.87187,53.54991],[-118.87197,53.54962],[-118.87207,53.54949],[-118.87231,53.5493],[-118.87239,53.54916],[-118.87238,53.54901],[-118.87222,53.54855],[-118.87225,53.54838],[-118.87246,53.54822],[-118.87255,53.54809],[-118.87259,53.54742],[-118.87249,53.5471],[-118.87243,53.54658],[-118.87236,53.54643],[-118.87227,53.54631],[-118.872,53.5461],[-118.87161,53.54559],[-118.87156,53.54544],[-118.87149,53.5448],[-118.87152,53.5446],[-118.87182,53.54424],[-118.87215,53.54389],[-118.87224,53.54376],[-118.8722,53.54362],[-118.87208,53.54352],[-118.8718,53.54332],[-118.87144,53.54299],[-118.87135,53.54286],[-118.87124,53.54255],[-118.87121,53.54219],[-118.87123,53.54203],[-118.87134,53.54181],[-118.87136,53.54161],[-118.87132,53.54144],[-118.8708,53.54081],[-118.87072,53.54067],[-118.87067,53.54051],[-118.87065,53.53998],[-118.87076,53.53978],[-118.87085,53.53957],[-118.87092,53.53925],[-118.87107,53.53882],[-118.87121,53.53855],[-118.87131,53.53825],[-118.87138,53.53813],[-118.87147,53.53782],[-118.87162,53.53756],[-118.87163,53.53736],[-118.87151,53.5371],[-118.87115,53.53679],[-118.8705,53.53607],[-118.87042,53.53593],[-118.8704,53.53576],[-118.8705,53.53564],[-118.87062,53.53553],[-118.87144,53.53494],[-118.87151,53.53482],[-118.87155,53.53444],[-118.8719,53.53397],[-118.87246,53.53357],[-118.87258,53.53346],[-118.87264,53.53332],[-118.87258,53.53318],[-118.87204,53.53277],[-118.87193,53.53265],[-118.8719,53.53248],[-118.87198,53.53235],[-118.87239,53.53222],[-118.87277,53.53208],[-118.87295,53.532],[-118.87316,53.53194],[-118.87328,53.53184],[-118.87327,53.53169],[-118.87322,53.53152],[-118.87312,53.53139],[-118.87277,53.53104],[-118.87269,53.53072],[-118.87274,53.53057],[-118.87282,53.53045],[-118.87303,53.53027],[-118.87327,53.52999],[-118.87354,53.52979],[-118.87364,53.52967],[-118.87392,53.52947],[-118.87423,53.52911],[-118.87444,53.52871],[-118.87452,53.5284],[-118.8751,53.52748],[-118.87536,53.52727],[-118.87559,53.52704],[-118.87565,53.5269],[-118.87552,53.5268],[-118.87546,53.52678],[-118.87532,53.52674],[-118.87488,53.52664],[-118.87443,53.52656],[-118.87424,53.52649],[-118.87394,53.52632],[-118.87358,53.52616],[-118.87344,53.52607],[-118.87311,53.52591],[-118.87297,53.5258],[-118.87289,53.52567],[-118.87283,53.52552],[-118.87284,53.52536],[-118.87314,53.525],[-118.87319,53.52485],[-118.87315,53.52469],[-118.87302,53.52459],[-118.87283,53.52451],[-118.87183,53.52441],[-118.87138,53.52433],[-118.87106,53.52416],[-118.87095,53.52405],[-118.87069,53.52386],[-118.8705,53.52363],[-118.87037,53.52335],[-118.87038,53.52319],[-118.87043,53.52304],[-118.87039,53.52288],[-118.87022,53.52263],[-118.86998,53.52241],[-118.86908,53.52186],[-118.86826,53.52144],[-118.86758,53.52113],[-118.86744,53.52103],[-118.86699,53.52057],[-118.86664,53.52042],[-118.86627,53.5201],[-118.8657,53.51972],[-118.86548,53.51949],[-118.86473,53.51905],[-118.86459,53.51894],[-118.86448,53.5188],[-118.86434,53.51856],[-118.86423,53.51844],[-118.86408,53.51798],[-118.86387,53.51774],[-118.86381,53.51759],[-118.86394,53.51733],[-118.86388,53.51719],[-118.86375,53.51709],[-118.86343,53.51692],[-118.86305,53.51678],[-118.86181,53.51626],[-118.86151,53.51607],[-118.86108,53.51586],[-118.86084,53.51574],[-118.86074,53.51562],[-118.86068,53.51546],[-118.86073,53.51515],[-118.86063,53.51483],[-118.86066,53.51467],[-118.86064,53.5145],[-118.86056,53.51436],[-118.86042,53.51427],[-118.86005,53.51413],[-118.85993,53.51402],[-118.8599,53.51367],[-118.85994,53.51352],[-118.85989,53.51338],[-118.85961,53.51318],[-118.85944,53.51311],[-118.85897,53.51303],[-118.85878,53.51297],[-118.85863,53.51289],[-118.8585,53.51278],[-118.85834,53.51251],[-118.85835,53.51235],[-118.85846,53.51224],[-118.85872,53.51204],[-118.85865,53.51184],[-118.85848,53.51166],[-118.85807,53.51133],[-118.8579,53.51107],[-118.85766,53.51084],[-118.85757,53.51072],[-118.85752,53.51057],[-118.85729,53.51014],[-118.85733,53.50998],[-118.85742,53.50987],[-118.85755,53.50977],[-118.85794,53.50964],[-118.85809,53.50955],[-118.85822,53.50937],[-118.8582,53.50911],[-118.8581,53.50898],[-118.85798,53.50887],[-118.85737,53.5085],[-118.85714,53.50826],[-118.85709,53.5081],[-118.85707,53.50792],[-118.85714,53.50744],[-118.8571,53.50728],[-118.857,53.50715],[-118.85666,53.50682],[-118.85652,53.50672],[-118.85635,53.50664],[-118.85612,53.50659],[-118.8549,53.50644],[-118.85427,53.50626],[-118.85412,53.50617],[-118.85404,53.50603],[-118.85401,53.50586],[-118.85422,53.50546],[-118.85426,53.5053],[-118.85427,53.50513],[-118.85423,53.50497],[-118.85403,53.50454],[-118.85396,53.50426],[-118.8539,53.50386],[-118.85395,53.50335],[-118.85407,53.50307],[-118.85441,53.50273],[-118.8547,53.50221],[-118.85474,53.50206],[-118.85466,53.50192],[-118.85454,53.50181],[-118.85395,53.50144],[-118.85368,53.50123],[-118.85357,53.50111],[-118.85351,53.50096],[-118.85351,53.50078],[-118.85359,53.50029],[-118.85357,53.5001],[-118.85356,53.50003],[-118.85356,53.50001],[-118.85355,53.49994],[-118.85403,53.4995],[-118.85446,53.49921],[-118.85449,53.49904],[-118.85443,53.49889],[-118.85425,53.49862],[-118.85428,53.49846],[-118.85471,53.49818],[-118.85483,53.49807],[-118.8549,53.49794],[-118.85497,53.49763],[-118.855,53.49711],[-118.85516,53.49668],[-118.85532,53.49642],[-118.85555,53.49619],[-118.85568,53.49609],[-118.85585,53.49601],[-118.85605,53.49594],[-118.85651,53.49585],[-118.85672,53.49579],[-118.8571,53.49565],[-118.85731,53.49551],[-118.85742,53.49531],[-118.85752,53.49519],[-118.85754,53.49506],[-118.85711,53.49441],[-118.85708,53.49426],[-118.85707,53.49376],[-118.85703,53.4936],[-118.8568,53.49318],[-118.85668,53.49289],[-118.85681,53.4926],[-118.85674,53.49246],[-118.85664,53.49233],[-118.85637,53.49211],[-118.85604,53.49177],[-118.85597,53.49163],[-118.85593,53.49147],[-118.85571,53.49123],[-118.85475,53.4907],[-118.85451,53.49047],[-118.85456,53.49033],[-118.85483,53.49012],[-118.85493,53.49],[-118.85494,53.48984],[-118.8543,53.48911],[-118.85415,53.48882],[-118.85401,53.48872],[-118.85384,53.48864],[-118.85346,53.48851],[-118.85324,53.48847],[-118.85272,53.48843],[-118.85252,53.48838],[-118.85216,53.48823],[-118.85184,53.48806],[-118.85148,53.48771],[-118.85105,53.48741],[-118.85067,53.48708],[-118.85053,53.4868],[-118.85042,53.48669],[-118.85,53.48639],[-118.84989,53.48628],[-118.84942,53.48545],[-118.8493,53.48533],[-118.849,53.48515],[-118.84825,53.48488],[-118.84764,53.48452],[-118.84751,53.48442],[-118.84741,53.48429],[-118.84737,53.48413],[-118.84737,53.48396],[-118.84747,53.48384],[-118.84754,53.4837],[-118.84748,53.48355],[-118.84733,53.48345],[-118.8471,53.48344],[-118.8469,53.4835],[-118.84667,53.48355],[-118.8464,53.48353],[-118.84598,53.48342],[-118.84571,53.48322],[-118.84552,53.48294],[-118.8454,53.48283],[-118.84511,53.48263],[-118.8449,53.48238],[-118.84484,53.48224],[-118.84482,53.48206],[-118.84486,53.4819],[-118.84481,53.48175],[-118.84469,53.48163],[-118.84455,53.48153],[-118.84432,53.48141],[-118.84429,53.4814],[-118.84417,53.48136],[-118.844,53.4813],[-118.84384,53.48121],[-118.8437,53.48111],[-118.84348,53.48087],[-118.84319,53.48068],[-118.84307,53.48056],[-118.84288,53.4803],[-118.84276,53.47999],[-118.84245,53.47944],[-118.84235,53.47932],[-118.84168,53.47876],[-118.84137,53.47858],[-118.84101,53.47843],[-118.84079,53.47839],[-118.8406,53.47832],[-118.84047,53.47822],[-118.84042,53.47815],[-118.84029,53.47797],[-118.84027,53.47794],[-118.84023,53.47783],[-118.84013,53.47769],[-118.83972,53.47742],[-118.83925,53.47712],[-118.83913,53.47701],[-118.83893,53.47675],[-118.83857,53.47639],[-118.83828,53.47619],[-118.8377,53.47572],[-118.8373,53.47548],[-118.83691,53.47516],[-118.83633,53.47457],[-118.83614,53.47435],[-118.83596,53.47408],[-118.83563,53.47388],[-118.83559,53.47386],[-118.83543,53.47376],[-118.8352,53.47361],[-118.83486,53.47344],[-118.83433,53.4731],[-118.83371,53.47285],[-118.83325,53.47277],[-118.83307,53.47269],[-118.83293,53.47249],[-118.83284,53.47227],[-118.83281,53.47194],[-118.83273,53.47181],[-118.83252,53.47178],[-118.83247,53.47178],[-118.8324,53.47177],[-118.83109,53.47184],[-118.83092,53.47176],[-118.8309,53.47161],[-118.83113,53.47122],[-118.83112,53.47106],[-118.83106,53.47091],[-118.83101,53.47057],[-118.83104,53.47041],[-118.83114,53.47029],[-118.83139,53.46992],[-118.83146,53.46979],[-118.83137,53.46966],[-118.83118,53.46958],[-118.83096,53.46953],[-118.83071,53.4695],[-118.83051,53.46945],[-118.83034,53.46927],[-118.83034,53.46904],[-118.83031,53.46887],[-118.83018,53.46878],[-118.82998,53.46871],[-118.82953,53.46862],[-118.82913,53.46849],[-118.82871,53.46837],[-118.82838,53.46822],[-118.82817,53.46817],[-118.82765,53.46807],[-118.82736,53.46794],[-118.82725,53.46782],[-118.82715,53.46752],[-118.82702,53.46741],[-118.82671,53.46723],[-118.82654,53.46715],[-118.82634,53.4671],[-118.82592,53.46701],[-118.82578,53.46691],[-118.82563,53.46698],[-118.82533,53.46698],[-118.82508,53.46695],[-118.82491,53.46687],[-118.82482,53.46675],[-118.82466,53.46647],[-118.82464,53.46631],[-118.82458,53.46617],[-118.82442,53.4659],[-118.82428,53.4658],[-118.82332,53.46546],[-118.82309,53.46525],[-118.82293,53.46479],[-118.82281,53.46467],[-118.82256,53.46446],[-118.82213,53.46418],[-118.82179,53.46383],[-118.82164,53.46355],[-118.82135,53.46316],[-118.8212,53.46288],[-118.8209,53.46252],[-118.82076,53.46243],[-118.82038,53.4623],[-118.82024,53.46219],[-118.82013,53.46199],[-118.82001,53.46179],[-118.81988,53.46168],[-118.8197,53.4616],[-118.81909,53.46145],[-118.81892,53.46134],[-118.81868,53.46095],[-118.81855,53.46085],[-118.81834,53.46081],[-118.81805,53.46081],[-118.81779,53.46085],[-118.8175,53.46086],[-118.81726,53.46083],[-118.81658,53.46072],[-118.81614,53.46062],[-118.81597,53.46053],[-118.81586,53.46036],[-118.81606,53.46003],[-118.816,53.45989],[-118.81583,53.45979],[-118.81537,53.45974],[-118.81478,53.45976],[-118.81454,53.45973],[-118.81438,53.45966],[-118.81418,53.45941],[-118.81406,53.45913],[-118.81393,53.45902],[-118.81373,53.45896],[-118.8133,53.45886],[-118.81314,53.45879],[-118.81302,53.45868],[-118.81296,53.45853],[-118.81277,53.4579],[-118.8129,53.4577],[-118.81308,53.45745],[-118.8131,53.45733],[-118.81298,53.45722],[-118.81251,53.45697],[-118.81243,53.45685],[-118.81241,53.45668],[-118.81228,53.45658],[-118.81118,53.45634],[-118.81074,53.45628],[-118.8105,53.45622],[-118.81033,53.45614],[-118.80986,53.45586],[-118.80948,53.45575],[-118.80934,53.45566],[-118.80898,53.45533],[-118.80883,53.45524],[-118.80862,53.45519],[-118.80813,53.45512],[-118.80794,53.45504],[-118.80757,53.45494],[-118.80737,53.45485],[-118.80712,53.45465],[-118.80695,53.45457],[-118.80681,53.45447],[-118.80663,53.45439],[-118.80645,53.45432],[-118.8063,53.45423],[-118.80592,53.45391],[-118.80544,53.45368],[-118.80532,53.45357],[-118.80515,53.45349],[-118.80432,53.4535],[-118.80416,53.45342],[-118.80404,53.45331],[-118.80384,53.45306],[-118.80359,53.45284],[-118.80328,53.45266],[-118.80293,53.45253],[-118.80279,53.45244],[-118.80258,53.45238],[-118.80242,53.4523],[-118.80235,53.45217],[-118.80235,53.452],[-118.80239,53.45184],[-118.80236,53.4517],[-118.8022,53.45161],[-118.80166,53.45158],[-118.80152,53.45148],[-118.80145,53.45134],[-118.80134,53.45123],[-118.80097,53.45109],[-118.80083,53.45099],[-118.80074,53.45086],[-118.8007,53.45049],[-118.80053,53.4503],[-118.79969,53.44989],[-118.79947,53.44984],[-118.79899,53.44989],[-118.79881,53.44981],[-118.79868,53.44971],[-118.79862,53.44956],[-118.79861,53.44939],[-118.79864,53.44924],[-118.79861,53.4491],[-118.79819,53.44881],[-118.798,53.44874],[-118.79763,53.44868],[-118.79736,53.44859],[-118.79714,53.44849],[-118.79667,53.44826],[-118.79647,53.4482],[-118.79604,53.4481],[-118.79567,53.44796],[-118.79556,53.44785],[-118.79547,53.44773],[-118.79535,53.44763],[-118.79528,53.44761],[-118.79516,53.44757],[-118.79501,53.44748],[-118.7948,53.44742],[-118.79456,53.44738],[-118.79437,53.44731],[-118.79421,53.44722],[-118.79387,53.44707],[-118.79365,53.44701],[-118.79347,53.44694],[-118.79332,53.44685],[-118.7927,53.44621],[-118.79234,53.44599],[-118.79221,53.44589],[-118.79215,53.44573],[-118.79215,53.44555],[-118.79203,53.44524],[-118.79202,53.44508],[-118.79198,53.44492],[-118.79183,53.44465],[-118.7918,53.44449],[-118.79181,53.44432],[-118.79177,53.44411],[-118.79159,53.44391],[-118.79131,53.44372],[-118.79122,53.4436],[-118.79133,53.44349],[-118.79148,53.44339],[-118.79162,53.44312],[-118.79161,53.4429],[-118.79141,53.44282],[-118.79112,53.44266],[-118.79059,53.44244],[-118.78981,53.4422],[-118.7895,53.44203],[-118.78871,53.44149],[-118.78859,53.44135],[-118.78806,53.44107],[-118.78773,53.441],[-118.78755,53.44094],[-118.78726,53.44081],[-118.78697,53.44064],[-118.78643,53.44041],[-118.78633,53.4403],[-118.78619,53.44005],[-118.78602,53.4398],[-118.78582,53.43958],[-118.78512,53.43901],[-118.7848,53.4389],[-118.78436,53.43881],[-118.78401,53.43866],[-118.78386,53.43857],[-118.78358,53.43831],[-118.78325,53.43792],[-118.78288,53.43766],[-118.78253,53.43738],[-118.78221,53.43723],[-118.78195,53.43706],[-118.78185,53.43693],[-118.78178,53.43679],[-118.78167,53.43667],[-118.78173,53.4365],[-118.78143,53.43614],[-118.78121,53.43595],[-118.78095,53.43558],[-118.78067,53.43539],[-118.78056,53.43528],[-118.78047,53.43515],[-118.78001,53.43489],[-118.77985,53.43473],[-118.7795,53.43449],[-118.77913,53.4344],[-118.77881,53.43439],[-118.77861,53.43433],[-118.77822,53.43416],[-118.77747,53.43397],[-118.77728,53.43391],[-118.77712,53.43382],[-118.77661,53.43341],[-118.77517,53.43239],[-118.77486,53.43217],[-118.77447,53.43253],[-118.77381,53.43328],[-118.77308,53.43373],[-118.77242,53.43401],[-118.77133,53.4343],[-118.77067,53.4344],[-118.76788,53.4329],[-118.76256,53.43156],[-118.76061,53.43127],[-118.75858,53.43064],[-118.75739,53.43],[-118.75587,53.42915],[-118.75509,53.42874],[-118.75483,53.42861],[-118.75461,53.4286],[-118.75441,53.42863],[-118.75405,53.42882],[-118.75382,53.42908],[-118.75341,53.42969],[-118.75285,53.43061],[-118.7526,53.43112],[-118.7525,53.43156],[-118.75258,53.43195],[-118.75267,53.43226],[-118.75294,53.43279],[-118.75308,53.43309],[-118.7532,53.43334],[-118.75275,53.43341],[-118.75233,53.43357],[-118.75154,53.43402],[-118.75134,53.43427],[-118.75255,53.43461],[-118.75368,53.43481],[-118.75446,53.43505],[-118.75531,53.4354],[-118.75612,53.43568],[-118.75697,53.43608],[-118.75803,53.43661],[-118.75921,53.43717],[-118.76019,53.43777],[-118.76053,53.43798],[-118.76097,53.43828],[-118.76137,53.43868],[-118.76165,53.43906],[-118.76175,53.43931],[-118.76186,53.43958],[-118.76195,53.44011],[-118.76199,53.44064],[-118.76191,53.44101],[-118.76197,53.44139],[-118.76218,53.44172],[-118.76248,53.44199],[-118.76263,53.44218],[-118.76267,53.4423],[-118.76263,53.4424],[-118.76252,53.4425],[-118.76248,53.44272],[-118.76257,53.44318],[-118.76271,53.4436],[-118.7628,53.44396],[-118.76271,53.44429],[-118.76228,53.44481],[-118.76178,53.44533],[-118.76129,53.44568],[-118.761,53.44604],[-118.76088,53.44646],[-118.76087,53.44692],[-118.76099,53.44737],[-118.76133,53.44784],[-118.76147,53.44836],[-118.76159,53.44874],[-118.76184,53.44916],[-118.76228,53.44953],[-118.76269,53.45022],[-118.76341,53.45107],[-118.76404,53.45172],[-118.76379,53.45205],[-118.76354,53.45229],[-118.76333,53.45248],[-118.76311,53.45266],[-118.76258,53.453],[-118.7621,53.45351],[-118.76185,53.45393],[-118.76159,53.45417],[-118.76153,53.4542],[-118.76137,53.45435],[-118.76101,53.45457],[-118.76075,53.45466],[-118.75894,53.45508],[-118.75866,53.45519],[-118.75845,53.4553],[-118.75829,53.45548],[-118.75779,53.45612],[-118.75771,53.45639],[-118.75755,53.45667],[-118.75726,53.45682],[-118.75613,53.4573],[-118.75534,53.45751],[-118.75501,53.45757],[-118.75389,53.45768],[-118.7537,53.45767],[-118.75349,53.45763],[-118.75323,53.45753],[-118.7528,53.45728],[-118.75236,53.457],[-118.75184,53.45674],[-118.75137,53.45653],[-118.75125,53.45647],[-118.75113,53.45643],[-118.75025,53.4561],[-118.74942,53.45584],[-118.74888,53.45574],[-118.74833,53.45558],[-118.74784,53.45548],[-118.74739,53.45536],[-118.74702,53.45532],[-118.74637,53.45532],[-118.74537,53.45534],[-118.74445,53.45542],[-118.74338,53.45552],[-118.74245,53.45565],[-118.74202,53.45577],[-118.74135,53.45585],[-118.74048,53.45589],[-118.73988,53.45597],[-118.73933,53.45613],[-118.73871,53.45632],[-118.73829,53.45655],[-118.73789,53.45678],[-118.73742,53.45715],[-118.73667,53.4576],[-118.73588,53.45815],[-118.73526,53.45866],[-118.73482,53.45896],[-118.73429,53.45917],[-118.73376,53.45935],[-118.7334,53.45956],[-118.73311,53.45973],[-118.73298,53.45988],[-118.73289,53.46007],[-118.73287,53.46018],[-118.73288,53.46028],[-118.73317,53.46059],[-118.73348,53.46079],[-118.73368,53.46095],[-118.73383,53.4611],[-118.73384,53.46149],[-118.7337,53.46194],[-118.73356,53.46234],[-118.73352,53.46265],[-118.73358,53.46293],[-118.73374,53.46319],[-118.73392,53.46335],[-118.73407,53.46365],[-118.73423,53.46394],[-118.73428,53.46417],[-118.73427,53.46438],[-118.73408,53.46477],[-118.73388,53.46513],[-118.73385,53.46544],[-118.73373,53.46575],[-118.7335,53.46609],[-118.7332,53.46629],[-118.73274,53.4665],[-118.73225,53.46669],[-118.73199,53.46692],[-118.73181,53.46713],[-118.73156,53.46734],[-118.73124,53.46751],[-118.73056,53.4677],[-118.72982,53.46782],[-118.72915,53.46788],[-118.72859,53.46798],[-118.72788,53.46817],[-118.72761,53.46827],[-118.72733,53.46842],[-118.72712,53.46856],[-118.72693,53.4688],[-118.72636,53.4691],[-118.72571,53.46953],[-118.72471,53.47027],[-118.72384,53.47073],[-118.72219,53.47127],[-118.7205,53.47167],[-118.71889,53.47185],[-118.71724,53.47199],[-118.71539,53.47205],[-118.71426,53.47198],[-118.71335,53.47195],[-118.71207,53.47204],[-118.71077,53.47221],[-118.70923,53.47258],[-118.70751,53.47297],[-118.70642,53.4734],[-118.70547,53.47403],[-118.70364,53.47503],[-118.70133,53.4756],[-118.69951,53.47622],[-118.69923,53.47653],[-118.69872,53.47618],[-118.69856,53.47588],[-118.69807,53.47555],[-118.69731,53.4752],[-118.69642,53.47475],[-118.6956,53.4743],[-118.69491,53.47401],[-118.69466,53.47388],[-118.69455,53.47375],[-118.69452,53.47357],[-118.69487,53.47338],[-118.69525,53.47325],[-118.69552,53.47306],[-118.69583,53.47259],[-118.6959,53.47218],[-118.6963,53.47185],[-118.69723,53.47135],[-118.69758,53.47112],[-118.69792,53.47089],[-118.69805,53.47076],[-118.69813,53.4706],[-118.69823,53.47028],[-118.69839,53.4698],[-118.69839,53.4695],[-118.69861,53.46891],[-118.69866,53.46861],[-118.69868,53.46815],[-118.69847,53.4678],[-118.69817,53.46758],[-118.69755,53.46733],[-118.69707,53.46705],[-118.69641,53.46664],[-118.69577,53.46632],[-118.69507,53.46602],[-118.69414,53.46566],[-118.69292,53.46499],[-118.69249,53.46473],[-118.69135,53.46414],[-118.6906,53.46379],[-118.68992,53.46325],[-118.68929,53.46296],[-118.6874,53.46254],[-118.68651,53.46214],[-118.6854,53.46153],[-118.68411,53.46113],[-118.68342,53.46098],[-118.68261,53.46092],[-118.6818,53.46091],[-118.68123,53.46096],[-118.68085,53.46102],[-118.68058,53.46118],[-118.68042,53.46134],[-118.6803,53.46167],[-118.68007,53.46217],[-118.67944,53.46253],[-118.67785,53.46335],[-118.67731,53.46359],[-118.67663,53.46406],[-118.6765,53.46426],[-118.67631,53.46469],[-118.67607,53.46499],[-118.67568,53.46523],[-118.67487,53.46558],[-118.67408,53.46579],[-118.67327,53.46598],[-118.6727,53.46613],[-118.67226,53.46622],[-118.67201,53.46622],[-118.67156,53.46615],[-118.67041,53.46577],[-118.66962,53.46562],[-118.6688,53.46549],[-118.66788,53.46542],[-118.66722,53.46529],[-118.66688,53.4652],[-118.66643,53.46506],[-118.66576,53.46484],[-118.66536,53.46465],[-118.66453,53.46407],[-118.66353,53.46351],[-118.6625,53.46302],[-118.66172,53.4627],[-118.66093,53.46249],[-118.65984,53.46234],[-118.65929,53.46217],[-118.65854,53.46196],[-118.65764,53.46189],[-118.65716,53.46179],[-118.656,53.46151],[-118.65515,53.46122],[-118.65432,53.46085],[-118.65319,53.46029],[-118.65254,53.45991],[-118.65144,53.45903],[-118.65098,53.45868],[-118.65048,53.45844],[-118.64973,53.45814],[-118.64879,53.45778],[-118.64772,53.45741],[-118.647,53.45726],[-118.64535,53.45696],[-118.64478,53.45682],[-118.64422,53.45653],[-118.6434,53.4559],[-118.64258,53.45544],[-118.64143,53.4549],[-118.63949,53.45394],[-118.63939,53.45389],[-118.63824,53.45339],[-118.63733,53.45307],[-118.63622,53.45284],[-118.63502,53.45274],[-118.63394,53.45273],[-118.63207,53.4528],[-118.63151,53.45284],[-118.63025,53.45307],[-118.6295,53.45317],[-118.62833,53.45357],[-118.62799,53.45362],[-118.62781,53.4536],[-118.62735,53.45348],[-118.62674,53.45337],[-118.62624,53.45318],[-118.62544,53.45287],[-118.62319,53.4515],[-118.62232,53.45108],[-118.62101,53.45056],[-118.61965,53.45011],[-118.61903,53.44987],[-118.61798,53.44937],[-118.61748,53.44918],[-118.61634,53.44875],[-118.61527,53.44839],[-118.61397,53.44804],[-118.61323,53.44784],[-118.61273,53.4477],[-118.61232,53.44764],[-118.61184,53.4476],[-118.61152,53.44752],[-118.61124,53.4474],[-118.61049,53.44715],[-118.60941,53.44679],[-118.60845,53.44649],[-118.60759,53.44619],[-118.60614,53.44568],[-118.60567,53.4455],[-118.60525,53.44541],[-118.60497,53.44534],[-118.60462,53.44527],[-118.60427,53.44514],[-118.604,53.44498],[-118.60384,53.4449],[-118.60365,53.4447],[-118.60342,53.44447],[-118.60319,53.44431],[-118.60203,53.4439],[-118.60149,53.44378],[-118.60112,53.44374],[-118.60085,53.44362],[-118.60063,53.44348],[-118.60037,53.44328],[-118.59971,53.4429],[-118.59935,53.4428],[-118.59891,53.4427],[-118.59821,53.44267],[-118.59756,53.44251],[-118.59712,53.44233],[-118.59616,53.44164],[-118.59573,53.44138],[-118.59466,53.44093],[-118.5942,53.4407],[-118.59352,53.44042],[-118.59288,53.44006],[-118.59242,53.4397],[-118.59198,53.43948],[-118.59168,53.43936],[-118.59135,53.43897],[-118.59098,53.43867],[-118.59049,53.43793],[-118.59014,53.43758],[-118.59,53.43741],[-118.58968,53.43704],[-118.58924,53.4366],[-118.58898,53.4364],[-118.58836,53.43608],[-118.58753,53.43572],[-118.58521,53.43486],[-118.58265,53.43437],[-118.52654,53.47188],[-118.5269,53.47139],[-118.52712,53.47096],[-118.52719,53.47073],[-118.52721,53.47041],[-118.52727,53.47005],[-118.52713,53.46896],[-118.52691,53.46799],[-118.52659,53.46772],[-118.52551,53.46662],[-118.52445,53.4657],[-118.52384,53.46522],[-118.52362,53.46501],[-118.52319,53.46471],[-118.52287,53.46452],[-118.52242,53.46433],[-118.52155,53.46377],[-118.52038,53.46291],[-118.5199,53.46262],[-118.51942,53.46236],[-118.51903,53.46218],[-118.5185,53.46198],[-118.51707,53.46149],[-118.51653,53.46134],[-118.51558,53.46116],[-118.51399,53.46079],[-118.51326,53.46073],[-118.51286,53.46073],[-118.5123,53.46075],[-118.51155,53.46073],[-118.51089,53.4607],[-118.51016,53.46061],[-118.50918,53.46048],[-118.50794,53.46031],[-118.50725,53.46022],[-118.50664,53.46022],[-118.50592,53.46029],[-118.5046,53.46052],[-118.50429,53.46054],[-118.50384,53.46053],[-118.50278,53.46042],[-118.50185,53.46029],[-118.50136,53.46025],[-118.50124,53.46024],[-118.50071,53.46018],[-118.49952,53.46018],[-118.49906,53.46015],[-118.49847,53.46004],[-118.49745,53.45977],[-118.49702,53.45959],[-118.49674,53.45949],[-118.49654,53.45935],[-118.49614,53.45894],[-118.49605,53.45877],[-118.49602,53.45848],[-118.49613,53.45826],[-118.49639,53.45806],[-118.49663,53.4578],[-118.49673,53.45752],[-118.49669,53.45724],[-118.49669,53.45674],[-118.49654,53.45636],[-118.49631,53.45595],[-118.49577,53.45512],[-118.49516,53.45455],[-118.49476,53.45427],[-118.49409,53.45395],[-118.49408,53.45394],[-118.49351,53.45359],[-118.49279,53.45326],[-118.49218,53.45303],[-118.49164,53.45278],[-118.4912,53.45248],[-118.49017,53.45182],[-118.48963,53.45143],[-118.48931,53.45129],[-118.48895,53.45117],[-118.48856,53.45114],[-118.48808,53.45116],[-118.48759,53.45123],[-118.48733,53.45136],[-118.48707,53.45147],[-118.48688,53.45148],[-118.48591,53.45144],[-118.4854,53.45137],[-118.48462,53.45119],[-118.48431,53.45109],[-118.48352,53.45071],[-118.48323,53.45059],[-118.48295,53.45052],[-118.48253,53.45043],[-118.48209,53.45038],[-118.48152,53.45038],[-118.48105,53.45033],[-118.48055,53.45025],[-118.48015,53.45021],[-118.47967,53.45023],[-118.47912,53.45041],[-118.47779,53.45092],[-118.47712,53.45109],[-118.4764,53.45121],[-118.47592,53.4512],[-118.47551,53.45116],[-118.47496,53.45111],[-118.47394,53.45106],[-118.47314,53.45104],[-118.47238,53.45107],[-118.47176,53.45107],[-118.47127,53.45102],[-118.47034,53.45099],[-118.46917,53.45095],[-118.46821,53.45098],[-118.46671,53.4511],[-118.466,53.45128],[-118.46545,53.45155],[-118.46495,53.45196],[-118.46406,53.45279],[-118.4637,53.453],[-118.46324,53.4532],[-118.4629,53.45338],[-118.46272,53.45362],[-118.46262,53.45393],[-118.46247,53.45438],[-118.46233,53.45469],[-118.46207,53.45551],[-118.4619,53.45597],[-118.46186,53.45625],[-118.46185,53.45672],[-118.46174,53.45684],[-118.46093,53.45714],[-118.46035,53.45737],[-118.45995,53.45762],[-118.45917,53.45783],[-118.4588,53.45788],[-118.45761,53.45799],[-118.45671,53.45803],[-118.45484,53.45789],[-118.4525,53.45771],[-118.45187,53.45774],[-118.45121,53.45778],[-118.45078,53.45777],[-118.45038,53.45778],[-118.44994,53.45785],[-118.44953,53.45792],[-118.44922,53.45792],[-118.44888,53.45787],[-118.4486,53.4578],[-118.44819,53.45757],[-118.4477,53.45724],[-118.44749,53.45712],[-118.44727,53.45702],[-118.44697,53.45693],[-118.44675,53.45683],[-118.4465,53.45674],[-118.44624,53.4566],[-118.44605,53.45643],[-118.44555,53.45615],[-118.44515,53.45596],[-118.44476,53.4558],[-118.44426,53.4556],[-118.44397,53.45549],[-118.4436,53.45537],[-118.44329,53.4553],[-118.44298,53.45525],[-118.44257,53.45521],[-118.44191,53.45514],[-118.44123,53.45514],[-118.44046,53.45518],[-118.44002,53.45523],[-118.43972,53.45521],[-118.43947,53.45515],[-118.43928,53.45503],[-118.43898,53.45484],[-118.43834,53.45428],[-118.43791,53.4539],[-118.43741,53.45356],[-118.43717,53.45339],[-118.43691,53.45327],[-118.43629,53.45305],[-118.43553,53.45266],[-118.43506,53.45249],[-118.43446,53.45233],[-118.43396,53.45223],[-118.43338,53.45208],[-118.43282,53.45184],[-118.43224,53.45151],[-118.4318,53.45114],[-118.43122,53.45061],[-118.4309,53.4504],[-118.42986,53.44987],[-118.42939,53.44968],[-118.42882,53.44932],[-118.42847,53.44902],[-118.42813,53.44884],[-118.42763,53.44872],[-118.42653,53.44855],[-118.42619,53.44846],[-118.42576,53.44825],[-118.42549,53.44798],[-118.42517,53.44771],[-118.42458,53.44734],[-118.424,53.44693],[-118.42382,53.44677],[-118.42327,53.44639],[-118.42307,53.44626],[-118.42295,53.44615],[-118.4227,53.44598],[-118.42247,53.44588],[-118.4216,53.44579],[-118.42124,53.44571],[-118.42032,53.4454],[-118.41886,53.44476],[-118.41857,53.4446],[-118.41843,53.44455],[-118.41822,53.44455],[-118.41775,53.4446],[-118.41713,53.44471],[-118.41583,53.44479],[-118.41519,53.44482],[-118.4147,53.44487],[-118.41424,53.44487],[-118.41385,53.44485],[-118.41323,53.44479],[-118.41288,53.44478],[-118.41234,53.44507],[-118.41179,53.44527],[-118.40954,53.446],[-118.40849,53.44628],[-118.40731,53.44655],[-118.40545,53.44706],[-118.4049,53.44725],[-118.40431,53.44759],[-118.4038,53.44799],[-118.40333,53.44828],[-118.40262,53.44857],[-118.40188,53.44885],[-118.40134,53.44902],[-118.40081,53.44914],[-118.39953,53.44914],[-118.39937,53.4491],[-118.39903,53.44897],[-118.39876,53.44884],[-118.39857,53.44877],[-118.39841,53.44877],[-118.39817,53.44886],[-118.39793,53.449],[-118.39756,53.44912],[-118.39723,53.4492],[-118.39696,53.44924],[-118.39599,53.44926],[-118.39492,53.4492],[-118.39292,53.44905],[-118.39228,53.44891],[-118.39175,53.44886],[-118.39138,53.44889],[-118.39112,53.44897],[-118.39053,53.44937],[-118.3902,53.44956],[-118.3895,53.44977],[-118.38907,53.45003],[-118.38887,53.45038],[-118.38879,53.45074],[-118.38878,53.4511],[-118.38871,53.45131],[-118.38854,53.45146],[-118.38816,53.45165],[-118.38729,53.45192],[-118.38658,53.45209],[-118.38635,53.45212],[-118.38531,53.45235],[-118.38409,53.45278],[-118.38373,53.45286],[-118.38339,53.4529],[-118.38303,53.45278],[-118.38242,53.45252],[-118.38063,53.45196],[-118.37984,53.4518],[-118.37887,53.45172],[-118.37809,53.45173],[-118.37752,53.45177],[-118.37684,53.45192],[-118.37602,53.45219],[-118.37542,53.45245],[-118.37502,53.45268],[-118.37457,53.45319],[-118.37431,53.4538],[-118.3743,53.45394],[-118.37427,53.45459],[-118.37415,53.45492],[-118.37377,53.45533],[-118.37338,53.4557],[-118.37317,53.45594],[-118.37292,53.45611],[-118.37251,53.45625],[-118.37188,53.45637],[-118.37103,53.45644],[-118.36993,53.45657],[-118.36914,53.4566],[-118.36853,53.45657],[-118.36806,53.4566],[-118.36616,53.4569],[-118.36504,53.45704],[-118.36412,53.45718],[-118.3635,53.45724],[-118.36313,53.45725],[-118.36264,53.45724],[-118.36247,53.4572],[-118.36239,53.45715],[-118.36213,53.45689],[-118.36191,53.45659],[-118.36168,53.45639],[-118.36122,53.45618],[-118.36049,53.45575],[-118.36012,53.45558],[-118.35906,53.45541],[-118.35837,53.45527],[-118.35761,53.4552],[-118.35687,53.45519],[-118.35637,53.45514],[-118.35589,53.45504],[-118.35533,53.45481],[-118.3547,53.45427],[-118.32109,53.42889],[-118.32087,53.42899],[-118.32067,53.42906],[-118.32046,53.42902],[-118.32037,53.42889],[-118.32026,53.42877],[-118.32005,53.42876],[-118.31993,53.42888],[-118.31986,53.42902],[-118.31976,53.42915],[-118.31964,53.42926],[-118.31948,53.42935],[-118.31926,53.4294],[-118.31902,53.42944],[-118.31874,53.42946],[-118.31851,53.42941],[-118.31817,53.42925],[-118.31802,53.42926],[-118.31781,53.4293],[-118.31765,53.42937],[-118.31739,53.4296],[-118.31712,53.42978],[-118.31708,53.4298],[-118.31676,53.4299],[-118.31652,53.42998],[-118.31623,53.43011],[-118.31572,53.43037],[-118.31559,53.43048],[-118.31548,53.4306],[-118.31539,53.43076],[-118.31535,53.43108],[-118.3153,53.43124],[-118.31519,53.43137],[-118.31506,53.43147],[-118.31486,53.43154],[-118.31463,53.43158],[-118.31443,53.43164],[-118.31424,53.43172],[-118.31409,53.43182],[-118.31385,53.43206],[-118.31359,53.43227],[-118.31324,53.43243],[-118.3128,53.43254],[-118.3127,53.43266],[-118.31277,53.43299],[-118.31272,53.43315],[-118.31256,53.43324],[-118.3123,53.43326],[-118.31204,53.43323],[-118.31171,53.43307],[-118.31149,53.43301],[-118.31131,53.43309],[-118.31103,53.4333],[-118.31083,53.43337],[-118.31034,53.43345],[-118.31012,53.43351],[-118.30996,53.4336],[-118.30983,53.43371],[-118.30979,53.43379],[-118.30976,53.43385],[-118.30982,53.434],[-118.30984,53.43418],[-118.30978,53.43432],[-118.30964,53.43443],[-118.30924,53.43455],[-118.30913,53.43467],[-118.30896,53.43475],[-118.30876,53.43482],[-118.30827,53.43507],[-118.30797,53.43526],[-118.30774,53.4355],[-118.30758,53.43559],[-118.30737,53.43565],[-118.30687,53.4359],[-118.30681,53.43604],[-118.30695,53.43613],[-118.30736,53.43626],[-118.30731,53.43642],[-118.30711,53.43667],[-118.30705,53.43717],[-118.30727,53.43741],[-118.30737,53.43754],[-118.30732,53.43769],[-118.30711,53.43793],[-118.30713,53.43846],[-118.30705,53.43879],[-118.30671,53.43933],[-118.30658,53.43945],[-118.30629,53.43965],[-118.30604,53.43987],[-118.30511,53.44026],[-118.30465,53.44036],[-118.30402,53.44054],[-118.30384,53.44062],[-118.30302,53.44107],[-118.30288,53.44118],[-118.30272,53.44127],[-118.30231,53.44139],[-118.30184,53.4415],[-118.3011,53.44162],[-118.3009,53.44168],[-118.30083,53.44181],[-118.3009,53.44195],[-118.30087,53.44212],[-118.30079,53.44226],[-118.30068,53.44238],[-118.30049,53.44245],[-118.30001,53.44254],[-118.29982,53.44262],[-118.29968,53.44273],[-118.29944,53.44295],[-118.29935,53.44309],[-118.29928,53.44342],[-118.29929,53.44359],[-118.29934,53.44375],[-118.29942,53.44389],[-118.29946,53.44405],[-118.29943,53.44422],[-118.29936,53.44436],[-118.29923,53.44466],[-118.29882,53.44517],[-118.29878,53.44532],[-118.29845,53.44567],[-118.29836,53.44581],[-118.2981,53.44602],[-118.29795,53.4463],[-118.29797,53.44647],[-118.29806,53.4466],[-118.29833,53.4468],[-118.29844,53.44692],[-118.2985,53.44708],[-118.29844,53.44723],[-118.29831,53.44734],[-118.29798,53.44751],[-118.29747,53.44813],[-118.29697,53.44858],[-118.29656,53.44871],[-118.29589,53.44886],[-118.29546,53.44899],[-118.29531,53.44908],[-118.2952,53.4492],[-118.29513,53.44934],[-118.29496,53.4498],[-118.29487,53.45031],[-118.29478,53.45055],[-118.29459,53.45105],[-118.29423,53.45158],[-118.29401,53.45183],[-118.29383,53.45209],[-118.29334,53.45254],[-118.29306,53.45275],[-118.29267,53.45289],[-118.29211,53.45302],[-118.29126,53.45308],[-118.29115,53.45308],[-118.29101,53.45308],[-118.28973,53.453],[-118.28913,53.45301],[-118.2889,53.45306],[-118.2887,53.45313],[-118.28853,53.45321],[-118.28824,53.45341],[-118.28793,53.45377],[-118.28768,53.454],[-118.2875,53.45408],[-118.28726,53.45404],[-118.28709,53.45396],[-118.28688,53.45389],[-118.2867,53.45382],[-118.28649,53.45376],[-118.28601,53.45384],[-118.28582,53.45391],[-118.2855,53.45408],[-118.28536,53.45419],[-118.28514,53.45444],[-118.28506,53.45458],[-118.28497,53.4549],[-118.2849,53.45504],[-118.28475,53.45513],[-118.28425,53.4552],[-118.28394,53.45521],[-118.28368,53.45523],[-118.28272,53.45539],[-118.2823,53.45551],[-118.28215,53.45561],[-118.28205,53.45574],[-118.28193,53.45585],[-118.28165,53.45605],[-118.2814,53.45627],[-118.28124,53.45655],[-118.28082,53.45703],[-118.28066,53.45712],[-118.28047,53.45719],[-118.27925,53.45735],[-118.27908,53.45737],[-118.27867,53.4575],[-118.2782,53.45759],[-118.27792,53.4576],[-118.27775,53.45752],[-118.27772,53.45736],[-118.2777,53.457],[-118.27766,53.45684],[-118.27754,53.45672],[-118.27746,53.45658],[-118.27743,53.45641],[-118.27745,53.45624],[-118.27751,53.45609],[-118.27766,53.45581],[-118.27773,53.45549],[-118.27766,53.45515],[-118.27779,53.45504],[-118.27803,53.45462],[-118.27816,53.45452],[-118.27833,53.45444],[-118.27831,53.45432],[-118.27816,53.45423],[-118.27812,53.4542],[-118.27789,53.454],[-118.27776,53.45392],[-118.27744,53.45373],[-118.27644,53.4532],[-118.27631,53.45309],[-118.27622,53.45296],[-118.27619,53.45281],[-118.27672,53.45237],[-118.2772,53.4521],[-118.27735,53.452],[-118.27752,53.45174],[-118.27769,53.45165],[-118.27792,53.45169],[-118.2781,53.45176],[-118.27833,53.4518],[-118.27861,53.45182],[-118.27891,53.45181],[-118.27915,53.45176],[-118.27935,53.45169],[-118.27968,53.4515],[-118.28006,53.45135],[-118.2802,53.45125],[-118.28046,53.45084],[-118.28056,53.45071],[-118.2809,53.45054],[-118.2811,53.45046],[-118.28134,53.45049],[-118.28151,53.45058],[-118.28166,53.45068],[-118.28183,53.45076],[-118.28206,53.45081],[-118.28233,53.45082],[-118.28241,53.45069],[-118.28238,53.45053],[-118.28225,53.45042],[-118.28226,53.45028],[-118.28253,53.45008],[-118.2827,53.45002],[-118.28314,53.44987],[-118.28338,53.44982],[-118.28369,53.44963],[-118.28388,53.44956],[-118.28412,53.44956],[-118.28448,53.4497],[-118.28481,53.44988],[-118.28504,53.44985],[-118.28489,53.44975],[-118.28435,53.44953],[-118.28427,53.4494],[-118.28423,53.44924],[-118.28397,53.44922],[-118.28382,53.44913],[-118.28364,53.44913],[-118.28327,53.44947],[-118.28312,53.44957],[-118.28295,53.44965],[-118.2827,53.44973],[-118.28254,53.44979],[-118.28158,53.45017],[-118.28121,53.45028],[-118.28095,53.45036],[-118.28071,53.45041],[-118.28013,53.45043],[-118.27931,53.45038],[-118.27907,53.45034],[-118.27854,53.45029],[-118.27838,53.45038],[-118.27824,53.45049],[-118.27808,53.45057],[-118.27787,53.45064],[-118.27778,53.45077],[-118.2776,53.45085],[-118.27742,53.45098],[-118.27733,53.45106],[-118.27691,53.45119],[-118.27653,53.45134],[-118.27566,53.45158],[-118.27547,53.45165],[-118.27463,53.45209],[-118.27406,53.45251],[-118.27368,53.45286],[-118.27336,53.45304],[-118.27261,53.45354],[-118.27224,53.45368],[-118.27174,53.45393],[-118.27154,53.45402],[-118.27123,53.4542],[-118.27122,53.45421],[-118.27099,53.45444],[-118.27063,53.45461],[-118.27057,53.45463],[-118.27043,53.45467],[-118.27018,53.45471],[-118.27011,53.45471],[-118.26989,53.45472],[-118.26966,53.45467],[-118.26902,53.4545],[-118.26876,53.45446],[-118.26854,53.45452],[-118.26816,53.45468],[-118.26698,53.45512],[-118.26665,53.4553],[-118.26647,53.45537],[-118.26606,53.45551],[-118.26499,53.45601],[-118.26476,53.45607],[-118.26451,53.45611],[-118.26403,53.45621],[-118.26278,53.45665],[-118.2624,53.45677],[-118.26207,53.45694],[-118.26082,53.45734],[-118.26024,53.45759],[-118.25975,53.45766],[-118.25953,53.45771],[-118.2585,53.45802],[-118.25813,53.4581],[-118.25803,53.45812],[-118.25781,53.45819],[-118.25727,53.45842],[-118.25643,53.45868],[-118.25614,53.4587],[-118.25562,53.45865],[-118.25537,53.45869],[-118.25518,53.45876],[-118.25452,53.45895],[-118.25428,53.45892],[-118.25406,53.45886],[-118.25362,53.45898],[-118.25338,53.45901],[-118.25316,53.45907],[-118.25256,53.45927],[-118.25231,53.45931],[-118.25139,53.45933],[-118.25128,53.45945],[-118.25125,53.45961],[-118.25125,53.45986],[-118.25124,53.46011],[-118.25123,53.46019],[-118.2512,53.46025],[-118.25119,53.46026],[-118.25118,53.46029],[-118.25107,53.4604],[-118.25079,53.4606],[-118.25073,53.46074],[-118.25079,53.46107],[-118.25077,53.46124],[-118.25067,53.46134],[-118.25066,53.46136],[-118.25051,53.46145],[-118.25029,53.4615],[-118.25013,53.46177],[-118.25005,53.46196],[-118.25002,53.46203],[-118.25002,53.46203],[-118.24999,53.46211],[-118.24994,53.46221],[-118.24967,53.46262],[-118.24955,53.46274],[-118.24947,53.46287],[-118.24918,53.46362],[-118.24907,53.46374],[-118.24893,53.46384],[-118.24874,53.46392],[-118.24854,53.46416],[-118.24806,53.46443],[-118.24779,53.46465],[-118.24768,53.46476],[-118.2476,53.4649],[-118.24736,53.46513],[-118.24729,53.46527],[-118.2468,53.46572],[-118.2467,53.46585],[-118.24664,53.46599],[-118.24642,53.46623],[-118.24606,53.46639],[-118.24599,53.46641],[-118.24554,53.46654],[-118.24521,53.46664],[-118.24493,53.46666],[-118.24464,53.46666],[-118.24424,53.46653],[-118.24357,53.46639],[-118.24339,53.46631],[-118.24324,53.46621],[-118.2429,53.46606],[-118.24264,53.46602],[-118.24214,53.4661],[-118.24196,53.46613],[-118.24182,53.46606],[-118.2418,53.46605],[-118.2416,53.46598],[-118.24131,53.46599],[-118.24077,53.46603],[-118.24049,53.46603],[-118.24037,53.46591],[-118.24036,53.46538],[-118.2403,53.46502],[-118.24021,53.46488],[-118.24007,53.46477],[-118.23987,53.46472],[-118.2396,53.4647],[-118.23932,53.46472],[-118.23911,53.46479],[-118.23899,53.46489],[-118.23863,53.46504],[-118.23855,53.46518],[-118.23838,53.46526],[-118.23814,53.4653],[-118.23788,53.46527],[-118.23762,53.46528],[-118.23741,53.46534],[-118.23691,53.46562],[-118.23652,53.46575],[-118.23637,53.46578],[-118.23628,53.4658],[-118.2361,53.46584],[-118.23605,53.46585],[-118.23546,53.46607],[-118.23523,53.46612],[-118.23494,53.46614],[-118.23465,53.46611],[-118.23438,53.46611],[-118.23414,53.46615],[-118.23398,53.46624],[-118.23344,53.46666],[-118.23328,53.46675],[-118.2329,53.46676],[-118.23258,53.46657],[-118.23233,53.46654],[-118.23178,53.4666],[-118.2312,53.46658],[-118.23097,53.46654],[-118.23081,53.46646],[-118.23079,53.46632],[-118.23093,53.46623],[-118.23129,53.46606],[-118.23169,53.46593],[-118.23185,53.46584],[-118.23179,53.4657],[-118.23157,53.46561],[-118.23114,53.46562],[-118.23072,53.46573],[-118.23054,53.46581],[-118.22976,53.46629],[-118.22934,53.46658],[-118.2289,53.46705],[-118.22876,53.46715],[-118.22867,53.46727],[-118.2283,53.46726],[-118.22774,53.46732],[-118.22734,53.46736],[-118.22714,53.46743],[-118.22633,53.46751],[-118.22616,53.46759],[-118.22614,53.46775],[-118.22614,53.46793],[-118.22625,53.46817],[-118.22615,53.46833],[-118.22599,53.46842],[-118.2258,53.46849],[-118.22551,53.4685],[-118.22501,53.46844],[-118.2247,53.46845],[-118.22422,53.46853],[-118.22408,53.46858],[-118.22403,53.46859],[-118.22387,53.46868],[-118.2236,53.46889],[-118.22335,53.46911],[-118.22327,53.46924],[-118.22328,53.4694],[-118.22342,53.46969],[-118.2235,53.47001],[-118.22388,53.47033],[-118.2238,53.47047],[-118.22328,53.4709],[-118.22283,53.47117],[-118.22265,53.47114],[-118.22259,53.47099],[-118.2225,53.47086],[-118.22226,53.47062],[-118.22199,53.47042],[-118.22168,53.47031],[-118.22142,53.47033],[-118.22137,53.47034],[-118.22106,53.47052],[-118.22096,53.47062],[-118.22083,53.47075],[-118.22076,53.4709],[-118.22088,53.47139],[-118.22096,53.47149],[-118.22118,53.47175],[-118.22117,53.47191],[-118.22107,53.47204],[-118.22096,53.47213],[-118.22068,53.47235],[-118.22045,53.4724],[-118.21996,53.47232],[-118.21969,53.47231],[-118.21939,53.47232],[-118.21874,53.47248],[-118.21856,53.47256],[-118.21827,53.47275],[-118.21801,53.47286],[-118.21767,53.47295],[-118.21743,53.47298],[-118.21731,53.47299],[-118.21714,53.473],[-118.2169,53.47296],[-118.2161,53.4729],[-118.21586,53.47295],[-118.21576,53.47306],[-118.2157,53.47321],[-118.21568,53.47337],[-118.21574,53.47353],[-118.21575,53.47369],[-118.21561,53.47378],[-118.21535,53.47382],[-118.21475,53.47381],[-118.21419,53.47379],[-118.21368,53.47374],[-118.21233,53.47346],[-118.21152,53.47321],[-118.21115,53.47307],[-118.21108,53.47293],[-118.21115,53.47279],[-118.21134,53.47272],[-118.21139,53.47257],[-118.21138,53.47224],[-118.21148,53.47194],[-118.21145,53.47176],[-118.21134,53.47164],[-118.21115,53.47159],[-118.21089,53.4718],[-118.21064,53.47178],[-118.21029,53.47162],[-118.21002,53.47162],[-118.20963,53.47178],[-118.20939,53.47195],[-118.2093,53.47213],[-118.2092,53.47226],[-118.20907,53.47236],[-118.20898,53.47238],[-118.20884,53.47241],[-118.2085,53.4724],[-118.20791,53.47225],[-118.20755,53.47219],[-118.20749,53.47219],[-118.20732,53.47208],[-118.20723,53.47198],[-118.2067,53.47168],[-118.20631,53.47154],[-118.20609,53.47149],[-118.20589,53.47156],[-118.20575,53.47166],[-118.20555,53.47172],[-118.20538,53.47181],[-118.20518,53.47187],[-118.20493,53.47191],[-118.20414,53.47185],[-118.20366,53.47178],[-118.20339,53.47176],[-118.20092,53.47141],[-118.20049,53.47135],[-118.19998,53.47125],[-118.19971,53.47126],[-118.19964,53.4714],[-118.19967,53.47175],[-118.19951,53.47193],[-118.19911,53.47195],[-118.19824,53.47193],[-118.19715,53.47186],[-118.19685,53.47181],[-118.19639,53.47174],[-118.19595,53.47168],[-118.19554,53.47156],[-118.19487,53.47146],[-118.19437,53.4715],[-118.19333,53.47167],[-118.19279,53.47173],[-118.19234,53.47186],[-118.19155,53.47217],[-118.19136,53.47221],[-118.19056,53.4726],[-118.19022,53.47267],[-118.18984,53.47284],[-118.18964,53.4729],[-118.18946,53.47298],[-118.18901,53.473],[-118.1888,53.47314],[-118.18861,53.47321],[-118.18844,53.4733],[-118.18832,53.47341],[-118.18817,53.47367],[-118.18814,53.47381],[-118.18798,53.4741],[-118.18785,53.47421],[-118.18768,53.47429],[-118.1873,53.47444],[-118.18689,53.47456],[-118.18665,53.47459],[-118.18639,53.47454],[-118.1862,53.47446],[-118.18599,53.47442],[-118.18569,53.4744],[-118.1849,53.47445],[-118.18473,53.47449],[-118.18441,53.47459],[-118.18398,53.47471],[-118.18299,53.47511],[-118.18226,53.47561],[-118.1819,53.4758],[-118.18158,53.47596],[-118.18134,53.47615],[-118.18104,53.47638],[-118.18071,53.47655],[-118.18035,53.47671],[-118.18014,53.47676],[-118.17967,53.47686],[-118.179,53.47702],[-118.17862,53.47718],[-118.17849,53.47728],[-118.17842,53.47741],[-118.17827,53.47787],[-118.17798,53.47826],[-118.17774,53.47868],[-118.17763,53.47881],[-118.17735,53.47901],[-118.17723,53.47913],[-118.17722,53.47944],[-118.17724,53.47947],[-118.1774,53.47957],[-118.1777,53.47966],[-118.17779,53.47969],[-118.17779,53.47983],[-118.17765,53.47995],[-118.17745,53.47996],[-118.17718,53.48001],[-118.17693,53.48003],[-118.17673,53.48012],[-118.17666,53.48012],[-118.1765,53.48014],[-118.17632,53.48007],[-118.17626,53.48],[-118.17606,53.47984],[-118.1759,53.47975],[-118.17546,53.47967],[-118.17521,53.47957],[-118.17509,53.47953],[-118.17487,53.47949],[-118.17471,53.47948],[-118.17463,53.47948],[-118.17437,53.47943],[-118.17422,53.47932],[-118.1742,53.47914],[-118.17414,53.47901],[-118.17386,53.47877],[-118.17368,53.47868],[-118.17348,53.47862],[-118.17325,53.47865],[-118.173,53.47871],[-118.17281,53.4788],[-118.17267,53.47891],[-118.17227,53.47931],[-118.17209,53.47949],[-118.17182,53.47972],[-118.17169,53.47983],[-118.17113,53.48025],[-118.1705,53.48064],[-118.1703,53.48069],[-118.16975,53.48072],[-118.16945,53.48068],[-118.16931,53.48056],[-118.16927,53.48043],[-118.16932,53.48025],[-118.16934,53.48006],[-118.16929,53.47993],[-118.16908,53.47986],[-118.16888,53.47985],[-118.16856,53.47988],[-118.16838,53.47999],[-118.16812,53.48021],[-118.16774,53.48071],[-118.16767,53.48085],[-118.16754,53.4815],[-118.16737,53.48197],[-118.16713,53.48266],[-118.16701,53.48303],[-118.16692,53.4833],[-118.16692,53.48347],[-118.16709,53.48434],[-118.16712,53.48469],[-118.16706,53.48504],[-118.16694,53.48533],[-118.16683,53.48546],[-118.1667,53.48558],[-118.16652,53.48566],[-118.1663,53.4857],[-118.16603,53.48572],[-118.16596,53.48571],[-118.1658,53.48562],[-118.16571,53.4855],[-118.16552,53.48542],[-118.1653,53.48546],[-118.16508,53.48557],[-118.1645,53.48594],[-118.16438,53.48605],[-118.16431,53.48617],[-118.16431,53.48632],[-118.16439,53.4865],[-118.16452,53.48667],[-118.16458,53.48679],[-118.16458,53.4871],[-118.16452,53.4873],[-118.16446,53.48741],[-118.16434,53.48753],[-118.16416,53.48761],[-118.16399,53.48753],[-118.16367,53.48734],[-118.16346,53.48727],[-118.16301,53.48716],[-118.16277,53.48713],[-118.16252,53.48713],[-118.16222,53.48717],[-118.162,53.48726],[-118.16184,53.48735],[-118.16129,53.48772],[-118.16108,53.48785],[-118.16096,53.48797],[-118.1609,53.48809],[-118.16096,53.48826],[-118.16152,53.48849],[-118.16173,53.48853],[-118.16247,53.48863],[-118.16266,53.48871],[-118.16272,53.48884],[-118.1625,53.48888],[-118.16225,53.48887],[-118.16176,53.48878],[-118.161,53.48887],[-118.16075,53.48881],[-118.16053,53.48877],[-118.16029,53.48882],[-118.16005,53.48906],[-118.15983,53.48922],[-118.15971,53.48931],[-118.15964,53.48936],[-118.15954,53.48948],[-118.15958,53.48984],[-118.15946,53.4903],[-118.15937,53.49042],[-118.15936,53.49043],[-118.15922,53.49052],[-118.15883,53.49066],[-118.15847,53.49082],[-118.15831,53.49091],[-118.15821,53.49103],[-118.15813,53.49116],[-118.15812,53.4913],[-118.15814,53.49134],[-118.15829,53.49144],[-118.1586,53.49143],[-118.15885,53.49147],[-118.15979,53.49201],[-118.15983,53.49203],[-118.15997,53.49209],[-118.16022,53.49211],[-118.16053,53.49211],[-118.16077,53.49205],[-118.16091,53.49195],[-118.16109,53.49187],[-118.16134,53.49189],[-118.16158,53.49192],[-118.16212,53.49191],[-118.16238,53.49183],[-118.1625,53.49171],[-118.16257,53.49158],[-118.16272,53.49147],[-118.16295,53.49142],[-118.16318,53.49146],[-118.16323,53.49159],[-118.1632,53.49169],[-118.16318,53.49175],[-118.16281,53.49193],[-118.16273,53.49202],[-118.16241,53.49225],[-118.16223,53.49233],[-118.16201,53.49237],[-118.16145,53.4925],[-118.16088,53.49265],[-118.16069,53.49273],[-118.16054,53.49283],[-118.16045,53.49295],[-118.16029,53.49328],[-118.16025,53.49337],[-118.16012,53.49349],[-118.15983,53.49364],[-118.15979,53.49366],[-118.15957,53.4937],[-118.15922,53.49371],[-118.15901,53.49376],[-118.15847,53.49401],[-118.15832,53.49405],[-118.15776,53.49412],[-118.1575,53.49418],[-118.1573,53.49427],[-118.15716,53.49437],[-118.15695,53.49462],[-118.15672,53.49479],[-118.15654,53.49493],[-118.15649,53.49507],[-118.15648,53.49544],[-118.15649,53.49576],[-118.15647,53.49583],[-118.15643,53.49593],[-118.15629,53.49606],[-118.15611,53.49614],[-118.15589,53.49619],[-118.15581,53.49628],[-118.1556,53.49673],[-118.15559,53.49705],[-118.1557,53.49723],[-118.15603,53.49742],[-118.15603,53.49755],[-118.15588,53.49766],[-118.15587,53.49767],[-118.15566,53.49772],[-118.15541,53.49772],[-118.15537,53.49771],[-118.15526,53.49766],[-118.15521,53.49763],[-118.15516,53.4975],[-118.15514,53.49733],[-118.15507,53.49713],[-118.15497,53.49701],[-118.15483,53.4969],[-118.15466,53.49682],[-118.15443,53.4968],[-118.15417,53.49685],[-118.15399,53.49711],[-118.15385,53.49722],[-118.15366,53.4973],[-118.15352,53.4974],[-118.15342,53.49752],[-118.15335,53.49766],[-118.15306,53.49822],[-118.15298,53.49852],[-118.15311,53.49865],[-118.1533,53.49873],[-118.15352,53.49876],[-118.15456,53.49886],[-118.15473,53.49896],[-118.15474,53.4991],[-118.15472,53.49912],[-118.1545,53.49916],[-118.15414,53.49901],[-118.15375,53.49887],[-118.15354,53.49883],[-118.1533,53.49883],[-118.15305,53.49891],[-118.15296,53.49903],[-118.15301,53.49916],[-118.15352,53.49983],[-118.15365,53.49993],[-118.15368,53.49995],[-118.1538,53.50001],[-118.15382,53.50002],[-118.15393,53.50004],[-118.15406,53.50005],[-118.1543,53.50006],[-118.15447,53.50005],[-118.1546,53.50004],[-118.15471,53.50001],[-118.15485,53.49996],[-118.15524,53.49964],[-118.15556,53.49944],[-118.15567,53.49931],[-118.15573,53.49917],[-118.15572,53.49899],[-118.15576,53.49883],[-118.15591,53.49874],[-118.15613,53.49872],[-118.1562,53.49873],[-118.1564,53.49879],[-118.15652,53.49891],[-118.15659,53.49906],[-118.1566,53.49925],[-118.1565,53.49937],[-118.15634,53.49946],[-118.15584,53.49954],[-118.15544,53.49969],[-118.15528,53.49978],[-118.15521,53.49991],[-118.15519,53.49997],[-118.15518,53.50001],[-118.15517,53.50004],[-118.15506,53.50012],[-118.15485,53.50026],[-118.15478,53.50039],[-118.15474,53.50056],[-118.15455,53.50082],[-118.15443,53.50093],[-118.15286,53.50151],[-118.15257,53.50154],[-118.15238,53.50147],[-118.15231,53.50116],[-118.15217,53.50102],[-118.15185,53.50084],[-118.15165,53.50076],[-118.15142,53.50073],[-118.15119,53.50079],[-118.15096,53.50083],[-118.1504,53.50085],[-118.15014,53.50093],[-118.14995,53.50101],[-118.14924,53.50152],[-118.14914,53.50163],[-118.14906,53.50176],[-118.149,53.50206],[-118.14891,53.50221],[-118.14875,53.50231],[-118.14856,53.50238],[-118.14803,53.50264],[-118.14781,53.50267],[-118.1477,53.50266],[-118.14753,53.50266],[-118.14728,53.50259],[-118.14724,53.50257],[-118.14713,53.50249],[-118.14695,53.50224],[-118.14682,53.50212],[-118.14663,53.50204],[-118.14644,53.50211],[-118.1462,53.50213],[-118.14595,53.50219],[-118.14586,53.50232],[-118.14582,53.50248],[-118.14582,53.50267],[-118.14588,53.50282],[-118.14598,53.50295],[-118.14612,53.50305],[-118.14631,53.50312],[-118.1468,53.50319],[-118.14702,53.50324],[-118.14712,53.50338],[-118.14705,53.50351],[-118.14691,53.50361],[-118.14654,53.50377],[-118.14631,53.5038],[-118.14605,53.5038],[-118.14577,53.50375],[-118.14544,53.50358],[-118.14526,53.50348],[-118.14504,53.50344],[-118.1445,53.50346],[-118.14421,53.50349],[-118.14369,53.50359],[-118.14347,53.50365],[-118.14307,53.5038],[-118.14292,53.50389],[-118.14279,53.504],[-118.14266,53.50444],[-118.14266,53.50459],[-118.14286,53.50488],[-118.14286,53.50489],[-118.1429,53.50501],[-118.14287,53.50519],[-118.14266,53.50526],[-118.14217,53.50535],[-118.14176,53.50549],[-118.14153,53.5055],[-118.14124,53.50545],[-118.14084,53.50534],[-118.14036,53.50537],[-118.13988,53.50549],[-118.13971,53.5055],[-118.1394,53.50543],[-118.13922,53.50535],[-118.13891,53.50515],[-118.13857,53.50506],[-118.13827,53.50511],[-118.13801,53.50513],[-118.13797,53.50512],[-118.13795,53.505],[-118.13805,53.50489],[-118.13817,53.50476],[-118.13832,53.5045],[-118.13844,53.50438],[-118.1386,53.50428],[-118.13885,53.50389],[-118.13879,53.50353],[-118.13869,53.50341],[-118.13852,53.50331],[-118.13802,53.50286],[-118.13792,53.50274],[-118.13786,53.5026],[-118.13772,53.50247],[-118.13734,53.50233],[-118.13697,53.50222],[-118.13669,53.50222],[-118.13648,53.5023],[-118.13627,53.50235],[-118.13569,53.50259],[-118.13554,53.50269],[-118.13544,53.50281],[-118.13539,53.50295],[-118.13532,53.50326],[-118.13542,53.50342],[-118.13574,53.50361],[-118.13622,53.50406],[-118.13627,53.50423],[-118.13614,53.50489],[-118.13611,53.505],[-118.13601,53.50515],[-118.1358,53.5052],[-118.13556,53.50522],[-118.13535,53.50514],[-118.13526,53.50508],[-118.13504,53.50494],[-118.13482,53.50491],[-118.13423,53.50494],[-118.13394,53.50491],[-118.13393,53.50489],[-118.13385,53.50478],[-118.13385,53.50463],[-118.13396,53.50452],[-118.13433,53.50432],[-118.13431,53.50418],[-118.13399,53.5038],[-118.13385,53.50368],[-118.13369,53.50358],[-118.13328,53.50345],[-118.13306,53.50345],[-118.1328,53.50351],[-118.13236,53.50365],[-118.13122,53.50411],[-118.13016,53.5046],[-118.12929,53.50487],[-118.12918,53.50489],[-118.12885,53.50496],[-118.12841,53.50511],[-118.12807,53.50529],[-118.12778,53.5055],[-118.12768,53.50562],[-118.12768,53.50575],[-118.12777,53.50593],[-118.12802,53.50617],[-118.12826,53.50621],[-118.1291,53.50617],[-118.12946,53.50618],[-118.12959,53.50629],[-118.12964,53.50665],[-118.12958,53.50675],[-118.12956,53.50677],[-118.12936,53.50684],[-118.12899,53.50703],[-118.12871,53.50722],[-118.12856,53.50748],[-118.12851,53.50749],[-118.12811,53.50751],[-118.12791,53.50748],[-118.12764,53.50739],[-118.12707,53.50716],[-118.12637,53.50682],[-118.12615,53.50678],[-118.12553,53.50678],[-118.12533,53.50672],[-118.12521,53.5066],[-118.12515,53.5063],[-118.12508,53.50613],[-118.12495,53.506],[-118.1248,53.5059],[-118.12468,53.50579],[-118.12447,53.50554],[-118.124,53.50544],[-118.12352,53.50549],[-118.12313,53.50551],[-118.12294,53.50551],[-118.12267,53.50554],[-118.12186,53.50563],[-118.12127,53.50563],[-118.12072,53.50553],[-118.12042,53.5055],[-118.11978,53.50534],[-118.11921,53.50514],[-118.11895,53.50513],[-118.11807,53.50519],[-118.11708,53.50537],[-118.11663,53.50549],[-118.11624,53.50564],[-118.11577,53.50593],[-118.11542,53.50644],[-118.11528,53.50653],[-118.11509,53.5066],[-118.11487,53.50666],[-118.11397,53.50669],[-118.11355,53.50665],[-118.11336,53.5065],[-118.11325,53.50639],[-118.11297,53.50618],[-118.11278,53.50617],[-118.11271,53.50616],[-118.11252,53.50623],[-118.11237,53.50633],[-118.11204,53.50651],[-118.11174,53.5067],[-118.11154,53.50677],[-118.11128,53.50681],[-118.11109,53.50689],[-118.11093,53.50698],[-118.11069,53.50708],[-118.11056,53.50714],[-118.10971,53.50717],[-118.10947,53.50721],[-118.10929,53.50729],[-118.10915,53.5074],[-118.10908,53.50753],[-118.10911,53.5077],[-118.10908,53.50802],[-118.109,53.50815],[-118.10886,53.50824],[-118.10869,53.50833],[-118.10754,53.50871],[-118.1073,53.50881],[-118.10681,53.5089],[-118.10642,53.50903],[-118.10614,53.50905],[-118.10546,53.50902],[-118.10531,53.50901],[-118.10509,53.50896],[-118.10487,53.50885],[-118.10455,53.50874],[-118.10414,53.50843],[-118.10325,53.50805],[-118.10308,53.50796],[-118.10296,53.50786],[-118.10265,53.50768],[-118.10243,53.50743],[-118.10245,53.50728],[-118.1024,53.50713],[-118.10231,53.50699],[-118.10229,53.5068],[-118.10233,53.50665],[-118.10242,53.50652],[-118.10245,53.50638],[-118.1022,53.50616],[-118.10165,53.50595],[-118.10142,53.50591],[-118.10113,53.50592],[-118.10092,53.50598],[-118.10036,53.5062],[-118.10012,53.50625],[-118.09957,53.50629],[-118.09879,53.50623],[-118.09855,53.50624],[-118.0981,53.50625],[-118.0979,53.50626],[-118.09655,53.50641],[-118.09614,53.50654],[-118.09593,53.50663],[-118.09571,53.50683],[-118.09564,53.50696],[-118.09559,53.50711],[-118.09541,53.50754],[-118.095,53.50796],[-118.09472,53.50813],[-118.09441,53.50824],[-118.09418,53.5083],[-118.09391,53.50832],[-118.09372,53.50826],[-118.09361,53.50814],[-118.09359,53.50796],[-118.0935,53.50782],[-118.09306,53.50754],[-118.09271,53.50738],[-118.09251,53.50733],[-118.09225,53.5073],[-118.09183,53.50719],[-118.09076,53.50713],[-118.08991,53.50713],[-118.08961,53.50714],[-118.08944,53.50722],[-118.08931,53.50732],[-118.08914,53.50741],[-118.08892,53.50747],[-118.08847,53.50777],[-118.08843,53.50792],[-118.08849,53.50827],[-118.08857,53.50841],[-118.08884,53.50863],[-118.08906,53.50889],[-118.08911,53.50911],[-118.08892,53.50924],[-118.08868,53.50947],[-118.08849,53.5097],[-118.08836,53.50984],[-118.08809,53.51005],[-118.08778,53.51023],[-118.08752,53.51026],[-118.08726,53.51025],[-118.08685,53.51013],[-118.08618,53.51],[-118.08611,53.50998],[-118.08554,53.50985],[-118.08507,53.50979],[-118.0848,53.50976],[-118.08452,53.50978],[-118.08427,53.50982],[-118.08319,53.51013],[-118.08294,53.51017],[-118.08266,53.51017],[-118.08198,53.51003],[-118.08133,53.51002],[-118.08083,53.51002],[-118.08057,53.51005],[-118.08022,53.51022],[-118.07969,53.51064],[-118.07923,53.51111],[-118.07916,53.51125],[-118.07913,53.51141],[-118.07916,53.51158],[-118.07934,53.51213],[-118.07937,53.51222],[-118.07948,53.51241],[-118.07961,53.51265],[-118.07981,53.51291],[-118.07994,53.51302],[-118.08002,53.51316],[-118.07997,53.51331],[-118.07984,53.51341],[-118.07966,53.5135],[-118.07904,53.5137],[-118.07849,53.51375],[-118.0779,53.51377],[-118.07762,53.51376],[-118.07714,53.51368],[-118.07685,53.51368],[-118.07661,53.51365],[-118.07583,53.51339],[-118.07541,53.51327],[-118.07502,53.51326],[-118.07484,53.51326],[-118.07458,53.5133],[-118.0741,53.51339],[-118.07398,53.51344],[-118.07373,53.51354],[-118.07352,53.5136],[-118.0733,53.51366],[-118.07282,53.51376],[-118.07255,53.51379],[-118.07231,53.51376],[-118.07211,53.5137],[-118.07147,53.51355],[-118.07087,53.51357],[-118.07062,53.51354],[-118.07022,53.51342],[-118.06988,53.51324],[-118.06952,53.51309],[-118.06936,53.513],[-118.06909,53.51279],[-118.06885,53.51255],[-118.06873,53.51241],[-118.06851,53.51214],[-118.06834,53.51192],[-118.06814,53.51187],[-118.06789,53.5119],[-118.0674,53.51183],[-118.06697,53.51173],[-118.06667,53.51173],[-118.06555,53.51169],[-118.06534,53.51165],[-118.06486,53.51157],[-118.06466,53.51151],[-118.06447,53.51144],[-118.06371,53.51136],[-118.0622,53.51139],[-118.06154,53.51145],[-118.06134,53.51147],[-118.06093,53.51161],[-118.05998,53.51181],[-118.05947,53.5119],[-118.05904,53.51202],[-118.0587,53.51213],[-118.05822,53.51229],[-118.05798,53.51233],[-118.05769,53.51233],[-118.05668,53.51221],[-118.05629,53.51213],[-118.05621,53.51212],[-118.05579,53.51201],[-118.05502,53.51175],[-118.05408,53.51123],[-118.05381,53.51101],[-118.0533,53.51077],[-118.05317,53.51067],[-118.05291,53.51025],[-118.05281,53.51013],[-118.05263,53.51005],[-118.05176,53.51006],[-118.05075,53.50976],[-118.05002,53.50946],[-118.04971,53.50928],[-118.0494,53.50914],[-118.04935,53.50912],[-118.04915,53.50905],[-118.04895,53.50902],[-118.04891,53.50901],[-118.04873,53.50895],[-118.0485,53.50891],[-118.04796,53.50888],[-118.04774,53.50884],[-118.04758,53.50875],[-118.04723,53.50839],[-118.04708,53.50829],[-118.04675,53.50812],[-118.04606,53.508],[-118.04577,53.50799],[-118.04556,53.50805],[-118.04511,53.50834],[-118.04474,53.50867],[-118.04458,53.50876],[-118.0442,53.50891],[-118.04396,53.50896],[-118.04341,53.50903],[-118.04313,53.50904],[-118.04291,53.509],[-118.04271,53.50894],[-118.04248,53.5089],[-118.04222,53.50887],[-118.04199,53.50883],[-118.04178,53.50877],[-118.04148,53.50857],[-118.04172,53.50803],[-118.04199,53.50768],[-118.04219,53.50758],[-118.04243,53.50754],[-118.04264,53.50747],[-118.0428,53.50738],[-118.04298,53.50713],[-118.04298,53.50678],[-118.0428,53.50632],[-118.04301,53.50608],[-118.04251,53.50582],[-118.04228,53.50578],[-118.04165,53.50562],[-118.04109,53.50541],[-118.04093,53.50533],[-118.04064,53.50513],[-118.04047,53.50505],[-118.04028,53.5049],[-118.04019,53.50484],[-118.03974,53.50455],[-118.03953,53.5045],[-118.03935,53.50441],[-118.03916,53.50435],[-118.03872,53.50424],[-118.03853,53.50417],[-118.03836,53.50408],[-118.03767,53.50355],[-118.03751,53.50346],[-118.03738,53.50336],[-118.03714,53.50311],[-118.03697,53.50296],[-118.03663,53.50266],[-118.03654,53.50252],[-118.03643,53.5024],[-118.03598,53.50216],[-118.03565,53.50215],[-118.03535,53.50217],[-118.03481,53.50222],[-118.03458,53.50227],[-118.03266,53.50294],[-118.03238,53.50304],[-118.03209,53.50305],[-118.03185,53.50302],[-118.03164,53.50296],[-118.03148,53.50287],[-118.03135,53.50276],[-118.03122,53.50249],[-118.03108,53.50237],[-118.03071,53.50222],[-118.02995,53.50206],[-118.02968,53.50204],[-118.02939,53.50206],[-118.02915,53.5021],[-118.02873,53.50222],[-118.02826,53.50231],[-118.02798,53.5023],[-118.02776,53.50225],[-118.02729,53.50197],[-118.02678,53.50174],[-118.02621,53.50154],[-118.02506,53.50131],[-118.02483,53.50129],[-118.02452,53.50126],[-118.02438,53.50125],[-118.02327,53.5011],[-118.0222,53.50101],[-118.02134,53.50099],[-118.01988,53.50103],[-118.01903,53.501],[-118.01827,53.5009],[-118.01785,53.50079],[-118.0175,53.50063],[-118.01716,53.50046],[-118.01666,53.50012],[-118.01656,53.50005],[-118.01649,53.50001],[-118.01644,53.49997],[-118.01597,53.49969],[-118.01561,53.49953],[-118.01529,53.49935],[-118.01492,53.4992],[-118.0147,53.49915],[-118.01398,53.49902],[-118.01374,53.49905],[-118.01361,53.49915],[-118.01357,53.49949],[-118.0134,53.49976],[-118.01339,53.49994],[-118.01335,53.49997],[-118.01332,53.50001],[-118.01329,53.50005],[-118.01317,53.50011],[-118.0131,53.50014],[-118.01253,53.50016],[-118.01239,53.50012],[-118.01231,53.50011],[-118.01228,53.5001],[-118.01216,53.50005],[-118.01208,53.50001],[-118.01204,53.49998],[-118.01196,53.49995],[-118.01184,53.49983],[-118.0118,53.49967],[-118.01176,53.49915],[-118.0117,53.49899],[-118.01158,53.49887],[-118.01143,53.49878],[-118.01064,53.49849],[-118.00995,53.49815],[-118.00956,53.49802],[-118.00869,53.49766],[-118.00864,53.49764],[-118.00752,53.49739],[-118.00733,53.49731],[-118.00643,53.49692],[-118.00512,53.4964],[-118.00478,53.49624],[-118.00439,53.49611],[-118.00373,53.49596],[-118.00311,53.49578],[-118.0024,53.49564],[-118.00213,53.49562],[-118.00182,53.49562],[-118.00154,53.49565],[-118.00131,53.49569],[-118.00124,53.49582],[-118.00125,53.49599],[-118.00124,53.49613],[-118.00124,53.49616],[-118.00122,53.49625],[-118.0012,53.49632],[-118.0012,53.49634],[-118.00089,53.49662],[-118.00062,53.49692],[-118.00056,53.49699],[-118.0005,53.49707],[-118.0004,53.49725],[-118.00041,53.49747],[-118.00047,53.49767],[-118.00056,53.49787],[-118.00064,53.49804],[-118.00078,53.4982],[-118.00102,53.4983],[-118.0011,53.49832],[-118.00122,53.49836],[-118.00134,53.49839],[-118.00153,53.49852],[-118.00153,53.49866],[-118.00137,53.49875],[-118.00134,53.49877],[-118.00122,53.49881],[-118.0011,53.49885],[-118.00088,53.49893],[-118.0006,53.49899],[-118.00056,53.49901],[-118.00036,53.49909],[-118.00026,53.4992],[-118.00023,53.49923],[-118.00003,53.49934],[-118.00002,53.49935],[-117.99993,53.49942],[-117.99987,53.49947],[-117.99958,53.49977],[-117.99943,53.4999],[-117.99933,53.49997],[-117.99928,53.50001],[-117.99922,53.50005],[-117.99911,53.50012],[-117.99911,53.50012],[-117.99871,53.5004],[-117.99807,53.50073],[-117.99782,53.50083],[-117.99702,53.50108],[-117.99673,53.50115],[-117.99642,53.50121],[-117.99579,53.50129],[-117.9947,53.50135],[-117.99399,53.50129],[-117.99361,53.50128],[-117.99352,53.50128],[-117.99242,53.5013],[-117.99101,53.50139],[-117.99037,53.50146],[-117.99007,53.50152],[-117.98932,53.50177],[-117.98901,53.50181],[-117.98864,53.50183],[-117.98829,53.50182],[-117.98765,53.50173],[-117.98711,53.50158],[-117.98693,53.50146],[-117.98687,53.50126],[-117.98676,53.50108],[-117.98661,53.50094],[-117.98627,53.50067],[-117.98583,53.50029],[-117.98564,53.50012],[-117.98556,53.50005],[-117.98551,53.50001],[-117.98547,53.49997],[-117.98515,53.49971],[-117.98493,53.49961],[-117.98472,53.49954],[-117.98476,53.4994],[-117.98477,53.49936],[-117.98446,53.49936],[-117.98424,53.49945],[-117.98417,53.49963],[-117.9842,53.49984],[-117.98399,53.49995],[-117.98359,53.49999],[-117.98347,53.50001],[-117.98335,53.50002],[-117.98322,53.50003],[-117.9831,53.50005],[-117.98301,53.50006],[-117.98298,53.50006],[-117.98238,53.50014],[-117.98207,53.50019],[-117.98182,53.50027],[-117.9814,53.50055],[-117.98127,53.50063],[-117.98094,53.50088],[-117.98093,53.5009],[-117.98007,53.50131],[-117.97958,53.50148],[-117.97901,53.50161],[-117.97807,53.50177],[-117.97687,53.50201],[-117.9762,53.50208],[-117.97585,53.50207],[-117.97551,53.5021],[-117.97542,53.50226],[-117.97546,53.50245],[-117.97529,53.50257],[-117.97504,53.50265],[-117.97429,53.50291],[-117.97323,53.50323],[-117.97248,53.50351],[-117.97226,53.50361],[-117.97206,53.50373],[-117.97194,53.50388],[-117.97191,53.50408],[-117.97182,53.50426],[-117.97167,53.50441],[-117.9715,53.50454],[-117.97142,53.50464],[-117.97127,53.50486],[-117.97055,53.50512],[-117.97028,53.50519],[-117.96955,53.50546],[-117.96925,53.50551],[-117.96906,53.50562],[-117.96896,53.50569],[-117.96868,53.50587],[-117.96834,53.50613],[-117.96807,53.50644],[-117.96784,53.507],[-117.96782,53.5072],[-117.96786,53.50738],[-117.96794,53.50756],[-117.96786,53.5082],[-117.96756,53.50894],[-117.96745,53.5091],[-117.96715,53.50937],[-117.96692,53.50945],[-117.96663,53.50946],[-117.96628,53.50944],[-117.96553,53.50943],[-117.96519,53.50945],[-117.96491,53.50952],[-117.96469,53.50962],[-117.96451,53.50974],[-117.96435,53.50988],[-117.96395,53.51034],[-117.96387,53.51052],[-117.96386,53.51096],[-117.96394,53.51115],[-117.9641,53.51129],[-117.96446,53.51154],[-117.96461,53.51168],[-117.96474,53.51184],[-117.9648,53.51187],[-117.96492,53.51197],[-117.96512,53.51208],[-117.96517,53.51215],[-117.96524,53.51224],[-117.96511,53.51284],[-117.96503,53.51302],[-117.96487,53.51316],[-117.96464,53.51324],[-117.96404,53.51334],[-117.9635,53.51349],[-117.96328,53.5136],[-117.96312,53.51374],[-117.96299,53.51389],[-117.96263,53.51414],[-117.96252,53.5143],[-117.96244,53.51449],[-117.9624,53.51469],[-117.96254,53.51508],[-117.96263,53.51572],[-117.96262,53.51616],[-117.96256,53.51635],[-117.96245,53.51653],[-117.96218,53.51682],[-117.96187,53.51709],[-117.9617,53.51723],[-117.96127,53.51744],[-117.96077,53.51761],[-117.96018,53.51773],[-117.95985,53.51776],[-117.95958,53.51784],[-117.95924,53.51787],[-117.95886,53.51787],[-117.9582,53.51794],[-117.95793,53.51801],[-117.95775,53.51814],[-117.9575,53.51849],[-117.95743,53.51868],[-117.95744,53.51929],[-117.95744,53.51929],[-117.95731,53.51944],[-117.95694,53.51968],[-117.95683,53.51974],[-117.95638,53.51999],[-117.95631,53.52003],[-117.95612,53.52016],[-117.95592,53.52027],[-117.95568,53.52036],[-117.95533,53.52039],[-117.95496,53.52038],[-117.95465,53.52034],[-117.95436,53.52028],[-117.95392,53.52007],[-117.95357,53.52006],[-117.95325,53.52011],[-117.95305,53.52022],[-117.95287,53.52035],[-117.95221,53.52065],[-117.95171,53.52085],[-117.95152,53.52095],[-117.95118,53.52121],[-117.95043,53.52192],[-117.95005,53.52216],[-117.94969,53.52242],[-117.94929,53.52264],[-117.94694,53.5236],[-117.94649,53.52382],[-117.94633,53.52396],[-117.94621,53.52412],[-117.94593,53.52442],[-117.94587,53.52461],[-117.94592,53.52482],[-117.94605,53.52497],[-117.94638,53.52522],[-117.94646,53.52539],[-117.94641,53.52559],[-117.94622,53.52572],[-117.946,53.52581],[-117.94547,53.52597],[-117.94483,53.52607],[-117.94447,53.52607],[-117.9444,53.52606],[-117.94415,53.52604],[-117.94364,53.52588],[-117.9433,53.52585],[-117.94301,53.52591],[-117.9428,53.52601],[-117.94266,53.52616],[-117.94255,53.52633],[-117.94247,53.52652],[-117.94231,53.52687],[-117.94224,53.52704],[-117.94211,53.5272],[-117.9415,53.52775],[-117.94113,53.52822],[-117.94102,53.52861],[-117.94102,53.52905],[-117.94111,53.52945],[-117.94111,53.52966],[-117.94098,53.53004],[-117.94089,53.53021],[-117.94049,53.53066],[-117.94026,53.53098],[-117.93997,53.53128],[-117.93944,53.53166],[-117.93901,53.53187],[-117.93882,53.53198],[-117.93868,53.53213],[-117.93852,53.53226],[-117.93832,53.53284],[-117.938,53.53334],[-117.93774,53.53364],[-117.93763,53.53375],[-117.93744,53.53392],[-117.93704,53.53437],[-117.93685,53.5345],[-117.93658,53.5348],[-117.9365,53.53498],[-117.9362,53.5355],[-117.93596,53.53583],[-117.93596,53.53604],[-117.93602,53.53624],[-117.93628,53.53679],[-117.93638,53.53695],[-117.93621,53.53708],[-117.93615,53.53725],[-117.93635,53.5376],[-117.93663,53.53789],[-117.93695,53.53817],[-117.93756,53.53874],[-117.93824,53.53931],[-117.93895,53.53984],[-117.93918,53.54016],[-117.93945,53.54046],[-117.93957,53.54063],[-117.93967,53.54098],[-117.93968,53.54103],[-117.9397,53.54116],[-117.93976,53.54169],[-117.93977,53.54213],[-117.93989,53.54297],[-117.93998,53.54315],[-117.94008,53.54346],[-117.9403,53.54447],[-117.94029,53.54495],[-117.94021,53.54559],[-117.94008,53.546],[-117.93941,53.54699],[-117.93903,53.54768],[-117.939,53.54789],[-117.93901,53.54811],[-117.93894,53.5483],[-117.93893,53.54839],[-117.93889,53.54875],[-117.93897,53.54892],[-117.93915,53.54904],[-117.93928,53.5492],[-117.93947,53.54933],[-117.93992,53.54954],[-117.9401,53.54967],[-117.94052,53.5499],[-117.94075,53.54999],[-117.94093,53.55011],[-117.94097,53.55029],[-117.94026,53.55079],[-117.93987,53.55101],[-117.93964,53.55111],[-117.93926,53.55136],[-117.93872,53.55176],[-117.93852,53.55188],[-117.93732,53.55233],[-117.93628,53.55266],[-117.9357,53.55279],[-117.93508,53.55288],[-117.93408,53.55299],[-117.93337,53.55302],[-117.93227,53.55303],[-117.93181,53.55303],[-117.93145,53.55303],[-117.93113,53.55307],[-117.93083,53.55312],[-117.93058,53.55321],[-117.9302,53.55345],[-117.93005,53.55359],[-117.92983,53.55393],[-117.92977,53.55413],[-117.92979,53.55434],[-117.93006,53.55487],[-117.93013,53.55506],[-117.93013,53.55529],[-117.9301,53.55562],[-117.93009,53.55573],[-117.93012,53.55617],[-117.93004,53.55658],[-117.92993,53.55674],[-117.92962,53.55678],[-117.92848,53.55676],[-117.92655,53.55651],[-117.92551,53.55642],[-117.92514,53.55643],[-117.92414,53.55652],[-117.92329,53.5567],[-117.92304,53.55679],[-117.92172,53.55738],[-117.92133,53.55761],[-117.9211,53.55772],[-117.92093,53.55785],[-117.92061,53.55813],[-117.92037,53.55843],[-117.92031,53.55862],[-117.9203,53.55874],[-117.92029,53.55884],[-117.92028,53.55886],[-117.92052,53.55884],[-117.92293,53.55864],[-117.92792,53.55823],[-117.92876,53.5582],[-117.92923,53.55821],[-117.93007,53.55822],[-117.9306,53.55826],[-117.93182,53.55835],[-117.93275,53.55848],[-117.93362,53.55864],[-117.93461,53.5589],[-117.93575,53.55926],[-117.93647,53.55955],[-117.93971,53.56084],[-117.9406,53.56122],[-117.94099,53.56138],[-117.94119,53.56144],[-117.94197,53.56169],[-117.94333,53.56202],[-117.94427,53.5622],[-117.94479,53.56228],[-117.94647,53.56245],[-117.9525,53.56285],[-117.95289,53.56288],[-117.95549,53.56304],[-117.95824,53.56322],[-117.96597,53.56371],[-117.96711,53.56375],[-117.96901,53.56375],[-117.98184,53.56336],[-117.98713,53.56317],[-117.99547,53.5629],[-117.99744,53.56284],[-117.99831,53.56286],[-117.9993,53.56291],[-117.99989,53.56297],[-118.00002,53.56298],[-118.00014,53.563],[-118.00032,53.56301],[-118.0011,53.56313],[-118.00122,53.56317],[-118.00135,53.56319],[-118.00223,53.56336],[-118.00337,53.56366],[-118.00423,53.56394],[-118.0051,53.56428],[-118.00583,53.5646],[-118.00774,53.56563],[-118.00901,53.56636],[-118.01694,53.5708],[-118.0184,53.57162],[-118.02059,53.57284],[-118.02139,53.57328],[-118.0219,53.57357],[-118.02357,53.5745],[-118.02445,53.57498],[-118.02624,53.57602],[-118.03137,53.57888],[-118.03801,53.58261],[-118.04217,53.58494],[-118.04299,53.58543],[-118.04436,53.58632],[-118.04572,53.58726],[-118.04929,53.58964],[-118.05,53.59016],[-118.05262,53.59188],[-118.0557,53.59397],[-118.05832,53.59574],[-118.05974,53.59668],[-118.06042,53.59716],[-118.06193,53.59815],[-118.0633,53.59911],[-118.06404,53.59958],[-118.06461,53.59998],[-118.06713,53.60164],[-118.06844,53.60256],[-118.06868,53.60273],[-118.06964,53.60332],[-118.07063,53.60385],[-118.07155,53.60422],[-118.07221,53.60442],[-118.07342,53.6047],[-118.07409,53.6048],[-118.0748,53.60487],[-118.07544,53.60491],[-118.07613,53.60492],[-118.07741,53.60487],[-118.078,53.60481],[-118.08369,53.60421],[-118.08449,53.60414],[-118.08653,53.60391],[-118.08897,53.60366],[-118.08913,53.60364],[-118.08969,53.60358],[-118.09233,53.6033],[-118.09346,53.6032],[-118.09458,53.60312],[-118.09531,53.60308],[-118.0961,53.60311],[-118.09687,53.60316],[-118.09778,53.60328],[-118.09815,53.60336],[-118.09918,53.60356],[-118.09988,53.60374],[-118.10057,53.60394],[-118.10122,53.60418],[-118.10163,53.60437],[-118.10286,53.60502],[-118.10381,53.60563],[-118.10511,53.60656],[-118.10578,53.60699],[-118.10728,53.60802],[-118.10797,53.60849],[-118.10996,53.60983],[-118.11372,53.61241],[-118.11489,53.61321],[-118.11752,53.61501],[-118.11873,53.61582],[-118.11984,53.61661],[-118.1223,53.61825],[-118.1256,53.62052],[-118.12886,53.62273],[-118.13123,53.62435],[-118.13215,53.62498],[-118.13218,53.62501],[-118.13224,53.62505],[-118.13226,53.62506],[-118.13242,53.62517],[-118.13705,53.62834],[-118.13811,53.62904],[-118.13886,53.62958],[-118.13993,53.63024],[-118.14033,53.63049],[-118.14113,53.63099],[-118.14179,53.63141],[-118.1422,53.63161],[-118.14314,53.63195],[-118.14465,53.63255],[-118.147,53.63335],[-118.14834,53.63378],[-118.14927,53.63406],[-118.15347,53.63537],[-118.16802,53.63991],[-118.16944,53.64035],[-118.17056,53.64065],[-118.17178,53.64101],[-118.17278,53.64126],[-118.1734,53.64139],[-118.17847,53.64259],[-118.18518,53.64418],[-118.18627,53.6445],[-118.18745,53.64492],[-118.18787,53.64512],[-118.18895,53.64568],[-118.1894,53.64598],[-118.1899,53.6464],[-118.19029,53.64683],[-118.1903,53.64684],[-118.19047,53.64703],[-118.19049,53.64705],[-118.1915,53.64827],[-118.19153,53.64832],[-118.19219,53.64919],[-118.19298,53.65019],[-118.19395,53.65153],[-118.19444,53.65206],[-118.19518,53.65275],[-118.19573,53.65318],[-118.19633,53.65354],[-118.19731,53.65405],[-118.19803,53.65436],[-118.19873,53.6546],[-118.1999,53.6549],[-118.20092,53.65509],[-118.20286,53.65536],[-118.20976,53.65599],[-118.21537,53.65652],[-118.21684,53.65668],[-118.21718,53.65671],[-118.21813,53.65681],[-118.2218,53.65714],[-118.22381,53.65734],[-118.22592,53.65753],[-118.22858,53.65781],[-118.22908,53.65786],[-118.23187,53.65813],[-118.23275,53.65826],[-118.23354,53.65843],[-118.23454,53.65873],[-118.23516,53.65896],[-118.23569,53.65921],[-118.2364,53.65961],[-118.23717,53.66013],[-118.23757,53.66045],[-118.2379,53.6608],[-118.23829,53.66132],[-118.23831,53.66134],[-118.23856,53.66179],[-118.23856,53.66181],[-118.23874,53.66232],[-118.23889,53.66358],[-118.23919,53.66526],[-118.23938,53.66662],[-118.23953,53.66751],[-118.2396,53.66788],[-118.23984,53.66961],[-118.2399,53.66996],[-118.24006,53.6711],[-118.24036,53.67259],[-118.24057,53.67426],[-118.24072,53.67524],[-118.24078,53.67564],[-118.24084,53.67621],[-118.24092,53.67694],[-118.24125,53.67867],[-118.24147,53.68009],[-118.24196,53.68124],[-118.24198,53.68131],[-118.24268,53.68247],[-118.24306,53.68297],[-118.24403,53.68407],[-118.24459,53.68473],[-118.24607,53.68649],[-118.24832,53.68915],[-118.24993,53.69105],[-118.24995,53.69107],[-118.25002,53.69115],[-118.25008,53.69122],[-118.25057,53.69174],[-118.25118,53.69248],[-118.25124,53.69255],[-118.2513,53.69262],[-118.25243,53.69397],[-118.25362,53.69528],[-118.25411,53.69584],[-118.25488,53.69673],[-118.25538,53.69731],[-118.25628,53.69845],[-118.25728,53.69955],[-118.25868,53.70126],[-118.25902,53.70164],[-118.25985,53.70256],[-118.26142,53.70479],[-118.26154,53.70496],[-118.26225,53.70601],[-118.26292,53.70705],[-118.26316,53.7074],[-118.2639,53.70847],[-118.26589,53.71159],[-118.26998,53.71751],[-118.27087,53.71887],[-118.27369,53.72313],[-118.27474,53.72458],[-118.27532,53.72526],[-118.27543,53.72538],[-118.27601,53.72597],[-118.27679,53.72664],[-118.27757,53.72718],[-118.27836,53.72766],[-118.27911,53.72805],[-118.28665,53.73197],[-118.28847,53.73291],[-118.29422,53.73588],[-118.29659,53.73711],[-118.30118,53.7395],[-118.30437,53.74115],[-118.30566,53.74182],[-118.30638,53.74218],[-118.30797,53.74304],[-118.31009,53.74418],[-118.31115,53.74469],[-118.31214,53.7451],[-118.31292,53.74538],[-118.31466,53.74605],[-118.3167,53.74681],[-118.32431,53.74963],[-118.32532,53.75],[-118.32533,53.75001],[-118.32533,53.75001],[-118.33203,53.75249],[-118.33538,53.75373],[-118.33539,53.75373],[-118.34328,53.75665],[-118.34543,53.75745],[-118.34869,53.75866],[-118.35091,53.75948],[-118.35094,53.75949],[-118.35583,53.76129],[-118.35705,53.76174],[-118.3578,53.76202],[-118.35918,53.76253],[-118.36204,53.76359],[-118.36385,53.7642],[-118.36413,53.76429],[-118.3651,53.76458],[-118.36681,53.76495],[-118.37579,53.767],[-118.37822,53.76759],[-118.38102,53.76826],[-118.38605,53.76939],[-118.38779,53.7698],[-118.38794,53.76984],[-118.39376,53.77121],[-118.39479,53.77136],[-118.39703,53.77191],[-118.3974,53.772],[-118.39786,53.77211],[-118.4004,53.77267],[-118.40107,53.77282],[-118.40274,53.77324],[-118.40387,53.7736],[-118.40672,53.77458],[-118.40905,53.77538],[-118.41047,53.77587],[-118.41396,53.77714],[-118.41566,53.77768],[-118.41681,53.778],[-118.41722,53.77811],[-118.41892,53.7785],[-118.41896,53.7785],[-118.42015,53.77873],[-118.42446,53.77955],[-118.42574,53.77983],[-118.42598,53.7799],[-118.42663,53.78009],[-118.4278,53.78051],[-118.42786,53.78054],[-118.42937,53.78112],[-118.42977,53.7813],[-118.43009,53.78147],[-118.43038,53.78162],[-118.43167,53.78244],[-118.43227,53.78285],[-118.43298,53.78339],[-118.43463,53.78461],[-118.441,53.78924],[-118.44476,53.79193],[-118.44743,53.79394],[-118.44773,53.79416],[-118.44872,53.7949],[-118.4547,53.79922],[-118.45494,53.79944],[-118.4585,53.80198],[-118.45972,53.80278],[-118.46084,53.80342],[-118.46253,53.80427],[-118.46454,53.80519],[-118.46742,53.80643],[-118.47034,53.80769],[-118.47188,53.80838],[-118.4732,53.80896],[-118.47552,53.81],[-118.47758,53.81085],[-118.47896,53.81135],[-118.48037,53.81179],[-118.48205,53.81224],[-118.4837,53.8126],[-118.48912,53.8136],[-118.49263,53.81422],[-118.49351,53.81439],[-118.49836,53.81528],[-118.49918,53.81548],[-118.49983,53.81568],[-118.50002,53.81574],[-118.50014,53.81579],[-118.50091,53.81609],[-118.50114,53.81619],[-118.50126,53.81625],[-118.50138,53.81632],[-118.50191,53.81661],[-118.50251,53.81701],[-118.50303,53.81745],[-118.50345,53.81789],[-118.5038,53.81839],[-118.5041,53.81898],[-118.50427,53.8195],[-118.50458,53.82132],[-118.50459,53.82142],[-118.5047,53.8224],[-118.50477,53.823],[-118.50482,53.82324],[-118.50502,53.82399],[-118.50528,53.82465],[-118.50559,53.82519],[-118.50616,53.82596],[-118.50676,53.8266],[-118.50752,53.82725],[-118.50846,53.8279],[-118.51297,53.83039],[-118.51434,53.83112],[-118.51562,53.83196],[-118.51656,53.83267],[-118.51747,53.83355],[-118.51819,53.83438],[-118.51865,53.83507],[-118.51913,53.83594],[-118.51961,53.83696],[-118.52027,53.83803],[-118.52096,53.8389],[-118.52171,53.83965],[-118.52258,53.84036],[-118.52352,53.841],[-118.52459,53.84167],[-118.52757,53.84314],[-118.5293,53.84399],[-118.53045,53.84446],[-118.53127,53.84472],[-118.53203,53.84491],[-118.53268,53.84502],[-118.53363,53.84511],[-118.53454,53.84514],[-118.53565,53.84513],[-118.53669,53.84505],[-118.53714,53.845],[-118.53892,53.8446],[-118.54344,53.84347],[-118.54543,53.84318],[-118.54758,53.84307],[-118.55015,53.8432],[-118.55333,53.84383],[-118.55702,53.8447],[-118.56043,53.84556],[-118.56354,53.8463],[-118.56537,53.84685],[-118.56715,53.84744],[-118.56899,53.84814],[-118.57071,53.8489],[-118.57217,53.84952],[-118.57528,53.85072],[-118.57741,53.85164],[-118.58205,53.85355],[-118.59324,53.85815],[-118.59999,53.86094],[-118.60067,53.8613],[-118.60138,53.86177],[-118.60191,53.86221],[-118.60239,53.86272],[-118.60275,53.86322],[-118.60307,53.86382],[-118.60325,53.86435],[-118.60333,53.86497],[-118.60316,53.86604],[-118.603,53.86701],[-118.60244,53.87062],[-118.6022,53.87228],[-118.60195,53.87429],[-118.60184,53.87497],[-118.60183,53.87501],[-118.60182,53.87504],[-118.60181,53.87512],[-118.60128,53.87841],[-118.60112,53.87938],[-118.60092,53.88055],[-118.59978,53.88833],[-118.59946,53.89032],[-118.59919,53.89185],[-118.59917,53.89269],[-118.59925,53.89337],[-118.59941,53.89403],[-118.59968,53.89463],[-118.60013,53.89535],[-118.60074,53.89611],[-118.60107,53.89646],[-118.6021,53.89732],[-118.6035,53.89841],[-118.60991,53.9033],[-118.6112,53.90429],[-118.61206,53.9049],[-118.61281,53.90551],[-118.6149,53.90705],[-118.61536,53.9074],[-118.61595,53.9079],[-118.6167,53.90843],[-118.61891,53.91015],[-118.62007,53.91102],[-118.62126,53.91192],[-118.6225,53.91289],[-118.62423,53.914],[-118.6249,53.91436],[-118.62566,53.91468],[-118.62761,53.91541],[-118.62781,53.91546],[-118.6316,53.9165],[-118.63338,53.91696],[-118.63652,53.91777],[-118.63874,53.91834],[-118.63894,53.91838],[-118.64087,53.91893],[-118.64284,53.9194],[-118.65248,53.92188],[-118.65328,53.92214],[-118.65554,53.92267],[-118.65696,53.92294],[-118.6585,53.92316],[-118.66302,53.92368],[-118.66524,53.92389],[-118.6694,53.92436],[-118.67264,53.92479],[-118.67513,53.92512],[-118.67854,53.92561],[-118.68243,53.92611],[-118.68427,53.92637],[-118.69032,53.9272],[-118.69433,53.92774],[-118.69602,53.92799],[-118.69783,53.92821],[-118.69844,53.92831],[-118.70232,53.92883],[-118.7037,53.92905],[-118.7072,53.92949],[-118.71062,53.92999],[-118.71164,53.93012],[-118.7121,53.93015],[-118.71299,53.9303],[-118.71502,53.93058],[-118.7155,53.93063],[-118.71688,53.93079],[-118.71747,53.93085],[-118.71815,53.93089],[-118.71859,53.93089],[-118.72016,53.93096],[-118.72184,53.93097],[-118.72303,53.93091],[-118.72591,53.93078],[-118.72773,53.93067],[-118.73649,53.93022],[-118.73876,53.93011],[-118.74919,53.92955],[-118.74989,53.92952],[-118.75002,53.92951],[-118.75014,53.9295],[-118.75116,53.92945],[-118.75128,53.92944],[-118.7514,53.92943],[-118.75276,53.92932],[-118.75346,53.92921],[-118.75516,53.92889],[-118.75557,53.92879],[-118.75669,53.92852],[-118.75716,53.92839],[-118.75846,53.92798],[-118.7586,53.92793],[-118.75874,53.92789],[-118.75876,53.92789],[-118.75996,53.92752],[-118.76063,53.9273],[-118.76313,53.92651],[-118.76375,53.92633],[-118.76556,53.92574],[-118.76688,53.92536],[-118.76734,53.92525],[-118.76798,53.92509],[-118.76917,53.9249],[-118.77068,53.92473],[-118.77142,53.92469],[-118.77232,53.92467],[-118.77382,53.92472],[-118.77472,53.92478],[-118.77821,53.92512],[-118.77959,53.92526],[-118.78177,53.92547],[-118.78279,53.92558],[-118.78579,53.92584],[-118.78647,53.92593],[-118.7879,53.92606],[-118.78863,53.92612],[-118.78984,53.92626],[-118.79075,53.92632],[-118.7926,53.92651],[-118.7946,53.92667],[-118.79723,53.92695],[-118.79818,53.92701],[-118.80223,53.92739],[-118.80345,53.92743],[-118.80468,53.92743],[-118.80616,53.92739],[-118.80707,53.92733],[-118.80779,53.92725],[-118.80923,53.92702],[-118.81016,53.92685],[-118.81094,53.92669],[-118.81187,53.92652],[-118.81271,53.92634],[-118.81361,53.92618],[-118.81446,53.926],[-118.81657,53.9256],[-118.81802,53.9253],[-118.82326,53.9243],[-118.82425,53.92417],[-118.82511,53.9241],[-118.82601,53.92407],[-118.82682,53.92409],[-118.82845,53.92429],[-118.82916,53.92442],[-118.8298,53.92459],[-118.83156,53.925],[-118.8347,53.92578],[-118.83516,53.92589],[-118.83612,53.92611],[-118.83826,53.92647],[-118.83927,53.92658],[-118.84062,53.92667],[-118.84323,53.92671],[-118.85153,53.9267],[-118.85613,53.92671],[-118.85719,53.92673],[-118.85807,53.92677],[-118.85994,53.92693],[-118.86213,53.9272],[-118.86609,53.92781],[-118.86721,53.92797],[-118.86829,53.92815],[-118.87136,53.92861],[-118.87245,53.92875],[-118.87511,53.92917],[-118.88147,53.93013],[-118.88236,53.93026],[-118.88415,53.93045],[-118.8871,53.93061],[-118.88802,53.93062],[-118.90128,53.93051],[-118.90233,53.93044],[-118.90309,53.93036],[-118.90389,53.93021],[-118.90495,53.92989],[-118.90571,53.92955],[-118.90639,53.92915],[-118.90697,53.92868],[-118.90895,53.92662],[-118.90944,53.92605],[-118.91,53.92558],[-118.9106,53.9252],[-118.91147,53.92478],[-118.91248,53.92447],[-118.91372,53.92423],[-118.91486,53.92417],[-118.91615,53.92423],[-118.9173,53.92442],[-118.91839,53.92469],[-118.91926,53.92505],[-118.92003,53.92545],[-118.92169,53.92639],[-118.92242,53.92678],[-118.92332,53.92717],[-118.92417,53.92746],[-118.92515,53.92769],[-118.92623,53.92786],[-118.92762,53.92796],[-118.92903,53.928],[-118.93156,53.92803],[-118.93295,53.92804],[-118.93764,53.9281],[-118.95034,53.9283],[-118.95209,53.92831],[-118.95388,53.92834],[-118.95648,53.92833],[-118.95887,53.92819],[-118.96025,53.92803],[-118.96167,53.92784],[-118.96544,53.92727]]]},"properties":{"WMUNIT_NAME":"Adams Creek","WMUNIT_CODE":"00440","GlobalID":"{86039EF1-EE52-49E1-A4AD-4B72245A236F}","OBJECTID":66,"Shape__Area":2461886269.5031247,"Shape__Length":289972.25482838554}}]}